dataset_id,technology,organ,species,target_gene,status,n_cells,n_types,n_ligands_used,radius,alpha,r2_genius,r2_silly,r2_abundance,ridge_r2_genius,ridge_r2_silly,ridge_r2_abundance,feature_col_pearson_silly,feature_col_pearson_abund,silly_coef_pearson,silly_coef_cosine,silly_coef_mae,silly_coef_rmse,silly_support_jaccard,silly_sign_agreement,silly_n_nonzero_genius,silly_n_nonzero_other,silly_both_zero_frac,silly_degenerate_both_zero,abund_coef_pearson,abund_coef_cosine,abund_coef_mae,abund_coef_rmse,abund_support_jaccard,abund_sign_agreement,abund_n_nonzero_genius,abund_n_nonzero_other,abund_both_zero_frac,abund_degenerate_both_zero,ridge_silly_coef_pearson,ridge_silly_coef_cosine,ridge_silly_coef_mae,ridge_silly_coef_rmse,ridge_silly_support_jaccard,ridge_silly_sign_agreement,ridge_silly_n_nonzero_genius,ridge_silly_n_nonzero_other,ridge_silly_both_zero_frac,ridge_silly_degenerate_both_zero,ridge_abund_coef_pearson,ridge_abund_coef_cosine,ridge_abund_coef_mae,ridge_abund_coef_rmse,ridge_abund_support_jaccard,ridge_abund_sign_agreement,ridge_abund_n_nonzero_genius,ridge_abund_n_nonzero_other,ridge_abund_both_zero_frac,ridge_abund_degenerate_both_zero
mouse_ln_slideseqv2,SlideSeqV2,lymph_node,mouse,Psma7,skipped_weak_genius,8000,6,30,402.3900531212855,0.004767203392934156,0.0015143541609982103,0.0,0.0,0.0036733584788157803,0.0016222950728472796,7.782742049644575e-05,0.3084873536833713,0.19846602312234474,,,0.0003414654074405231,0.0012274429918753636,0.0,,3,0,0.9,False,,,0.0003414654074405231,0.0012274429918753636,0.0,,3,0,0.9,False,0.08963545390664232,0.08851015559242163,0.5549546247916891,0.8512987853548301,1.0,0.5333333333333333,30,30,0.0,False,,0.03868029412486518,0.0032166255677455596,0.0038802582071783983,1.0,0.5333333333333333,30,30,0.0,False
mouse_ln_slideseqv2,SlideSeqV2,lymph_node,mouse,Anp32b,skipped_weak_genius,8000,6,30,402.3900531212855,0.0009007067997760371,0.004138209526125203,0.005608275380930339,0.002124430254969112,0.0067339887250917885,0.006073170255132321,0.0021331318723699644,0.3084873536833713,0.19846602312234474,-0.01570115674689173,0.0,0.0026918936616965386,0.006599607170804456,0.0,,5,2,0.7666666666666667,False,-0.48282455285731607,-0.4588680494162129,0.0023983508351297575,0.0068709267817467475,0.2,0.0,5,1,0.8333333333333334,False,-0.13794345793207552,-0.13879247779253037,0.16450244061026384,0.23932086294721558,1.0,0.5666666666666667,30,30,0.0,False,,-0.017325094229309532,0.015376899860257304,0.019830009706479912,1.0,0.5333333333333333,30,30,0.0,False
mouse_ln_slideseqv2,SlideSeqV2,lymph_node,mouse,Micos10,skipped_weak_genius,8000,6,30,402.3900531212855,0.001967510268347804,0.0028379345682015833,6.650736900837284e-05,1.865295811442902e-05,0.0055178533043465094,0.0001621792684615153,5.852704105757667e-05,0.3084873536833713,0.19846602312234474,-0.01682346646319151,0.002749593017961348,0.0007793761927056586,0.002821165210493876,0.2,1.0,4,2,0.8333333333333334,False,0.014583916985766162,-2.757813623331754e-17,0.0007582061996787404,0.002817437385923155,0.0,,4,1,0.8333333333333334,False,-0.17303580387796763,-0.17573274510549894,0.012151997218304489,0.016731024059346223,1.0,0.5333333333333333,30,30,0.0,False,,-0.05637367253296265,0.008694895828059638,0.011183991049664645,1.0,0.5,30,30,0.0,False
mouse_ln_slideseqv2,SlideSeqV2,lymph_node,mouse,Hnrnpc,skipped_weak_genius,8000,6,30,402.3900531212855,0.0026467008133035878,0.005611218447109545,0.000952588431120116,0.0006536111325290417,0.007891101431969916,0.0010342744483569088,0.000733213068359162,0.3084873536833713,0.19846602312234474,-0.08367951126677821,0.0,0.0011064021604976829,0.0024810190908929894,0.0,,5,2,0.7666666666666667,False,-0.06394111489724738,3.7963862362437784e-14,0.0010550856102171631,0.0024832879219545906,0.0,,5,1,0.8,False,0.005352919575762338,0.053810356301041286,0.005797688112462055,0.007390407878201992,1.0,0.5,30,30,0.0,False,,0.06195529064325492,0.005797152511348143,0.007387294982739945,1.0,0.5,30,30,0.0,False
mouse_ln_slideseqv2,SlideSeqV2,lymph_node,mouse,Apoe,skipped_weak_genius,8000,6,30,402.3900531212855,0.002796559276229029,0.018349204552406073,0.0030714582664691514,0.0004191007704271721,0.036025008204745634,0.003949092243051955,0.000498939763136641,0.3084873536833713,0.19846602312234474,0.0023063053485729047,0.0,0.00434284769452543,0.012116268413201702,0.0,,5,2,0.7666666666666667,False,-0.0019464853288514855,4.921928304919885e-16,0.003942851035252804,0.01187770142463496,0.0,,5,1,0.8,False,-0.10510006750412695,-0.10176276371827146,0.17544081543919568,0.2420034320625624,1.0,0.6,30,30,0.0,False,,-0.0435701656091116,0.1653633294291986,0.21626860280628257,1.0,0.4,30,30,0.0,False
mouse_ln_slideseqv2,SlideSeqV2,lymph_node,mouse,Smc4,skipped_weak_genius,8000,6,30,402.3900531212855,0.006660970919672848,0.017274802679998147,0.019935905354667716,0.019899253786724302,0.03154989048706203,0.020479565957014834,0.020444512884747135,0.3084873536833713,0.19846602312234474,-0.04009111860522602,0.0,0.0023644886463353803,0.006962366028388,0.0,,3,3,0.8,False,-0.026053627794951913,6.533482726757454e-14,0.0023631842907447026,0.008372400400002535,0.0,,3,1,0.8666666666666667,False,0.14812110307538173,0.0749162585407241,0.06525106962623096,0.08236123550016218,1.0,0.5,30,30,0.0,False,,-0.012632500939681905,0.06524303004521878,0.08248501946313117,1.0,0.5,30,30,0.0,False
mouse_ln_slideseqv2,SlideSeqV2,lymph_node,mouse,Uqcrq,skipped_weak_genius,8000,6,30,402.3900531212855,0.004272766462939295,0.0019503134081613194,0.00031647995290418063,0.0,0.004178235366485095,0.0005653804476579705,8.054832997950179e-05,0.3084873536833713,0.19846602312234474,-0.03696341972307108,0.0,0.0003878986777086621,0.0016407154069584201,0.0,,2,1,0.9,False,,,0.000308995741767774,0.001582775046438368,0.0,,2,0,0.9333333333333333,False,-0.005987895611976261,0.011879686989800489,0.003870537126913649,0.005159221641166856,1.0,0.4666666666666667,30,30,0.0,False,,0.027179828978119182,0.003783775284211486,0.005127897731293974,1.0,0.4666666666666667,30,30,0.0,False
mouse_ln_slideseqv2,SlideSeqV2,lymph_node,mouse,Fis1,skipped_weak_genius,8000,6,30,402.3900531212855,0.0025995711226010545,0.0024222869039158823,0.0003388293370472084,0.00017391001043098875,0.0030574800034876004,0.0004218222902766522,0.00025555898331930393,0.3084873536833713,0.19846602312234474,-0.043606804504985566,0.0,0.0005297916326728373,0.002011786474982322,0.0,,3,2,0.8333333333333334,False,0.041409461324875184,0.0,0.0004863307022276372,0.0019624896230825938,0.0,,3,1,0.8666666666666667,False,0.12766497639042498,0.14383487432631836,0.002114708942014246,0.00274549189141137,1.0,0.5,30,30,0.0,False,,-0.133985994307322,0.0021135415958435837,0.002798884244370134,1.0,0.43333333333333335,30,30,0.0,False
mouse_ln_slideseqv2,SlideSeqV2,lymph_node,mouse,Uqcrb,skipped_weak_genius,8000,6,30,402.3900531212855,0.0037329936050419076,0.009334446012895015,0.0008057050624785678,0.0005370183506216986,0.013966672878574782,0.0009734939453722724,0.0007066537902629122,0.3084873536833713,0.19846602312234474,-0.0062634654107390445,0.0,0.0012048907261826105,0.003969142618267418,0.0,,3,1,0.8666666666666667,False,0.006263465410739604,0.0,0.0011604913774529498,0.003917894007452104,0.0,,3,1,0.8666666666666667,False,-0.0026620412113445707,-0.004757391444666513,0.021002185880632525,0.02568751680163997,1.0,0.4666666666666667,30,30,0.0,False,,0.043632913328137575,0.020891005671332296,0.025669779683025914,1.0,0.6,30,30,0.0,False
mouse_ln_slideseqv2,SlideSeqV2,lymph_node,mouse,Ptpn18,skipped_weak_genius,8000,6,30,402.3900531212855,0.006890481619891477,0.0,0.0,0.0,0.002361320085202845,0.0006514818493805752,9.486296307592568e-06,0.3084873536833713,0.19846602312234474,1.0,1.0,0.0,0.0,1.0,,0,0,1.0,True,1.0,1.0,0.0,0.0,1.0,,0,0,1.0,True,-0.08994408367266103,-0.09559544684245552,0.21302799352170568,0.31084187253304735,1.0,0.5,30,30,0.0,False,,-0.07804323128768012,0.0028508990029172776,0.0034524083202268864,1.0,0.5,30,30,0.0,False
mouse_ln_slideseqv2,SlideSeqV2,lymph_node,mouse,Ccl5,ok,8000,6,30,402.3900531212855,0.007542686099662207,0.10880415502804808,0.05338468110589789,0.03999665328774171,0.12786878999407636,0.05552155861102892,0.04063310305218515,0.3084873536833713,0.19846602312234474,0.005725505061326082,0.0,0.005935778753495182,0.0159586355509319,0.0,,4,2,0.8,False,-0.004389588738795566,8.92509668956958e-16,0.005627870729803851,0.01644231201355374,0.0,,4,1,0.8333333333333334,False,0.1625454753388348,0.16227576004253766,0.3949761556413543,0.5934108469495618,1.0,0.5333333333333333,30,30,0.0,False,,0.009893605411709031,0.09055135865982314,0.11333508865322636,1.0,0.4666666666666667,30,30,0.0,False
mouse_ln_slideseqv2,SlideSeqV2,lymph_node,mouse,C3,skipped_weak_genius,8000,6,30,402.3900531212855,0.0009384765224759121,0.01006776727088976,0.0009780536355257219,0.00067464449755128,0.015831414263177024,0.000987840648452476,0.0006855112657976337,0.3084873536833713,0.19846602312234474,-0.003461869643598906,0.0,0.0035256019156017834,0.007491849590444886,0.0,,8,1,0.7,False,0.0034618696435991074,-3.299101843100626e-17,0.0034756677422355317,0.007443300734898202,0.0,,8,1,0.7,False,0.06406296015929258,0.06599261247739292,0.06194499496771247,0.07806572634728198,1.0,0.4666666666666667,30,30,0.0,False,,-0.03084275848314803,0.06205621182513591,0.07810803755550946,1.0,0.4,30,30,0.0,False
mouse_ln_slideseqv2,SlideSeqV2,lymph_node,mouse,Zfas1,skipped_weak_genius,8000,6,30,402.3900531212855,0.0008370649475607201,0.004947782499081899,0.00023643930618388875,0.00023612152749818982,0.005150087596855535,0.00024522235514734536,0.0002452673830733998,0.3084873536833713,0.19846602312234474,-0.5274704995140064,-0.5343256124800747,0.001486660014122769,0.004309912143712839,0.25,0.0,4,1,0.8666666666666667,False,0.018754097780632705,0.0,0.0014865664614884511,0.003986002134454549,0.0,,4,1,0.8333333333333334,False,0.29115038745114596,0.12010383314320972,0.002445482040063283,0.0030312355775844128,1.0,0.6,30,30,0.0,False,,-0.08668750805303801,0.002461843112590121,0.003061745780364251,1.0,0.5333333333333333,30,30,0.0,False
mouse_ln_slideseqv2,SlideSeqV2,lymph_node,mouse,Atp5k,skipped_weak_genius,8000,6,30,402.3900531212855,0.0024272033192421086,0.0032733070099499884,0.0004252232590550298,0.00014090655134124663,0.004428601780384289,0.0005062902261612212,0.00022098505009071623,0.3084873536833713,0.19846602312234474,-0.027159823151924892,0.0,0.0006204955564495652,0.002410482364693545,0.0,,3,1,0.8666666666666667,False,0.027159823151927116,0.0,0.0005516636069481625,0.002333958932041117,0.0,,3,1,0.8666666666666667,False,0.12781883083544196,0.1267625818817052,0.0024393551421272733,0.002966224268198166,1.0,0.4666666666666667,30,30,0.0,False,,-0.012085081290203532,0.0024007127308922913,0.0029936620549608065,1.0,0.5333333333333333,30,30,0.0,False
mouse_ln_slideseqv2,SlideSeqV2,lymph_node,mouse,Banf1,skipped_weak_genius,8000,6,30,402.3900531212855,0.0036309144920198488,0.0009333753526297173,0.0004657551314138919,0.00045992568392394517,0.0017408867678121442,0.0009535399165604419,0.0006408530725703354,0.3084873536833713,0.19846602312234474,-0.046269576154123464,0.0,0.0003030414474169261,0.0010003646668134327,0.0,,3,1,0.8666666666666667,False,-0.04626957615412735,0.0,0.0003020078306806154,0.000997034220125808,0.0,,3,1,0.8666666666666667,False,0.2363315538893589,0.22578869959039832,0.02822395171880649,0.04139119935405203,1.0,0.5,30,30,0.0,False,,0.12459823740119015,0.0015380653347298746,0.002051173162029122,1.0,0.7,30,30,0.0,False
mouse_ln_slideseqv2,SlideSeqV2,lymph_node,mouse,Psmb4,skipped_weak_genius,8000,6,30,402.3900531212855,0.0030233243281726292,0.0003713300969130362,0.00012415875336335702,0.0,0.0011554275842318162,0.0008469712289242981,7.916901304749757e-06,0.3084873536833713,0.19846602312234474,-0.02269556762980112,0.0,0.0001538753731448967,0.0004801401161717924,0.0,,3,1,0.8666666666666667,False,,,0.00011312725596540175,0.0004251144075978215,0.0,,3,0,0.9,False,0.028495227466736994,0.03262009287653662,0.19380525119827047,0.27954387784306206,1.0,0.5,30,30,0.0,False,,0.049085174108597446,0.0017490530982191856,0.0022082796832686687,1.0,0.43333333333333335,30,30,0.0,False
mouse_ln_slideseqv2,SlideSeqV2,lymph_node,mouse,Thy1,ok,8000,6,30,402.3900531212855,0.004037328296260611,0.035467748903012075,0.03595669772209742,0.0349464018569432,0.04007192779790347,0.03859344353924965,0.03520135755052378,0.3084873536833713,0.19846602312234474,-0.02466027813605215,0.0,0.0032935997683939313,0.007951136005992532,0.0,,5,2,0.7666666666666667,False,-0.01812192425536022,0.0,0.0032560708832333448,0.009446613380071474,0.0,,5,1,0.8,False,0.03946255687206965,0.038106136916163866,0.2745126194615601,0.39605923325558806,1.0,0.4666666666666667,30,30,0.0,False,,0.07676755491394818,0.010969436911398364,0.01322505227223346,1.0,0.6,30,30,0.0,False
mouse_ln_slideseqv2,SlideSeqV2,lymph_node,mouse,Ms4a1,ok,8000,6,30,402.3900531212855,0.0018327992130915125,0.06069074363031235,0.03726014345032769,0.03722455072670772,0.0659423369172264,0.0374641492872555,0.03726728503795751,0.3084873536833713,0.19846602312234474,-0.1799252177665478,-0.18239114144832205,0.006034916293353275,0.015388992960414582,0.3333333333333333,0.6666666666666666,9,3,0.7,False,0.3788814457238789,0.3657160178296219,0.005446468644657817,0.013141647617901054,0.1111111111111111,1.0,9,1,0.7,False,-0.256224909639686,-0.25506557538993524,0.04004926433710028,0.05618781950082374,1.0,0.5,30,30,0.0,False,,0.005703228928204751,0.02946658870639423,0.037656613798338276,1.0,0.5333333333333333,30,30,0.0,False
mouse_ln_slideseqv2,SlideSeqV2,lymph_node,mouse,Swi5,skipped_weak_genius,8000,6,30,402.3900531212855,0.004401117840780591,0.0009102089915600242,0.00028317139474653974,0.0,0.0024040940343011963,0.0006145207228878125,8.057864400390358e-05,0.3084873536833713,0.19846602312234474,-0.028390704065598852,0.0,0.00022433965991174002,0.0008468826490226654,0.0,,2,1,0.9,False,,,0.0001624881935666731,0.0007761714401758148,0.0,,2,0,0.9333333333333333,False,0.2049448493575871,0.19435886119972567,0.00210360995432693,0.0027779156041264122,1.0,0.4666666666666667,30,30,0.0,False,,-0.013907311815094926,0.0021760355681019043,0.0028336553623735886,1.0,0.4,30,30,0.0,False
mouse_ln_slideseqv2,SlideSeqV2,lymph_node,mouse,Tuba1a,skipped_weak_genius,8000,6,30,402.3900531212855,0.0016046713389745546,0.003614361782470099,0.0006705219160477727,0.0002743042364873327,0.0043607703163320855,0.0007073915701028,0.00031099802496870055,0.3084873536833713,0.19846602312234474,-0.02194099619923478,0.0,0.0010506681443968975,0.0031603729636198938,0.0,,5,2,0.7666666666666667,False,0.01995892023244758,5.611934201677172e-17,0.0009710681241786527,0.003078157062918338,0.0,,5,1,0.8,False,0.22169293095710813,0.22984458177213152,0.0023116670154718698,0.0029795452817851843,1.0,0.5,30,30,0.0,False,,-0.06275998726268049,0.002415878006585333,0.0030704820260119064,1.0,0.43333333333333335,30,30,0.0,False
human_tonsil_slidetags,SlideTags,tonsil,human,MYO1E,ok,5778,11,30,213.62723064982163,0.0032884212434160106,0.1559923045848196,0.3648986976424725,0.1528716194489731,0.16149348653653317,0.3696802702839638,0.15287120145467503,0.3464126776488276,0.2734506450601517,0.1096552447258921,0.11002343572554936,5.567398679605072,8.519148338852064,0.48,0.6666666666666666,25,12,0.16666666666666666,False,-0.158153313670231,-0.15784860480077267,5.223848893752622,8.215654032491738,0.04,0.0,25,1,0.16666666666666666,False,-0.05528958340964976,-0.05740480389645674,54.393504073268396,94.29310312261052,1.0,0.43333333333333335,30,30,0.0,False,,-0.033330455796691985,12.539612806396823,17.274705863714022,1.0,0.43333333333333335,30,30,0.0,False
human_tonsil_slidetags,SlideTags,tonsil,human,FOXO1,ok,5778,11,30,213.62723064982163,0.0028851199373719524,0.030802887732410245,0.0376309901895151,0.00044827382379075686,0.030724992261146555,0.056153939383911555,0.0004483485287348765,0.3464126776488276,0.2734506450601517,0.3115986856365741,0.31259931476969005,3.5462482138766016,5.977621785290366,0.32,0.5,22,11,0.16666666666666666,False,0.005571344646715114,-1.848467720582798e-15,1.132231558127006,1.788384128599784,0.0,,22,1,0.23333333333333334,False,-0.043905732561964936,-0.04013844563762413,47.26498935035019,68.13357069831795,1.0,0.4666666666666667,30,30,0.0,False,,-0.013911445066866411,1.1897469331978454,1.5929763746197165,1.0,0.5,30,30,0.0,False
human_tonsil_slidetags,SlideTags,tonsil,human,UTRN,ok,5778,11,30,213.62723064982163,0.0022436168779892468,0.08559603525663328,0.1786763350496171,0.1250125251231614,0.0895079234383167,0.2011723417879704,0.12501216102710633,0.3464126776488276,0.2734506450601517,0.22001254197021686,0.2183775344116577,3.1632607785079276,4.640355987328131,0.34615384615384615,0.5555555555555556,23,12,0.13333333333333333,False,-0.22970959567689705,-0.22350659863359038,3.2617500426021593,4.563840374323458,0.043478260869565216,0.0,23,1,0.23333333333333334,False,-0.02440616466915166,-0.026491748704220306,93.57407564181604,164.5504443998429,1.0,0.5,30,30,0.0,False,,-0.02434716009961139,9.1522621725812,11.75169684641103,1.0,0.5,30,30,0.0,False
human_tonsil_slidetags,SlideTags,tonsil,human,PPP3CA,ok,5778,11,30,213.62723064982163,0.005949911841925477,0.07571954919138935,0.22742195588675418,0.060373634266998044,0.08090934801807803,0.22993973787632904,0.06037374542724594,0.3464126776488276,0.2734506450601517,0.14790276577499742,0.14677534349651894,1.448945664386009,2.6091722501440486,0.2,0.5,16,8,0.3333333333333333,False,0.002165316871110199,3.5497493180380326e-16,1.0220588777397273,1.7645183796042363,0.0,,16,1,0.43333333333333335,False,0.0037407762817383283,0.00623423666439366,16.40166442007638,25.912520158333926,1.0,0.6,30,30,0.0,False,,-0.014297660686418566,6.526634088112188,8.230296558032752,1.0,0.5333333333333333,30,30,0.0,False
human_tonsil_slidetags,SlideTags,tonsil,human,ADK,ok,5778,11,30,213.62723064982163,0.00187618309895344,0.0620589065659084,0.14360630325130153,0.0601320057526068,0.0638535828114345,0.14737114906319804,0.06013183649449505,0.3464126776488276,0.2734506450601517,-0.1831341832751307,-0.18481380240542428,4.593368153399984,6.696541241191029,0.32142857142857145,0.3333333333333333,27,10,0.06666666666666667,False,0.01644177987899933,0.022157668628458596,3.9604532636240415,5.952460273625935,0.037037037037037035,1.0,27,1,0.1,False,0.07840847317372618,0.07286870182915321,12.804168242389068,22.378169164827305,1.0,0.5666666666666667,30,30,0.0,False,,0.017805761188982916,6.480069707062994,9.074264467979091,1.0,0.5333333333333333,30,30,0.0,False
human_tonsil_slidetags,SlideTags,tonsil,human,CELF2,ok,5778,11,30,213.62723064982163,0.0023810020385772496,0.12763163706668446,0.24469359671240598,0.13808811264594334,0.13052576805602034,0.2594871232216296,0.13808770831175599,0.3464126776488276,0.2734506450601517,-0.10065563309272055,-0.10393478706847585,8.318619653240043,11.742732959785302,0.4482758620689655,0.5384615384615384,25,17,0.03333333333333333,False,-0.15956732605825433,-0.162524859098528,5.233867163382644,7.964630805700921,0.04,0.0,25,1,0.16666666666666666,False,-0.03993612112596247,-0.046503249132560466,31.572501274148554,47.99734526349067,1.0,0.5333333333333333,30,30,0.0,False,,-0.037646035987027454,9.357098731459034,13.561643572657943,1.0,0.5,30,30,0.0,False
human_tonsil_slidetags,SlideTags,tonsil,human,BCL2,ok,5778,11,30,213.62723064982163,0.0021496707575430697,0.05785131209004468,0.1440168010042352,0.05643315482588562,0.05978362920899971,0.1538658296310036,0.05643259827623415,0.3464126776488276,0.2734506450601517,-0.0331805453193937,-0.03400787917412142,7.436543006246842,10.716661736156507,0.6785714285714286,0.5263157894736842,27,20,0.06666666666666667,False,-0.08477269191991287,-0.08170559512045093,3.982139956707138,5.329565934713846,0.037037037037037035,0.0,27,1,0.1,False,0.0611674041966373,0.06088063061093066,29.98058582243001,51.74078593047172,1.0,0.6,30,30,0.0,False,,-0.0017892517588636897,7.14721371894521,9.539533492463882,1.0,0.5,30,30,0.0,False
human_tonsil_slidetags,SlideTags,tonsil,human,SETBP1,ok,5778,11,30,213.62723064982163,0.001532926424598463,0.06406255971229069,0.24279331890417366,0.03652072544443408,0.06585802631047932,0.25138390398932375,0.03652036459477315,0.3464126776488276,0.2734506450601517,-0.08212403306148142,-0.08178993953116144,5.736040192817531,7.919297223386972,0.42857142857142855,0.3333333333333333,27,13,0.06666666666666667,False,0.042857361299155336,0.04107911966447678,4.63725878794533,6.501333861066875,0.037037037037037035,1.0,27,1,0.1,False,-0.06654384710060597,-0.06448440003719375,70.17594760519935,131.46148887956187,1.0,0.5,30,30,0.0,False,,-0.0354533701426807,8.425742706256084,10.688441961087348,1.0,0.4666666666666667,30,30,0.0,False
human_tonsil_slidetags,SlideTags,tonsil,human,MAML3,ok,5778,11,30,213.62723064982163,0.0034377748370524744,0.1303324941294134,0.22308019384921352,0.10030868011763139,0.1360100423884002,0.23116080176489617,0.10030842748406199,0.3464126776488276,0.2734506450601517,0.21354080442790113,0.21344961098764456,4.321378820236431,6.683176587582839,0.25,0.5714285714285714,27,8,0.06666666666666667,False,-0.10730697852913625,-0.10574246616696428,4.244404669747982,6.708915647015672,0.037037037037037035,0.0,27,1,0.1,False,-0.0244286573453765,-0.02641036477551676,77.3809431212217,134.78370785182528,1.0,0.5,30,30,0.0,False,,-0.031200538062172562,13.354669389498165,18.23472675502144,1.0,0.43333333333333335,30,30,0.0,False
human_tonsil_slidetags,SlideTags,tonsil,human,IGHM,skipped_weak_genius,5778,11,30,213.62723064982163,0.10031728920091341,0.005520842003240545,0.020075638949136998,4.193008190434e-06,0.005946234377384396,0.028976166584906426,3.1522228046698686e-05,0.3464126776488276,0.2734506450601517,0.2846850923403256,0.28178832422049105,0.2605084949256167,0.5757585493437223,0.1,1.0,7,4,0.6666666666666666,False,-0.005385522669663039,-6.072491983117342e-14,0.1320836998042817,0.3389867789528258,0.0,,7,1,0.7333333333333333,False,-0.05292225620515459,-0.05040458973056495,12.031006332185834,16.54707654518163,1.0,0.6333333333333333,30,30,0.0,False,,-0.004693364476880579,0.22777235279573593,0.26751318614898567,1.0,0.5666666666666667,30,30,0.0,False
human_tonsil_slidetags,SlideTags,tonsil,human,ANK3,ok,5778,11,30,213.62723064982163,0.0022610479072885377,0.10855693521331566,0.2668519111212081,0.06589446907056762,0.11028142156347265,0.2798892408294421,0.06589428385837459,0.3464126776488276,0.2734506450601517,0.012989202341405177,0.013343213475695675,9.143685843919183,11.917105120275156,0.3793103448275862,0.5454545454545454,28,12,0.03333333333333333,False,-0.006911369843145575,-0.00833835447264688,6.969297039790146,9.428311708132194,0.03571428571428571,0.0,28,1,0.06666666666666667,False,0.023178937797767776,0.02250817542855353,58.41762208022952,102.43027101642282,1.0,0.5,30,30,0.0,False,,-0.019486077646829737,10.00405248253698,13.538892034572047,1.0,0.5333333333333333,30,30,0.0,False
human_tonsil_slidetags,SlideTags,tonsil,human,AUTS2,ok,5778,11,30,213.62723064982163,0.004714525682761654,0.04632956289448786,0.1896875828224326,0.06564925187818893,0.05150480876932251,0.20243219471481033,0.06564875877591769,0.3464126776488276,0.2734506450601517,-0.1349579336613186,-0.13537743660304805,2.103522761729572,3.3785059996079134,0.2727272727272727,0.16666666666666666,18,10,0.26666666666666666,False,0.0021936807751590784,-6.298631633739306e-16,1.0724584828180914,1.7085257713469186,0.0,,18,1,0.36666666666666664,False,-0.0469557373741621,-0.058064948150098925,22.544021432319358,30.195068532699498,1.0,0.36666666666666664,30,30,0.0,False,,-0.05264644607385459,8.198955832487671,10.376744219169423,1.0,0.4,30,30,0.0,False
human_tonsil_slidetags,SlideTags,tonsil,human,CAMK1D,ok,5778,11,30,213.62723064982163,0.0036838132631444257,0.12014857791909161,0.26448857991049957,0.12556488781346364,0.12314666774274885,0.26728464390845397,0.1255646106722832,0.3464126776488276,0.2734506450601517,-0.06362995580347452,-0.06386877402626515,2.6892054556186835,4.646241781631513,0.30434782608695654,0.5714285714285714,20,10,0.23333333333333334,False,-0.24051523696863691,-0.23332900064309667,1.7440451825192083,3.1714140920921,0.05,0.0,20,1,0.3333333333333333,False,0.037057583224580574,0.03746307317655383,23.513210984759606,42.181872737918006,1.0,0.6666666666666666,30,30,0.0,False,,-0.016077213653234276,4.190982789729306,5.289369218961766,1.0,0.4666666666666667,30,30,0.0,False
human_tonsil_slidetags,SlideTags,tonsil,human,BCL11B,ok,5778,11,30,213.62723064982163,0.002111686314513501,0.11949065830926586,0.43284461457308965,0.03810895940470849,0.12032122770988352,0.4405969926657116,0.038107737991902924,0.3464126776488276,0.2734506450601517,0.23442786919201375,0.23536933811768593,4.92093858764006,7.447932117383529,0.48148148148148145,0.5384615384615384,26,14,0.1,False,-0.36283691615775737,-0.360750467101403,4.232266427517487,6.9695201377211795,0.038461538461538464,0.0,26,1,0.13333333333333333,False,-0.03147094670863891,-0.03137398578142675,49.72003743847353,94.66915328354241,1.0,0.5666666666666667,30,30,0.0,False,,-0.013324012477318641,5.596424069355805,8.075272979624625,1.0,0.5,30,30,0.0,False
human_tonsil_slidetags,SlideTags,tonsil,human,JAZF1,ok,5778,11,30,213.62723064982163,0.0016688035918306,0.062100542443910056,0.14101971146474201,0.0224071871910968,0.06305206664896379,0.15272584291305702,0.022406480877630308,0.3464126776488276,0.2734506450601517,-0.08031799281179441,-0.08049329726274508,4.394137570258425,6.197468470793308,0.41379310344827586,0.4166666666666667,26,15,0.03333333333333333,False,0.35251892093290293,0.3481546293232603,3.4218174059643287,4.834697913286171,0.038461538461538464,1.0,26,1,0.13333333333333333,False,0.003965646631492167,0.00295119344463447,56.50358437783422,95.40820393856123,1.0,0.5666666666666667,30,30,0.0,False,,0.010043002759526421,4.808624658394398,6.317222694690068,1.0,0.5666666666666667,30,30,0.0,False
human_tonsil_slidetags,SlideTags,tonsil,human,IMMP2L,ok,5778,11,30,213.62723064982163,0.0016722028611965232,0.03025288854131747,0.048031190764830645,0.03472232088146132,0.03031030249785116,0.05235899814134615,0.03472198427331885,0.3464126776488276,0.2734506450601517,0.20721669614801363,0.20833473808798217,2.982754004337967,3.984123392639743,0.37037037037037035,0.6,25,12,0.1,False,0.037239286875286645,0.03227721969458745,2.4723807306975893,3.602643029787752,0.04,1.0,25,1,0.16666666666666666,False,0.22859743189037052,0.22493619213907937,11.885764148034891,16.877136397204513,1.0,0.6333333333333333,30,30,0.0,False,,-0.01725895377422228,2.7100929057396455,3.510958363866597,1.0,0.5,30,30,0.0,False
human_tonsil_slidetags,SlideTags,tonsil,human,FYN,ok,5778,11,30,213.62723064982163,0.001214187886035768,0.06828959243532406,0.3437492389873835,0.014867804194183654,0.06876262757645246,0.35382991918402895,0.014867328304992933,0.3464126776488276,0.2734506450601517,0.11583909270713011,0.1100534437582737,6.170381808694876,9.30170192243578,0.7333333333333333,0.5454545454545454,28,24,0.0,False,-0.2568965900686605,-0.2547215933243606,4.644887371366528,6.616930639184201,0.03571428571428571,0.0,28,1,0.06666666666666667,False,-0.07807539602759554,-0.08173148995668536,25.470772187802368,39.96437983246083,1.0,0.4666666666666667,30,30,0.0,False,,-0.024372512768837017,5.357786248588257,6.94371471559563,1.0,0.4,30,30,0.0,False
human_tonsil_slidetags,SlideTags,tonsil,human,NEAT1,skipped_weak_genius,5778,11,30,213.62723064982163,0.00692414673567125,0.0160139805872882,0.11220820897338912,0.001505171573462305,0.015845731939614582,0.1544326395873854,0.001505641378745759,0.3464126776488276,0.2734506450601517,-0.0034622151232574236,-0.003514156939323159,2.2139893113639797,4.929976247425441,0.08695652173913043,0.5,18,7,0.23333333333333334,False,-0.5314652641389821,-0.5239168187961087,0.6372765273283274,1.115885570302292,0.05555555555555555,0.0,18,1,0.4,False,-0.0722686405389819,-0.07341770818358243,124.82132324101548,232.07273751310095,1.0,0.6666666666666666,30,30,0.0,False,,-0.018031271668601044,0.7177058720044165,0.8850164290980501,1.0,0.5666666666666667,30,30,0.0,False
human_tonsil_slidetags,SlideTags,tonsil,human,TSHZ2,ok,5778,11,30,213.62723064982163,0.0012853203835897242,0.05814604191107542,0.18145164490371302,0.002817903241981057,0.05906287442059632,0.1917520215003229,0.0028178197652327652,0.3464126776488276,0.2734506450601517,0.13319164653242468,0.1376650782976583,15.726679311050814,21.463735239624917,0.8,0.5833333333333334,30,24,0.0,False,-0.20842967718659006,-0.21121733650277916,9.205696669757534,11.94857301027011,0.03333333333333333,0.0,30,1,0.0,False,0.10085468031579808,0.10877150674678496,36.80613452681486,60.052999956808755,1.0,0.5333333333333333,30,30,0.0,False,,-0.04607195910023865,10.36088820974745,14.182364517420648,1.0,0.4666666666666667,30,30,0.0,False
human_tonsil_slidetags,SlideTags,tonsil,human,CD22,ok,5778,11,30,213.62723064982163,0.0013994411551907164,0.06673543594020503,0.2512430882259712,0.02616838276006328,0.06827598225015519,0.2649181463356909,0.026167546987248547,0.3464126776488276,0.2734506450601517,0.41919490241645607,0.4158390965444083,5.346853090722971,7.684080534394519,0.6206896551724138,0.6666666666666666,26,21,0.03333333333333333,False,-0.37170802006082976,-0.3685473196610186,4.070085900097201,6.2321821675050035,0.038461538461538464,0.0,26,1,0.13333333333333333,False,-0.025556589660876466,-0.02945237465367958,55.70492331912535,87.01642755201055,1.0,0.5333333333333333,30,30,0.0,False,,-0.030681390359492116,6.229643439526564,8.901205081671424,1.0,0.43333333333333335,30,30,0.0,False
human_tonsil_slidetags_fine,SlideTags,tonsil,human,WWOX,ok,5778,12,30,281.1955826154899,0.0016566504029081389,0.040665889079933515,0.13463861686937728,0.03957183950532772,0.044512681030401735,0.1550590091166234,0.039571453550065416,0.4324937499214328,0.38713329207056985,0.2157219747901435,0.2153925970729508,8.96732198828614,14.893494357089008,0.5185185185185185,0.6428571428571429,23,18,0.1,False,-0.30232384543717256,-0.29364087391852745,2.4532898309913884,3.715261714207044,0.043478260869565216,0.0,23,1,0.23333333333333334,False,-0.07964892559509622,-0.07983405831147569,177.0111970627385,227.70438653445794,1.0,0.5333333333333333,30,30,0.0,False,,0.02060773598619828,10.135219115049004,12.899159575515833,1.0,0.5666666666666667,30,30,0.0,False
human_tonsil_slidetags_fine,SlideTags,tonsil,human,EML6,ok,5778,12,30,281.1955826154899,0.0032473176027004876,0.09287817296310641,0.13743897708776376,0.0792590510418072,0.09746615055392449,0.1449861108300624,0.0792588631573794,0.4324937499214328,0.38713329207056985,0.4414589616555777,0.4416602668125856,2.7594739312523253,4.102471229819017,0.4090909090909091,0.5555555555555556,20,11,0.26666666666666666,False,-0.2775242350449537,-0.27010608998045743,2.6019112916575455,4.23988842832181,0.05,0.0,20,1,0.3333333333333333,False,-0.2308415678430522,-0.23085514220465314,74.58656971942914,105.92054372399483,1.0,0.4,30,30,0.0,False,,-0.010122364098342681,12.073064920748887,15.118632635702372,1.0,0.4666666666666667,30,30,0.0,False
human_tonsil_slidetags_fine,SlideTags,tonsil,human,IGHM,skipped_weak_genius,5778,12,30,281.1955826154899,0.248078973776522,0.0021993689543396977,0.004124742722113606,0.001608681250928945,0.003870145226376409,0.013855781417801083,0.0017958869064536032,0.4324937499214328,0.38713329207056985,0.9702014247033288,0.9714647929075311,0.021295975909079057,0.07764468398807299,0.3333333333333333,1.0,2,2,0.9,False,-0.03891287663605708,0.0,0.03878873026795735,0.14126874598969308,0.0,,2,1,0.9,False,0.14959212056096977,0.14410500140095478,80.42586195198211,112.19392916446706,1.0,0.6666666666666666,30,30,0.0,False,,0.1820877143956937,0.15911131174462925,0.18756577394613744,1.0,0.6,30,30,0.0,False
human_tonsil_slidetags_fine,SlideTags,tonsil,human,FOXO1,ok,5778,12,30,281.1955826154899,0.001665331713332416,0.056357043733958556,0.11738609294602076,0.05407423958051327,0.05875701949432133,0.131250699986168,0.05407371369121572,0.4324937499214328,0.38713329207056985,-0.05841832213452986,-0.05833539736695146,5.629508385818013,8.55449778334268,0.48148148148148145,0.5384615384615384,24,16,0.1,False,-0.2168681698229326,-0.20602902123358954,2.79710535486929,3.9040808243353498,0.041666666666666664,0.0,24,1,0.2,False,-0.07982390620297314,-0.07980257344282345,104.52445052300298,133.62906132752977,1.0,0.5333333333333333,30,30,0.0,False,,0.017003061306138274,5.9283109308700705,7.129904240579701,1.0,0.5,30,30,0.0,False
human_tonsil_slidetags_fine,SlideTags,tonsil,human,MAML2,ok,5778,12,30,281.1955826154899,0.0016597675634600626,0.05346385290634115,0.10405968276283728,0.06186395561491942,0.061636920204691026,0.11860337035634738,0.06186333818435896,0.4324937499214328,0.38713329207056985,-0.14064366864321065,-0.14170163889496665,7.351820965761074,9.473968094587168,0.5,0.14285714285714285,25,17,0.06666666666666667,False,-0.30144742863856294,-0.3017372803891432,3.327728003977564,4.735356785174173,0.04,0.0,25,1,0.16666666666666666,False,-0.11731215964810507,-0.11805739651758743,121.01333329702902,170.46313294769104,1.0,0.6,30,30,0.0,False,,-0.038800286450826574,22.354832751817927,29.463432198937653,1.0,0.4,30,30,0.0,False
human_tonsil_slidetags_fine,SlideTags,tonsil,human,NEAT1,ok,5778,12,30,281.1955826154899,0.0011870514358561172,0.023200622835992557,0.16190914853344562,0.00485035270342149,0.02639436208068824,0.2040784078375426,0.004850209150589868,0.4324937499214328,0.38713329207056985,0.09008945895217513,0.08959319106532428,14.154671852694044,18.753079876529405,0.7857142857142857,0.5454545454545454,25,25,0.06666666666666667,False,-0.004869493020567751,1.0671697290613525e-16,3.0023310424956717,4.167734960143062,0.0,,25,1,0.13333333333333333,False,0.04169901109993514,0.04141746836671968,312.54633259442977,374.66551387900984,1.0,0.5666666666666667,30,30,0.0,False,,0.020178912821779544,10.37012274563537,14.962018586025444,1.0,0.5666666666666667,30,30,0.0,False
human_tonsil_slidetags_fine,SlideTags,tonsil,human,AFF2,ok,5778,12,30,281.1955826154899,0.0031142323254187442,0.13268092663921416,0.22678620724481702,0.1335678525304067,0.14119716615675004,0.23489905610834205,0.1335675121741401,0.4324937499214328,0.38713329207056985,0.31937844955203,0.31955123872593233,2.9404674631853753,4.609539890227955,0.3181818181818182,0.8571428571428571,19,10,0.26666666666666666,False,-0.36544207618203456,-0.3571380894047913,2.839233179407259,4.754951909314374,0.05263157894736842,0.0,19,1,0.36666666666666664,False,-0.10668446181679594,-0.10685177371372724,64.45065225166914,81.3624522817306,1.0,0.5,30,30,0.0,False,,-0.01831189234657949,15.094468764601412,20.249131899918872,1.0,0.4666666666666667,30,30,0.0,False
human_tonsil_slidetags_fine,SlideTags,tonsil,human,TMSB10,ok,5778,12,30,281.1955826154899,0.0011296063692386583,0.037917510774634566,0.11953031552367754,0.020392855098975482,0.04014321678304966,0.13534909980238063,0.020392202606901888,0.4324937499214328,0.38713329207056985,-0.009060190449928243,-0.009324528649478452,9.031562735426487,13.247030954281069,0.7037037037037037,0.5263157894736842,24,22,0.1,False,-0.2589776409160033,-0.24622732439294678,2.3035725736845456,3.4809359815513194,0.041666666666666664,0.0,24,1,0.2,False,-0.2182999208716781,-0.21890809553737384,137.52186359096856,161.6517154108563,1.0,0.3333333333333333,30,30,0.0,False,,0.027122339480710664,5.363734062573079,7.079170094283103,1.0,0.5333333333333333,30,30,0.0,False
human_tonsil_slidetags_fine,SlideTags,tonsil,human,CR2,ok,5778,12,30,281.1955826154899,0.0019270972770982953,0.035667809155010666,0.15034533524720728,0.003141901823976001,0.03884116081408484,0.20963875161714496,0.0031418231386153295,0.4324937499214328,0.38713329207056985,0.32250866106134574,0.3222640123052668,18.520089012687915,27.547120520605983,0.6666666666666666,0.6,23,27,0.0,False,-0.480054123830108,-0.46859041734089374,4.41412015015987,6.580871769999355,0.043478260869565216,0.0,23,1,0.23333333333333334,False,-0.18768501391406436,-0.18760294620495774,444.07705841076444,536.2532612972064,1.0,0.4,30,30,0.0,False,,-0.0006394549247933365,11.775487905363446,15.456406017581092,1.0,0.5666666666666667,30,30,0.0,False
human_tonsil_slidetags_fine,SlideTags,tonsil,human,CD22,ok,5778,12,30,281.1955826154899,0.0021315573826380285,0.11476611084771027,0.2133495343460916,0.09847512278724768,0.12154633058922915,0.22625026784244895,0.09847486597952093,0.4324937499214328,0.38713329207056985,0.2979990871244128,0.2981001311940845,4.536470185329086,6.26285903052625,0.4230769230769231,0.7272727272727273,24,13,0.13333333333333333,False,-0.36158555777647816,-0.35349576857540327,3.8787336037137825,5.632759842079727,0.041666666666666664,0.0,24,1,0.2,False,-0.2490154598390441,-0.24896256192752061,90.48766696118945,117.74552494800449,1.0,0.3,30,30,0.0,False,,-0.020360325887118624,10.9427001518689,15.916806493760946,1.0,0.5,30,30,0.0,False
human_tonsil_slidetags_fine,SlideTags,tonsil,human,ATP5F1E,ok,5778,12,30,281.1955826154899,0.0015850462251186916,0.07941566367164155,0.15991161088900108,0.08403179713782616,0.08362606838620923,0.1691433531208706,0.08403155744860069,0.4324937499214328,0.38713329207056985,0.06171431590455944,0.06182309164991533,5.118267953391662,7.629471127810434,0.4074074074074074,0.6363636363636364,22,16,0.1,False,-0.19579137292025578,-0.1890564752071089,2.063427502240461,3.0371138879672825,0.045454545454545456,0.0,22,1,0.26666666666666666,False,-0.0751052035904271,-0.07489028348301882,66.55028430491912,80.93205943811259,1.0,0.4666666666666667,30,30,0.0,False,,-0.009772215546562704,8.330776299593913,11.078385602927685,1.0,0.5333333333333333,30,30,0.0,False
human_tonsil_slidetags_fine,SlideTags,tonsil,human,LSAMP,skipped_weak_genius,5778,12,30,281.1955826154899,0.1844597053575782,0.00451371436944803,0.0716654571412827,0.0,0.005470734017697709,0.29642025515264314,1.2174257222774543e-05,0.4324937499214328,0.38713329207056985,0.7175741570978734,0.6873244790580123,1.2238515688904947,3.887835685120874,0.16666666666666666,1.0,3,4,0.8,False,,,0.03092145553291671,0.10651156875489641,0.0,,3,0,0.9,False,-0.2787941653270211,-0.2758569778290084,683.1766057245278,826.5469525179274,1.0,0.5666666666666667,30,30,0.0,False,,0.26953162907464456,0.10410185834214808,0.15149459016096511,1.0,0.6666666666666666,30,30,0.0,False
human_tonsil_slidetags_fine,SlideTags,tonsil,human,SKAP1,ok,5778,12,30,281.1955826154899,0.000637769875562455,0.03185527098101881,0.10146043095963142,0.0014361267308863335,0.03330842475651341,0.10920054172767091,0.0014360862891416026,0.4324937499214328,0.38713329207056985,-0.0667297183644768,-0.06702401731690089,8.88929180471096,13.509539860720949,0.7,0.42857142857142855,27,24,0.0,False,0.1885253873772572,0.19171002807694276,3.5717203398600135,4.884697527631125,0.037037037037037035,1.0,27,1,0.1,False,0.0264477406608341,0.026148489164780214,16.368201065017846,26.820532116242312,1.0,0.4666666666666667,30,30,0.0,False,,0.03781557852314077,5.72723317746208,8.331534951415657,1.0,0.5666666666666667,30,30,0.0,False
human_tonsil_slidetags_fine,SlideTags,tonsil,human,NEDD9,ok,5778,12,30,281.1955826154899,0.001525301022414879,0.06644278046870422,0.13601522741222505,0.04063534575765548,0.06979891754409917,0.1484232666438423,0.04063496213475548,0.4324937499214328,0.38713329207056985,0.2771843194498492,0.27671741456200905,4.4093300797385995,6.34448403933962,0.5,0.6153846153846154,24,15,0.13333333333333333,False,-0.2840907527135326,-0.27558993342071025,2.6532732883279726,4.018120311769179,0.041666666666666664,0.0,24,1,0.2,False,-0.22031594821611614,-0.22039165445850215,87.55846128808972,119.55343313632717,1.0,0.5,30,30,0.0,False,,0.00807183573319885,6.748993830619756,8.298938150558573,1.0,0.5666666666666667,30,30,0.0,False
human_tonsil_slidetags_fine,SlideTags,tonsil,human,HLA-DRA,ok,5778,12,30,281.1955826154899,0.0016325551520143286,0.08508868063058939,0.1317390268880132,0.03981531260301796,0.09132003416018575,0.13775789907840663,0.03981494346813441,0.4324937499214328,0.38713329207056985,0.1384123958727977,0.13854955782345305,4.407000799494128,5.828081042636707,0.34615384615384615,0.6666666666666666,23,12,0.13333333333333333,False,-0.16865668603659026,-0.16133927113118726,3.2025120530110263,4.715385713002558,0.043478260869565216,0.0,23,1,0.23333333333333334,False,-0.013727512282507584,-0.013903654471139271,70.74774774949245,84.34818798572051,1.0,0.4666666666666667,30,30,0.0,False,,0.006401012945550049,11.797376179385422,15.664301527087273,1.0,0.5666666666666667,30,30,0.0,False
human_tonsil_slidetags_fine,SlideTags,tonsil,human,GALNT14,ok,5778,12,30,281.1955826154899,0.0025293222146197196,0.10781464307018596,0.21040679653191952,0.11886519839020682,0.1135282607518171,0.21770452862153356,0.11886488803740436,0.4324937499214328,0.38713329207056985,0.20258200169872098,0.20306799078503923,2.805107166056728,4.553305330107679,0.38095238095238093,0.75,18,11,0.3,False,-0.35076036427858687,-0.34187486461338684,2.4801394892420943,4.304341797583773,0.05555555555555555,0.0,18,1,0.4,False,-0.25444922841231454,-0.254584473357219,57.96462054724116,72.36990363677346,1.0,0.36666666666666664,30,30,0.0,False,,-0.01434626833202183,9.863180781653947,13.016035093830697,1.0,0.5333333333333333,30,30,0.0,False
human_tonsil_slidetags_fine,SlideTags,tonsil,human,AUTS2,skipped_weak_genius,5778,12,30,281.1955826154899,0.0018805733271138507,0.01917512106253605,0.09808556354365794,0.0022508391050124477,0.018247101407775412,0.12459628789827193,0.002250820594412395,0.4324937499214328,0.38713329207056985,0.1513791618504548,0.15097265475859942,3.670164935877391,6.138767560764699,0.5217391304347826,0.5833333333333334,19,16,0.23333333333333334,False,0.09053675193730706,0.08203414511984539,0.8628435245810696,1.6492747940191195,0.05263157894736842,1.0,19,1,0.36666666666666664,False,0.25746709574410237,0.2557630169994438,180.34604109669056,208.1039176600639,1.0,0.5666666666666667,30,30,0.0,False,,-0.06541485531651076,0.654012675541164,0.8323227407819644,1.0,0.43333333333333335,30,30,0.0,False
human_tonsil_slidetags_fine,SlideTags,tonsil,human,SETBP1,ok,5778,12,30,281.1955826154899,0.000614674536396321,0.024128192908378532,0.07792506867263482,0.0013223888270981199,0.024310945439788068,0.08877582940022943,0.0013223526420965692,0.4324937499214328,0.38713329207056985,-0.12217819068553953,-0.12309451735774357,9.198333162851224,12.026538301049,0.8275862068965517,0.5416666666666666,28,25,0.03333333333333333,False,-0.3024029879464373,-0.28911083237409146,3.8730794315618358,4.971255865422623,0.03571428571428571,0.0,28,1,0.06666666666666667,False,-0.2068206017464902,-0.20741891593978498,104.72946379191062,131.09837667206122,1.0,0.43333333333333335,30,30,0.0,False,,0.029421332171217337,3.961514214912628,4.818090993693107,1.0,0.5,30,30,0.0,False
human_tonsil_slidetags_fine,SlideTags,tonsil,human,TCF4,ok,5778,12,30,281.1955826154899,0.0009234071349175258,0.030292845036389515,0.1343490134541523,0.008824924366970244,0.03201790583520192,0.15169013266756426,0.008824651319728316,0.4324937499214328,0.38713329207056985,0.18532425755893905,0.1850366578534878,8.068982433134613,10.586731641002151,0.7241379310344828,0.6190476190476191,26,24,0.03333333333333333,False,-0.30902057542881023,-0.3018579678059208,2.558191374313921,3.4876600742767585,0.038461538461538464,0.0,26,1,0.13333333333333333,False,-0.1967823516197428,-0.1965091697778673,143.12929711736334,167.48678462091226,1.0,0.43333333333333335,30,30,0.0,False,,-0.00716070171429727,4.707409957532934,5.650460394748004,1.0,0.5333333333333333,30,30,0.0,False
human_tonsil_slidetags_fine,SlideTags,tonsil,human,PPP3CA,ok,5778,12,30,281.1955826154899,0.0007747896295351014,0.030923677159746643,0.06474579097826916,0.0006601508045728233,0.030998574398059753,0.07264595786064176,0.0006601427745706046,0.4324937499214328,0.38713329207056985,-0.06694992755560984,-0.06813226277990962,7.775132026515397,10.911737538039107,0.7142857142857143,0.65,25,23,0.06666666666666667,False,0.2647267928129134,0.25271820642299414,2.685842972048638,3.5348641880987075,0.04,1.0,25,1,0.16666666666666666,False,-0.5395580584438963,-0.5401209624023078,83.27212601265485,98.97212363711692,1.0,0.3333333333333333,30,30,0.0,False,,-0.03295057917074265,2.8729814258970023,3.424431283192763,1.0,0.43333333333333335,30,30,0.0,False
human_melanoma_slidetags,SlideTags,tumor_melanoma,human,BCL11B,skipped_weak_genius,4804,7,30,195.41541491434694,0.005452716544602306,0.012043909469181768,0.29213549762422397,0.04014582864616545,0.009649599165812539,0.292203688180099,0.04014416927312736,0.14027122860753996,0.066318519715183,0.18051006884048373,0.18360928867388646,1.6372939142528053,2.531684375491998,0.09090909090909091,1.0,19,5,0.26666666666666666,False,-0.008420743034909455,1.739161029997978e-15,1.0007344948812942,1.4864255145882048,0.0,,19,1,0.3333333333333333,False,0.44964431927372994,0.45360105189555483,1.0552964203104926,1.469116372022929,1.0,0.6666666666666666,30,30,0.0,False,,0.08794040296916344,0.4329802394869607,0.5141270743652866,1.0,0.5333333333333333,30,30,0.0,False
human_melanoma_slidetags,SlideTags,tumor_melanoma,human,CREB3L2,ok,4804,7,30,195.41541491434694,0.0024823978443230875,0.039944115241967726,0.5706143689362446,0.07603986227387527,0.04012664291210044,0.5706216488467502,0.07603628580215005,0.14027122860753996,0.066318519715183,0.17959290608216297,0.18040354058053384,3.9737626834469983,4.961162478140942,0.43333333333333335,0.6153846153846154,27,16,0.0,False,-0.003276567302130823,1.814274694779802e-15,3.479925314501954,4.4568956846545635,0.0,,27,1,0.06666666666666667,False,0.007825754055376152,0.012366103114134771,4.039782188808161,5.19585405889387,1.0,0.5666666666666667,30,30,0.0,False,,0.020385573474965172,3.738335439785818,4.534577002812674,1.0,0.5,30,30,0.0,False
human_melanoma_slidetags,SlideTags,tumor_melanoma,human,OPRM1,skipped_weak_genius,4804,7,30,195.41541491434694,0.025127911235385155,0.01090119420960689,0.21900214388323347,0.034659305849603195,0.012702192405909196,0.21911380164503047,0.03466236687465496,0.14027122860753996,0.066318519715183,0.5679148747849734,0.5690612630713676,0.7834138625975887,1.6062869942298599,0.2857142857142857,1.0,12,6,0.5333333333333333,False,-0.008509598139793009,0.0,0.3599521314588338,0.6932314779627559,0.0,,12,1,0.5666666666666667,False,0.28294218445471186,0.27843011049825717,0.9427022517471124,1.284486634898844,1.0,0.6666666666666666,30,30,0.0,False,,0.03592444488587586,0.6222360926809091,0.7647141242693973,1.0,0.5666666666666667,30,30,0.0,False
human_melanoma_slidetags,SlideTags,tumor_melanoma,human,RBMS3,ok,4804,7,30,195.41541491434694,0.0013773271400987482,0.03758043680705858,0.4897536938486352,0.00023539795459182056,0.03772490250869931,0.4897540353785278,0.00023539886142076583,0.14027122860753996,0.066318519715183,-0.14479953625894523,-0.14174346796300025,5.246502004719312,8.204206329377108,0.27586206896551724,0.5,29,8,0.03333333333333333,False,-0.15183792983074354,-0.14370827433815525,5.097642164492624,7.681733433066057,0.034482758620689655,0.0,29,1,0.03333333333333333,False,-0.025410508672898104,-0.019942615416253986,5.5799617591949255,8.021984253973876,1.0,0.5,30,30,0.0,False,,0.026772233747317985,5.506893142649885,7.806132343915808,1.0,0.4666666666666667,30,30,0.0,False
human_melanoma_slidetags,SlideTags,tumor_melanoma,human,PLXDC2,skipped_weak_genius,4804,7,30,195.41541491434694,0.011864039930442343,0.01612501305346714,0.6370086934406514,0.032493979835815257,0.01498150381490182,0.6371944177517115,0.03249318046131655,0.14027122860753996,0.066318519715183,0.1605592679490288,0.15978658327791753,3.223027635626104,6.649410522645272,0.3684210526315789,0.5714285714285714,16,10,0.36666666666666664,False,0.0015698529046385135,5.680390966226341e-17,0.7749946134694327,1.1898408677289727,0.0,,16,1,0.43333333333333335,False,0.45704614682305666,0.45618305514859664,3.271142496985177,5.456295869976352,1.0,0.7,30,30,0.0,False,,-0.008207947835309676,0.553109476222677,0.6860341494015131,1.0,0.43333333333333335,30,30,0.0,False
human_melanoma_slidetags,SlideTags,tumor_melanoma,human,SLC8A1,skipped_weak_genius,4804,7,30,195.41541491434694,0.03814779489645779,0.009583566022045797,0.5881677698081639,0.03081748673082496,0.00908030909166091,0.590074455014316,0.030823485281530005,0.14027122860753996,0.066318519715183,0.5535115114265031,0.552593099084512,2.515540029335218,5.8790685432675485,0.21428571428571427,0.6666666666666666,8,9,0.5333333333333333,False,0.0009272389380042944,-4.209543499222e-17,0.23155234038463382,0.6038169504386705,0.0,,8,1,0.7,False,0.48669958373197475,0.4853453049120533,3.307324378423523,5.566472477188451,1.0,0.6333333333333333,30,30,0.0,False,,-0.019184356893173958,0.20898574671602627,0.27723673975432317,1.0,0.4666666666666667,30,30,0.0,False
human_melanoma_slidetags,SlideTags,tumor_melanoma,human,FRMD4A,skipped_weak_genius,4804,7,30,195.41541491434694,0.005476671127258882,0.01334122771963897,0.28925034339006117,0.003019682411840807,0.010071446323270061,0.28926195054753223,0.0030197777849310103,0.14027122860753996,0.066318519715183,0.007028955167305562,0.012187465635102293,1.6539612704941677,2.7992188181381525,0.3333333333333333,0.5714285714285714,18,10,0.3,False,-0.009661346179640352,0.0,0.726154515032126,1.1006608494627506,0.0,,18,1,0.36666666666666664,False,0.5128129573748461,0.5197909892498908,1.2183081194352257,1.9968908781182848,1.0,0.6,30,30,0.0,False,,0.11793802749586284,0.19336225729790665,0.2216419212451063,1.0,0.5666666666666667,30,30,0.0,False
human_melanoma_slidetags,SlideTags,tumor_melanoma,human,NAV2,ok,4804,7,30,195.41541491434694,0.006855983168143715,0.05833305562924351,0.5098144385326151,0.0003386334800994373,0.05966905224922425,0.5098768669353633,0.00033889775262907484,0.14027122860753996,0.066318519715183,0.0057308827340505734,0.006561982264940854,3.142475480919139,5.090602106389274,0.28,0.5714285714285714,22,10,0.16666666666666666,False,0.0067983896347146005,-5.143293987601943e-14,2.3586962844268515,3.7052742329124198,0.0,,22,1,0.23333333333333334,False,0.18394498265700113,0.18734681348204413,3.431193247730616,4.706666717028385,1.0,0.6666666666666666,30,30,0.0,False,,-0.040020958855578825,3.2741725970733557,4.355334516578885,1.0,0.36666666666666664,30,30,0.0,False
human_melanoma_slidetags,SlideTags,tumor_melanoma,human,IGHA1,skipped_weak_genius,4804,7,30,195.41541491434694,0.08211198876121807,0.0062335119804658445,0.05733448633059568,0.0072980705901312115,0.00518837199062272,0.05786396538047123,0.007307684964702799,0.14027122860753996,0.066318519715183,0.4501137871853494,0.4522264785473365,0.885518291447161,2.3648056284937597,0.16666666666666666,1.0,8,6,0.6,False,-0.009268168959515509,1.1727733924536668e-15,0.32680395137252616,0.7940294764433549,0.0,,8,1,0.7,False,0.3078576980184281,0.31330240109241264,1.0905643277451136,1.220726650125268,1.0,0.6333333333333333,30,30,0.0,False,,0.06740979151419293,0.22662475489887304,0.3106649886846276,1.0,0.5,30,30,0.0,False
human_melanoma_slidetags,SlideTags,tumor_melanoma,human,LRMDA,skipped_weak_genius,4804,7,30,195.41541491434694,0.020422489298577973,0.008470243099510721,0.6192460946386342,0.029141955976512368,0.006713010398144537,0.6199559967652759,0.02914344575240091,0.14027122860753996,0.066318519715183,0.2912643127284416,0.2924167392403535,2.37602520830837,4.972615848735835,0.3333333333333333,0.8333333333333334,14,10,0.4,False,-0.005244576026897423,0.0,0.30362999082795256,0.6060726304543853,0.0,,14,1,0.5,False,0.6325484617470905,0.6342073159487276,2.714249505881994,4.59692086628841,1.0,0.6333333333333333,30,30,0.0,False,,0.08060862216316622,0.1503430235751249,0.1912170070501105,1.0,0.4,30,30,0.0,False
human_melanoma_slidetags,SlideTags,tumor_melanoma,human,NEDD9,ok,4804,7,30,195.41541491434694,0.0024885544906178736,0.02234363421047958,0.22197216045834856,0.0174492356032947,0.019240352268730665,0.22196867303364798,0.017448448151150653,0.14027122860753996,0.066318519715183,0.04487671248357904,0.04690543356752243,2.2750534558132234,2.9856029057295923,0.38461538461538464,0.5,23,13,0.13333333333333333,False,-0.0050780926626560335,-3.254012526479995e-15,1.8650200992513992,2.4887240260276657,0.0,,23,1,0.2,False,0.38323790710942296,0.38200058596797165,1.0507841119366061,1.3656084105237964,1.0,0.5666666666666667,30,30,0.0,False,,0.016604409471385435,0.49651102648334877,0.5897491192932226,1.0,0.5,30,30,0.0,False
human_melanoma_slidetags,SlideTags,tumor_melanoma,human,CD96,skipped_weak_genius,4804,7,30,195.41541491434694,0.04732964031722573,0.007925708941936338,0.31990986652125486,0.04341863654675604,0.008832662831061655,0.3202781287501023,0.043441018750575044,0.14027122860753996,0.066318519715183,0.5390749174432283,0.5437145970274097,0.662235097331563,1.7395455297378797,0.3,1.0,8,5,0.6666666666666666,False,-0.021207096892846538,-1.2840911176485204e-14,0.1650439071714683,0.4363199809011185,0.0,,8,1,0.7,False,0.7318933291853276,0.7415585360399647,0.7787126505689896,1.1350810792424684,1.0,0.8,30,30,0.0,False,,0.17592064508200372,0.15572162317892158,0.20039726108519332,1.0,0.6333333333333333,30,30,0.0,False
human_melanoma_slidetags,SlideTags,tumor_melanoma,human,ATG5,ok,4804,7,30,195.41541491434694,0.12514459672093053,0.020560685931457878,0.24263496979349097,0.017575363935358967,0.028920434852528487,0.250066506412681,0.017726922561509983,0.14027122860753996,0.066318519715183,-0.009552607019588537,0.0,0.5380327349698083,1.7916670524016929,0.0,,4,5,0.7,False,-0.028170303650956168,0.0,0.0975973065809989,0.3065290815777912,0.0,,4,1,0.8333333333333334,False,0.05177297257656381,0.04792331399773683,3.896860109756586,5.186232015192409,1.0,0.4666666666666667,30,30,0.0,False,,-0.013591115104542596,3.6810474797280177,5.130443043914564,1.0,0.4666666666666667,30,30,0.0,False
human_melanoma_slidetags,SlideTags,tumor_melanoma,human,UBE2E2,skipped_weak_genius,4804,7,30,195.41541491434694,0.09036975308675961,0.013883169089837666,0.42093006973239433,0.09156955486780405,0.014517581887205089,0.4257563666421206,0.09164628571213185,0.14027122860753996,0.066318519715183,-0.011433198644456872,0.0,0.7477071311203989,2.2202920030144044,0.0,,7,4,0.6333333333333333,False,-0.018235066997008678,0.0,0.1681161549618571,0.582509390648061,0.0,,7,1,0.7333333333333333,False,0.18537409823453466,0.21054705457847428,1.3458614314279056,2.2654840429038945,1.0,0.6333333333333333,30,30,0.0,False,,0.16180050611259847,0.1275085997053954,0.16466039841953356,1.0,0.6,30,30,0.0,False
human_melanoma_slidetags,SlideTags,tumor_melanoma,human,SAT1,skipped_weak_genius,4804,7,30,195.41541491434694,0.006525627552946548,0.012056398240369415,0.6409331608704876,0.04833025584324291,0.011557625422055295,0.6410249248457254,0.048328341235169936,0.14027122860753996,0.066318519715183,0.17237814440761526,0.17194943559451992,2.5703201154951363,4.616410804267162,0.30434782608695654,0.42857142857142855,20,10,0.23333333333333334,False,-0.07094543105823915,-0.06937371608994829,0.864455053325703,1.312498515701931,0.05,0.0,20,1,0.3333333333333333,False,0.1996986053487571,0.19872383490059747,2.597605858727015,4.005978759617398,1.0,0.4,30,30,0.0,False,,-0.005501824294532176,0.7420195178177581,0.937883515073716,1.0,0.5333333333333333,30,30,0.0,False
human_melanoma_slidetags,SlideTags,tumor_melanoma,human,FBXL7,ok,4804,7,30,195.41541491434694,0.003888001239479899,0.06062720878016992,0.5560391182516735,0.0012754805084198573,0.06167865152755614,0.5560552187835583,0.0012755314246073457,0.14027122860753996,0.066318519715183,0.126070759606025,0.12629521166427402,2.70860299314968,4.05122237353872,0.24,0.3333333333333333,24,7,0.16666666666666666,False,0.007332267443116394,2.02530186868852e-14,2.426391401338145,3.4515705891478548,0.0,,24,1,0.16666666666666666,False,0.20930543220846543,0.21223977031510757,3.272646885966884,4.416088059903463,1.0,0.6,30,30,0.0,False,,-0.038023267078218986,3.4473710050953783,4.328120912898146,1.0,0.4,30,30,0.0,False
human_melanoma_slidetags,SlideTags,tumor_melanoma,human,STAT1,skipped_weak_genius,4804,7,30,195.41541491434694,0.021002207397530157,0.007257747656172819,0.005201418065774233,8.32977720743866e-06,0.014780570682650152,0.005626582711194872,1.6166997183320042e-05,0.14027122860753996,0.066318519715183,0.1989954689753207,0.19954339416694963,0.1756916111518044,0.339471724775917,0.45454545454545453,0.8,10,6,0.6333333333333333,False,-0.0036186892620156882,0.0,0.12429207569340289,0.22744344692275803,0.0,,10,1,0.6333333333333333,False,0.06378529512165734,0.06475431879985867,2.0521994148343525,2.5058968218599538,1.0,0.43333333333333335,30,30,0.0,False,,0.021260257810379088,2.0669699645826194,2.5103676578438887,1.0,0.5,30,30,0.0,False
human_melanoma_slidetags,SlideTags,tumor_melanoma,human,FOXO1,skipped_weak_genius,4804,7,30,195.41541491434694,0.02013461511532014,0.006765057046165923,0.17304686986110218,0.0020831901325096824,0.006530700432322845,0.17534882315767852,0.0020883244975740123,0.14027122860753996,0.066318519715183,0.7629932313965581,0.7634019444554704,0.9707352010168733,2.5051574791163316,0.2,1.0,11,7,0.5,False,-0.007286328060945917,0.0,0.15133745008590183,0.32298884192056515,0.0,,11,1,0.6,False,0.47730648109882984,0.47885599015903957,1.5268937489601933,2.44223793294668,1.0,0.6333333333333333,30,30,0.0,False,,0.05224611224103286,0.17993325107984764,0.2297116344579095,1.0,0.5,30,30,0.0,False
human_melanoma_slidetags,SlideTags,tumor_melanoma,human,NCALD,skipped_weak_genius,4804,7,30,195.41541491434694,0.03364786858609078,0.006103810443873314,0.1648975916353207,0.02682087467174965,0.006132377070064865,0.1654223765010272,0.026830620409153516,0.14027122860753996,0.066318519715183,0.11466528454400772,0.120852160050478,0.6519012175374197,1.5396559893543584,0.23076923076923078,1.0,8,8,0.5666666666666667,False,-0.011652582356184368,-5.036491369020916e-15,0.17910668614951356,0.42823256997365017,0.0,,8,1,0.7,False,0.660306175548611,0.6601113950358912,0.6254989247974679,0.8889756406521238,1.0,0.8,30,30,0.0,False,,0.12215071063234405,0.15108845796316436,0.19712440458831598,1.0,0.6333333333333333,30,30,0.0,False
human_melanoma_slidetags,SlideTags,tumor_melanoma,human,AF165147.1,skipped_weak_genius,4804,7,30,195.41541491434694,0.08951818477899678,0.004184839101104232,0.11049576027948105,0.019601641038782147,0.004757303535436352,0.11787924736168864,0.019680554581643306,0.14027122860753996,0.066318519715183,0.016889978887366486,0.0,0.35842194806490185,0.9777536173040114,0.0,,4,5,0.7,False,0.01797697978762178,0.0,0.07847118394981902,0.26304353949648673,0.0,,4,1,0.8333333333333334,False,0.1932602878611832,0.17723518634644353,1.081958027586667,1.7332245558920547,1.0,0.5333333333333333,30,30,0.0,False,,-0.08111337312626345,0.09508215757244895,0.127479324290325,1.0,0.43333333333333335,30,30,0.0,False
mouse_kidney_visiumhd,VisiumHD,kidney,mouse,Nudt4,ok,8000,7,30,269.28311535955083,0.00034540223477339796,0.0968875285084887,0.05696651798576635,0.03755355359577295,0.10096836850705238,0.06031499241212224,0.03755316594328506,0.42808858367886443,-0.2760011722672873,0.04759177561550665,0.045750360253707684,0.06504999339000059,0.13781128189695566,0.23076923076923078,0.6666666666666666,12,4,0.5666666666666667,False,-0.00697671291694942,-1.1833512267198934e-14,0.05001532260049258,0.09637592121009185,0.0,,12,1,0.5666666666666667,False,0.10033437475228431,0.10081144078661959,1.2873349360724868,1.9740949495967641,1.0,0.6333333333333333,30,30,0.0,False,,0.01176650690802885,0.43185070097995504,0.5409573766431552,1.0,0.6,30,30,0.0,False
mouse_kidney_visiumhd,VisiumHD,kidney,mouse,Sult1d1,ok,8000,7,30,269.28311535955083,0.00020124897956747117,0.1269610997389844,0.15727101624104256,0.14015141688468258,0.12970568603106547,0.15726543793331893,0.14015143916385853,0.42808858367886443,-0.2760011722672873,0.002964720489580845,0.0015420596317834438,0.15473824226251767,0.23683745285583663,0.047619047619047616,1.0,19,3,0.3,False,0.09413094906297644,0.08458524383709723,0.1466822393817234,0.23508616462378704,0.05263157894736842,1.0,19,1,0.36666666666666664,False,-0.07700202620758578,-0.07290546655238002,0.602243402308167,0.745578318029148,1.0,0.5333333333333333,30,30,0.0,False,,-0.02844744966697029,0.604674774575717,0.7444179144173002,1.0,0.4,30,30,0.0,False
mouse_kidney_visiumhd,VisiumHD,kidney,mouse,Mdh1,ok,8000,7,30,269.28311535955083,0.00018005555253158056,0.08684278679850244,0.05453666235549437,0.0394095120614677,0.08977040072454234,0.05717554336202646,0.03940938440623265,0.42808858367886443,-0.2760011722672873,-0.05755113431996942,-0.0569690352703054,0.11181152095169568,0.17090521278154489,0.1111111111111111,0.5,17,3,0.4,False,0.14939849862873347,0.15385201119549108,0.09536476211774915,0.15731414434959687,0.058823529411764705,1.0,17,1,0.43333333333333335,False,0.17236842098777155,0.17122878783122134,2.6996646490798475,3.872542180545192,1.0,0.6,30,30,0.0,False,,0.0045097993137873625,0.3827542834611701,0.48775838061833543,1.0,0.5666666666666667,30,30,0.0,False
mouse_kidney_visiumhd,VisiumHD,kidney,mouse,Cd63,ok,8000,7,30,269.28311535955083,0.0001608659352799667,0.0932201950208168,0.10273815690375743,0.08701270977097297,0.09752773406312787,0.10374970031507169,0.08701262750992411,0.42808858367886443,-0.2760011722672873,0.07087050723505957,0.07396772787915576,0.14800050299060194,0.2322573946693942,0.14285714285714285,1.0,21,3,0.3,False,0.02346285765043843,0.017031123698040107,0.15254820261055987,0.2342313207254055,0.047619047619047616,1.0,21,1,0.3,False,-0.1765148965439457,-0.17669254090509856,0.9057205778907016,1.1319229343433215,1.0,0.4,30,30,0.0,False,,-0.03567984992315912,0.6611726212854449,0.8147322079723004,1.0,0.4666666666666667,30,30,0.0,False
mouse_kidney_visiumhd,VisiumHD,kidney,mouse,Slc25a39,ok,8000,7,30,269.28311535955083,0.00014716811525326034,0.08120256203127796,0.06997442768046747,0.05559883872632232,0.08239590818465137,0.06998901146496439,0.0555985924308976,0.42808858367886443,-0.2760011722672873,-0.0024416649886196806,-0.006232418143502956,0.1506426980115229,0.2300778094627153,0.13043478260869565,0.6666666666666666,23,3,0.23333333333333334,False,0.1717837697001021,0.16301970339537442,0.13992216449906342,0.22375095516761564,0.043478260869565216,1.0,23,1,0.23333333333333334,False,0.012763054347917616,0.015500773800347643,0.24016270408016266,0.3243466719115509,1.0,0.6333333333333333,30,30,0.0,False,,-0.030411454296625038,0.23874716160337014,0.3238679458045587,1.0,0.5666666666666667,30,30,0.0,False
mouse_kidney_visiumhd,VisiumHD,kidney,mouse,Igfbp5,ok,8000,7,30,269.28311535955083,0.00030282706536727597,0.23129044230675055,0.16401507974436202,0.10214300313805547,0.24016168668045124,0.16586542066122978,0.1021430171790626,0.42808858367886443,-0.2760011722672873,0.3202864236017379,0.3063804389538877,0.19135405231765912,0.28611286900403093,0.15,1.0,19,4,0.3333333333333333,False,0.018141488447517395,4.052480507396094e-17,0.20322756519618768,0.3004631123355892,0.0,,19,1,0.3333333333333333,False,0.27602387477983503,0.2805678783819111,3.3388045369693504,4.603498164370328,1.0,0.5666666666666667,30,30,0.0,False,,-0.06494875983643364,1.0443182462275453,1.1985599798735476,1.0,0.43333333333333335,30,30,0.0,False
mouse_kidney_visiumhd,VisiumHD,kidney,mouse,Akr1c21,ok,8000,7,30,269.28311535955083,0.0002885900141133907,0.24851090496056671,0.2829217419149954,0.2632058071248071,0.25449185634080385,0.2838429275797806,0.26320594589621527,0.42808858367886443,-0.2760011722672873,-0.15259148466041597,-0.15289309611538365,0.17148068418246518,0.2912060776434993,0.2,0.5,15,9,0.3333333333333333,False,0.03208250859067907,0.029747563007555933,0.16853505084110793,0.288108891624901,0.06666666666666667,1.0,15,1,0.5,False,0.22988439002062838,0.22921033793413467,2.1250859071080175,3.1101930765276604,1.0,0.5,30,30,0.0,False,,-0.03916182467071818,0.9272378318099899,1.124564598591034,1.0,0.5,30,30,0.0,False
mouse_kidney_visiumhd,VisiumHD,kidney,mouse,Slc12a1,ok,8000,7,30,269.28311535955083,0.0003899827327658518,0.3191688451388216,0.12674665698382193,0.10154298352132951,0.32643111337475417,0.13374879197406708,0.10154308005510804,0.42808858367886443,-0.2760011722672873,-0.1359849583568932,-0.13786718172015558,0.16937784763644834,0.3097764259962957,0.1875,0.0,16,3,0.4666666666666667,False,-0.018216503926360428,-9.31177931823378e-15,0.13593392623864725,0.25393124239591053,0.0,,16,1,0.43333333333333335,False,-0.10812001672378817,-0.10508376763524499,4.549108190444005,6.0130991547525205,1.0,0.43333333333333335,30,30,0.0,False,,0.017880963166000956,0.7128607654153128,0.878498292484314,1.0,0.5,30,30,0.0,False
mouse_kidney_visiumhd,VisiumHD,kidney,mouse,Chchd10,ok,8000,7,30,269.28311535955083,0.00011740566088596322,0.05966749614325417,0.03737448649113195,0.02753945109110245,0.0605145628691911,0.03792463335028029,0.027539016176133413,0.42808858367886443,-0.2760011722672873,0.07843674814272936,0.07714913981894643,0.1402154051077519,0.21063012482310553,0.08695652173913043,0.5,22,3,0.23333333333333334,False,0.0008562183753826579,3.047194314070892e-15,0.1412114215054324,0.21107849085014035,0.0,,22,1,0.23333333333333334,False,0.1640144204964866,0.16254672793957367,0.3307576878875756,0.4018072032625389,1.0,0.36666666666666664,30,30,0.0,False,,-0.016728317237638252,0.2078134169549268,0.2564592013912502,1.0,0.5333333333333333,30,30,0.0,False
mouse_kidney_visiumhd,VisiumHD,kidney,mouse,Cryab,ok,8000,7,30,269.28311535955083,0.0004781668158070557,0.5202134438256609,0.15255824750441416,0.09898444353859814,0.5358204601611186,0.15489849639910747,0.09898466351035573,0.42808858367886443,-0.2760011722672873,0.16229258885156253,0.16052622155093413,0.2888260936945712,0.49293337124798153,0.16666666666666666,0.6666666666666666,18,3,0.4,False,0.10601560593810462,0.10575058140424419,0.29018352273411335,0.49524980411290426,0.05555555555555555,1.0,18,1,0.4,False,0.19426395889396575,0.19500107075592898,4.715145280946809,6.36634049614754,1.0,0.6,30,30,0.0,False,,-0.021730847987186865,1.7010248693369976,2.101670861716334,1.0,0.43333333333333335,30,30,0.0,False
mouse_kidney_visiumhd,VisiumHD,kidney,mouse,Plau,ok,8000,7,30,269.28311535955083,0.00030528823923260846,0.25360355971824355,0.030839163038342,0.014399381601263639,0.2633625166451571,0.032147361470121094,0.01439935488662103,0.42808858367886443,-0.2760011722672873,-0.041231389529241,-0.05345594854116741,0.1256067061044918,0.21199871220728303,0.2222222222222222,0.25,18,4,0.4,False,-0.022827787002163924,-6.6401221711395994e-15,0.1134121102303771,0.19281400345697983,0.0,,18,1,0.36666666666666664,False,-0.12034966853837101,-0.11541451605910119,1.8263773780790908,2.290529833670529,1.0,0.4,30,30,0.0,False,,0.022738825793766296,0.8200314031751171,0.9846017051336431,1.0,0.5,30,30,0.0,False
mouse_kidney_visiumhd,VisiumHD,kidney,mouse,Pdzk1,ok,8000,7,30,269.28311535955083,0.000255038419762409,0.21016929820989227,0.26124830183816883,0.24408338458171064,0.21554517043270371,0.2625796485830938,0.24408350297180514,0.42808858367886443,-0.2760011722672873,-0.016567705327483445,-0.017239982568504487,0.15646088733838528,0.25329220674342684,0.3,0.5,17,9,0.3333333333333333,False,0.10545444833970526,0.09759886608467175,0.1500272160471274,0.25123626558173073,0.058823529411764705,1.0,17,1,0.43333333333333335,False,0.23351983562323542,0.2320865461108646,1.7645642400861428,2.5493790505084286,1.0,0.6333333333333333,30,30,0.0,False,,-0.03113016806827227,0.6913246352826499,0.8568601632265126,1.0,0.43333333333333335,30,30,0.0,False
mouse_kidney_visiumhd,VisiumHD,kidney,mouse,Oxct1,ok,8000,7,30,269.28311535955083,0.00015515699787762354,0.06807836802253253,0.058206068515520015,0.045463972956103826,0.06989541337708749,0.06009084823527089,0.045463796188797034,0.42808858367886443,-0.2760011722672873,-0.01558233402380507,-0.017700940452887975,0.09783817912546786,0.15628567169624677,0.2,0.3333333333333333,15,3,0.5,False,0.014064768493316431,6.4590074093557e-15,0.0890690431270721,0.1494345774918474,0.0,,15,1,0.4666666666666667,False,0.18447550470942636,0.19059377512772901,0.8583489389982979,1.2546502211165842,1.0,0.6,30,30,0.0,False,,-0.0502329032444119,0.25769859344921575,0.3465944125002478,1.0,0.4666666666666667,30,30,0.0,False
mouse_kidney_visiumhd,VisiumHD,kidney,mouse,Cyp4b1,ok,8000,7,30,269.28311535955083,0.00028125584717598106,0.2642021726328996,0.1849697728200992,0.17290738571251352,0.270511397435105,0.18648403670584413,0.1729075289435834,0.42808858367886443,-0.2760011722672873,0.08631193985949738,0.08462723280392496,0.2617373186813912,0.4409200262605276,0.23809523809523808,0.4,19,7,0.3,False,0.1158188914255349,0.11160273313430115,0.2478455940610437,0.4396599141990467,0.05263157894736842,1.0,19,1,0.36666666666666664,False,-0.09226999918993278,-0.09412961466889545,2.282287985955256,2.950518034175372,1.0,0.43333333333333335,30,30,0.0,False,,-0.028131334430857278,1.1077573115164314,1.34516845420991,1.0,0.5333333333333333,30,30,0.0,False
mouse_kidney_visiumhd,VisiumHD,kidney,mouse,Igfbp4,ok,8000,7,30,269.28311535955083,0.00029097914107741144,0.30523272225088827,0.19655396005345638,0.18229662430831817,0.3118207303710234,0.19729832343800846,0.18229679451402958,0.42808858367886443,-0.2760011722672873,-0.058010518106495636,-0.058062416592157357,0.2332331500016955,0.32849402493253654,0.13636363636363635,0.6666666666666666,22,3,0.26666666666666666,False,-0.004516256379272297,6.204369840050451e-17,0.2387501453035083,0.327679775368007,0.0,,22,1,0.23333333333333334,False,-0.1406693232375429,-0.14107884484375988,1.238547379559025,1.545759183227485,1.0,0.4,30,30,0.0,False,,-0.013543724040661754,0.842167242537584,1.0671884422816698,1.0,0.5,30,30,0.0,False
mouse_kidney_visiumhd,VisiumHD,kidney,mouse,Ndufa1,ok,8000,7,30,269.28311535955083,0.00010922121608050348,0.05038220674115934,0.035363292498107546,0.026483193061407895,0.050174458416984535,0.036277493088316515,0.026482773830071027,0.42808858367886443,-0.2760011722672873,0.055250384730187466,0.05415122235170923,0.10201702904044554,0.15977000996633603,0.05555555555555555,1.0,16,3,0.4,False,-0.13110798267067805,-0.14433584796764654,0.10112687929642597,0.16130000634868574,0.0625,0.0,16,1,0.4666666666666667,False,0.1483564460587833,0.16473252804458552,0.5379116830377231,0.8254157805667193,1.0,0.4666666666666667,30,30,0.0,False,,-0.08971388660663372,0.10176074877576068,0.12719787962422732,1.0,0.5,30,30,0.0,False
mouse_kidney_visiumhd,VisiumHD,kidney,mouse,Cdh16,ok,8000,7,30,269.28311535955083,0.00023012718349807237,0.04101680663833396,0.021032670164358946,0.018086197111416236,0.041610879062669026,0.021826413631193975,0.01808604435511052,0.42808858367886443,-0.2760011722672873,-0.04378831772593503,-0.04262045693397571,0.04945535665769939,0.09468146219200078,0.21428571428571427,0.3333333333333333,13,4,0.5333333333333333,False,-0.6323766553293768,-0.6266638836162074,0.04756023466600039,0.09683794059446423,0.07692307692307693,0.0,13,1,0.5666666666666667,False,0.265618105566907,0.24215804358537574,0.3438890112176353,0.5208717034369905,1.0,0.5,30,30,0.0,False,,-0.03714540343753035,0.07661656760388162,0.09488420068634776,1.0,0.4666666666666667,30,30,0.0,False
mouse_kidney_visiumhd,VisiumHD,kidney,mouse,Mal,ok,8000,7,30,269.28311535955083,0.00021229404598030894,0.14247697941958748,0.1252854477750598,0.11126926815461868,0.14632926405396474,0.12635822877985026,0.11126919185901396,0.42808858367886443,-0.2760011722672873,-0.09574773417389829,-0.08968767751382319,0.10409056872859086,0.17961428447001668,0.125,0.5,15,3,0.4666666666666667,False,-0.050219876500985264,-0.06049665458400809,0.10081287981583426,0.17299897310890425,0.06666666666666667,0.0,15,1,0.5,False,-0.09053814526348894,-0.10053679432677552,0.8478756725252361,1.1113030772332886,1.0,0.5,30,30,0.0,False,,-0.06496883612306015,0.4971340836626454,0.6354917945165967,1.0,0.5,30,30,0.0,False
mouse_kidney_visiumhd,VisiumHD,kidney,mouse,Ndufb9,ok,8000,7,30,269.28311535955083,0.0005368064946748225,0.03879175723784789,0.017207680952585402,0.008933915714835039,0.0424219744925759,0.018105432026532586,0.008934665234515138,0.42808858367886443,-0.2760011722672873,0.233306002004776,0.22996004503876635,0.0281725612012976,0.06015667282761826,0.1,1.0,8,3,0.6666666666666666,False,0.09048266446572967,0.08701417474646767,0.024732885821476806,0.05882312644147603,0.125,1.0,8,1,0.7333333333333333,False,-0.06120947768754231,-0.057631830858069444,0.516106207971723,0.727834757469355,1.0,0.43333333333333335,30,30,0.0,False,,-0.00852566622894704,0.23230678631475243,0.27398362625748685,1.0,0.5333333333333333,30,30,0.0,False
mouse_kidney_visiumhd,VisiumHD,kidney,mouse,Mpc1,ok,8000,7,30,269.28311535955083,0.00010314138683070765,0.04976316881916154,0.030775038580679315,0.0189891664731624,0.05161800698199315,0.03160386364510348,0.018988873124292427,0.42808858367886443,-0.2760011722672873,0.0805461495977654,0.08057024026540956,0.13418474449088053,0.20382677712872327,0.17391304347826086,0.5,23,4,0.23333333333333334,False,0.08830285672953647,0.08359315010475506,0.1310596753384415,0.2019188341511547,0.043478260869565216,1.0,23,1,0.23333333333333334,False,0.2809249920420087,0.2809191126698617,0.5719356247951685,0.6930716127754514,1.0,0.6666666666666666,30,30,0.0,False,,-0.02163032237928113,0.3421725146076634,0.4503349844390534,1.0,0.4666666666666667,30,30,0.0,False
mouse_brain_slideseqv2,SlideSeqV2,brain,mouse,Mdh1,ok,8000,4,30,528.7031681387957,0.0002056305413439426,0.07725281816925733,0.16336481337601383,0.12705262190413935,0.07998979841594211,0.16336466470037414,0.12705256890804728,0.24651453427190126,0.09524610194859992,0.16552925598298546,0.16641068828610825,0.7285825738245517,0.9711870945154938,0.15384615384615385,1.0,26,4,0.13333333333333333,False,-0.14301517831955265,-0.13644475944414944,0.7716433197249691,1.0017125922553112,0.038461538461538464,0.0,26,1,0.13333333333333333,False,0.1052619174612984,0.06952033393158694,1.8107967219789711,2.341284824715411,1.0,0.5333333333333333,30,30,0.0,False,,-0.020441700759841835,1.810849059165353,2.344431180334532,1.0,0.4666666666666667,30,30,0.0,False
mouse_brain_slideseqv2,SlideSeqV2,brain,mouse,Atp5b,ok,8000,4,30,528.7031681387957,0.00020801151730142698,0.06220602066042813,0.11991570688903219,0.09543657127077987,0.06513833936162672,0.11991532729667886,0.09543642376820716,0.24651453427190126,0.09524610194859992,0.2486963232847656,0.25015823397081133,0.4530456972385571,0.6540324660851418,0.11538461538461539,0.6666666666666666,25,4,0.13333333333333333,False,-0.05032664863995839,-0.04271665191658315,0.4783866530941736,0.6789602277100794,0.04,0.0,25,1,0.16666666666666666,False,0.054806420411266675,0.03585450004705662,1.697323341862019,2.2788927467880815,1.0,0.4666666666666667,30,30,0.0,False,,-0.009744282721151735,1.6934246920465637,2.2801453303100097,1.0,0.43333333333333335,30,30,0.0,False
mouse_brain_slideseqv2,SlideSeqV2,brain,mouse,Ppp3ca,ok,8000,4,30,528.7031681387957,0.0004582582862459538,0.16446417900244625,0.3423233316414146,0.2556244113702405,0.17283010697871304,0.3423232574502246,0.2556244390074891,0.24651453427190126,0.09524610194859992,0.034878280385032004,0.054243801615246036,0.7656773027137197,1.1296559831119524,0.16666666666666666,0.75,23,5,0.2,False,-0.2152385142371433,-0.19971049580396721,0.7937965683273618,1.172069691202067,0.043478260869565216,0.0,23,1,0.23333333333333334,False,-0.016502741682091038,0.004762394708459178,2.7694258162746817,3.735908129661068,1.0,0.5333333333333333,30,30,0.0,False,,0.024382076792013936,2.772975570074516,3.735182117452471,1.0,0.5,30,30,0.0,False
mouse_brain_slideseqv2,SlideSeqV2,brain,mouse,Clu,ok,8000,4,30,528.7031681387957,0.0001350112416602743,0.04107554959989168,0.0634207755101478,0.004949867401209285,0.04262185473091984,0.06341933067793659,0.004949788767500962,0.24651453427190126,0.09524610194859992,0.12960494859574345,0.12209423951446711,0.794266658575115,1.0561016508830656,0.17857142857142858,0.4,28,5,0.06666666666666667,False,0.00032779912691565175,1.407676492704417e-16,0.8050010824531253,1.0610204446177074,0.0,,28,1,0.03333333333333333,False,0.15484872096772734,0.14020346819006105,1.584484218562613,2.043880342379726,1.0,0.6333333333333333,30,30,0.0,False,,-0.011188890477019079,1.591284134535169,2.0473895551888583,1.0,0.6,30,30,0.0,False
mouse_brain_slideseqv2,SlideSeqV2,brain,mouse,Glul,skipped_weak_genius,8000,4,30,528.7031681387957,0.006816248792263621,0.016045793140828657,0.028709500060458915,0.0028073179364632717,0.02398422320951532,0.028727414037716947,0.002823865253465674,0.24651453427190126,0.09524610194859992,-0.0009641931433897501,0.0,0.03747806711246073,0.08605043000043688,0.0,,6,3,0.7,False,0.0010951406256206053,0.0,0.030745199756053054,0.07376764729005579,0.0,,6,1,0.7666666666666667,False,0.1538618175849178,0.15274473183045328,1.5903555192073402,2.021645763123014,1.0,0.43333333333333335,30,30,0.0,False,,-0.006334605428803021,1.5900381497069889,2.0241605871560022,1.0,0.4666666666666667,30,30,0.0,False
mouse_brain_slideseqv2,SlideSeqV2,brain,mouse,Aplp1,skipped_weak_genius,8000,4,30,528.7031681387957,0.06604679542608724,0.0,0.030827777632062348,0.0,0.011561872415806529,0.032845865936153684,0.0015560668487674123,0.24651453427190126,0.09524610194859992,,,0.00788724412693643,0.030437125621281116,0.0,,0,3,0.9,False,1.0,1.0,0.0,0.0,1.0,,0,0,1.0,True,0.05884619098990798,0.05367842760690514,0.2085661473057355,0.26363111060166644,1.0,0.36666666666666664,30,30,0.0,False,,-0.001484346251545484,0.20565486658169013,0.26400808468562637,1.0,0.5333333333333333,30,30,0.0,False
mouse_brain_slideseqv2,SlideSeqV2,brain,mouse,Map1b,ok,8000,4,30,528.7031681387957,0.0002500924103873215,0.07471471988888789,0.1690618286308847,0.1389268379750116,0.07838355075227843,0.16906134460178968,0.13892678584442486,0.24651453427190126,0.09524610194859992,0.11012778682858437,0.10979811843268472,1.0449928089113758,1.2761606671804404,0.16666666666666666,0.4,30,5,0.0,False,0.01666933348602552,0.018353051475631134,1.0566170897528804,1.285088694093358,0.03333333333333333,1.0,30,1,0.0,False,0.07477541607189914,0.04878676079378284,2.200424633501039,2.9370711575965553,1.0,0.43333333333333335,30,30,0.0,False,,-0.014124589628306889,2.19374359033229,2.939265695011629,1.0,0.5333333333333333,30,30,0.0,False
mouse_brain_slideseqv2,SlideSeqV2,brain,mouse,Olfm1,ok,8000,4,30,528.7031681387957,0.00035009158973007686,0.12023670887646876,0.21977081405936383,0.1721235341245141,0.12800703164996596,0.2197704432656321,0.17212355089580222,0.24651453427190126,0.09524610194859992,0.15128259629892385,0.15412195110668525,0.9362999963612316,1.3556474591822307,0.1111111111111111,0.6666666666666666,25,5,0.1,False,-0.3342029657147547,-0.32211087378044245,0.9572092862521527,1.4106892218663107,0.04,0.0,25,1,0.16666666666666666,False,-0.015479982419266188,-0.003092856800422285,2.9566846067456414,3.956876913808651,1.0,0.5,30,30,0.0,False,,0.013457243519628945,2.958190900290892,3.956246217081387,1.0,0.5333333333333333,30,30,0.0,False
mouse_brain_slideseqv2,SlideSeqV2,brain,mouse,Hpca,ok,8000,4,30,528.7031681387957,0.0005607836090779176,0.2609902700039355,0.3418434177382823,0.20465946209453778,0.27059047852847806,0.3418433999315822,0.2046595266116955,0.24651453427190126,0.09524610194859992,-0.002734326427419151,0.013798031394367655,0.8910715096378287,1.1191795558360926,0.2,0.4,24,6,0.16666666666666666,False,-0.18503444411414904,-0.17188267425436451,0.8939029509916706,1.1484621105050563,0.041666666666666664,0.0,24,1,0.2,False,-0.02832316032692367,-0.0049311527841121635,3.1371684630802834,4.164008417052034,1.0,0.5,30,30,0.0,False,,0.030044792648715884,3.1317349709076887,4.162672416157417,1.0,0.6,30,30,0.0,False
mouse_brain_slideseqv2,SlideSeqV2,brain,mouse,Tspan7,ok,8000,4,30,528.7031681387957,0.00024032483042455845,0.07781187032230086,0.10710323836147928,0.1066211923908792,0.08050508959187042,0.1071024381572756,0.106621031252776,0.24651453427190126,0.09524610194859992,0.07097477947847786,0.07636758068224583,0.5467588926602912,0.7914821863008209,0.18518518518518517,0.6,27,5,0.1,False,-0.08788837896748349,-0.08115184929773288,0.5713828739856451,0.806775865726798,0.037037037037037035,0.0,27,1,0.1,False,-0.03795953794336523,-0.02645651272368536,1.5610539208114145,2.0722675989227946,1.0,0.43333333333333335,30,30,0.0,False,,-0.003132904779857506,1.556894322358328,2.0712837742325885,1.0,0.5,30,30,0.0,False
mouse_brain_slideseqv2,SlideSeqV2,brain,mouse,Ncdn,ok,8000,4,30,528.7031681387957,0.0003531230470434498,0.12666677250087355,0.17521092350421774,0.17321222568039263,0.13357783640374543,0.1752105801357433,0.17321224470739438,0.24651453427190126,0.09524610194859992,0.18137845321721394,0.1831257223067008,0.7027142244926297,1.0391146605946697,0.07692307692307693,0.5,23,5,0.13333333333333333,False,-0.17153572396122668,-0.16284446194514,0.7325136224495433,1.0781024343575996,0.043478260869565216,0.0,23,1,0.23333333333333334,False,-0.10292858897271454,-0.048040948382033495,2.5022427894420107,3.5472593374240344,1.0,0.4666666666666667,30,30,0.0,False,,0.01967141198023205,2.5019641959178576,3.5446685731051124,1.0,0.6,30,30,0.0,False
mouse_brain_slideseqv2,SlideSeqV2,brain,mouse,Snhg11,ok,8000,4,30,528.7031681387957,0.0002488249477195123,0.0868521837803472,0.17848886047300883,0.1269212655378753,0.089754909855147,0.17848871922075504,0.1269212188953286,0.24651453427190126,0.09524610194859992,0.11170926741726256,0.11237917476407967,0.6125222909677681,0.9059239938425849,0.19230769230769232,0.8,25,6,0.13333333333333333,False,-0.2801862628026158,-0.2730928738927167,0.6458085155207803,0.9462986559942582,0.04,0.0,25,1,0.16666666666666666,False,0.09294139168511786,0.06468991120272342,2.0903535563900997,2.6302089814314025,1.0,0.5,30,30,0.0,False,,-0.019991409325359928,2.092015754213511,2.633287258835144,1.0,0.4666666666666667,30,30,0.0,False
mouse_brain_slideseqv2,SlideSeqV2,brain,mouse,Mobp,ok,8000,4,30,528.7031681387957,0.0005066174147604339,0.14692626559072441,0.23687453041162176,0.2185911898664531,0.1540477330675436,0.23687439329996784,0.21859115003756158,0.24651453427190126,0.09524610194859992,0.09066709795475861,0.09496196777212713,0.7834948552937055,1.0938335452920807,0.125,0.6666666666666666,22,5,0.2,False,-0.005297943539600142,-1.259387940124491e-17,0.7975395705941024,1.1093358225453858,0.0,,22,1,0.23333333333333334,False,0.01305506269242504,0.0038091444221591423,2.8647648831163433,3.845308607211968,1.0,0.5333333333333333,30,30,0.0,False,,-0.007684680201425879,2.862712876398184,3.845391902351651,1.0,0.5333333333333333,30,30,0.0,False
mouse_brain_slideseqv2,SlideSeqV2,brain,mouse,Ttc3,ok,8000,4,30,528.7031681387957,0.0002751588841491408,0.07042852548143874,0.186128955164376,0.15684349062165748,0.073803230573527,0.18612847441554392,0.1568434949784635,0.24651453427190126,0.09524610194859992,0.14353129785993912,0.14247237658529177,0.4303522796485415,0.6393106532887224,0.23076923076923078,0.6666666666666666,26,6,0.13333333333333333,False,-0.018101138387399997,-0.014792972239355644,0.4649304129998654,0.6569911402980577,0.038461538461538464,0.0,26,1,0.13333333333333333,False,0.056261104213897614,0.031679664635099455,1.471819951005034,2.0020047324776606,1.0,0.4666666666666667,30,30,0.0,False,,-0.017426410867699665,1.4681716886489804,2.003375051616502,1.0,0.5,30,30,0.0,False
mouse_brain_slideseqv2,SlideSeqV2,brain,mouse,Cox6a1,ok,8000,4,30,528.7031681387957,0.0005054900914694886,0.021946798255209954,0.02662961430362598,0.02302714166210862,0.02137381057401022,0.02662697053604457,0.02302685228780177,0.24651453427190126,0.09524610194859992,0.0007958966899885064,0.0035339259176827608,0.14808357329522454,0.24794228554978967,0.10526315789473684,1.0,18,3,0.36666666666666664,False,0.06430263714651249,0.06590731715613586,0.14196920168074628,0.24489656003698276,0.05555555555555555,1.0,18,1,0.4,False,0.27598506308159165,0.21766005819892284,0.13174036665356806,0.16357798982351535,1.0,0.5666666666666667,30,30,0.0,False,,0.02678941051435354,0.13527542292710473,0.16644781671562234,1.0,0.5666666666666667,30,30,0.0,False
mouse_brain_slideseqv2,SlideSeqV2,brain,mouse,Zwint,ok,8000,4,30,528.7031681387957,0.003360289173592895,0.07648449986265571,0.14755713903966117,0.10443101164572632,0.08490031561478995,0.14756343885877943,0.10443577931172254,0.24651453427190126,0.09524610194859992,0.47645990136462935,0.47525613100130404,0.058263393090076596,0.10710520495538016,0.15384615384615385,1.0,12,3,0.5666666666666667,False,-0.008076990346677733,-4.933242011732338e-19,0.07567391413575054,0.14378377243607063,0.0,,12,1,0.5666666666666667,False,0.07979266230655356,0.057336343025909633,1.448108209665633,1.893588636958807,1.0,0.4666666666666667,30,30,0.0,False,,-0.013950396639702406,1.4472153463826938,1.895762090058703,1.0,0.5,30,30,0.0,False
mouse_brain_slideseqv2,SlideSeqV2,brain,mouse,Ywhae,skipped_weak_genius,8000,4,30,528.7031681387957,0.0016390399482347365,0.017953233016636094,0.06017616568072748,0.04835689412728639,0.01753305370978908,0.060176009528601804,0.04835780991405547,0.24651453427190126,0.09524610194859992,0.07176005515346888,0.08656794229481145,0.03536964097370566,0.07748955422394004,0.07692307692307693,1.0,11,3,0.5666666666666667,False,-0.018084751162487027,-2.9186065964635045e-17,0.03650573267758627,0.08181769750464948,0.0,,11,1,0.6,False,0.5965410008710241,0.5351779953952761,0.02374457771302695,0.028787885845788497,1.0,0.5666666666666667,30,30,0.0,False,,0.11504090863688168,0.027592486800532102,0.0336722535478785,1.0,0.4,30,30,0.0,False
mouse_brain_slideseqv2,SlideSeqV2,brain,mouse,Stmn3,ok,8000,4,30,528.7031681387957,0.00023406026224422042,0.07428499280283296,0.15893587703639322,0.13189740778149184,0.0782968522661267,0.15893540258564076,0.13189735890236054,0.24651453427190126,0.09524610194859992,0.23244006530293526,0.23231039298647096,0.6201751495871257,0.8620791391068792,0.13043478260869565,0.6666666666666666,22,4,0.23333333333333334,False,-0.19588030180100927,-0.1879951634093854,0.6415066347325664,0.9010648839041627,0.045454545454545456,0.0,22,1,0.26666666666666666,False,0.0841670410516363,0.0533443185130567,2.1969325473731485,2.880020120820782,1.0,0.6,30,30,0.0,False,,-0.017102892005626664,2.198304360137145,2.882318604043608,1.0,0.5333333333333333,30,30,0.0,False
mouse_brain_slideseqv2,SlideSeqV2,brain,mouse,Thy1,ok,8000,4,30,528.7031681387957,0.0002603481584727952,0.07183673566326543,0.16873236161856164,0.15587017437857353,0.07503076231452332,0.16873187863364303,0.15587017650213175,0.24651453427190126,0.09524610194859992,0.29589970840021373,0.2860315942626303,0.5299060932302205,0.7811471897492136,0.20833333333333334,0.4,24,5,0.2,False,0.0032929654253095707,0.004926647605279431,0.5567412290183874,0.8068057454026147,0.041666666666666664,1.0,24,1,0.2,False,0.11587725664587674,0.06655705847125241,2.097734093060238,2.6523006923140264,1.0,0.6333333333333333,30,30,0.0,False,,-0.022818481186602613,2.1013710907333416,2.6553148720692454,1.0,0.5333333333333333,30,30,0.0,False
mouse_brain_slideseqv2,SlideSeqV2,brain,mouse,Camk2a,ok,8000,4,30,528.7031681387957,0.0004630076107678341,0.20387948093248764,0.1852017677631309,0.15586023104871316,0.20892413150419398,0.18520156830417667,0.1558602297487267,0.24651453427190126,0.09524610194859992,0.11406438029098975,0.12220847876387668,0.6088539940086453,0.9348653112915855,0.13043478260869565,0.3333333333333333,23,3,0.23333333333333334,False,-0.07115255646417892,-0.06118344522543832,0.6189504233855558,0.9556530290638819,0.043478260869565216,0.0,23,1,0.23333333333333334,False,-0.07561763988973594,-0.02496647599003735,2.080901738582364,2.828221057176966,1.0,0.5,30,30,0.0,False,,0.028251847276102773,2.0788016692457782,2.8264839102707344,1.0,0.5333333333333333,30,30,0.0,False
mouse_hippocampus_slideseqv2,SlideSeqV2,hippocampus,mouse,Rtn1,ok,8000,12,30,555.6025646502329,4.5659458743432914e-05,0.03602125413039181,0.05384238877991743,0.0021424699044475526,0.035805126699212986,0.05388545788931942,0.0021424510859688883,0.17257470989760412,0.07930781040735059,0.2111363652224178,0.2093492274224242,0.12250712408604406,0.17849557398158142,0.5384615384615384,0.7142857142857143,22,18,0.13333333333333333,False,-0.013386968316011966,2.09007281444426e-15,0.06108520448654016,0.08203379673853867,0.0,,22,1,0.23333333333333334,False,0.43933197783006384,0.43435966423083794,0.10167522360879236,0.12905808718096634,1.0,0.7,30,30,0.0,False,,0.056647802076721654,0.054930284614867805,0.06948414853121035,1.0,0.5333333333333333,30,30,0.0,False
mouse_hippocampus_slideseqv2,SlideSeqV2,hippocampus,mouse,Chn1,ok,8000,12,30,555.6025646502329,6.367519507354827e-05,0.05930445289463471,0.07722530238871661,0.0007858034461427632,0.06004639932296085,0.07824175295379487,0.0007858250169099357,0.17257470989760412,0.07930781040735059,0.3092064375730521,0.3074417709353465,0.17986767041663215,0.24449429475301795,0.5925925925925926,0.5625,24,19,0.1,False,-0.30229459304019174,-0.3038931228291484,0.05612279635115206,0.0822892568843873,0.041666666666666664,0.0,24,1,0.2,False,0.07990531727036297,0.08060246357646805,0.9373274327058326,1.2599609729208212,1.0,0.43333333333333335,30,30,0.0,False,,-0.04147991596522205,0.08849954914958368,0.11514093331527844,1.0,0.4,30,30,0.0,False
mouse_hippocampus_slideseqv2,SlideSeqV2,hippocampus,mouse,App,skipped_weak_genius,8000,12,30,555.6025646502329,0.00011984304905502438,0.013094473748681446,0.034379353423588,0.004536633007367508,0.013563189556157429,0.03514119052211162,0.004536686943416246,0.17257470989760412,0.07930781040735059,0.1723270104560618,0.1724885855473811,0.09751464071467414,0.25937122300238225,0.3181818181818182,0.7142857142857143,19,10,0.26666666666666666,False,0.12427259108856276,0.11743202760489024,0.023273691563935585,0.04134431342608816,0.05263157894736842,1.0,19,1,0.36666666666666664,False,0.4196592054732992,0.41867661791279837,0.15053441688564953,0.18972806031770345,1.0,0.6666666666666666,30,30,0.0,False,,0.003991226334538891,0.0361923385510032,0.047228725078132965,1.0,0.43333333333333335,30,30,0.0,False
mouse_hippocampus_slideseqv2,SlideSeqV2,hippocampus,mouse,Cmss1,skipped_weak_genius,8000,12,30,555.6025646502329,0.006265674014716755,0.0020977548453394723,0.0001278371663083755,1.410673279733654e-05,0.003516833408304665,0.0027155293880951614,0.00025971354272058544,0.17257470989760412,0.07930781040735059,0.03448275862068964,0.0,0.0004849471639964253,0.002404363110830903,0.0,,1,1,0.9333333333333333,False,0.03448275862071626,0.0,0.00044218120476587514,0.002389752876880543,0.0,,1,1,0.9333333333333333,False,0.14640286374260272,0.14373854137281297,0.04163850620627356,0.05929089054532622,1.0,0.5666666666666667,30,30,0.0,False,,-0.09554839704695713,0.003515414818363947,0.004482146298331779,1.0,0.4,30,30,0.0,False
mouse_hippocampus_slideseqv2,SlideSeqV2,hippocampus,mouse,Gap43,ok,8000,12,30,555.6025646502329,0.0008170107760244998,0.05324485895357434,0.01733194761008361,0.0031554571827488997,0.05970551126062995,0.01762876609809083,0.0031610807921795825,0.17257470989760412,0.07930781040735059,-0.0023750988344396137,0.001030558815683476,0.01457624184135301,0.028938080390414626,0.07142857142857142,1.0,11,4,0.5333333333333333,False,-0.007789091384244627,-6.080097523235416e-15,0.012200434317824286,0.027611720436892962,0.0,,11,1,0.6,False,0.08933995666873436,0.0926038146987097,0.20813388138991767,0.2433463368869036,1.0,0.5333333333333333,30,30,0.0,False,,0.050718513279439215,0.20896014846082303,0.24391483633403394,1.0,0.5,30,30,0.0,False
mouse_hippocampus_slideseqv2,SlideSeqV2,hippocampus,mouse,Camk2b,ok,8000,12,30,555.6025646502329,3.686173929330975e-05,0.03722615131203744,0.05173218961997583,0.002622888038485982,0.037468620471921454,0.052565197593331114,0.0026228552571379016,0.17257470989760412,0.07930781040735059,0.3408632106000798,0.34071587565213957,0.18309247620083008,0.23883217636736004,0.7857142857142857,0.6363636363636364,27,23,0.06666666666666667,False,-0.5022139468432637,-0.4954154916627633,0.11062800911156569,0.15641070981588118,0.037037037037037035,0.0,27,1,0.1,False,0.18065670325318217,0.18065284146479985,0.6892930172610038,0.9514829386305992,1.0,0.5333333333333333,30,30,0.0,False,,-0.001967652803659969,0.13149500972091147,0.16342188915524003,1.0,0.5333333333333333,30,30,0.0,False
mouse_hippocampus_slideseqv2,SlideSeqV2,hippocampus,mouse,Cplx1,ok,8000,12,30,555.6025646502329,5.295057185632248e-05,0.0817415743115657,0.02397982127344045,3.999982900459997e-09,0.08316392269356743,0.02511796652513243,2.950329891504566e-08,0.17257470989760412,0.07930781040735059,0.4748794940610153,0.47478971187304414,0.17296717388139457,0.25544895338922524,0.5,0.46153846153846156,23,16,0.13333333333333333,False,-0.012157434052813276,7.761853382526182e-12,0.10132910653148605,0.15060770324345066,0.0,,23,1,0.2,False,-0.06581710075312991,-0.06608113828572035,0.7981453140863849,1.0540511674776771,1.0,0.6,30,30,0.0,False,,0.048024924337556896,0.19854500919107845,0.25915169289187895,1.0,0.6666666666666666,30,30,0.0,False
mouse_hippocampus_slideseqv2,SlideSeqV2,hippocampus,mouse,Cnp,ok,8000,12,30,555.6025646502329,8.13450809785385e-05,0.09179194953521386,0.3054867426615333,0.010297721740889498,0.09505074923333556,0.30688531927899254,0.010297588239195354,0.17257470989760412,0.07930781040735059,-0.0855375721201472,-0.08343797550446075,0.2627115423168984,0.40824274254636167,0.6,0.5,28,20,0.0,False,-0.2551352649874421,-0.25638270941743485,0.17681684961873853,0.24798621674030613,0.03571428571428571,0.0,28,1,0.06666666666666667,False,0.057706813889757055,0.05891277100029749,0.9257948643484942,1.0887468011114076,1.0,0.5666666666666667,30,30,0.0,False,,-0.02425572140723178,0.39458164067973517,0.5133954378968982,1.0,0.43333333333333335,30,30,0.0,False
mouse_hippocampus_slideseqv2,SlideSeqV2,hippocampus,mouse,Cck,ok,8000,12,30,555.6025646502329,4.535968175874042e-05,0.048196712578421064,0.038538188350016545,6.133193258028857e-05,0.049974802988077216,0.03858809649336503,6.13494704907458e-05,0.17257470989760412,0.07930781040735059,0.22498038881946059,0.22518126559055193,0.0957670017901218,0.13551386127718848,0.4444444444444444,0.75,25,14,0.1,False,0.08558189811163165,0.08232520001534407,0.08429977465087325,0.11830892771199882,0.04,1.0,25,1,0.16666666666666666,False,0.08011893889815729,0.07892947270660443,0.2222316423642659,0.2671558767197584,1.0,0.4666666666666667,30,30,0.0,False,,0.016381485013129367,0.21188213696949895,0.2616359133054021,1.0,0.4666666666666667,30,30,0.0,False
mouse_hippocampus_slideseqv2,SlideSeqV2,hippocampus,mouse,Nsf,ok,8000,12,30,555.6025646502329,2.4983519517938263e-05,0.026320047074558706,0.04789190800064058,9.047477818424632e-05,0.026286571747045406,0.0485000765271979,9.047969675823886e-05,0.17257470989760412,0.07930781040735059,-0.22684299639806949,-0.22683893488468104,0.2128350274729872,0.3044971112674566,0.6785714285714286,0.3684210526315789,26,21,0.06666666666666667,False,-0.17729275441278153,-0.17492816407516246,0.10089942015077819,0.1474763168492413,0.038461538461538464,0.0,26,1,0.13333333333333333,False,-0.18165317254219843,-0.18142077673425072,0.4734205364336425,0.7070636116814877,1.0,0.4666666666666667,30,30,0.0,False,,-0.005221514732812577,0.10107939123003863,0.14157668121204875,1.0,0.6,30,30,0.0,False
mouse_hippocampus_slideseqv2,SlideSeqV2,hippocampus,mouse,Stmn2,ok,8000,12,30,555.6025646502329,2.4036911844823923e-05,0.029564899269138967,0.029912167457298078,0.003180467676381249,0.029515661165342655,0.031408725117647585,0.0031804186534634127,0.17257470989760412,0.07930781040735059,0.08373761337209076,0.08475640357007971,0.12277560485548955,0.1544009686631752,0.5517241379310345,0.5,28,17,0.03333333333333333,False,0.014521901829396602,0.03247837841954082,0.08712674891743735,0.11389056050684522,0.03571428571428571,1.0,28,1,0.06666666666666667,False,0.03931527786928253,0.0389623107569864,0.9765663326454166,1.2850635528170293,1.0,0.4666666666666667,30,30,0.0,False,,0.09414914714667313,0.08765619482563994,0.10588696935361094,1.0,0.5,30,30,0.0,False
mouse_hippocampus_slideseqv2,SlideSeqV2,hippocampus,mouse,Nsg2,ok,8000,12,30,555.6025646502329,3.311962340891425e-05,0.029248101091335466,0.032596659046369436,0.0009378594784360539,0.03034953302480836,0.03371787226968115,0.0009378548065188674,0.17257470989760412,0.07930781040735059,0.07999305974944138,0.08000464543392376,0.1505522163500053,0.2186040587404981,0.6333333333333333,0.631578947368421,30,19,0.0,False,0.46890923463590917,0.46151437095820375,0.11017628281314074,0.15885035975950265,0.03333333333333333,1.0,30,1,0.0,False,0.09398481829538954,0.09401353264090176,0.6448700776126264,0.8073204351425624,1.0,0.5666666666666667,30,30,0.0,False,,0.003211237282950419,0.1956341065371681,0.24060216103479262,1.0,0.4666666666666667,30,30,0.0,False
mouse_hippocampus_slideseqv2,SlideSeqV2,hippocampus,mouse,Cplx2,ok,8000,12,30,555.6025646502329,7.137534102060772e-05,0.09383072426953565,0.02329867480111314,0.004561562744894498,0.09576152778824776,0.024415616065843637,0.0045615286355209506,0.17257470989760412,0.07930781040735059,0.1660767982472472,0.16639915386999218,0.07039211317547009,0.10047586528108965,0.24,0.6666666666666666,24,7,0.16666666666666666,False,0.15104375822359112,0.15769087679125152,0.07018141772548639,0.09805949906888338,0.041666666666666664,1.0,24,1,0.2,False,0.07950388664421601,0.07976283873399842,0.5824053321439604,0.8153672397932775,1.0,0.5333333333333333,30,30,0.0,False,,0.026928143228761317,0.19647961752420515,0.24053715855849322,1.0,0.4666666666666667,30,30,0.0,False
mouse_hippocampus_slideseqv2,SlideSeqV2,hippocampus,mouse,Dbi,ok,8000,12,30,555.6025646502329,4.5526351402710435e-05,0.033391122381784655,0.05408657521651805,0.014125420839847913,0.034632481430122874,0.05455247023421428,0.01412519564498882,0.17257470989760412,0.07930781040735059,0.1471155114115992,0.1470072755999973,0.12976630174088874,0.18965187835326913,0.48148148148148145,0.5384615384615384,25,15,0.1,False,-0.08714095019983785,-0.08715907721639629,0.10054345975388129,0.13341303404567922,0.04,0.0,25,1,0.16666666666666666,False,-0.0003420344966078813,-0.00033800062419196854,0.31556785632241374,0.3835761343541893,1.0,0.4666666666666667,30,30,0.0,False,,0.0016047100053050464,0.1776316813951834,0.2188111118129247,1.0,0.5666666666666667,30,30,0.0,False
mouse_hippocampus_slideseqv2,SlideSeqV2,hippocampus,mouse,Atp2b1,ok,8000,12,30,555.6025646502329,3.071838857359728e-05,0.04225562033469876,0.07036458311869864,0.0001500019374877093,0.04310114291393741,0.07241723860181326,0.00015000873804504877,0.17257470989760412,0.07930781040735059,0.1902374673386354,0.19044133729522866,0.21003338345416234,0.2662565960378894,0.8333333333333334,0.56,30,25,0.0,False,-0.5998635154365269,-0.587782938029812,0.14144562725063617,0.206003160884068,0.03333333333333333,0.0,30,1,0.0,False,0.0135883666484862,0.013191682625842435,1.4153850013088658,1.8530474795210998,1.0,0.6,30,30,0.0,False,,0.013232652899608649,0.20558146575050057,0.27216088606707006,1.0,0.5666666666666667,30,30,0.0,False
mouse_hippocampus_slideseqv2,SlideSeqV2,hippocampus,mouse,Ncald,ok,8000,12,30,555.6025646502329,3.915557574938401e-05,0.06514967299478003,0.0343012841283743,0.0017229394895358352,0.06678195974902845,0.03497858393209241,0.0017229257376325524,0.17257470989760412,0.07930781040735059,-0.30992963319317435,-0.3101237459851239,0.18709440087917675,0.24523230104696353,0.42857142857142855,0.25,26,14,0.06666666666666667,False,-0.3552867421422911,-0.3471175924615688,0.14211066605660633,0.17618681845106904,0.038461538461538464,0.0,26,1,0.13333333333333333,False,-0.12030263232177336,-0.1202638046056889,0.4418516694326998,0.6086723247636541,1.0,0.5,30,30,0.0,False,,0.010570546184395102,0.26109660089314396,0.30254178294923806,1.0,0.5,30,30,0.0,False
mouse_hippocampus_slideseqv2,SlideSeqV2,hippocampus,mouse,Nap1l5,ok,8000,12,30,555.6025646502329,3.7137932691151e-05,0.03603488706921132,0.021068442118676867,0.0046512103423775875,0.03584455390106589,0.021836699235922685,0.004651144854072697,0.17257470989760412,0.07930781040735059,0.11325053243857634,0.1147634814990083,0.14377318332811914,0.20870459004044212,0.5333333333333333,0.5625,27,19,0.0,False,-0.11504832719671934,-0.09707985421486072,0.07569610041133215,0.10218985347085696,0.037037037037037035,0.0,27,1,0.1,False,-0.11028522199635823,-0.10848135262463818,0.49004535198889215,0.5734331095180992,1.0,0.4666666666666667,30,30,0.0,False,,0.08634311540105216,0.0687996314980486,0.09020520569064105,1.0,0.5333333333333333,30,30,0.0,False
mouse_hippocampus_slideseqv2,SlideSeqV2,hippocampus,mouse,Mal,ok,8000,12,30,555.6025646502329,7.971964166208325e-05,0.09784572592507401,0.30238035291875986,0.012329207992084368,0.10253838444927177,0.30647118954148456,0.01232904072592822,0.17257470989760412,0.07930781040735059,-0.03459952204883414,-0.032775465271234906,0.31580557735222575,0.44255430059141254,0.5517241379310345,0.5625,26,19,0.03333333333333333,False,-0.27357029049375026,-0.2745906752013137,0.1734646216659671,0.24095324571661506,0.038461538461538464,0.0,26,1,0.13333333333333333,False,0.18281425365511386,0.1833176736454634,1.3185881236013024,1.636680256827383,1.0,0.4666666666666667,30,30,0.0,False,,-0.01952979444562295,0.49391276344837565,0.6045143526756127,1.0,0.4,30,30,0.0,False
mouse_hippocampus_slideseqv2,SlideSeqV2,hippocampus,mouse,Apod,ok,8000,12,30,555.6025646502329,6.859718283783615e-05,0.05873011699777009,0.179590054772778,0.007217214336114108,0.05856083631324849,0.18498600651774388,0.007217126737781854,0.17257470989760412,0.07930781040735059,0.009118646911838078,0.00969754230301467,0.17957760370089718,0.26423479253912435,0.6296296296296297,0.5294117647058824,26,18,0.1,False,0.0013172356700810114,-2.7925690725014704e-14,0.0803581719618379,0.1109175509454498,0.0,,26,1,0.1,False,-0.29252157856800387,-0.29250114664608884,1.3283132607876353,1.8061443725411774,1.0,0.36666666666666664,30,30,0.0,False,,-0.004131636309074603,0.07974525919056,0.0993025306080828,1.0,0.4666666666666667,30,30,0.0,False
mouse_hippocampus_slideseqv2,SlideSeqV2,hippocampus,mouse,Nrxn1,skipped_weak_genius,8000,12,30,555.6025646502329,0.002056898819594546,0.010375014221259304,0.016515291216565586,0.00015753585858768737,0.01168098609546786,0.02101025128081524,0.00020086396301866039,0.17257470989760412,0.07930781040735059,-0.011638198130712148,-0.013263216560677226,0.004186270185674081,0.008854621282657118,0.09090909090909091,0.0,8,4,0.6333333333333333,False,-0.004997385856890442,-1.1250696110329773e-14,0.0022142707690781054,0.005002931965378125,0.0,,8,1,0.7,False,0.025719012415365866,0.023998964761216806,0.7884198176309393,1.1131496160435481,1.0,0.43333333333333335,30,30,0.0,False,,-0.04690148964764642,0.005234283402978751,0.006192649047376444,1.0,0.4,30,30,0.0,False
mouse_brain_slideseqv2_regions,SlideSeqV2,brain,mouse,Kif5b,skipped_weak_genius,8000,8,30,534.094344931174,0.0011905218391153169,0.011232100819512536,0.007238052948303153,0.00012698262832289142,0.0115681716286673,0.01126901137751235,0.0001280463453080527,0.1168665883882939,0.03943079795292275,0.03048087851984617,0.027471256126044927,0.07372995652278412,0.1115844785502907,0.05555555555555555,1.0,13,6,0.4,False,0.004360603614731453,-9.153631124276593e-15,0.05024314524596909,0.09298085843951252,0.0,,13,1,0.5333333333333333,False,0.1469627310779977,0.1451269682992346,0.3474185557614333,0.45010307880740047,1.0,0.5,30,30,0.0,False,,-0.03288288505062994,0.06947094536460711,0.08865204649368501,1.0,0.5,30,30,0.0,False
mouse_brain_slideseqv2_regions,SlideSeqV2,brain,mouse,Fam107a,skipped_weak_genius,8000,8,30,534.094344931174,0.006257052957127671,0.0038067008292878013,0.0006241137850352407,0.0005259328226949744,0.006054233301482248,0.0007298921646441414,0.0005537970506610534,0.1168665883882939,0.03943079795292275,-0.06212507127646637,-0.05388759750553939,0.007218572238160217,0.01599513491881641,0.1111111111111111,0.0,8,2,0.7,False,-0.014776178009976375,2.935374643623855e-16,0.007070031214799098,0.015880022904279693,0.0,,8,1,0.7,False,0.3421537508229373,0.34215319606086314,0.03352547412416228,0.04028691434284896,1.0,0.5666666666666667,30,30,0.0,False,,-0.0013949576425084352,0.03469430090445671,0.041721832187316,1.0,0.5333333333333333,30,30,0.0,False
mouse_brain_slideseqv2_regions,SlideSeqV2,brain,mouse,Gabarap,skipped_weak_genius,8000,8,30,534.094344931174,0.0024134533684288264,0.005819309782037707,0.0026253374127586104,0.001959105103503278,0.005771220073196304,0.005778839698689198,0.00196383227421304,0.1168665883882939,0.03943079795292275,-0.5589861485770976,-0.5321763929586129,0.011487094899383985,0.023822150878891876,0.25,0.3333333333333333,12,3,0.6,False,-0.002449840709327999,2.7656587326703325e-16,0.01082277516680616,0.020466139111102382,0.0,,12,1,0.5666666666666667,False,0.3089668253573168,0.3078656215907014,0.3262524377465935,0.40524676478423116,1.0,0.6666666666666666,30,30,0.0,False,,-0.009362167919807488,0.0111083797604344,0.013665161148288129,1.0,0.5333333333333333,30,30,0.0,False
mouse_brain_slideseqv2_regions,SlideSeqV2,brain,mouse,Pcdh9,skipped_weak_genius,8000,8,30,534.094344931174,0.0010994028490210863,0.00940322259874038,0.011987658332976991,0.00022421656692694913,0.009842121678146687,0.016195973740867786,0.00022517167181135278,0.1168665883882939,0.03943079795292275,0.3110466114176851,0.3108214312789022,0.10793025918994426,0.26512291487252265,0.15789473684210525,1.0,16,6,0.36666666666666664,False,-0.0036389327589260254,4.699266899450438e-16,0.03251724990864062,0.05588129455734014,0.0,,16,1,0.43333333333333335,False,0.3003768240505478,0.2996924777990014,0.4894492959380242,0.6390740254670735,1.0,0.5333333333333333,30,30,0.0,False,,0.006365952998284595,0.04690523000066382,0.056479507977622904,1.0,0.4666666666666667,30,30,0.0,False
mouse_brain_slideseqv2_regions,SlideSeqV2,brain,mouse,Pcp4l1,ok,8000,8,30,534.094344931174,0.00030125530305197333,0.12622936637035476,0.01047088705961452,0.005108789155393367,0.12739265744401496,0.011666592019175859,0.005108775270036725,0.1168665883882939,0.03943079795292275,0.0893116143932898,0.09039387774578943,0.21864617304791703,0.31503747548866484,0.30434782608695654,0.42857142857142855,23,7,0.23333333333333334,False,-0.5211493018357034,-0.5074201725820161,0.18619481108517047,0.2705475734434015,0.043478260869565216,0.0,23,1,0.23333333333333334,False,-0.11833698534387814,-0.11539639111573416,0.46210937525500656,0.6050426704040507,1.0,0.4,30,30,0.0,False,,0.031692562514006255,0.3225191278273953,0.4026388387132443,1.0,0.5333333333333333,30,30,0.0,False
mouse_brain_slideseqv2_regions,SlideSeqV2,brain,mouse,Maged1,skipped_weak_genius,8000,8,30,534.094344931174,0.0007523878250317689,0.011997279025871443,0.019996343219415902,0.004772766023426689,0.01172744813283566,0.024898895072510974,0.0047731998377487095,0.1168665883882939,0.03943079795292275,0.2243303732940554,0.22322543320853633,0.10769870678044796,0.2546867454763088,0.2777777777777778,0.8,16,7,0.4,False,0.5306549442120285,0.5128198364543637,0.03692451222812181,0.06357633017503322,0.0625,1.0,16,1,0.4666666666666667,False,0.41965996060919675,0.41681016359912587,0.5363817232258058,0.6700197096982509,1.0,0.7,30,30,0.0,False,,-0.028604231086013617,0.04068054232038118,0.050065871107572144,1.0,0.43333333333333335,30,30,0.0,False
mouse_brain_slideseqv2_regions,SlideSeqV2,brain,mouse,Lars2,skipped_weak_genius,8000,8,30,534.094344931174,0.0016960640230306685,0.004466054780869255,0.0020353638512612404,0.00030901298154661916,0.003681810359574822,0.002984019254583803,0.00031122458740295844,0.1168665883882939,0.03943079795292275,-0.059652566290421004,-0.06095040057774152,0.01992389607158849,0.03560970571261973,0.15384615384615385,0.5,11,4,0.5666666666666667,False,0.0023366957622652697,0.0,0.017473311748159793,0.032891939086507734,0.0,,11,1,0.6,False,0.0015017854822312326,0.004415912756895091,0.11720475637595472,0.15380460340803953,1.0,0.5,30,30,0.0,False,,0.04118229583838079,0.012779364597953832,0.015425062710460713,1.0,0.4666666666666667,30,30,0.0,False
mouse_brain_slideseqv2_regions,SlideSeqV2,brain,mouse,Slc1a3,skipped_weak_genius,8000,8,30,534.094344931174,0.0058195378508566955,0.008729527315293861,0.0005818288563590457,0.0002471417004646925,0.011367023819455868,0.0009713096257323306,0.0002748567024989379,0.1168665883882939,0.03943079795292275,0.13945966103032328,0.13983483446576664,0.008693184019657489,0.026349065221192767,0.1,1.0,8,3,0.6666666666666666,False,0.0026027770224491377,-1.70748764148397e-15,0.00958769019457405,0.02670784542926837,0.0,,8,1,0.7,False,0.45590681648925757,0.4591001839215746,0.03821068356419234,0.05090061043270327,1.0,0.7,30,30,0.0,False,,-0.06605034027800977,0.043615964816505134,0.05525854266246528,1.0,0.36666666666666664,30,30,0.0,False
mouse_brain_slideseqv2_regions,SlideSeqV2,brain,mouse,Bag1,skipped_weak_genius,8000,8,30,534.094344931174,0.0005122088887312247,0.0063401286352609,0.00686087172902472,0.0023292686952367525,0.0046531198249996075,0.00881095731721937,0.0023294690331452372,0.1168665883882939,0.03943079795292275,-0.22746475124927548,-0.22667619270215414,0.07793344925824085,0.14132453837183875,0.15789473684210525,0.0,17,5,0.36666666666666664,False,-0.0005749776226232368,1.0143072148751304e-15,0.04168303621980397,0.05980329765279889,0.0,,17,1,0.4,False,0.09743208297491118,0.10543582473402201,0.3160551631276386,0.39505740822278224,1.0,0.5,30,30,0.0,False,,0.11500230294320642,0.00976973015295138,0.012361520548687558,1.0,0.6333333333333333,30,30,0.0,False
mouse_brain_slideseqv2_regions,SlideSeqV2,brain,mouse,Spop,skipped_weak_genius,8000,8,30,534.094344931174,0.0013314971238411264,0.007381347136905303,0.004785378455462008,0.0004838103289306339,0.010547116010728774,0.009539811576950274,0.0004855274227033579,0.1168665883882939,0.03943079795292275,0.020973440128107035,0.007858158253686203,0.023788052106884304,0.051278190521839635,0.3076923076923077,0.5,12,5,0.5666666666666667,False,0.43562002569108643,0.4178415855439023,0.02235571642930036,0.0428738723819586,0.08333333333333333,1.0,12,1,0.6,False,-0.01586487555787261,-0.016070373166270344,0.3931953524310142,0.5041101189041228,1.0,0.5333333333333333,30,30,0.0,False,,-0.004354432523179388,0.24211265751621627,0.3048521800512406,1.0,0.4666666666666667,30,30,0.0,False
mouse_brain_slideseqv2_regions,SlideSeqV2,brain,mouse,S100b,skipped_weak_genius,8000,8,30,534.094344931174,0.000587337281208159,0.012411437288392224,0.003750743154055325,5.242780365732891e-06,0.011711644877046345,0.00448642929305787,5.54425768761746e-06,0.1168665883882939,0.03943079795292275,-0.3085456724058657,-0.3086668195312222,0.06444310899061573,0.11018235387629698,0.25,0.4,19,6,0.3333333333333333,False,0.1020539161659722,0.10417307290004216,0.05242833478913718,0.09364412533066727,0.05263157894736842,1.0,19,1,0.36666666666666664,False,-0.23709994245816637,-0.23533584051512488,0.13964652961832646,0.1827746467271042,1.0,0.4666666666666667,30,30,0.0,False,,-0.017618336940146022,0.043124572144729825,0.05434410815402325,1.0,0.5,30,30,0.0,False
mouse_brain_slideseqv2_regions,SlideSeqV2,brain,mouse,Cuedc2,skipped_weak_genius,8000,8,30,534.094344931174,0.0005913361388464599,0.010982640633038887,0.005538989758321788,0.002390857679295366,0.009527556864986408,0.01000075569025527,0.0023911596541505986,0.1168665883882939,0.03943079795292275,0.35092273819492786,0.34929197690602454,0.05704838205433383,0.10196372431261932,0.09523809523809523,0.5,17,6,0.3,False,0.28701430085797747,0.2749869988605837,0.03556958094803775,0.06236637982745102,0.058823529411764705,1.0,17,1,0.43333333333333335,False,0.4575548244755533,0.46020040641324617,0.4430802323476996,0.5416734647929611,1.0,0.5333333333333333,30,30,0.0,False,,0.07185740098873944,0.016357547666209813,0.019773740195640876,1.0,0.5666666666666667,30,30,0.0,False
mouse_brain_slideseqv2_regions,SlideSeqV2,brain,mouse,Pla2g7,skipped_weak_genius,8000,8,30,534.094344931174,0.010008464765731003,0.006683433704227193,0.00226296940792603,0.00044423705709584205,0.00859103085177415,0.006467878240868252,0.0005341620665140212,0.1168665883882939,0.03943079795292275,-0.0003805508203561384,0.0,0.006168256740108117,0.015431412662243047,0.0,,5,3,0.7333333333333333,False,0.0006468718772406918,-7.509533182425745e-15,0.005116459964580587,0.01431286904947781,0.0,,5,1,0.8,False,-0.1630937000218518,-0.15793311470645463,0.09884393056666885,0.13721355145347344,1.0,0.3333333333333333,30,30,0.0,False,,0.04396485391887953,0.020963327776784866,0.025783365531061024,1.0,0.5666666666666667,30,30,0.0,False
mouse_brain_slideseqv2_regions,SlideSeqV2,brain,mouse,Anks1b,skipped_weak_genius,8000,8,30,534.094344931174,0.00386459533781063,0.004811821034995334,0.007079151808829454,0.00011352300381173297,0.006110061961307034,0.013181651237549774,0.00012848355607308903,0.1168665883882939,0.03943079795292275,-0.018497882787177247,0.024505773286990575,0.010604344093788031,0.021563724716872273,0.09090909090909091,1.0,8,4,0.6333333333333333,False,-0.025575222320902778,0.0,0.005631641831631778,0.012696657561718241,0.0,,8,1,0.7,False,0.3609948176329105,0.3628039819917175,0.3150724567883374,0.4106000102184068,1.0,0.5666666666666667,30,30,0.0,False,,0.0594564796563767,0.019298226357021973,0.024101800890601655,1.0,0.5,30,30,0.0,False
mouse_brain_slideseqv2_regions,SlideSeqV2,brain,mouse,Cldn11,ok,8000,8,30,534.094344931174,0.0001763513409228951,0.05473919215074685,0.1502802863996009,0.0030942510621597696,0.057659868790838065,0.15037442273037638,0.003094224293328507,0.1168665883882939,0.03943079795292275,0.09846267150658128,0.09896466037947066,0.6294312997882074,0.8132120285317679,0.4666666666666667,0.7142857142857143,28,16,0.0,False,-0.2788346575083919,-0.2719773167655309,0.5778915064563814,0.7740601335603707,0.03571428571428571,0.0,28,1,0.06666666666666667,False,0.23797219593711338,0.23884046895541536,1.1458482393476122,1.508145040503707,1.0,0.6,30,30,0.0,False,,0.02334400268670359,1.1616641269851449,1.5523695067941992,1.0,0.5,30,30,0.0,False
mouse_brain_slideseqv2_regions,SlideSeqV2,brain,mouse,Marcks,skipped_weak_genius,8000,8,30,534.094344931174,0.0011674424705287293,0.01891212334935033,0.006884511067549504,0.004456479951841397,0.022433124125922355,0.011485542410786032,0.004457795858833213,0.1168665883882939,0.03943079795292275,0.5310949163996672,0.5197081053020548,0.033057461652564395,0.05141433797715223,0.14285714285714285,1.0,18,6,0.3,False,0.007801945492778527,-7.562594514391616e-16,0.0334411123163389,0.061334105183336485,0.0,,18,1,0.36666666666666664,False,0.07871273121797369,0.07691323677357077,0.4189851521250747,0.5355789890613601,1.0,0.4666666666666667,30,30,0.0,False,,-0.026545174646307988,0.23773649193005297,0.31443617635322724,1.0,0.5666666666666667,30,30,0.0,False
mouse_brain_slideseqv2_regions,SlideSeqV2,brain,mouse,Acsl3,skipped_weak_genius,8000,8,30,534.094344931174,0.0010770167284591828,0.009896656588630592,0.0017065824677586772,7.936678904307826e-06,0.010672076849393974,0.005358196830824835,9.140643828842165e-06,0.1168665883882939,0.03943079795292275,0.2563483517307731,0.25514520923116657,0.02828790096478177,0.04978891054626046,0.2,1.0,13,5,0.5,False,0.002224924847259842,0.0,0.028114195805497153,0.0507323783046913,0.0,,13,1,0.5333333333333333,False,0.09464230667249134,0.09579962643647416,0.3247944964545546,0.4041891022970513,1.0,0.4666666666666667,30,30,0.0,False,,-0.02298273419733416,0.05030850126212679,0.06555210479398238,1.0,0.5666666666666667,30,30,0.0,False
mouse_brain_slideseqv2_regions,SlideSeqV2,brain,mouse,Cryab,ok,8000,8,30,534.094344931174,0.0008922339030492803,0.026832830574996303,0.14363372521872975,0.0022831083929660823,0.032071827143695275,0.1458243886479601,0.0022838169374733708,0.1168665883882939,0.03943079795292275,0.20841504001015296,0.21084695474792392,0.08794741848888465,0.15632467658313035,0.2777777777777778,0.8,16,7,0.4,False,-0.007265354726203474,9.198379874895061e-16,0.05247042397795456,0.086103114520803,0.0,,16,1,0.43333333333333335,False,0.12499693447429278,0.12727702461698134,0.6976308568214074,0.9742282610606352,1.0,0.6,30,30,0.0,False,,0.05057590160252997,0.6692462866510268,0.967854274948449,1.0,0.5,30,30,0.0,False
mouse_brain_slideseqv2_regions,SlideSeqV2,brain,mouse,Syne1,ok,8000,8,30,534.094344931174,0.00019927189798789872,0.027036773219708432,0.02411217902879692,0.00307601666494306,0.02797200023156521,0.024312824429284507,0.0030760080331797557,0.1168665883882939,0.03943079795292275,-0.11927999547576118,-0.11948377894938786,0.3925302261160282,0.6026950634227096,0.32142857142857145,0.5555555555555556,25,12,0.06666666666666667,False,0.0014274246363565318,-1.0127267235419123e-15,0.22172605718419752,0.33034689447852994,0.0,,25,1,0.13333333333333333,False,0.006474423073719114,0.005341569925026545,0.4898161955137674,0.6418971331245271,1.0,0.4,30,30,0.0,False,,-0.027515740769609016,0.3423084218895354,0.4383470702739348,1.0,0.5333333333333333,30,30,0.0,False
mouse_brain_slideseqv2_regions,SlideSeqV2,brain,mouse,Eif5,skipped_weak_genius,8000,8,30,534.094344931174,0.02629226164529387,0.0005812206016735377,0.0,0.0,0.0031768501096742785,0.011535832698808979,0.000269880125039923,0.1168665883882939,0.03943079795292275,,,0.0002854562814980021,0.0015635084455800036,0.0,,1,0,0.9666666666666667,False,,,0.0002854562814980021,0.0015635084455800036,0.0,,1,0,0.9666666666666667,False,0.47128418202219025,0.47339055569419386,0.4156766458102051,0.5243766546791175,1.0,0.5666666666666667,30,30,0.0,False,,0.06787806490583835,0.008790149961884614,0.010768305355953725,1.0,0.6,30,30,0.0,False
