cell_id,microniche,x,y
AAACCCACAGAAGTGC-1,7,808.5572752548393,1639.657829662863
AAACCCATCCGATCGG-1,0,741.312064379796,1395.9129964750973
AAACGAATCCGTCCTA-1,6,398.8306758691077,1552.9824870951236
AAACGAATCTTTGGAG-1,16,1253.304805304057,2050.3318827606395
AAACGCTCAGCTGAAG-1,7,769.4601821225152,1647.5583081654345
AAACGCTCAGGGAATC-1,4,2000.7191753741045,779.3782651033006
AAACGCTCAGTGTACT-1,7,657.210517328148,1560.272423688701
AAACGCTGTCGACGCT-1,4,1910.0370660349602,878.2393513933039
AAAGAACAGACAGCGT-1,2,1137.4632544901142,2243.8934048242745
AAAGGGCAGCTACTGT-1,11,1784.7370315672576,938.1172984208554
AAAGGGCCAACGACTT-1,15,1396.009993630889,2409.745358775985
AAAGGGCGTGGCTGCT-1,4,1942.9867712782439,641.825443927567
AAAGGGCTCAGACCGC-1,8,916.6904189616944,2223.5147856758144
AAAGGGCTCTAGCAAC-1,14,1905.890479041194,2318.822102558339
AAAGGTATCCAAACCA-1,8,789.3389448075671,2158.472593109547
AAAGGTATCGCCGATG-1,0,712.49370729713,1221.724425710271
AAAGTCCAGGCAGCTA-1,11,1818.0253468720964,924.3759108374478
AAAGTCCAGTTGGAGC-1,3,961.8308783202118,2049.457056757978
AAAGTCCTCAGGAAGC-1,2,1189.903466339155,2294.286011034484
AAAGTCCTCGCATGAT-1,2,1000.8428176043809,2251.979055246488
AAAGTCCTCGGTGCAC-1,0,770.300616747602,1258.059340258052
AAATGGACAGGGACTA-1,8,837.2057353631233,2127.0912314301295
AACAAAGAGTCACACT-1,12,1957.737962770584,1638.4231754143302
AACAAAGCATGAGATA-1,7,610.3375761512538,1553.6138697880856
AACAACCTCGCTAATG-1,15,1422.6429695795232,2250.1992041697
AACAAGAAGAAAGTCT-1,7,542.7943974365971,1657.4508266494279
AACAAGACAATAACGA-1,2,1132.4289059790804,2171.581260162732
AACACACAGGGACACT-1,16,1616.213366896606,1900.023542310084
AACACACAGTAAACGT-1,14,1926.5251205396394,2301.3099676945944
AACAGGGCATACAGCT-1,9,326.30229661974045,1770.281887365805
AACAGGGTCCTTATGT-1,4,1881.9411228063648,675.9647536283537
AACAGGGTCTCCATAT-1,4,1738.85764459159,774.998894968263
AACCAACCAGAGGACT-1,11,1934.9649969556888,1019.9387858063179
AACCAACCATATGCGT-1,0,566.1818004844869,1243.9592030522413
AACCAACCATTACTCT-1,15,1192.502783885705,2464.5861200698178
AACCAACTCTTCCTAA-1,7,632.056364868737,1658.4186043829184
AACCAACTCTTGCAGA-1,0,701.5948938677723,1240.4877899725732
AACCACAAGCTCCATA-1,1,556.3372524026933,1467.471044395109
AACCATGAGGTCGAGT-1,4,1868.6893226481611,836.5549053474882
AACCATGGTGCAATAA-1,4,1902.451659689269,679.4429866118148
AACCATGGTGGTATGG-1,3,1086.9828290691357,2030.2013231311362
AACCATGGTTGAATCC-1,16,1693.1741530737831,1959.5417764565657
AACCCAAAGCTATCTG-1,6,383.4835776352322,1510.763055707732
AACCCAATCGTAATGC-1,17,637.671911058043,1752.6891963533399
AACCTGAGTCGATTCA-1,12,2280.8691776770347,1483.296581946174
AACCTGATCTTGCGCT-1,13,1597.0192642682064,1489.3119864624914
AACGAAAGTGGACAGT-1,0,883.4053261141606,1354.7000929405208
AACGAAATCGAGAACG-1,0,705.1857116139304,1258.5928891034555
AACGGGAAGGTAGCCA-1,6,512.5748003109156,1705.175233960623
AACGGGAGTGCCGTTG-1,17,883.7360728063932,1619.076442788584
AACGTCACAAAGTGTA-1,4,2051.5392167645314,673.1611393757007
AACTTCTAGGTCACCC-1,1,476.8336879379236,1447.0504395386065
AACTTCTCACCCAACG-1,0,581.9121229577382,1261.5037228953302
AACTTCTTCATCTATC-1,0,725.5050874186792,1379.8603429720667
AAGAACACACGAGGAT-1,13,1278.3911691044134,1257.0073399616165
AAGAACAGTCGCACGT-1,4,1700.9608598547425,764.7672552774405
AAGACAAGTCCCAAAT-1,12,2169.0480497079407,1556.0160045169348
AAGACTCCACAGTGTT-1,12,2162.0585316348934,1474.550557063219
AAGACTCGTATCTCGA-1,11,1883.3057330515198,1083.369826622949
AAGATAGAGGTACCTT-1,11,2017.4429108277438,928.321882231593
AAGATAGGTGGTCTGC-1,9,1582.2105395835956,1666.758328625705
AAGCATCAGATACATG-1,12,2115.535321369068,1753.1262334373298
AAGCCATCATTGTAGC-1,7,563.2494556831344,1660.909964881672
AAGCCATGTATTCCTT-1,12,1423.1746398102493,770.4498312020065
AAGCCATGTCCCTAAA-1,13,344.243896717437,1262.558032890381
AAGCCATTCCGTGGCA-1,15,1425.3912236671788,2209.4686561607364
AAGCGTTAGGAGAGGC-1,14,1969.677656576368,2306.461669640683
AAGCGTTTCAAAGGAT-1,15,1183.384341095271,2439.5969555223255
AAGGAATAGGCATCGA-1,13,386.132347130881,1290.1878001528275
AAGGAATGTATGTGTC-1,11,1848.7489921409672,1041.3004140722446
AAGGTAAAGGGTTAGC-1,0,860.3021761717911,1297.0892640654251
AAGGTAAGTCTACACA-1,5,1582.1602660099934,2252.0298227392477
AAGTCGTAGTCCCAGC-1,13,1733.5653502988864,1316.1393339371507
AAGTCGTCAGTAGAAT-1,0,522.4517496630032,1311.2441940192919
AAGTCGTGTCGTACTA-1,2,1015.6689325712783,2169.4268989106536
AAGTGAAAGAAGTATC-1,6,369.3541605256104,1534.0175836658666
AAGTGAACAAGTGTCT-1,2,1215.4700954146783,2120.9041286800825
AAGTGAACAGGCAATG-1,13,1388.8452628695477,1264.9557044845317
AAGTGAAGTCGGTGAA-1,0,841.9647119764198,1260.708770967046
AAGTGAATCGTCAAAC-1,8,843.7860897114427,2181.7106660205445
AAGTTCGAGTTTGTCG-1,8,740.4575068258985,2277.3680700220766
AAGTTCGCAATTGGTC-1,1,521.5066969930264,1523.8321401286594
AAGTTCGGTACGCGTC-1,15,1398.1402773760267,2137.4906790114474
AAGTTCGGTGTCTCCT-1,12,2258.4230537256394,1733.5341564195824
AAGTTCGGTTAGAAGT-1,1,532.2553644695446,1455.2930498092737
AATAGAGAGAGCATTA-1,0,865.0601735026536,1395.605271898839
AATAGAGAGATACAGT-1,9,406.3435493467643,1885.4783829454025
AATAGAGAGTTTGAGA-1,8,963.4409183130363,2379.6831229891313
AATAGAGTCACTCCGT-1,13,1656.3701123660096,1231.2858353111699
AATCACGGTAGATGTA-1,13,1417.7350180349754,1459.7986064235129
AATCGTGTCGTCACCT-1,4,1907.02102049369,874.2805268711044
AATGAAGAGACTTCAC-1,6,450.01324352347496,1585.138539560632
AATGAAGGTACAGGTG-1,1,618.206972794284,1455.6259091402712
AATGCCAAGCTGAGTG-1,7,551.8382573622372,1594.5352069460532
AATGCCACAGGCGATA-1,13,1523.0356596628922,1154.7515706610673
AATGCCAGTTAACCTG-1,8,986.7057375458802,2440.00539210354
AATGGAATCGCCACTT-1,8,875.0246530185407,2133.807178067089
AATTCCTCACGGTGTC-1,17,647.9203731842542,1734.9224447989527
ACAAAGAAGATGCCGA-1,4,1970.049884458027,694.6464436461475
ACAAAGACAAGGCGTA-1,4,1836.4175390010973,757.2588052294966
ACAAAGACAGCAGATG-1,11,1869.345711579249,1059.0502959639387
ACAAAGAGTCATATGC-1,11,1684.2870951111547,917.538214578405
ACAACCACAGAACTCT-1,7,742.057683736651,1691.9409209286932
ACAACCACATTCTCCG-1,4,1972.8620360015545,853.9033518146003
ACACAGTGTTGACTGT-1,2,1003.1837323131163,2322.447968121337
ACACCAATCCGACATA-1,12,2153.2152013831324,1535.3911704937416
ACACGCGCACGAGGAT-1,16,1520.1355710242303,2127.375339973695
ACACGCGTCTTTCGAT-1,1,587.9885506796892,1486.318163010135
ACAGAAAAGTATGATG-1,11,1820.962086937627,1117.5382648451719
ACAGAAAGTGCCTTTC-1,0,889.0529760700728,1436.199739011284
ACAGCCGCATTGAAAG-1,6,390.4394842505662,1503.1469918497833
ACAGCCGGTGCATGTT-1,16,1293.4664544919265,2060.73136896522
ACAGGGACATGACTAC-1,17,741.6169543160206,1737.7308507175658
ACAGGGACATGGGAAC-1,1,716.2989774188775,1486.4113061122846
ACAGGGAGTTCGGTAT-1,6,407.8774812168759,1483.0479777094486
ACATGCACAGTGTGGA-1,4,1733.2357884761639,752.1592245786474
ACATGCAGTGCATTTG-1,16,1460.7508503396705,1869.2984822742492
ACATGCATCTCGCGTT-1,13,290.90318008740815,1314.9787824130667
ACATTTCCAAATGCTC-1,5,1501.8246643986158,2369.8129906864633
ACATTTCCAATGCAGG-1,6,438.04635662051265,1411.0060613103199
ACCAAACCAGCTATAC-1,15,1550.3351100697207,2215.6710046669314
ACCAAACCATCACGGC-1,13,1619.1095055901562,1488.843865615767
ACCAAACCATGTCGTA-1,0,807.8466374291124,1330.1143829723067
ACCAAACTCGTCTAAG-1,6,459.21385639086617,1424.0526742887241
ACCAACAGTTGCATCA-1,8,793.3802098379957,2178.093250570971
ACCACAAAGCGAAACC-1,0,648.4265893792162,1160.9358249875847
ACCACAAAGTACAGAT-1,16,1262.7072579469404,1962.8167655242119
ACCACAATCCGTGTCT-1,8,1014.8552725285914,2358.4938444576705
ACCCAAAAGCGCACAA-1,7,538.6618461852124,1593.8909373676213
ACCCAAAGTCACGCTG-1,16,1290.791771304552,2067.0694690332284
ACCCTCAGTACGGCAA-1,12,2005.9228815543404,1359.1823957216425
ACCCTTGCAATGCTCA-1,7,594.2704317452238,1538.2544992688677
ACCCTTGCATCTCAAG-1,7,606.9605118809773,1687.3945402704055
ACCGTTCGTGGAAGTC-1,0,670.9082930674091,1270.9827609051895
ACCGTTCTCACCGCTT-1,3,990.7099741404564,2058.768632613148
ACCTACCCAATGCTCA-1,8,880.4936478741334,2102.052790544674
ACCTACCGTCACATTG-1,10,809.0339217156613,736.7972906900922
ACCTACCTCGTGGGAA-1,13,1266.6537405294807,1528.7777030615912
ACCTGAACAACGCCCA-1,3,900.0850537516637,2064.4336529649677
ACCTGAACATAGGTTC-1,8,882.4647947651564,2294.5996952274645
ACCTGTCAGAGAAGGT-1,8,891.9704534818413,2201.355134967656
ACCTGTCCAGAGTGAC-1,17,701.4573794363378,1771.068819035801
ACGATCAGTGTTTACG-1,10,642.4721506915898,911.1524916817659
ACGCACGAGCTCATAC-1,0,536.3032502524533,1356.166192207421
ACGCACGTCTACGGGC-1,11,1882.985598096028,1055.7781144449903
ACGGAAGCATCCCACT-1,16,1538.0059560128032,1917.0158480737211
ACGGAAGTCTGGAGAG-1,17,756.2370822946776,1704.7887825049384
ACGGGTCTCACCTCTG-1,17,743.0883715684806,1767.0826573241882
ACGGTCGCAAACTGCT-1,6,400.4308940172589,1648.6318128423582
ACGGTCGCAGTTAGAA-1,6,470.7729877111268,1592.9947774114937
ACGGTCGCATGGATCT-1,11,1689.948078277475,899.5224543773439
ACGGTCGGTCAAGCCC-1,2,1025.829023858133,2312.602672415929
ACGGTCGGTGACTGAG-1,13,1635.1672709355234,1483.2169863356883
ACGGTTAAGGTTCCGC-1,4,2083.424127140935,716.0445734511854
ACGTAACAGTTGTACC-1,11,1658.514402753386,883.0110471535048
ACGTAACGTCAACCAT-1,8,987.9289210084545,2348.927714080228
ACGTAACGTGCCCACA-1,0,873.2480982017554,1336.0287047410272
ACGTAACGTGGATCAG-1,12,1865.113735629126,1791.4920924239202
ACGTAACTCCTGTAAG-1,4,2016.8815693878537,641.4282036856857
ACGTACAAGCAAGGAA-1,17,739.683720287981,1821.9834347445858
ACGTACAGTCGCATGC-1,0,542.5793402825595,1301.9384485684423
ACGTACATCACTGAAC-1,13,1344.8314156893766,1543.2557145914723
ACGTAGTCAGTCTCTC-1,13,355.17309600382055,1233.4315652046012
ACGTAGTTCGGCCCAA-1,9,460.2951104039815,2014.795914813419
ACGTAGTTCTGGACTA-1,4,1924.7360969328927,656.6183911642092
ACGTCCTAGGACATCG-1,2,1088.1648376538787,2350.560793086264
ACGTCCTCATATCTCT-1,6,419.89567148227894,1426.4346290672947
ACGTTCCGTCGAATGG-1,16,1621.3913662530322,1939.9824999490183
ACTACGACAGGCTTGC-1,7,840.0096784572887,1557.976182597241
ACTACGACATGGAATA-1,8,958.4577498611375,2127.02266996866
ACTATCTGTACTCAAC-1,7,534.8250191557869,1687.616896710469
ACTATCTGTTCCGTTC-1,0,1017.8172581672815,1364.6551910483377
ACTATGGAGCCGGAAT-1,2,1169.5534279381952,2200.7062068592613
ACTGATGAGTAGGTTA-1,11,2033.2511394087373,963.1472699840782
ACTGATGGTACTAAGA-1,2,1099.778074169592,2066.913285637388
ACTGATGTCATCGCCT-1,17,779.4741175348416,1723.1245796263922
ACTGCAAAGAAGTATC-1,4,1678.6883441560578,794.9612347376417
ACTGCAACAACCACGC-1,2,976.8239878636945,2245.290092554423
ACTGCAACACAAGGTG-1,16,1571.8768980875977,2164.576650756725
ACTGCAACATACTGTG-1,0,989.9365270777502,1318.123837496223
ACTGTCCAGGCCTTCG-1,4,1986.492637144703,666.0528801543401
ACTGTCCGTGGGCTCT-1,0,647.4449394602857,1258.1589685006304
ACTGTCCGTTTGGAAA-1,0,478.93281325644125,1261.864159620438
ACTGTCCTCCTGGGTG-1,13,1554.5579358433174,964.188811344228
ACTGTCCTCTTTCTAG-1,8,932.6559977290184,2353.4161309437736
ACTTAGGAGGCTGAAC-1,3,1025.5956542184954,2037.1725397998812
ACTTAGGAGGGTGGGA-1,9,1485.0287487317016,1578.880273351795
ACTTAGGCACACACGC-1,1,482.62540229641013,1445.5705265869187
ACTTAGGGTCGACTGC-1,4,1759.3808923535835,787.7865073403948
ACTTATCAGGAAGTCC-1,2,1018.9115969737546,2305.497538604066
ACTTATCCAAGGCGTA-1,7,732.4013780407403,1534.7957128563805
ACTTATCCATGGCACC-1,4,2007.29867734629,693.1243394065751
ACTTATCGTGAGCTCC-1,13,1991.828520516906,1287.6065081013135
ACTTATCGTTGCATGT-1,15,1177.6278720772177,2491.8247348482314
ACTTATCTCCATACTT-1,3,862.6534621794302,2073.826224551114
ACTTCCGCACCCAACG-1,2,1196.045332378987,2282.1099465603393
ACTTTCAGTCTTACAG-1,17,642.4641451887701,1731.9711088698323
ACTTTCATCAAAGGTA-1,13,1616.2725607463328,1480.048158529599
ACTTTGTAGCAATTAG-1,15,1120.3228372122471,2414.2031338726983
AGAAATGGTCTTCTAT-1,13,1496.8118161810019,1316.7445312259042
AGAAATGTCACAGTGT-1,0,844.5071630625899,1484.6717599296426
AGAACAACAGTGGGTA-1,11,1947.4855784680983,1006.339837475665
AGAACCTGTCGCGGTT-1,5,1481.507207234383,2335.1973343274976
AGAACCTGTGTCCACG-1,1,625.5401113528294,1421.9881330137364
AGAAGCGAGTATGGAT-1,7,518.1190107145762,1653.1688682278866
AGAAGCGGTCCGGTCA-1,4,1959.9525049434512,624.9240718843163
AGACAAAGTAGCCCTG-1,11,1836.9471045566627,1033.4976494147547
AGACAAATCGTGCGAC-1,11,1973.3829073310324,1043.4520919109657
AGACACTAGCCATATC-1,15,1116.2322912688935,2426.1988010925015
AGACCATGTCTCAAGT-1,5,1639.8719012183565,2423.5536440575806
AGACCATGTCTTAGTG-1,9,453.7482218699534,1844.9244634935133
AGACCATTCCGCTGTT-1,8,891.5751990317275,2244.350337646264
AGACCCGAGAATTGCA-1,16,1282.0425807719319,2046.7951196920924
AGACCCGCATAGTCGT-1,8,839.5550555770591,2281.359538161841
AGACTCAAGAGGGCGA-1,4,1847.2771573626599,881.2326644351552
AGACTCACATCTCCCA-1,8,773.9395519828898,2215.579947846805
AGAGAATAGGCTATCT-1,2,1102.0635751656798,2243.3715419015048
AGAGAATCACGCGCAT-1,17,732.6611826951971,1799.242712039636
AGAGAATTCCCACAGG-1,6,414.0677990129692,1739.5648653022756
AGAGAGCCATCCCACT-1,0,572.9770263871512,1354.0341294827087
AGAGAGCGTCAACCTA-1,0,850.9928491505221,1206.1576690997138
AGAGAGCGTTCTCCAC-1,6,436.9982937376061,1673.7593274972692
AGAGAGCTCACCCTGT-1,17,673.7073589088045,1757.4013092299506
AGAGCAGTCTTGGCTC-1,8,859.4690351030986,2204.42497387352
AGAGCCCAGTTGGAAT-1,13,1454.5141957588144,1359.714766731482
AGAGCCCTCAGACCCG-1,4,2082.809098239834,860.5516780425713
AGATAGACAAGGATGC-1,15,1442.361147804783,2268.334979815759
AGATAGACATCTAACG-1,8,993.895334342146,2381.012927526001
AGATAGATCGGTCACG-1,4,2035.014380916688,696.0053595312905
AGATCCAAGGGAGAAT-1,12,1483.9757025265417,674.4126621587334
AGATCCACAGGCTTGC-1,6,484.74157288902404,1675.976899205529
AGATCGTAGGGAGTTC-1,13,1349.7160174718995,1428.815926274183
AGATGCTCAAGTTCCA-1,9,545.9518554804016,1951.3650581154332
AGCATCAGTTGGGTAG-1,8,925.7621560981792,2376.479705501067
AGCCAATAGCACGGAT-1,4,1862.1490907623704,717.5200118290708
AGCCAATAGCTAGAAT-1,13,1677.410786286696,1255.1887459117133
AGCCACGCACCAGCGT-1,17,605.2161806372233,1748.070355204131
AGCCACGCAGCTATTG-1,0,815.336821715866,1466.7760598804366
AGCCACGGTAGCCCTG-1,13,1340.0519160388706,1477.111169963652
AGCCACGGTATGTCCA-1,16,1273.4238204351354,1961.200895311342
AGCCAGCCACTTGTGA-1,6,457.5933782038254,1697.6382654726715
AGCCAGCTCTCGTTTA-1,1,495.7754296524615,1458.4271010448383
AGCGATTCAACTAGAA-1,7,731.6804806776537,1636.239378361406
AGCGATTGTGTTACTG-1,10,806.7691126445552,724.6908111173387
AGCGATTGTTTGTGGT-1,10,974.3186701262184,752.4212524235134
AGCGCCACAAAGGATT-1,4,2000.6869192777515,639.503701575367
AGCGCCACAACCCTAA-1,6,452.92075658767357,1464.565723432066
AGCGCCACATTCTTCA-1,5,1517.3736684504279,2403.26762736014
AGCGCCAGTTCTAAGC-1,0,1031.7390773042193,1360.0953872856844
AGCGCCATCAGTCAGT-1,5,1714.5712497586326,2220.7054556334706
AGCGCCATCGCTCATC-1,13,1641.5704404490705,1353.0712501841026
AGCGCTGAGGCGTCCT-1,5,1592.4863178124851,2257.474081736998
AGCGCTGGTGGCTAGA-1,12,1998.0543122823458,1554.945904122646
AGCGTATAGCTGACCC-1,4,1878.0833403237325,679.0245108334559
AGCGTATTCCACGGAC-1,8,898.7230379471256,2274.5656233140517
AGCGTATTCGTGTGAT-1,13,1624.954101367094,1224.696727954408
AGCTACAGTAGTATAG-1,15,1343.7960268804038,2389.6947607462976
AGCTACAGTTAGAAAC-1,5,1669.420367036391,2304.7702430675986
AGCTCAAAGCAATAAC-1,2,952.3537455174569,2220.475142846956
AGCTTCCCATGTGACT-1,13,1714.3479264355142,1271.7892410180357
AGGAAATAGTATGCAA-1,3,973.9630401548035,2021.9761432464586
AGGAAATCACCGGTCA-1,2,1139.0808367323207,2139.29326564779
AGGAATAAGGTACATA-1,13,1398.2193955830728,1440.7381227920418
AGGAATATCCGTCCTA-1,7,520.6544319027777,1766.7967194365656
AGGACGACACCGGAAA-1,16,1528.399074954699,2131.608716629134
AGGACGATCCGTAGTA-1,8,943.9920030256735,2146.180217386672
AGGACGATCGGCATTA-1,8,1059.8934318150941,2398.153970738873
AGGACGATCGGCGATC-1,8,913.1144793199787,2206.9357920283005
AGGACTTGTGCATACT-1,15,1370.5665576846711,2253.0002871457864
AGGACTTTCGACCACG-1,15,1309.7396622363913,2479.763867966614
AGGAGGTCAAGAATGT-1,15,1106.9890699658185,2407.2064108584855
AGGAGGTTCAATCGGT-1,2,1083.0137186570623,2354.399400437489
AGGAGGTTCCTATTTG-1,1,492.57967052326956,1503.425930211971
AGGATAAGTGGCTTAT-1,13,1647.105275116243,1298.5678134386965
AGGATAAGTTCGTAAC-1,17,767.9885033307287,1723.215312743768
AGGATCTAGGGACCAT-1,11,1952.156598411271,986.9687234037455
AGGATCTCATACGCAT-1,0,895.3268490425713,1286.5240836655753
AGGATCTGTATTTCTC-1,7,635.2680633630223,1566.8011645111314
AGGCATTAGGTGCCAA-1,17,742.0254257190516,1768.8695253850817
AGGCCACCAACAACAA-1,7,615.929235049569,1531.5766625124436
AGGCCACCATAACCCA-1,8,844.3575905311333,2291.722529376111
AGGCCACGTGTTAACC-1,15,1214.870856126659,2435.6978892123752
AGGCCACTCTCACGAA-1,7,832.67016689089,1543.8867656564971
AGGCTGCCACCTGTCT-1,3,1000.2503260619229,2010.5747189275755
AGGCTGCTCGCAGTGC-1,6,480.6344748207065,1556.0005001473016
AGGCTGCTCGTAGTCA-1,7,594.6816518394098,1561.9935639920664
AGGCTGCTCTACTCAT-1,4,1903.0402008780811,766.1104075466598
AGGGAGTAGCGCCATC-1,16,1565.6936904944623,1954.2010260441032
AGGGAGTAGCGTGTCC-1,2,1158.3122219521522,2317.12520483183
AGGGAGTGTTCTTGTT-1,6,419.72036877060503,1572.41325260105
AGGGAGTGTTTACACG-1,3,1103.093914713725,2013.8788088875635
AGGGCCTCAGACCAAG-1,13,1673.660883042571,1159.4847507436823
AGGGCCTCATTCCTCG-1,0,736.7892729861002,1297.3590556481017
AGGGCTCTCCATGAGT-1,7,668.435615667822,1657.8987668999828
AGGGCTCTCCATTTGT-1,0,823.2042001429012,1324.6199128480314
AGGGCTCTCTGAGCAT-1,8,970.2935119247361,2447.4344639363253
AGGGTCCGTTCAAGGG-1,12,2379.669928173563,1084.8574846530873
AGGGTTTAGTCATTGC-1,6,371.2616173565633,1585.429274399289
AGGGTTTCACGGCACT-1,13,327.0665069408861,1179.2433354870286
AGGTAGGCAATCTAGC-1,4,1888.8734809236157,917.6422607441639
AGGTCATTCCTGTACC-1,13,346.81382279154525,1238.2408296998187
AGGTCTATCCACAAGT-1,4,1846.1049091978941,748.6538980859484
AGGTGTTAGTGCACAG-1,8,863.9362173305394,2154.0949388963218
AGGTTACAGCATCCCG-1,1,554.5925777163466,1396.3409906231248
AGGTTACCAAGAGAGA-1,11,1858.55816137928,1011.7858920444514
AGGTTACGTAGCTGCC-1,8,775.1301678073796,2284.0775044724433
AGGTTACGTCTGTCAA-1,7,796.7058426465943,1542.6326953426442
AGTAACCGTAAGGAGA-1,12,2340.6484371041774,1276.1639410885032
AGTAACCGTGGTACAG-1,7,771.2381275638966,1590.0004585041027
AGTACCAAGGCACTCC-1,15,1320.6532946275215,2306.1640468625847
AGTACCACACGGCGTT-1,4,2001.0611206494293,846.3916020816029
AGTACCACATCGTTCC-1,2,927.3407014054143,2277.875462626787
AGTACTGCACGATTCA-1,4,1964.2133090881823,682.7963736363323
AGTACTGGTATACAGA-1,13,1395.7538529018223,1524.3423616860891
AGTACTGTCTTGCGCT-1,6,478.50782407234516,1520.430418920604
AGTAGCTTCTCATGGA-1,4,1846.1444265819466,734.9125769851377
AGTAGTCAGAAACTGT-1,15,1186.3357972604033,2390.3805569541873
AGTAGTCAGTCTCCTC-1,14,1960.710707603646,2279.729197144135
AGTAGTCGTGAATGTA-1,2,1065.001444275057,2294.8486274543825
AGTCAACAGGCGTTAG-1,7,769.9515554223503,1612.1639951729233
AGTCAACCAAACGTGG-1,8,939.5471172031044,2288.442278609757
AGTCAACCACCGAATT-1,12,1309.8119998863071,511.5343272580173
AGTCAACTCATTGTGG-1,7,583.6709987096783,1554.3425982217796
AGTCAACTCTACGGGC-1,13,1334.9802681038716,1381.7488169360338
AGTCACACATCGAAGG-1,12,2100.487382524645,1660.8816793776903
AGTCACAGTTATAGAG-1,11,1778.3883301941164,1115.0258322026223
AGTCACATCGTTAGTG-1,9,431.0414446268581,1954.4277234438669
AGTCACATCTATACTC-1,15,1385.0368555458451,2215.964750196538
AGTCATGGTTCAGGTT-1,4,2092.6624184247926,798.9211311513777
AGTCATGTCTCCAAGA-1,2,1048.2751082429634,2247.222835996751
AGTCTCCCAGTTAGGG-1,16,1678.6734891029557,1909.3071016426472
AGTGATCAGCAAGTGC-1,13,1468.6735453308136,1419.0933200762342
AGTGATCAGGTAATCA-1,16,1478.7496288205527,1911.4803629011767
AGTGATCTCTTCACAT-1,13,1646.1307735042476,1207.6878755902485
AGTGCCGTCGCATAGT-1,4,2010.0950057479088,764.657586621096
AGTGCCGTCGGAGTGA-1,7,761.3826251072072,1676.0518198135394
AGTGTTGAGAAGCGGG-1,16,1375.7710441765687,1874.2219047720632
AGTGTTGTCATGCATG-1,12,2083.826859299508,1432.142941904627
AGTTAGCAGGTAGTAT-1,13,315.80052379379794,1268.5681562994312
AGTTAGCTCACGAACT-1,2,1123.780966897759,2094.3126022011393
AGTTAGCTCATCGCCT-1,13,1257.081161872944,1594.5076851864378
AGTTCCCAGCCTGTGC-1,17,770.9940178579383,1758.1831301911664
AGTTCCCGTTTGAACC-1,2,1057.217256389887,2178.967571239156
AGTTCGAAGGTAAAGG-1,17,644.4606961994493,1703.438160317445
ATACCGAAGTCGAAGC-1,5,1582.6329233219687,2385.3890113461857
ATACCGACAATACGAA-1,9,463.46904611123693,1924.892596868539
ATACCTTAGCAATAGT-1,3,1003.2072076221222,2049.345476585514
ATACCTTAGGTAAGTT-1,4,2020.500376950577,843.3579442149266
ATACCTTTCTCTGCTG-1,0,803.8734273341391,1367.3378450562059
ATACTTCTCCCGTTGT-1,2,1201.4438728134503,2242.903633857168
ATAGACCGTCTTCATT-1,3,1060.216237545643,2038.8414689655365
ATAGAGAGTTCTTCAT-1,6,398.3644970827807,1518.0709694562258
ATAGAGATCTATGCCC-1,12,1607.084006514194,407.2992665152637
ATAGGCTAGTGTAGAT-1,9,419.86986102862136,1951.0224958748604
ATAGGCTCACTGCTTC-1,13,1657.5758514713204,1370.4710754092064
ATAGGCTCATTCTTCA-1,3,970.6889504374667,2036.8024405732644
ATAGGCTTCGAGCACC-1,13,1271.1426543763782,1508.4938613124318
ATATCCTGTTCAATCG-1,4,1877.8801909428137,888.7919764137475
ATCACAGAGTCTCTGA-1,16,1319.5920570842704,2065.7050279657815
ATCACAGCACGCTATA-1,11,1755.9679422427635,987.54912090252
ATCACAGTCGACATTG-1,6,483.55109739222337,1759.1522769459891
ATCACGACACTACCCT-1,0,645.7402642756681,1336.1309315900796
ATCACTTAGTTCCGTA-1,16,1493.0864687835247,1929.6574479480269
ATCAGGTAGGCGTTAG-1,14,1953.1890925683774,2287.5301749735186
ATCAGGTTCACGTAGT-1,2,971.8756617738248,2168.139446008276
ATCATTCCAATAGGGC-1,16,1458.8900504117485,2032.8796575001454
ATCATTCTCGGTTCAA-1,16,1508.7166131864792,1814.0091325371468
ATCCACCAGGGTAGCT-1,0,914.8691279331957,1411.9392987317353
ATCCACCGTAGGCAGT-1,2,1018.8189623861614,2292.6060949773223
ATCCACCGTATAGCTC-1,7,504.06201214662894,1643.6053609942292
ATCCATTAGGAACTAT-1,16,1461.990421993492,1966.4737199916112
ATCCATTCATAGTCGT-1,8,1026.381038157022,2377.609509126446
ATCCATTCATTGAAAG-1,12,1988.0973129927047,1590.4029243358202
ATCCCTGCAGCCGGTT-1,10,852.0400531204891,735.8792421532337
ATCCGTCAGGCCTTCG-1,5,1712.0185422744128,2088.288454590487
ATCCTATCAGTATGAA-1,15,1396.3295323116656,2164.382795112512
ATCGCCTAGTACGAGC-1,15,1179.6068751654102,2422.340939798659
ATCGCCTTCCCGTGAG-1,16,1493.500708208214,1823.937674653551
ATCGCCTTCCGAGTGC-1,0,888.758390015953,1359.7244708771368
ATCGGCGGTATGGAAT-1,5,1710.1350592811361,2069.605213339774
ATCGTAGAGGCTTAAA-1,12,2131.738103386554,1507.20743658377
ATCGTCCAGCGAACTG-1,16,1592.5858587348905,1869.5474302353025
ATCGTCCAGGTTGAGC-1,12,2233.29049146094,1177.2196774509976
ATCGTCCGTGCCTAAT-1,12,1990.467260599535,1500.6031087882418
ATCGTCCGTTTGGGTT-1,17,794.0901688698629,1732.5885910870634
ATCGTGAAGGAACTCG-1,12,2258.739138608754,1472.4511726396506
ATCGTGAGTCAACCTA-1,1,835.4518916735057,1504.7059336516365
ATCTCTACATAATGAG-1,4,2021.8714096201766,811.5744659094918
ATCTTCACAAATGAAC-1,0,974.1241288113299,1417.1935130919792
ATCTTCAGTACAAACA-1,11,1923.304859936987,942.9516435373074
ATGAAAGAGACGCAGT-1,8,833.2971751260399,2293.8726927809107
ATGAAAGAGTGCACCC-1,0,887.863913312575,1282.116948688533
ATGAAAGCAACTGATC-1,15,1200.6035737897632,2337.3508353889765
ATGAAAGCAATTGCAC-1,11,1727.8807287324016,953.8127548153899
ATGAAAGGTTCAACGT-1,0,657.3423467867606,1393.5075860404104
ATGAGTCGTGAAGCTG-1,15,1228.317167051489,2460.823648535288
ATGATCGAGGTAGTAT-1,13,315.2522347575702,1265.6229024662343
ATGATCGGTAATCAAG-1,13,343.4658988342596,1277.6654776590008
ATGATCGGTGGTCTTA-1,13,1701.4205189154939,1214.2641035617742
ATGCATGAGAGCATCG-1,1,565.0379111275466,1408.0424166006012
ATGCCTCCATGAGGGT-1,15,1427.7101120416069,2226.9012908582695
ATGCCTCTCTGCGAGC-1,2,1028.707110037529,2286.7201866300056
ATGCGATAGCTCCCTT-1,1,629.8717477473871,1482.802516454504
ATGCGATCAGCCTACG-1,0,580.1631968414373,1257.8639534813829
ATGCGATTCGAAACAA-1,8,879.5204958262441,2198.665878854516
ATGCGATTCGAGAATA-1,0,954.1213072052865,1347.1532867268083
ATGGGAGAGACTTAAG-1,5,1464.0351675360018,2392.172403543529
ATGGGTTGTCGTTTCC-1,15,1106.944859371545,2450.6110420840405
ATGGGTTTCCCTTTGG-1,13,1447.5897038668807,1336.6550952058867
ATGGTTGGTAACAAGT-1,15,1332.9538187850233,2471.2496836631553
ATGTCCCAGCACACAG-1,16,1523.8800529513153,2139.0352378140233
ATGTCTTAGGTAAAGG-1,8,776.1619723750111,2272.7454780785415
ATGTCTTCAAGGTCAG-1,13,1411.7192717132293,1525.3378483117262
ATGTCTTTCTTACGTT-1,1,779.3955367377349,1506.1197462225068
ATTACCTGTATTTCTC-1,9,407.5325139097917,1849.8402134957528
ATTACCTGTCTCACGG-1,1,773.0564580569395,1504.9299889940148
ATTACCTTCTCGAGTA-1,12,1980.5110995182404,1550.543413083123
ATTACTCAGATTGTGA-1,7,606.1650576580953,1694.9976919586632
ATTACTCGTAAGGCTG-1,15,1414.7796767433892,2196.853195583856
ATTACTCGTCGTATTG-1,12,1908.1844511561849,1529.9985210392429
ATTATCCCACTGAGTT-1,6,411.13979763924186,1600.5837599319964
ATTATCCCAGCTGTGC-1,6,391.4203108471811,1602.341349667529
ATTATCCGTCGGAAAC-1,17,904.362043214837,1575.7640641421506
ATTCACTAGTCAGCGA-1,15,1226.3801635164623,2319.5204040193526
ATTCACTTCTTACCGC-1,5,1497.1947394338695,2329.2688739139026
ATTCAGGCAATCGCCG-1,17,936.7585076101814,1470.3254272364693
ATTCAGGGTAAGGCTG-1,4,1763.8867838714943,700.9360271349487
ATTCAGGGTGACACAG-1,12,2148.9705157678763,1542.1965869956282
ATTCATCAGACATCAA-1,11,1842.398952105565,944.881268992626
ATTCATCAGATAACGT-1,5,1644.1491077579503,2326.840802786712
ATTCATCCAATTTCTC-1,8,854.4187473402001,2217.1759908028585
ATTCATCCACGAGGTA-1,11,1763.8770540423684,928.4313834469655
ATTCCATGTATTAAGG-1,1,762.6833087989564,1499.1631704594688
ATTCCATGTTATCTGG-1,9,400.64649557095123,1892.7959351892305
ATTCCCGGTCCAGTTA-1,9,440.9697332375119,2052.45902347362
ATTCCCGTCATACGAC-1,8,845.885734653219,2127.40145620824
ATTCCTATCCTACAAG-1,2,1044.8388533359682,2199.803607198558
ATTCGTTGTAAGATAC-1,2,1072.2745831080936,2124.953485647924
ATTCTACGTTCTTAGG-1,6,465.7812409779339,1618.4569954666538
ATTCTACTCTCCCAAC-1,2,1209.1121566924571,2142.0679037690966
ATTCTTGGTCACTTAG-1,5,1656.8607703577843,2250.7280235557905
ATTCTTGGTGCTTATG-1,17,661.1469209976281,1707.2186865221267
ATTCTTGTCTTCACAT-1,16,1558.0622047817026,1898.0310193448377
ATTGGGTCATCATTGG-1,11,1715.626994295083,1036.5005584902403
ATTGTTCCATAAGCGG-1,3,1086.8269021827539,2023.8485079979105
ATTGTTCGTAGATTGA-1,17,593.176118828833,1754.7427498919849
ATTTCACCAATGGCAG-1,7,665.0737102976534,1615.4978751395
ATTTCTGAGCTGTACT-1,13,1628.317779289611,1248.2062740599488
ATTTCTGCATTGCCTC-1,15,1501.7339444066135,2257.7482512607817
ATTTCTGGTTAAGAAC-1,16,1602.859510150823,1949.0841622438104
CAAAGAAGTAGCGATG-1,3,949.8295122632807,2017.991363519285
CAAAGAAGTGGGTATG-1,5,1677.6478062057213,2203.8768087425065
CAACAACGTAACTGCT-1,3,897.0372810185116,2064.8621240474126
CAACAGTCAAGGCAAC-1,13,1632.6465925519014,1472.611239011053
CAACCAAAGCGACTGA-1,11,1661.2849162832104,854.0673798726904
CAACCTCCACTCCCTA-1,6,461.03377927025645,1556.295742977375
CAACGATAGAAGAGCA-1,11,2008.253309274754,1016.7267106839181
CAACGATCAAGAGGCT-1,2,1090.5816494576811,2283.3996732072433
CAACGGCAGAAATTCG-1,8,1023.2302178164434,2442.208523960926
CAACGGCAGAGGATGA-1,2,1089.1495384066498,2224.9442482927016
CAACGGCGTGATACCT-1,9,412.8309998965818,1873.1595065373922
CAAGAGGGTAGGTACG-1,11,2013.1332692463845,1008.7102037816329
CAAGAGGTCGCTGCGA-1,4,1936.5748085891382,836.4424850375219
CAAGCTAAGCACTAGG-1,12,2329.9801841815497,959.7973335351385
CAAGCTACACGTAGAG-1,6,506.6235308495777,1700.8884858375773
CAAGCTATCCTCACGT-1,1,769.7264411784063,1490.4562606544616
CAAGCTATCTACCAGA-1,5,1497.682030401764,2384.6619699554826
CAATACGAGTAGTCTC-1,16,1549.2771715337142,2046.0065954669717
CAATCGAGTCCATACA-1,9,458.58685852346633,1914.817137941616
CAATGACGTACTGCGC-1,11,1980.6363350596537,1028.7280530714768
CAATTTCAGGTTCCGC-1,2,1108.0761719417922,2072.8851002901088
CAATTTCCAGAGAATT-1,7,621.6359124962314,1656.196707574021
CACAACAGTTAAGCAA-1,16,1613.2024834260294,2041.724467354371
CACACAACACCGTCGA-1,9,447.39806333270406,1929.9615674845627
CACACAATCGCGTAGC-1,11,1921.893902411032,1009.9606783749724
CACAGATAGTCATCCA-1,16,1433.3502830710843,2135.3182984838772
CACAGATCATACCACA-1,4,2031.4919802491977,855.045489574228
CACAGATTCACCTCTG-1,8,809.9723958414926,2188.3100524341166
CACAGATTCTAGGCCG-1,9,388.2923472236124,1825.585591087459
CACAGGCAGAGTCGAC-1,16,1274.270719378559,1975.8499151509768
CACAGGCAGTACTGGG-1,4,1846.0376374230223,730.1124542437217
CACAGGCCAGAGAGGG-1,2,1182.2285449479396,2229.574910680862
CACAGGCGTTGCCAAT-1,16,1491.3884197354848,2141.60450552374
CACATGAGTGAATAAC-1,0,874.1690168386211,1419.4385642890165
CACATGATCGATTCCC-1,9,394.72421557724846,1820.0100951487357
CACCAAATCCCGTAAA-1,4,1882.988219286165,891.3630205882612
CACCGTTCAGAGGTTG-1,0,743.5617175875957,1253.4450965039
CACCGTTGTACGACAG-1,4,2026.8499049209915,671.9526875098813
CACGAATCAACGGCCT-1,10,538.9707931035568,736.1108469053477
CACGAATCATCTCATT-1,7,546.1130810414816,1642.2823684215366
CACGGGTTCGGTGTAT-1,15,1193.5314039970308,2331.0583371805706
CACGTGGCAGGGAATC-1,5,1696.209384128976,2052.746977117154
CACGTGGGTTGGCCGT-1,3,905.0886757882912,2064.0718789464913
CACGTGGTCTACGCAA-1,15,1156.7501651897326,2489.592562073383
CACGTTCCAATTGAGA-1,16,1548.1736197274747,2069.468950337714
CACGTTCGTAACCCGC-1,0,811.2309459805108,1454.649232500096
CACGTTCGTTCGGTTA-1,8,785.9417943361535,2257.5551652126205
CACTAAGCACGACGAA-1,3,854.5353995397984,2075.995472510703
CACTAAGTCCATTGGA-1,15,1335.9341299616926,2229.6223921227233
CACTGAAAGCACCGAA-1,0,899.3564905831461,1378.4290111630246
CACTGAATCGAGAATA-1,17,597.084324593819,1771.2068337912963
CACTGGGTCGACGTCG-1,4,1873.0335047829026,852.7595394616155
CACTGTCCAACTTGGT-1,12,1553.1182392951541,628.7644266538059
CACTGTCTCCTAGCGG-1,13,1360.5137502161153,1285.0139261553732
CACTTCGTCGATGGAG-1,0,854.9982289762825,1480.8318958956488
CAGAGCCTCAGTCTTT-1,2,1054.2847391331386,2167.1770007333753
CAGATACGTCAGTCCG-1,16,1476.049008460783,1939.5074246120173
CAGATCACACCGTGCA-1,1,781.3325168450682,1492.41833076575
CAGATCACATCCGGCA-1,7,729.1158639890842,1641.1000017076249
CAGATTGAGTTTCAGC-1,6,393.67836403737624,1550.6422451807387
CAGATTGCACACCAGC-1,4,1975.6835503158884,731.8736948226059
CAGATTGGTGTTAGCT-1,0,608.3039985221674,1368.6704369823992
CAGCAATGTCGAGCAA-1,0,788.593368638513,1342.1488985917451
CAGCACGAGCCATGCC-1,15,1442.351891733155,2185.817049518358
CAGCACGAGTAGCATA-1,7,745.7954578468111,1666.333266980219
CAGCACGGTAGTCTGT-1,11,1780.9429671817563,1108.4462500859802
CAGCAGCAGACATACA-1,8,840.5227312130738,2159.888312516743
CAGCAGCCATGCCGCA-1,0,890.7789192795922,1276.4583523468177
CAGCAGCGTACGATGG-1,11,1831.5958743939814,1058.1340802427019
CAGCAGCTCCGGTTCT-1,0,822.1166679545374,1364.8024584472978
CAGCCAGTCTCGCTTG-1,4,1714.9043586586627,804.4196977437241
CAGCGTGAGAAACTGT-1,16,1380.8063908276006,2004.946019583235
CAGCGTGAGTCATGAA-1,2,1095.9862816917814,2047.853879840904
CAGGCCAAGAAGAACG-1,13,1693.8186052181948,1384.71456822809
CAGGCCAAGAGCTGCA-1,7,814.1667352844074,1600.3936768879726
CAGGCCAAGCAAATCA-1,15,1397.154387308885,2279.2687331281727
CAGGCCACATAACTCG-1,13,1402.4149012755636,1353.3099722436323
CAGGCCAGTGGTGATG-1,11,1931.7000488479648,1015.1283069694581
CAGGCCAGTTTCTTAC-1,4,1902.1974732249723,767.4036041871974
CAGGGCTTCGAACGGA-1,13,1596.0256991978454,1440.8495914377927
CAGGTATAGGTTGCCC-1,8,845.5027273182167,2308.9075961959297
CAGGTATGTATTTCGG-1,16,1524.6173452247376,1852.8286848929695
CAGTGCGTCCAGTACA-1,4,2028.8285819008631,701.2380806454986
CAGTTAGAGCTACAAA-1,12,2105.610875084439,1566.990606094608
CAGTTAGCATAACGGG-1,12,2077.7629087234127,1607.2174425490757
CAGTTAGGTCCTGGGT-1,7,545.8529258284004,1585.6641809719852
CAGTTCCAGTCGCCAC-1,13,1722.3812911260434,1278.5900993847656
CAGTTCCGTTGAAGTA-1,2,1089.0757438204519,2110.791802744434
CATAAGCCATGACGGA-1,8,914.8516904427886,2168.146740233276
CATAAGCGTAGGGTAC-1,4,2045.1332112178923,686.2450758552833
CATACAGAGAGAGGGC-1,17,924.1030159816364,1540.4540564483982
CATACAGCAATTGCAC-1,9,403.3400118085221,1949.7454363577272
CATACAGGTGGCCCAT-1,16,1626.0261905499267,2121.5611140358224
CATACCCGTGTGCTTA-1,2,969.0778297520193,2228.735423639328
CATAGACCATCATCCC-1,2,1223.8195292499088,2173.702288550233
CATAGACTCTGTAAGC-1,17,899.9104433215347,1637.084975074766
CATCAAGAGGAGAGGC-1,7,548.2265242785879,1651.074145511967
CATCAAGTCGTGCATA-1,13,1381.5999999985418,1304.747148188787
CATCCACCAGGCAATG-1,6,436.9983423857334,1602.687494795821
CATCCCACATAACGGG-1,0,542.1603177474728,1334.9170626038288
CATCCCATCTCTGGTC-1,2,982.2066955492619,2173.2810583531887
CATCCGTCAAGCCATT-1,2,1010.2866408934751,2152.9294798440137
CATCGGGAGCCTGTGC-1,13,1739.027244743618,1325.9756468228206
CATCGGGCAAATACGA-1,1,626.1805665962897,1449.4941190174668
CATCGGGCAGCATTGT-1,7,690.3026539794903,1685.3282778019366
CATCGGGTCAGGACAG-1,11,2042.1783239754939,956.0378593405499
CATCGGGTCTCGTCAC-1,5,1534.70967412288,2359.101507058436
CATCGTCGTAGCTTTG-1,14,1913.879780422566,2158.021514563872
CATGAGTAGCACCAGA-1,12,1548.93556418618,362.2572434617371
CATGAGTAGCTAATCC-1,6,530.7714436977037,1725.8807571702546
CATGAGTAGTCTGGTT-1,15,1288.8117866469843,2363.9315385005007
CATGAGTTCCCATACC-1,2,1208.1479759658596,2148.981623296226
CATGCAACACACAGCC-1,12,2231.1047378054946,1203.3825242264252
CATGCAAGTATGCTAC-1,4,1744.885580806424,763.3628102595876
CATGCCTAGACGCTCC-1,0,1025.1852744182,1386.1772648593774
CATGCCTAGCTAATGA-1,13,1367.0337954609258,1428.7665705379202
CATGCGGAGAGGATCC-1,9,462.38081645107917,1970.5711798587226
CATGCGGAGTATGCAA-1,6,379.29532150171707,1498.3044837222837
CATGCGGGTCACCTTC-1,11,1946.8674321989004,1012.7201598119218
CATGCGGGTCACTTCC-1,11,1762.6338330430565,950.6177515218973
CATGCTCAGGAAGTCC-1,7,703.0736597764538,1504.7373756361785
CATGCTCCACAGTATC-1,13,1636.9605733328638,1355.409267250827
CATGCTCCATAGCACT-1,15,1549.7650414880031,2192.1030597733325
CATGGATAGTGCAACG-1,16,1254.0839880874325,1985.5539784157363
CATGGATTCGGCTGGT-1,14,1836.619321806777,2238.3068598374653
CATGGTAGTCCACAGC-1,16,1516.172866493161,2103.7716721380616
CATGGTATCACCTGTC-1,15,1312.2652109425944,2144.1037566402533
CATTCATTCGCTGACG-1,2,1034.2822346946496,2129.718533149781
CATTCCGCAAGACAAT-1,11,1840.732120592026,1037.2961999819415
CATTCCGCAGGTTCCG-1,0,1031.433924272317,1422.9777768011909
CATTCCGGTACAGGTG-1,4,1869.3280500566032,730.0761062274836
CATTCCGGTCAGATTC-1,6,425.7438414128532,1600.650986897541
CATTCCGTCCACATAG-1,14,1944.7224065450189,2282.9845100902476
CATTCTAAGACGCCAA-1,16,1637.2223566950543,2049.5557552229766
CATTCTATCAGACTGT-1,13,1638.9717704652603,1317.936951890445
CATTGAGGTTCGGTCG-1,1,542.0383631543767,1413.0787002763038
CATTGAGTCTCTCCGA-1,17,801.2675475910717,1735.4188016401474
CATTGTTCATGTGGTT-1,6,447.4977271291682,1687.0148880997779
CATTTCAAGTTTCAGC-1,7,709.1202798651151,1639.4142603236141
CATTTCAGTACATTGC-1,2,1082.1145782979102,2113.3420311327063
CATTTCAGTAGGTAGC-1,8,817.1581017147208,2244.7976018085087
CCAAGCGAGGTCACCC-1,2,972.2224129065206,2223.3384748123945
CCAAGCGCACAAAGTA-1,3,835.5454923989159,2094.021033229367
CCAATGACATGAGGGT-1,5,1500.2127462502526,2309.9282753059606
CCAATTTGTCTGGTTA-1,16,1566.0631689194227,1852.3165712364723
CCACAAAAGACGCATG-1,3,917.3993721383692,2047.1136353626162
CCACAAAGTGATGAAT-1,17,583.1145932121674,1759.5386315266073
CCACAAAGTTCGTGCG-1,4,1794.7087488930404,738.5816722664965
CCACCATAGAGCCCAA-1,1,621.8996104540338,1412.9645021306512
CCACCATTCTCTGACC-1,0,866.1699392243845,1129.4924546993464
CCACCATTCTTTCTAG-1,2,1023.5183089201605,2305.5303873163766
CCACGAGGTAGAATGT-1,8,909.9767943491051,2252.3483022452288
CCACGAGGTGATCGTT-1,9,445.28190324776193,1847.8884169069127
CCACGTTCAACCGATT-1,0,923.9187820762949,1438.2625119268723
CCACGTTCATGGCTGC-1,17,872.0818334226973,1814.8164044127327
CCACTTGAGTGGACGT-1,11,1977.3087068806224,1035.8346829691745
CCACTTGGTAGGGTAC-1,7,590.7895495112401,1623.335175171684
CCACTTGGTCAAGTTC-1,12,2050.489927055476,1469.7822690401704
CCATCACCACTGAATC-1,13,1289.4701581126337,1525.7306108372618
CCATCACGTCGCCACA-1,3,858.8312288129957,2077.351225684933
CCATCACGTTCTAACG-1,16,1559.2386970553134,1982.5723886293977
CCATCACTCAAGCGTT-1,16,1320.9459661829437,2054.528606321949
CCATCACTCAAGGCTT-1,15,1107.7460708597443,2437.00944272003
CCCAACTGTAAGTTGA-1,6,487.3764198186217,1660.3353280008973
CCCATTGAGCACAAAT-1,17,712.9144656339367,1783.5441560045224
CCCATTGAGCCTTTGA-1,6,400.05329936091226,1539.1216193303007
CCCATTGCATCCTATT-1,5,1585.9333185033643,2384.466078227656
CCCATTGTCAGCTTCC-1,16,1326.2354675014712,1949.7657781662303
CCCATTGTCCGGTAGC-1,5,1569.5525687857455,2239.657119755057
CCCGAAGAGAAGTCTA-1,13,1556.5551209467478,1351.3299931194842
CCCGAAGAGCGAGAAA-1,4,1824.823328449136,667.5538431651452
CCCTAACAGACGGATC-1,11,1820.0269184848235,1056.4076450572875
CCCTAACCAACGCCCA-1,8,747.8698951290613,2223.944445309501
CCCTCTCAGAAACTCA-1,15,1395.9671927550908,2215.6689071456226
CCCTCTCCACAAACGG-1,8,1057.3424032046225,2452.000824884583
CCCTCTCCACTGCGAC-1,11,1944.8926964709945,1001.9356993600378
CCCTCTCGTGGGTTGA-1,7,575.53043267709,1544.2959453943645
CCCTGATCAGAAATTG-1,8,805.3652737850384,2322.2334530464254
CCCTTAGTCCTGTACC-1,2,1147.6823886866198,2028.179217289775
CCGAACGGTACGACAG-1,0,570.7862931853495,1358.3161660641754
CCGAACGGTCGCGTCA-1,17,650.6274312996082,1714.3537500530142
CCGAACGGTGCAGGAT-1,15,1483.0856396720628,2235.026529333989
CCGAACGTCCTAAACG-1,8,997.3481497818198,2368.71575426444
CCGATCTTCCACAGGC-1,16,1465.0107937455268,2118.2042585917
CCGCAAGTCAGGTAAA-1,16,1356.9997893290376,1907.092959672132
CCGGTGAAGAAGTCAT-1,12,2022.3281895412176,1623.183218736284
CCGGTGAAGTGGTCAG-1,6,415.7684171289604,1657.4436375373082
CCGGTGAGTCGATGCC-1,8,1049.0182950186565,2431.7944879394686
CCGGTGATCCAATCCC-1,12,2063.362498424627,1557.0597561279412
CCGGTGATCCATCCGT-1,2,1001.1275844709368,2145.139388568165
CCGTAGGCACTAGTAC-1,16,1566.8762300454932,1965.9058443225092
CCGTAGGTCATAGGCT-1,13,1629.092009421667,1430.2772604155668
CCGTGAGAGTAACCGG-1,12,1542.225278088553,628.7720703467878
CCGTGAGTCTGATTCT-1,2,1186.6861975911145,2216.3313759661005
CCGTTCACACCGTGGT-1,0,633.7347387962498,1374.5148065177386
CCGTTCACAGAATCGG-1,9,306.11248834494165,1779.9465714047624
CCGTTCACAGCGGATA-1,1,605.9161220548235,1449.0981191351314
CCTAACCGTGTATCCA-1,6,397.38131027554607,1658.7783929186094
CCTAAGAAGCGAGGAG-1,13,1376.4783625950242,1514.7821065840808
CCTAAGATCTGGGCGT-1,7,715.3297118638286,1621.5241462537263
CCTACGTAGAAACTCA-1,16,1324.455769343942,1884.3503726547767
CCTATCGGTGCATTAC-1,15,1140.270098084329,2430.800018225045
CCTATCGGTTCGCGTG-1,15,1455.193450022776,2164.153145725677
CCTATCGTCGTGTCAA-1,11,1995.6949574143505,1042.6351337166961
CCTCAACAGAAGCGGG-1,5,1629.2055134105944,2276.4358062013043
CCTCAACCACATCATG-1,16,1668.7192170487024,2019.4078035977025
CCTCAACGTCCGGACT-1,8,887.1793137233765,2310.8326399354532
CCTCAACGTTTCGTAG-1,17,961.8973379390634,1479.4636169817368
CCTCAACTCCTGGGAC-1,16,1276.0704222182121,1939.0235188297177
CCTCACAAGCTTACGT-1,13,1413.366735192829,1253.8172180683848
CCTCAGTGTAAGGCTG-1,8,889.8124419913313,2354.5615698080696
CCTCATGAGGCAGCTA-1,14,1976.7021448019113,2313.4233135146765
CCTCATGCACCTGCGA-1,15,1487.3351857238404,2193.4464474440097
CCTCCAAAGGCCTAAG-1,7,544.9024902693104,1625.624561028039
CCTCCAAGTTACCTTT-1,15,1134.3089520732847,2353.9692925638547
CCTCCTCAGATTGTGA-1,6,401.85401102639037,1683.1349567198406
CCTCCTCGTAGAAACT-1,7,541.6537382647557,1551.4708518275584
CCTCTCCAGCCTCATA-1,15,1189.5870447204488,2456.5635082286576
CCTCTCCAGTGTTCAC-1,11,2035.7484635899555,960.8689177385074
CCTCTCCGTAACGCGA-1,3,919.2092590587607,2057.7583289473355
CCTCTCCTCCCATAAG-1,17,913.3973510889357,1639.650715221494
CCTGCATCAGAAACCG-1,0,1073.246676566992,1311.7517266620573
CCTGCATCAGACCCGT-1,13,293.64473245963853,1213.9264903405729
CCTGCATGTTCCACGG-1,2,1138.157947059711,2251.196619164259
CCTGCATTCTACTATC-1,12,2390.752529546657,1681.1937406636816
CCTGTTGGTCGATGCC-1,2,1211.728302603026,2106.832807166545
CCTGTTGGTTGCCGCA-1,9,458.86645889412114,2058.5576993234263
CCTTCAGAGCATGGGT-1,8,816.8624764486716,2259.333106218926
CCTTCAGTCATTTGGG-1,2,1021.208088506319,2299.624459664082
CCTTCAGTCGCAGAGA-1,14,1904.0420581806734,2341.2271789695374
CCTTGTGAGAGGTATT-1,11,1872.8199134608162,1039.5423138825086
CCTTGTGGTCGGAACA-1,13,1434.5219763019882,1480.284254840334
CCTTTGGAGCTGACCC-1,3,928.9054451483361,2039.9675415647268
CGAAGGAAGACTCGAG-1,14,1952.8967791470538,2171.0890180793112
CGAAGGAAGATGTTGA-1,9,366.68447604533986,1781.7491374093597
CGAAGGACATTGCCGG-1,17,583.6299708610665,1780.3806421076513
CGAAGGAGTCAGCGTC-1,11,1779.5896028201037,1031.9200748725204
CGAAGGAGTGAATAAC-1,6,452.62198030505886,1544.8792687155615
CGAAGTTAGCCGTTGC-1,16,1410.9501580908368,2103.571888929623
CGAAGTTCACCCTCTA-1,12,2077.753422338617,1488.8481408343312
CGAATTGGTCAAACGG-1,13,1658.759795242711,1435.167477876397
CGAATTGGTGACGTCC-1,13,1645.517670789595,1264.482917660935
CGAATTGTCGAGTTGT-1,6,451.3510354928276,1679.8756242385512
CGACAGCAGAACTTCC-1,2,1095.27612550289,2264.278514818748
CGAGAAGCAGCGAGTA-1,16,1536.908909732577,1883.9817936618476
CGAGAAGCAGGCCTGT-1,9,302.59970563146885,1503.9312810343044
CGAGGCTCAAGGTCAG-1,1,498.24022424846675,1492.8639099472757
CGAGGCTCATGTTTGG-1,15,1108.088526138126,2427.9838750176036
CGAGGCTTCATGCTAG-1,13,1481.069448725053,1291.085863735755
CGAGTTACAACGGCCT-1,2,1051.443860649216,2270.5664598727813
CGAGTTAGTCTAACGT-1,15,1161.894855437606,2481.697307402275
CGATGCGAGACCAACG-1,10,528.592834620055,762.94628450301
CGATGCGAGCTTCATG-1,0,777.1994985609275,1388.6440382416936
CGATGCGTCTGGGAGA-1,16,1374.5763417915214,2077.817964544271
CGATGGCAGGTAGTAT-1,13,1416.8592566869224,1356.419803202555
CGATGGCCAAATCAGA-1,0,810.6237425105535,1260.0328059068654
CGATGGCCATCCTCAC-1,16,1382.0022913934326,1913.4776432390563
CGATGGCTCGACGCGT-1,9,512.118322635054,2013.9994838987493
CGCAGGTAGGATATAC-1,8,981.2135304881954,2105.415139931567
CGCAGGTGTCGCATGC-1,4,2011.9956272650525,724.6694342147559
CGCAGGTGTTCTCAGA-1,15,1332.7669018698598,2156.627340320291
CGCATGGCACCAGGTC-1,9,519.319166381991,1924.1886225214694
CGCATGGGTCGTATTG-1,3,963.3796400958028,2019.056388059877
CGCCAGAGTCATCTAG-1,2,1075.331005574243,2104.8315614209682
CGCCATTTCGCCTATC-1,15,1248.5155638836375,2402.1367437918134
CGCGTGAAGTCACGCC-1,16,1404.9202113796207,2084.8214412169477
CGCGTGAGTTTACTGG-1,7,628.2138409012895,1591.9900863522284
CGGAACCAGCAAGCCA-1,11,1829.1639858768754,1030.495034129362
CGGAACCCAGCGAGTA-1,2,1131.9476431185271,2345.1461560479797
CGGAACCTCAAAGGAT-1,12,2402.564030542745,1288.569848049639
CGGAATTCAGAAGTTA-1,11,1778.5083391768042,1083.5221834358529
CGGAATTGTCCTGGGT-1,5,1524.154587576457,2420.7864414876626
CGGAATTTCGTTCGCT-1,16,1636.5410124426096,1853.7036155747019
CGGAATTTCTTCTCAA-1,9,511.54124141150226,2001.579166684642
CGGACACTCTAGCCTC-1,16,1512.269324588212,2157.331061634261
CGGAGAAAGAAGCGGG-1,3,909.9707889923653,2059.73877761856
CGGAGAACATCACAGT-1,5,1530.489863352174,2265.0892316581435
CGGAGAACATGTGCTA-1,0,847.3402967045979,1244.7514322192324
CGGCAGTCATTCACCC-1,11,1672.52702677827,936.5651366960559
CGGCAGTTCCTACCGT-1,9,515.1794377529143,2064.0929206508995
CGGGCATGTTCTCAGA-1,5,1653.0509129592842,2341.7362291974955
CGGGTCAAGCGCCATC-1,11,1688.4374708626626,906.1579577770976
CGGGTCAAGTGCAGGT-1,11,1895.8507103043141,1105.6486024356059
CGGGTGTCAGACATCT-1,2,1119.1668268071194,2266.2144425688057
CGTAATGTCACTGCTC-1,7,587.4196525528589,1579.1834406635098
CGTAGTAAGACATCCT-1,8,891.3348772836654,2282.2202147897888
CGTAGTATCTCCTGAC-1,8,868.3088510990505,2318.7241925815993
CGTAGTATCTCGACGG-1,5,1542.141221826285,2293.2230836138006
CGTCAAAGTTAGGAGC-1,7,820.9785900423071,1600.7219639107152
CGTCCATCAGAGCTAG-1,0,997.7382555537274,1254.82041205423
CGTGAATAGCGTCAAG-1,7,544.8608317167642,1596.2902563474654
CGTGAATCAACTGGTT-1,0,505.5145417269255,1387.9523751440458
CGTGAATCACGCTGTG-1,5,1735.4232638476726,2071.9157833806203
CGTGATAAGGCCTGCT-1,16,1290.3464216302173,2084.1786187998996
CGTGATAGTAGCGTAG-1,2,959.6271876581633,2226.003959534274
CGTGATATCTAAACGC-1,0,848.3825522959637,1468.86029456989
CGTGCTTCACCAAAGG-1,9,358.7797708536221,1807.4783534829303
CGTGCTTCAGAGTTCT-1,6,408.9344648533462,1480.9519619682012
CGTGCTTCAGGTGTGA-1,16,1438.420039533891,2125.36613490124
CGTGTCTAGCTTCGTA-1,13,1540.4161893739526,1010.4701474456687
CGTGTCTCAGTGTGCC-1,12,2108.6665245462095,1696.0965540244463
CGTTAGACACTGAATC-1,4,2006.959980103954,858.1159652005854
CGTTAGAGTTTGAACC-1,4,2007.0540462567585,858.4118359057063
CGTTAGATCACCTGGG-1,15,1216.5212957460387,2479.9482447978985
CGTTGGGTCCGTAGTA-1,17,889.9450240221108,1550.9910226164213
CTAACCCAGAGTCAGC-1,2,1001.1661719853932,2202.463438300062
CTAACCCTCGAGTGAG-1,7,586.9574877583296,1655.9065570355456
CTAACTTAGTAGAATC-1,8,905.4829159803515,2241.4905892194574
CTAACTTCAAACGAGC-1,13,1687.8364159725036,1223.1406446356918
CTAACTTCATCCGCGA-1,3,827.93805451563,2110.1865671022288
CTAAGTGAGTGCCTCG-1,13,1604.5679484376005,1486.7250285969446
CTAAGTGGTACAATAG-1,13,1642.5658727032696,1306.9978375748165
CTAAGTGGTCTCTCCA-1,15,1193.8477790575341,2371.7806528734955
CTAAGTGTCGGTTCAA-1,17,581.966407399654,1789.4080066572985
CTACAGAAGAGCAACC-1,7,609.9801212670242,1491.9589476334552
CTACAGACACTCCACT-1,6,484.1308023746715,1649.5004755841053
CTACAGATCGCAATTG-1,0,848.3036016155091,1446.0916499944644
CTACATTAGACCAAGC-1,11,1901.187441727209,952.5461170679489
CTACATTAGTGCACAG-1,11,2039.870456824041,954.4733355717746
CTACATTCAGCAGTCC-1,2,1119.5871495444846,2327.5291443536066
CTACCCAGTTGACGGA-1,7,517.8353896127973,1579.139442316314
CTACCTGAGGTGATCG-1,1,571.6416887397593,1422.510759517573
CTACCTGTCTTCTAAC-1,17,985.1335073593784,1523.5970136650658
CTACGGGTCCGCCTAT-1,12,2013.2191884727472,1569.866497217493
CTACGGGTCTGGTCAA-1,4,1764.635640866789,687.5183724757585
CTACTATCAATATCCG-1,7,731.156470851046,1625.9192341675432
CTACTATTCAGACCTA-1,4,1979.501798365388,585.5203132768895
CTAGACAAGCCTATTG-1,1,550.9701184203703,1417.5125900659825
CTAGACAGTGACCGTC-1,12,2180.5746089788245,1483.9528806051426
CTAGGTAAGTATAGGT-1,0,956.14252231122,1431.379439333753
CTAGGTAAGTCTGGTT-1,7,812.6464863829011,1596.227368574109
CTATAGGAGCACGATG-1,7,553.92431940099,1540.6825599828205
CTATAGGAGCGTGAGT-1,12,2108.1382591714646,1533.4665683257078
CTATCCGAGTCGGGAT-1,2,1021.1086212386041,2231.0630083219057
CTATCCGGTCGATGCC-1,13,1358.9299823852432,1488.2809211322428
CTATCCGTCTCTCAAT-1,11,1734.2139860947102,987.5933577989276
CTATCTATCGTGCAGC-1,6,434.609172051798,1549.127852741303
CTCAACCAGCAGGCAT-1,11,2077.4949642294646,931.1973801316545
CTCAACCGTCGTCTCT-1,11,1811.2000370715414,1068.7696093838133
CTCAACCTCTCCTACG-1,12,1753.7718422509201,1514.5942307034734
CTCAAGACAGGCGTTC-1,1,515.9847551074029,1418.2349586215348
CTCAAGACAGTAGTGG-1,5,1571.680651408449,2348.220918478152
CTCAAGAGTCCAAAGG-1,16,1419.2220493416733,1913.1834472410137
CTCAAGATCTCTAAGG-1,17,670.9028663586354,1762.6796632911073
CTCAATTGTATCGTAC-1,13,1630.7168574185714,1215.873565728814
CTCACTGAGATAACGT-1,11,1922.861549002472,915.994045368741
CTCACTGCAGACCAGA-1,13,1379.8215113420074,1496.7010691988594
CTCACTGCATCCTATT-1,16,1492.0560591480094,2099.0845315060355
CTCACTGTCGATGCTA-1,0,771.8153352535443,1354.3334482223202
CTCAGAATCTCACGAA-1,13,1367.2704400178598,1498.2758674209717
CTCAGGGCATCATCCC-1,11,1752.3975475085026,1039.2583250065543
CTCAGTCAGTTGAATG-1,13,1360.3221524223206,1374.2373978448763
CTCAGTCGTCCTACGG-1,8,806.8365515535216,2307.1389941772313
CTCATCGAGCCATTTG-1,15,1132.6961649785296,2453.6441625320786
CTCATCGAGGTGAGAA-1,1,713.7989943421146,1471.3936132002746
CTCATCGTCCCATTCG-1,15,1132.918774841652,2453.7522906937047
CTCATCGTCTGGAGAG-1,7,741.0597609249195,1593.162565161099
CTCATGCAGGCAATGC-1,13,1414.5514066332858,1423.5864022933326
CTCATGCAGTCCCAGC-1,17,916.821922980345,1576.8489663805665
CTCATGCAGTGCACCC-1,8,777.220742827624,2200.86684293759
CTCATGCGTAACAGTA-1,8,1000.6132431121139,2440.8866206159755
CTCATGCGTCGTATGT-1,8,848.0543889231743,2298.9078092274517
CTCATTATCTAGCAAC-1,4,2025.1980932279002,645.0487803806303
CTCCACAAGACAAGCC-1,0,703.0685711823554,1303.9138057709038
CTCCCAACAACGTATC-1,13,1601.1888629430266,1465.920944138623
CTCCCTCGTGAGAGGG-1,16,1519.671932988812,2087.7957144917614
CTCCCTCTCGGCTTCT-1,7,528.2400121565859,1627.3386082772527
CTCCGATCACGTAGAG-1,13,1313.4365643933818,1382.836934763493
CTCCTCCGTAGCACAG-1,9,324.1787896860823,1793.6360614443136
CTCCTCCTCAAGTCTG-1,9,309.62233798263924,1785.6141936888864
CTCCTTTTCGGCTTGG-1,4,2054.7404379577342,761.6241813014949
CTCTCAGAGAGTTGAT-1,1,489.3828591126233,1478.2488889400308
CTCTCGAGTTTGTGGT-1,16,1532.948910350152,1907.3008355051259
CTCTGGTAGCATTGAA-1,8,932.7437933782783,2136.8189742884624
CTGAATGAGCTCCGAC-1,13,1392.891295171584,1297.6696564922433
CTGAATGGTCTTCCGT-1,2,1215.7155673017178,2140.6048468685212
CTGAATGTCATGGATC-1,15,1161.599790842813,2414.74984350607
CTGAGGCAGACGCCCT-1,17,592.0381722438863,1796.283057280783
CTGAGGCGTAGCGTTT-1,8,837.3376090982058,2332.0967962553473
CTGAGGCGTTGGAGGT-1,2,980.0799118319693,2235.26352318892
CTGAGGCTCACCTCAC-1,13,1662.7728383231026,1256.1290299948992
CTGAGGCTCCTTGGAA-1,7,742.8794185396084,1634.6833193667499
CTGATCCTCTCCTGTG-1,16,1365.9527099679028,2046.0932972095163
CTGCAGGAGCTTAAGA-1,3,1093.69093723443,2015.7475686554358
CTGCAGGCACAGCCAC-1,4,1997.0066027730234,766.2096503658755
CTGCAGGGTGTCGATT-1,13,1423.1230008161072,1454.1291278885292
CTGCAGGTCACGAGGA-1,13,1481.4961870923162,1344.1912413169086
CTGCAGGTCGGCTGGT-1,4,1928.0816660155683,647.5438691122861
CTGCAGGTCGGTCGGT-1,7,552.426959274997,1694.935035862899
CTGCAGGTCTCGTCGT-1,8,904.8703802560899,2146.690534249842
CTGCAGGTCTTCTAAC-1,0,692.4852046737839,1296.5881023829108
CTGCATCGTAGTTAGA-1,16,1550.2404962191217,1981.9658072941381
CTGCATCGTGCAACGA-1,5,1480.0048477969804,2391.769292020748
CTGCATCTCGTCCTCA-1,4,1871.2898962951695,784.899161027571
CTGCATCTCTGTCCGT-1,6,367.62785693433483,1538.2855735448086
CTGCCATCAAGTGGTG-1,2,967.7762757884341,2227.521709361818
CTGCCATTCTGACGCG-1,0,698.0537381629134,1390.4921413434988
CTGCGAGGTATCGAAA-1,15,1362.2740686143263,2185.4964906654477
CTGCGAGGTTCTCTAT-1,13,1471.0790458310464,1297.422308802823
CTGCGAGTCTAACACG-1,6,371.28097189740873,1492.726229499087
CTGGACGTCATCCTGC-1,2,1087.2237439601436,2313.0875819785983
CTGGACGTCCATTTAC-1,0,634.5788189090005,1297.0808065885221
CTGGTCTAGCCAGACA-1,2,1145.3215851529765,2041.7410409160766
CTGGTCTAGGCGTTGA-1,9,555.8229708132011,2052.604125253931
CTGGTCTAGTTAACAG-1,6,436.5286743817021,1420.274928842621
CTGGTCTTCGTCGATA-1,4,1898.5569948765408,571.4521056687303
CTGTACCAGTAGGGTC-1,8,851.0806863168884,2220.6946038215788
CTGTACCTCCTGCTAC-1,9,409.360439496859,1905.2338460803285
CTGTAGATCTGCGGAC-1,0,581.9498832109962,1242.5269338761038
CTGTCGTGTCGCAGTC-1,16,1519.8733014865038,1901.7987856070283
CTGTCGTGTGTCCATA-1,16,1482.3305015317765,1947.459281863449
CTGTGAACAGACCATT-1,15,1440.4022647624827,2224.2242438742996
CTGTGAATCTTCTCAA-1,1,580.703286297889,1411.9340378117379
CTGTGGGCAGGCAATG-1,3,999.7307143103106,2021.096823136128
CTTACCGAGATTACCC-1,4,1913.2600236568146,733.8769211649794
CTTACCGAGCTTAAGA-1,11,1883.2373341966122,1000.4470302884447
CTTAGGAAGCGCCGTT-1,8,876.8203278273876,2165.003169449958
CTTCAATCATATTCGG-1,15,1406.6462817638005,2168.9367590141587
CTTCCGATCGAGAAGC-1,13,1351.8068694131468,1424.3851662623274
CTTCCTTAGCACAAAT-1,8,1001.3604005079608,2077.4015139489356
CTTCCTTGTGACATCT-1,2,1042.7514432806618,2140.5342560821036
CTTCGGTAGCACTCTA-1,8,794.4105153114001,2181.6991897136486
CTTCGGTCATACGCAT-1,0,838.8036566368604,1382.9412288637523
CTTCTAAAGAGGTATT-1,16,1546.668039943562,1880.5197999836364
CTTCTAAAGCGGGTAT-1,12,2148.093257358863,1161.3640906668263
CTTCTAACATTCCTAT-1,7,581.7023817966095,1551.7774355642696
CTTCTAAGTACACGCC-1,5,1632.8395386904745,2238.4932866700315
CTTCTAATCTCTATGT-1,2,1050.9158265312142,2129.027132738775
CTTCTCTCAGCCTTCT-1,17,593.4455069641458,1725.4718580787676
CTTGAGAAGCAGAAAG-1,0,860.8084345131674,1433.0260269856783
CTTGAGAGTCGCTCGA-1,2,1231.9192644375319,2170.2548534285397
CTTGATTCAGCGATTT-1,8,735.8900170184218,2276.0405320203395
CTTTCAACACTACCCT-1,0,963.2567652773101,1362.6962900536912
CTTTCAACATAATGAG-1,8,800.801053215614,2225.109487269771
CTTTCAACATCATCTT-1,9,546.5718335686926,2155.7401455664963
CTTTCAAGTCACTCGG-1,8,968.3644326387655,2149.7428554496723
CTTTCAAGTCATCAGT-1,8,809.3985124018299,2226.616941380069
CTTTCGGCACGGCGTT-1,15,1441.2896303933665,2217.1714750683136
CTTTCGGCAGGAGACT-1,2,1235.652699695101,2171.13867124468
CTTTCGGTCGAAGAAT-1,0,763.8102984067713,1287.9879764964896
GAAACCTTCGGTCACG-1,2,1155.9593721928693,2137.6132124572423
GAAATGAAGCCGGAAT-1,6,513.4711865979202,1756.8286398587918
GAAATGAAGGTATCTC-1,11,1986.1755312776813,1060.6869722465271
GAAATGACAGCATGCC-1,16,1663.1523664825727,1919.9307171460837
GAAATGAGTCGAAACG-1,17,920.530085395046,1499.073727529621
GAACACTTCGGTCGGT-1,12,2040.1462111221315,1465.3120138937588
GAACGTTAGGTGGTTG-1,8,818.3898322307033,2203.096015147047
GAACTGTCACGACAAG-1,9,491.22509810801955,1984.4158904041426
GAAGAATCAGACCATT-1,13,1425.0316355429072,1436.2826291427493
GAAGAATGTACAAACA-1,15,1404.3641756794175,2252.8907900889244
GAAGAATTCAAGTCTG-1,11,1998.3913525536145,886.7719513615277
GAAGCCCAGCGGGTTA-1,4,1762.2471648283279,688.1281051740767
GAAGCCCAGCTTGTTG-1,13,1329.0974138024337,1397.78740067998
GAAGCCCCACCAGCCA-1,2,1193.2374095239984,2079.8438639830492
GAAGCCCGTTATCCAG-1,4,1725.5454925380986,711.4100079939033
GAAGCCCTCGAACACT-1,12,2021.0566731137571,1552.844819670834
GAAGGACGTACAGCGA-1,6,399.31913009231704,1686.4065162431712
GAAGGGTGTCATCTAG-1,6,466.53830148337596,1611.24828300547
GAAGGGTGTTCGATTG-1,16,1557.5332689941702,1849.4369267376585
GAATCACCACAGTCAT-1,8,805.086555446545,2180.6121213581987
GACACGCTCGTAACCA-1,16,1518.270111143811,2131.294825689046
GACAGCCTCAATCAGC-1,11,1720.6340760160576,911.9329074900243
GACAGCCTCCGCACTT-1,13,1720.0449643693537,1241.6557288974582
GACATCAGTTCGTACA-1,4,1843.3038650700971,866.7978986834675
GACCAATTCTATCCAT-1,7,659.6653423636672,1570.4171245193809
GACCCAGAGCACAAAT-1,8,1010.1129769502259,2079.3469525532046
GACCCAGAGGCTGTAG-1,8,856.9268110045017,2198.4074302737436
GACCCAGGTCCGGATC-1,16,1600.7005192759336,2135.93148745896
GACCCTTAGTGAGTGC-1,17,698.9455395513182,1789.8068351231493
GACCCTTGTGAGATAT-1,9,469.11798860226514,2046.3194653930914
GACCGTGCATGTGGTT-1,16,1511.4893950146477,1956.5193065244014
GACCGTGTCAACCTTT-1,13,1653.9997381961039,1472.3415012341266
GACCGTGTCACGTCCT-1,8,1023.4173694191348,2432.453763955486
GACCTTCGTAGCACAG-1,5,1678.8310804513021,2393.332683386667
GACCTTCTCACATACG-1,17,584.2771266395448,1766.6797754014497
GACTATGGTGGGCTTC-1,0,924.6613416441334,1289.5455489884348
GACTCAAAGACGCATG-1,7,579.1489091247516,1624.0453445696392
GACTCAATCATCGGGC-1,8,888.7487428449755,2403.5339367140537
GACTCTCCAATGGCAG-1,7,595.1526197435144,1575.4690514046933
GACTGATAGTCATCCA-1,7,576.4574190794604,1574.871225419874
GACTTCCAGGGAGGGT-1,16,1453.2647904418827,1872.6091341002282
GACTTCCAGGGCTTCC-1,2,1093.4935317556922,2239.3868174594118
GACTTCCCAAGTGATA-1,11,2073.840433540621,1046.4070078314928
GACTTCCTCAACTTTC-1,1,684.3380744744583,1425.6012632358716
GAGAAATAGTAACGAT-1,9,530.9875352035868,1920.9782217014804
GAGAAATGTTTAAGGA-1,16,1445.7280166145624,2019.7879926700002
GAGACCCAGAGAGGGC-1,13,1280.1732472977521,1526.862782234641
GAGACCCAGGAAACGA-1,0,742.8356106967163,1411.585354865836
GAGACCCCACGGGTAA-1,12,1570.44558019889,592.9892653685896
GAGACCCCATGCTGCG-1,13,1022.8669193428874,1614.1605143106917
GAGACCCGTGCAACGA-1,4,1778.7062943530916,663.5172546336531
GAGACCCTCCGTCACT-1,6,506.16042799218553,1751.3866412750194
GAGACTTCAAGTGCTT-1,6,427.55249364564406,1699.7414205897155
GAGACTTCACTCGATA-1,1,625.7173916248519,1463.7900246885276
GAGACTTCACTTCAGA-1,13,1589.008938727834,1475.4091565224558
GAGACTTTCTTGGTGA-1,8,894.8573554930641,2258.4521971563368
GAGAGGTAGGGAGGAC-1,12,2111.346052116056,1592.8686662162502
GAGCCTGAGAAACTCA-1,4,1978.5778902418067,692.5130181666774
GAGCCTGGTACGCGTC-1,1,534.0770561378415,1464.4071740780869
GAGCTGCGTTGTACGT-1,16,1380.9446741297952,1868.4096106465754
GAGCTGCTCAGATTGC-1,8,956.4229051441325,2395.025861636061
GAGGCAAAGGTAAACT-1,13,1394.9692602209645,1262.418748269818
GAGGCCTTCGACCCAG-1,4,1838.578452520946,683.3610527180826
GAGGGATCAAGCCTGC-1,7,557.1783622991852,1565.7406037498145
GAGGGATTCATTGAGC-1,9,508.7832997137981,1931.9797100704945
GAGGGTACATGAGTAA-1,2,973.873979742289,2166.1286581795857
GAGTCATCAGAGGAAA-1,13,1653.3543901873827,1341.3700632276182
GAGTCATCAGTGGGTA-1,6,454.89917540562294,1539.0863038281443
GAGTCTACATCTATCT-1,2,1160.7540431525083,2249.4853419827123
GAGTCTAGTGGACCAA-1,0,889.8586151169825,1378.8050955971048
GAGTCTATCCACCCTA-1,2,1121.1442934374827,2073.4060593756894
GAGTGAGAGACGAAGA-1,1,614.1009836326608,1428.4004377179886
GAGTGAGCACGCGGTT-1,0,897.7968620649592,1431.2721161599368
GAGTGTTAGAAACTCA-1,9,449.7546503361007,1871.5834687681
GAGTGTTGTTGTCTAG-1,13,1352.0132858909403,1534.3321234080408
GAGTTACAGCAATTCC-1,17,841.3434570214844,1664.9790483570814
GAGTTACGTCGCATGC-1,1,572.2677591221524,1446.6528947662632
GAGTTGTAGTTGTCGT-1,15,1440.9723886870422,2345.8765203213106
GAGTTGTGTTAAGAAC-1,2,1169.3592659379283,2151.8490199224743
GAGTTTGTCGCAACAT-1,5,1599.6383480456325,2277.3811255223854
GATAGAAAGGCCCACT-1,0,719.5944457281363,1364.7200939953484
GATAGAACACTCACTC-1,8,863.9639623588694,2262.3229970007415
GATAGCTGTACTTCCC-1,7,708.0757779994163,1489.1094627885582
GATAGCTTCGATACAC-1,11,1868.6562037962135,992.8170375477318
GATAGCTTCTCGTCGT-1,13,1397.4093440351955,1491.3813096246022
GATCAGTCAAGGTTGG-1,2,1204.5203307327554,2287.1291359299457
GATCAGTGTGGGCTTC-1,4,1968.2837672654382,805.382288780035
GATCATGAGCCACAAG-1,16,1274.4813977294018,1998.7798507114699
GATCATGCAATTCACG-1,13,1471.6666074535508,1436.199739011284
GATCATGCATTGAGGG-1,8,903.8143968111527,2352.24887139433
GATCATGGTATCGCAT-1,15,1415.3498466929188,2174.3576086073617
GATCATGGTCTGCAAT-1,8,841.5313442100859,2146.111327962709
GATCATGTCCGATCTC-1,0,859.0711560977712,1424.0572896373048
GATCCCTAGTGCCAGA-1,3,1020.1976003336642,2027.8368834254427
GATCCCTTCATGGGAG-1,11,1918.0371943823939,944.0870946294143
GATCCCTTCCGAGAAG-1,11,1906.9446875766141,987.0123821006136
GATCGTAAGCACTTTG-1,2,1147.7486849260865,2283.3808798555283
GATCGTAAGCATCGAG-1,6,493.4134097479532,1718.679786302137
GATCGTACAATTGCGT-1,9,480.34985412622467,1927.2459407933393
GATCGTACATGGAAGC-1,9,467.20320096201027,1929.217393911022
GATCGTAGTCTGCGCA-1,0,602.4822372786532,1248.861197948575
GATCGTATCATGACAC-1,11,1757.181686224915,891.527606672455
GATGATCAGATAACAC-1,1,488.24382546435174,1451.9069219809471
GATGATCCATAGGCGA-1,1,545.5643623370474,1444.655161882291
GATGATCGTCGTGTTA-1,8,850.0711049612889,2348.8548526059485
GATGATCGTCTAGATC-1,7,811.0887968232556,1642.5632791046094
GATGATCGTGATAGAT-1,16,1441.200789464499,1964.6556180995385
GATGATCGTTGCCGCA-1,6,388.54980686463637,1586.772249724652
GATGATCTCAATGCAC-1,7,571.5218773367511,1630.4528989660414
GATGCTACATGGTACT-1,14,1897.492334032017,2341.848761473182
GATGCTAGTATGATCC-1,7,704.2987461029344,1594.0630283315554
GATGTTGAGGAACATT-1,6,422.7692655784283,1724.9885736843098
GATGTTGTCATTTACC-1,13,1507.9779777710496,1177.023584370987
GATGTTGTCTCTGAGA-1,16,1488.0098727935765,1877.7453130558988
GATTCGACAGCGACCT-1,8,1032.772022410902,2436.6056463436953
GATTCTTAGAGCGACT-1,2,1072.7382085116917,2107.841298800879
GATTCTTAGGAACATT-1,1,770.7897017577371,1516.4442727572716
GATTGGTAGTGCGACA-1,12,1572.5573201773445,527.934140205022
GATTGGTGTACCTTCC-1,4,1874.98836602615,635.9049019906292
GATTGGTGTGTTGATC-1,9,374.02866734390574,1858.6783038223205
GATTGGTGTTAGGACG-1,2,948.9178167487989,2237.892755637982
GATTGGTTCTTACTGT-1,16,1596.173475823294,2038.3024408147112
GATTTCTCACAAGGTG-1,16,1347.8369614483904,1928.5139650668063
GATTTCTTCCTAAGTG-1,17,949.8942796940248,1478.2766807793273
GCAACATAGAATTTGG-1,13,1429.7544234899633,1479.351001999584
GCAACATCATGTGACT-1,8,819.783698369476,2354.1379257009035
GCAACCGAGGTACAAT-1,5,1633.592281738394,2276.8330821149048
GCAACCGCATGGGTCC-1,13,1347.9526688075075,1474.7947185146609
GCAACCGTCATTACGG-1,12,1996.9507972923445,1497.697989885919
GCACATATCTACTATC-1,8,818.6539722626376,2202.4438616735565
GCACGGTAGTATCCTG-1,9,411.6996101143436,1817.4352004130526
GCACGGTCAAGAGGCT-1,0,1014.8587152648992,1430.9696599428214
GCACGTGAGCCTCTGG-1,12,1606.0698221734815,534.8962147835924
GCACTAATCATCACAG-1,8,917.2489562403678,2154.537289366659
GCAGCCACAATGTCAC-1,13,1683.2257570183153,1384.7559327804734
GCAGCCACATAGCACT-1,8,927.5448513238408,2093.3829693004345
GCAGCCAGTCTATGAC-1,2,1032.6741445300838,2147.821261107553
GCAGCTGAGGCGTCCT-1,12,2142.010369201431,1489.967695925666
GCAGCTGCATGGATCT-1,11,1832.62881854719,983.0372821248213
GCAGCTGGTACCGGCT-1,4,1857.9712176026344,907.7565390805751
GCAGGCTCATAACTCG-1,9,428.10857201453416,1905.7943346089596
GCAGGCTGTCAAGCGA-1,11,1661.9334287887887,910.1386015756453
GCAGGCTGTCCCTAAA-1,13,1615.2483452656927,1490.0659847713057
GCAGGCTGTCCGGTCA-1,17,871.3983715257781,1576.4354472347532
GCAGTTAGTGGATCGA-1,11,1824.372510214671,1009.7511078565053
GCAGTTATCGACACTA-1,16,1556.6852784821237,2133.5586862659193
GCATCGGAGAGGCCAT-1,4,2006.8792546461643,696.6221433817976
GCATCGGCACTACACA-1,13,1710.504103695412,1406.889947923394
GCATCTCAGGACAACC-1,7,535.0932180217453,1591.0250073324662
GCATCTCTCCCTTCCC-1,7,618.2043457954184,1591.5001282383907
GCATGATAGAAGGCTC-1,4,1662.4036279579734,742.9224822204479
GCATGATCAAGTACCT-1,13,363.3827033009938,1227.745966670095
GCATGATTCCACAGGC-1,17,714.2508967872992,1746.1151911682362
GCATTAGGTTGCTCCT-1,13,1610.7024412429373,1375.317085639404
GCCAACGCAACGGGTA-1,7,604.6136222280983,1697.2633057088256
GCCAACGTCTGACGCG-1,8,900.5083423532839,2176.013176162329
GCCAGCAGTATCGTAC-1,3,866.0780458968957,2027.5216035952985
GCCAGCAGTCAGGTAG-1,4,2021.8346835273894,789.6027199803848
GCCAGGTAGCTAAGTA-1,16,1541.0449198392237,2067.0073551044975
GCCAGGTAGTTCCGGC-1,4,1780.2506006312399,771.251135695657
GCCAGGTAGTTGTAGA-1,0,948.1628829498304,1292.3891252619292
GCCAGGTGTTGGGACA-1,6,410.8799412950512,1728.0929496716717
GCCAGTGAGATGCAGC-1,11,1883.7234097158673,1085.2866036924706
GCCAGTGAGCCTGTGC-1,17,779.2756464509208,1725.3233192676428
GCCAGTGTCGTGTTCC-1,5,1558.26124964424,2396.000781212668
GCCAGTGTCTAGTTCT-1,4,2038.522323896054,758.2274896391672
GCCAGTGTCTTCTTCC-1,3,1003.77640549631,2047.697106512753
GCCATGGTCCCGTTGT-1,16,1488.1776968038214,1979.212315279176
GCCATTCCAGCTATAC-1,7,710.8384554564243,1662.0702933447615
GCCATTCCATGCTGCG-1,11,1736.1362456865716,915.583605753226
GCCATTCGTAGGTCAG-1,4,2083.2905601012976,762.4997143364243
GCCCGAACAGCTACTA-1,0,682.7200596972332,1337.238071339395
GCCCGAATCACGTCCT-1,13,1418.0935287863233,1289.0828988129315
GCCGATGAGCAACAGC-1,4,2041.8592065697444,766.5189927398775
GCCGATGTCAAAGAAC-1,16,1591.7719581339145,1932.7066200813651
GCCGTGATCTGCCTGT-1,16,1578.6045949613929,2100.090701073288
GCCTGTTAGCGATGAC-1,11,1793.5679447244918,1034.899043521963
GCCTGTTAGTTCCGGC-1,15,1454.6476429066877,2366.3941620487917
GCCTGTTGTGACTATC-1,16,1573.918889683003,2025.6572254067191
GCGAGAAAGACTAAGT-1,2,1240.9972437527056,2273.8244386920182
GCGATCGGTTCTTAGG-1,16,1626.4807357566735,2128.4019497339564
GCGGATCCACGACGCT-1,8,772.9063322687656,2246.921529050982
GCGGATCTCGGTGAAG-1,14,1948.5534486723204,2287.520040552593
GCGTGCAAGGGAGGTG-1,2,1126.5307038278772,2125.35464821992
GCGTTTCAGATAGCAT-1,0,958.3957367667045,1349.8995830716403
GCGTTTCAGGCACTCC-1,16,1365.9862661668944,1969.0689119986291
GCGTTTCGTGCATACT-1,6,397.43849504045147,1459.0666174294704
GCTACAAGTCTCTCAC-1,7,559.1764179596188,1607.3933323799229
GCTACAAGTGCGGCTT-1,15,1184.2440116347877,2411.932719192761
GCTACAAGTTCGGTTA-1,13,1567.2837246142717,1306.9461036623559
GCTCAAATCATGAGGG-1,1,549.8679907965573,1512.826882970361
GCTCAAATCTTTGGAG-1,10,586.0560093459062,866.5558564293633
GCTGAATAGTGTGTTC-1,13,291.31482991786834,1320.6570759137692
GCTGAATCAACAGTGG-1,2,1122.1952116153038,2059.545463358066
GCTGAATCATGACGGA-1,17,890.3141700789711,1606.2762323861702
GCTGCAGAGAAGTCAT-1,5,1682.280676896469,2311.4750734662343
GCTGCAGCAACTGCCG-1,16,1446.1028006690135,1899.872392555972
GCTGGGTAGCGACTTT-1,16,1405.5308036680024,1956.5294524642775
GCTTCACCACTCCTGT-1,5,1562.8884746587983,2346.065079038501
GCTTCACCATTCCTCG-1,5,1581.244687012205,2258.231433785403
GGAAGTGAGTTGTAAG-1,4,1890.3673303493915,866.4208671921547
GGAAGTGGTAGATCCT-1,12,1555.0010566896935,375.2837598292742
GGAAGTGTCAGACCTA-1,16,1451.6766344569405,2055.364740688118
GGAATCTAGCCTGACC-1,8,1020.5736212708766,2369.357130018756
GGAATCTCAGCGTGAA-1,10,500.15397999754475,801.0288070467755
GGAATGGGTCAGATTC-1,12,1573.9017445567883,582.8504507048647
GGAATGGTCAGGACGA-1,16,1345.3059993375396,1853.7433192511214
GGAGAACGTACTCGTA-1,16,1400.7341423700477,2036.0054326202048
GGAGATGAGTTAGAAC-1,2,958.8817702408697,2183.9473831695036
GGAGATGTCTCAGGCG-1,4,2074.5238799324266,808.0541484350873
GGAGCAAAGGCGAAGG-1,2,1204.6448413216829,2279.7858928692253
GGAGCAACAGGCGATA-1,17,945.2963528683472,1559.6397961858627
GGAGGATCAAGCCTGC-1,12,1962.105939111716,1617.1659071541696
GGAGGATGTCCACGCA-1,13,1731.492740609189,1334.8991451243908
GGAGGTAAGCATGCGA-1,6,396.5396822314046,1725.9267700995406
GGAGGTAAGTCAATCC-1,16,1475.2058073510138,2064.669070711549
GGATCTAAGATTCGAA-1,7,582.6109046559571,1579.7856981419143
GGATCTACAAGGTCTT-1,0,1024.4812250552209,1420.2679589735785
GGATCTACAATTGAGA-1,7,569.7909326025871,1605.99797773481
GGATGTTGTATGAAGT-1,5,1620.8643978781465,2325.577449157056
GGATGTTTCCCAGCGA-1,12,2114.899782236133,1200.4818161879698
GGCACGTGTGCTCGTG-1,16,1297.0480798948918,2082.4934977235816
GGCGTCACAAGGTACG-1,4,1798.3219036442058,714.271932908483
GGCGTCACATACAGAA-1,9,440.38464900329774,1859.141613704581
GGCGTCAGTAGGACTG-1,0,625.6792228551775,1303.701493981003
GGCGTCAGTCTGTGTA-1,16,1278.6149523877152,2037.4838508990058
GGCTGTGCATGTTCGA-1,0,535.0463765724411,1367.9394175826894
GGCTGTGGTAGCACGA-1,17,638.6068007782985,1715.1086831756581
GGCTTGGGTTAGAGAT-1,13,1002.3502147619722,1635.898977686191
GGCTTGGTCTAGAACC-1,11,2049.2409905549925,960.0312265048342
GGCTTTCGTTTCCATT-1,12,1567.2071708539104,570.7208176190036
GGGAAGTGTCTGTCCT-1,6,376.4774629166735,1713.5226334196211
GGGACAAAGGGAGGGT-1,4,1765.1480155330953,797.0123971688062
GGGACAAGTTTGAAAG-1,15,1126.0100299704754,2372.014833293234
GGGACCTCACCCGTAG-1,12,2050.804338355284,1507.0185599687077
GGGACCTGTAACAGGC-1,6,429.39138594870866,1615.6224072652012
GGGACCTGTACGTGTT-1,7,604.5962474387529,1541.6206276482071
GGGACTCAGTAGGATT-1,16,1363.2877638740817,1991.898079198129
GGGACTCCAGCACCCA-1,6,421.35623291995233,1708.453469088069
GGGAGATAGTGGGAAA-1,1,592.0941159950751,1458.3240379477131
GGGAGTAGTGTCATGT-1,10,478.8420235493761,848.8991159806643
GGGATCCGTCAGGTAG-1,13,1501.8561027397684,1239.5888196618866
GGGATGAAGGTTACAA-1,6,511.1408120207044,1725.6659299565022
GGGATGATCCTCCACA-1,15,1149.9265153449041,2377.3007918613775
GGGATGATCGTTCTCG-1,11,1833.4501096591682,950.1966981742696
GGGATGATCTGCAGCG-1,13,1633.8997992786265,1248.8408050865478
GGGCCATCACTTTATC-1,4,2057.584539958773,770.042799736691
GGGCCATTCAAGATAG-1,6,531.3240380135168,1728.8517070816276
GGGCGTTAGCCTTTCC-1,0,915.410441394934,1378.2870866634398
GGGCGTTAGTGAGGTC-1,17,648.1173841997007,1742.3181485282707
GGGCGTTCAGAGATGC-1,10,610.4880460565581,859.4428907632778
GGGCTACGTATACCTG-1,6,489.91482204228225,1747.603822252535
GGGCTACGTGAATAAC-1,8,867.1994873674528,2371.758439510928
GGGCTACGTGTTAACC-1,16,1621.907949685366,1947.0363856702659
GGGCTCAGTAGTGTGG-1,6,453.5146663619613,1686.3477895999972
GGGTAGACAACGCATT-1,14,1933.8735601915607,2345.373548402339
GGGTATTAGTTACTCG-1,6,441.12517274052686,1618.801009625803
GGGTATTGTAGTTACC-1,7,512.8448293740037,1565.5570905941036
GGGTCACGTCGTGATT-1,11,1939.2301302873273,916.0259562235633
GGGTGTCCACCCATAA-1,0,817.2621686436331,1370.9625518702871
GGGTGTCGTCTGTTAG-1,2,1126.0922525662534,2163.6085570756914
GGGTTATAGCTCACTA-1,8,851.0814466400356,2228.952786609975
GGGTTATAGGCCTTCG-1,4,1872.217878868262,822.5185816110311
GGGTTTAAGGTATAGT-1,16,1566.614514541235,1969.5200438727657
GGGTTTAAGTGCCCGT-1,0,478.21392494006875,1363.7824989853327
GGGTTTACAGGTAGTG-1,8,892.2943156470928,2124.699363670679
GGGTTTATCACTAGCA-1,0,871.2339073056177,1276.1008327249508
GGTAACTCACGCTATA-1,6,471.73159264819805,1620.5917259574987
GGTAACTCATATACCG-1,17,860.4720189456638,1557.9584327132695
GGTAATCCAGCGAGTA-1,11,1856.3485543578315,1040.292861252877
GGTAGAGGTTTCACTT-1,1,496.5481742792081,1444.667651722249
GGTAGAGTCCATCGTC-1,7,587.7741337846797,1613.2134321503581
GGTAGAGTCGAAACAA-1,8,963.0533759706447,2097.624043990985
GGTAGAGTCGGCTGGT-1,4,1971.6513827300867,773.4903351768919
GGTAGAGTCTTCTGTA-1,7,540.9679521513057,1678.4282156705187
GGTCACGCACCTCGTT-1,16,1541.291763509614,2125.820137654261
GGTCACGTCCGCAAAT-1,17,681.5509932109721,1807.2979435013715
GGTCTGGTCTGCTCTG-1,6,408.7439662198244,1736.5476206202427
GGTGAAGAGACAACAT-1,11,1806.3810602266624,993.1256625298867
GGTGATTGTTAAGGGC-1,13,1371.1129726769072,1422.9671932262945
GGTGATTTCGAGAATA-1,16,1505.3134464400098,1833.8990654822735
GGTGGCTAGCACCTGC-1,1,545.616474119664,1446.5302332825868
GGTGGCTAGGCTGGAT-1,0,770.429676214196,1275.938449000296
GGTGGCTCAATGAGCG-1,0,778.0022297445221,1310.4403276639853
GGTGTTAAGACAAGCC-1,12,2020.9422889341226,1538.5185805171097
GGTGTTAAGAGTTGAT-1,13,1754.0144852824756,1299.5662771778725
GGTGTTACATTGAAAG-1,2,1141.3550814130788,2130.8123314853347
GGTGTTAGTGTTCGAT-1,6,404.0541314213482,1563.09802484777
GGTTAACCACAGAGAC-1,2,1037.7378565886197,2289.785615560476
GGTTAACTCTGAGAGG-1,8,957.3674482514381,2101.0230273699685
GGTTCTCCAGCTATAC-1,5,1666.440232985308,2167.0452232347316
GGTTCTCCATGTGCCG-1,7,580.4158427817107,1526.5800063235895
GGTTCTCTCCCAGCGA-1,11,2021.3282648635588,932.2864954233874
GGTTGTAGTGCATTTG-1,1,512.7490027677819,1428.172992625918
GGTTGTATCAACTGAC-1,12,1998.0910499713762,1518.9767165033368
GTAACACAGGCTCAAG-1,2,1133.7201964471342,2068.1456718068666
GTAACCAAGATGTTCC-1,4,1874.5278871893381,891.2155354224024
GTAACCATCTTCCGTG-1,12,1290.62348273628,469.81320070163076
GTAATCGAGCGTGTTT-1,13,1420.676432989367,1351.4792980289155
GTAATCGGTTACCCAA-1,6,428.793574812944,1705.7382254683268
GTAATCGTCGTTGTGA-1,17,831.1812988659066,1677.1821709452424
GTAATGCAGCATGAAT-1,7,530.435089283079,1572.0872226214724
GTAATGCGTCACGACC-1,2,990.2081572319119,2288.8397760146154
GTACAACCAACAGATA-1,11,1942.223606268965,984.9794970261644
GTACAGTAGTATTAGG-1,8,759.3319044439635,2263.604681594836
GTACAGTCACAAGCTT-1,4,1707.44873409616,770.482490737656
GTAGAAAGTCGCATCG-1,13,1296.1370229550987,1599.4794296478542
GTAGAAAGTTCGGGTC-1,4,1967.3143234320473,709.0010944580333
GTAGAAAGTTTAGAGA-1,7,618.6827858175538,1661.2833483627235
GTAGAGGTCACTTGGA-1,1,580.6917881069832,1475.4756072344921
GTAGAGGTCTGGCCTT-1,11,1937.5913968941852,969.5407281364229
GTAGATCTCGCTACAA-1,15,1499.1932258805152,2259.085589453743
GTAGCTAAGCCTGGAA-1,7,703.8787787131114,1639.7573947021713
GTAGCTACAGCTATTG-1,2,1004.933118965016,2196.1340789684905
GTAGCTACAGGCGTTC-1,16,1258.3079379110432,1906.4063632406228
GTAGCTAGTTACACAC-1,8,863.459865294199,2361.4211381650894
GTAGCTAGTTTACTTC-1,17,756.3784633447315,1719.995769411964
GTAGCTATCTTTGCTA-1,16,1571.2088308857642,1938.2579690078283
GTAGGAGAGCACCAGA-1,8,904.8510474067358,2334.4266963403093
GTAGGAGCATCTAACG-1,16,1591.464052611607,1982.5333219029267
GTAGGAGGTTCAAACC-1,16,1592.076992006687,1983.8268871842984
GTAGGAGTCTGCGGAC-1,8,891.8874852592953,2287.3652322406806
GTAGGTTGTTGGATCT-1,0,753.0088721837858,1301.376045260818
GTAGTACAGCGTACAG-1,6,459.41493500271605,1672.1515806046164
GTAGTACCATGAAAGT-1,7,623.7998533789,1557.3958451891417
GTAGTACGTGCAGATG-1,0,457.5340246430486,1395.857339232318
GTATTGGAGGCTTAGG-1,8,854.2271595161773,2209.070018579839
GTATTGGGTCTTTCAT-1,0,696.867592813387,1296.593251905725
GTATTGGGTTGGCTAT-1,15,1200.2738647584806,2349.4527322797508
GTATTTCCAGCATGCC-1,5,1697.2709551454475,2145.5534674038936
GTATTTCGTATCGCAT-1,8,848.5424209627498,2166.0935303481165
GTCAAACAGAGGGCGA-1,2,1180.3108030977858,2259.4525049219324
GTCAAGTAGGTCGTCC-1,3,1048.6563781155733,2003.9104658022654
GTCACGGCAACTTGCA-1,8,989.8610170250952,2409.4935755291667
GTCACGGCATCCGGCA-1,8,803.9830569422312,2273.7333552089785
GTCACGGTCCGTGTGG-1,12,2108.4502081326004,1602.9978698469583
GTCACTCGTGCAAGAC-1,15,1188.2044206979335,2440.346750573287
GTCAGCGCAGCCCACA-1,11,1812.3461787385693,1011.723913633803
GTCATCCGTATGTCCA-1,17,622.1896082594981,1793.577164301216
GTCATCCGTGAGATCG-1,17,576.3696749135636,1778.4659726050295
GTCATGAAGCTGAGTG-1,1,509.3202985547471,1425.1798183895753
GTCATGAAGGCATGGT-1,12,2154.089657099655,1456.208505211413
GTCATGACAAGAGTGC-1,0,722.9005825205521,1359.313725394867
GTCATGATCCTAGCGG-1,6,449.62060649014353,1726.9156086457303
GTCCACTAGGTGGTTG-1,5,1680.2400509691172,2320.0774355857707
GTCCACTAGTATGATG-1,16,1427.0256751954828,2029.7472680477683
GTCCACTCATGGAACG-1,9,457.59626449769365,2053.130419120096
GTCCACTGTTTAGACC-1,8,801.9158969636161,2306.032651732318
GTCCTCAGTCTGTCAA-1,5,1710.7214093026764,2130.122143038245
GTCGAATAGATTACCC-1,8,837.9452442174545,2297.1912226585287
GTCGAATTCAGACCGC-1,3,867.6019492692565,2093.864465843745
GTCGCGAAGGAAGAAC-1,4,1965.3162290215876,702.2413761187182
GTCGTAAAGAGGGTCT-1,7,606.4418862822031,1639.0840805264445
GTCGTTCCAATTGCCA-1,5,1589.5022619217111,2316.9704135353436
GTCGTTCTCATTTGGG-1,8,787.7175507194853,2265.899650488842
GTCTACCAGCGCGTTC-1,15,1340.2502145798164,2147.7985971269686
GTCTACCCACAGCCAC-1,12,2075.116799334717,1528.8696159667431
GTCTACCGTGTCATGT-1,3,821.0766511226429,2119.365417035236
GTCTAGAGTCTCAAGT-1,8,1072.471142172267,2362.8341838279916
GTCTCACGTATGTCAC-1,6,436.319292367882,1456.3556032484198
GTCTCACTCGAGCCTG-1,16,1588.5300979725823,1957.6424734467462
GTCTGTCAGCGAGTCA-1,11,1805.9306642288504,917.0179206278272
GTCTGTCTCAATGCAC-1,8,799.5658610515242,2155.2924762517173
GTCTTTACACGCGTCA-1,13,1481.757550518485,1354.620001924298
GTGAGCCCAGGACATG-1,15,1440.9158175225548,2300.451260738915
GTGAGCCTCATGGTAC-1,2,1109.8954344704264,2343.2655044710496
GTGAGTTTCTTAAGGC-1,5,1517.1336695708105,2394.3068495986417
GTGCACGCAAAGGCTG-1,0,815.9529416248856,1386.1009616693475
GTGCAGCAGCTGTACT-1,2,1065.8749014772648,2166.4897751350977
GTGCGTGCACTGAGGA-1,5,1523.9369837923718,2425.5612411209263
GTGCGTGCATCCCACT-1,8,945.3562997339152,2348.756020420624
GTGCGTGTCCGGACTG-1,15,1387.3072036819362,2195.164658009374
GTGCTGGAGCTCCGAC-1,15,1193.4829895940684,2460.3709220136852
GTGCTTCTCAAAGACA-1,0,869.8861612688906,1398.2632344953533
GTGCTTCTCTTCTCAA-1,7,598.4394001741673,1681.7460946280773
GTGGAAGAGACGAGCT-1,4,1825.3176217046587,813.8227302160068
GTGGAAGCAGCACAGA-1,1,771.3902675008901,1477.6760059721912
GTGGAAGTCCACAGCG-1,11,1784.0852622457235,1068.7617235267262
GTGGAAGTCTCTGGTC-1,4,2087.527135131561,815.8538632147971
GTGGAGAAGAGTATAC-1,6,435.1526059067526,1667.55899838767
GTGGAGACAATTAGGA-1,11,1884.928604293945,1021.3917533385536
GTGGAGACAGGACTTT-1,5,1581.1376943529322,2196.550171982485
GTGGCGTAGGATGAGA-1,0,716.9049279512662,1360.2568544072103
GTGGGAAAGCTGTGCC-1,16,1422.6745867042089,1945.335956724494
GTGGGAATCAAGTTGC-1,11,1936.693182210374,996.1910712195429
GTGGTTAAGTATGACA-1,7,547.9371690834079,1542.3408963917414
GTGGTTAAGTTGCTCA-1,6,470.3657649866144,1755.2365989875248
GTGTAACTCCAGCCTT-1,1,692.418213610181,1430.8336736856104
GTGTAACTCGCCGATG-1,2,1123.8007931013126,2334.0695192134754
GTGTCCTAGAGGGTCT-1,13,325.5663998202245,1176.8654093237853
GTGTCCTCAAGATGGC-1,1,767.2277770284381,1503.8011137113053
GTGTCCTGTGCTATTG-1,0,1021.2447475434506,1369.8329556257977
GTGTCCTGTTCGTACA-1,6,466.2435035169288,1613.6747933427253
GTGTGATGTCGCATTA-1,16,1599.1352433008185,1866.2911593005288
GTGTGGCGTCCAAATC-1,16,1549.746365511405,2105.1279119307997
GTGTGGCGTTCTAACG-1,6,408.4475263531578,1482.0386657399902
GTGTTAGAGCCTATTG-1,4,1859.2837996706903,714.9186433768633
GTGTTAGCATGCCGGT-1,2,1257.001697624924,2259.4568502043776
GTGTTCCCAGTGCGCT-1,5,1665.4498078800239,2238.13974852487
GTGTTCCCATATACCG-1,8,950.3965016526496,2160.1165889654226
GTTACAGAGACGCATG-1,11,1853.1787689778907,1018.0705152937189
GTTACAGGTAGGTACG-1,0,741.9680377542599,1332.090651323039
GTTACCCAGCCATCCG-1,0,612.9800558540884,1340.2293286290783
GTTACCCCATGTACGT-1,15,1157.208742779902,2492.7953787464207
GTTACCCGTAGCTTAC-1,7,510.3696695716353,1580.6723005293927
GTTACCCGTCGGAACA-1,11,1680.4809581437914,887.9470217097344
GTTACGACAAGCGCAA-1,11,2001.5070401719959,925.9717679713798
GTTAGACAGAGTTCGG-1,7,618.0386325841557,1651.3078703891704
GTTAGACCAAGACAAT-1,12,2257.5448637687837,1208.8668029017506
GTTAGACTCTGCTTTA-1,17,609.0908488979079,1790.8063623232333
GTTATGGTCTTCCACG-1,9,443.83955553411647,1845.313623562866
GTTCATTAGAAGCTGC-1,2,983.2589923120912,2165.8565034944313
GTTCATTAGGTTTGAA-1,2,1053.3067884443753,2119.2214858882435
GTTCATTGTCGAGTGA-1,11,1976.7064582691864,930.1405542580883
GTTCATTTCTTACGGA-1,0,1028.1030404666187,1456.7292023322207
GTTCCGTCATGACTGT-1,15,1130.220755938114,2444.5922183220205
GTTCCGTGTCGGAACA-1,1,654.1379082756862,1445.1262309387764
GTTCCGTGTGTATACC-1,11,1798.8257975900617,938.1322350734114
GTTCCGTTCCATTGTT-1,1,640.8461571282667,1425.193586727442
GTTCGCTCAAGAGTGC-1,7,829.4025103133114,1589.6801670534715
GTTCGCTCACCATATG-1,9,476.56267075074646,1877.2757482420998
GTTCTATCACTCTAGA-1,11,1980.0923679180307,1040.9037874119367
GTTGAACTCAATCAGC-1,16,1452.5332150213553,2089.004357624906
GTTGCGGGTCGTAATC-1,10,422.0238130146247,920.3143014439669
GTTGCTCAGTCTTCGA-1,8,928.3509357420768,2143.510125398771
GTTGCTCCACGTAGAG-1,1,600.87663474334,1435.6056569277778
GTTGTAGTCACCCTCA-1,11,1760.6336124173579,1108.9160583174285
GTTGTAGTCCCTCAAC-1,17,597.1858547272863,1746.479452142359
GTTGTCCAGGTCCTGC-1,17,893.3071001567947,1609.4648530302711
GTTGTCCGTCAGATTC-1,7,690.3601332038066,1510.5337861878127
GTTGTCCTCAAGGTGG-1,13,322.0496286950127,1214.797247590784
GTTGTGACAGAAGTTA-1,8,1035.6307279209072,2459.4613365106925
GTTTACTAGAGTTCGG-1,16,1480.849772223325,1871.1013220893662
GTTTACTAGCCTAGGA-1,6,422.7311926274988,1513.1396709686114
GTTTACTAGGCGAACT-1,11,1849.9493592649128,1043.0794369408386
GTTTACTTCGGCTATA-1,17,678.8770849859965,1807.1697746703262
GTTTGGAAGGCATCAG-1,11,2007.7184673424408,950.6683001948458
GTTTGGAAGTCCCGGT-1,12,2100.0716892550417,1499.6704005536672
GTTTGGAGTCTGCATA-1,13,1639.1181576603246,1349.905522441379
GTTTGGAGTTCGGTAT-1,8,998.137274976849,2065.9707009368094
GTTTGGATCGAACGGA-1,5,1499.5390270777546,2362.1238084112097
TAACGACGTAACCCGC-1,4,1900.6776870223448,842.8122810238995
TAACTTCAGATACTGA-1,0,876.8443863940398,1292.689027351522
TAACTTCCATCGCCTT-1,1,559.763629657892,1407.637532662744
TAAGCACCACCCTAGG-1,10,646.4641818448823,850.5567661642448
TAAGCCAAGACCCTTA-1,0,546.7051717291426,1360.111016602165
TAAGCCAAGCGAGTAC-1,8,961.0316618410203,2370.9134239508535
TAAGCCACAAACAGGC-1,13,1425.643722846646,1384.6342246071608
TAAGCCAGTCTCCTGT-1,12,2054.53465637994,1499.8117965467095
TAAGCGTAGAAGGCTC-1,6,424.8886825212257,1622.5969840679293
TAAGCGTCAATACCTG-1,7,510.57781703728443,1630.0912235905007
TAAGCGTGTAGCTGCC-1,6,448.0253069464626,1476.5047579532338
TAAGTCGGTAGCGATG-1,8,1033.0738713489793,2362.795230577614
TAATCTCAGCGTGTCC-1,16,1269.1776229945533,2012.047619950932
TAATTCCCAGTGCGCT-1,0,997.102464171243,1373.6137252513956
TAATTCCGTACAGCGA-1,8,986.68340264619,2347.503782412103
TAATTCCGTGAGTCAG-1,5,1588.1694053547867,2225.8330844600982
TAATTCCGTTCTGAGT-1,7,698.967047583299,1563.6072380621986
TACACCCAGAAAGTCT-1,13,1306.393644051793,1480.3434549779108
TACACCCAGAGGTTAT-1,5,1667.8801743058286,2348.3515462897058
TACACCCGTAGGATAT-1,13,1474.288403697365,1318.2914278482797
TACAGGTAGTAGGGTC-1,15,1126.005102921354,2456.35763685095
TACAGGTAGTGCTCAT-1,2,1112.0222911307433,2301.700976392776
TACATTCGTGCGGTAA-1,16,1632.4850942831729,2014.5350527449993
TACATTCTCTATTGTC-1,13,1737.151656174273,1279.8394225300594
TACCCACTCCACGGGT-1,4,1926.143224633581,615.3355170899275
TACCCGTAGGCACTCC-1,16,1504.1887223946621,1805.8934582083718
TACCCGTAGGGCTTCC-1,6,451.09541806935425,1711.9961678743432
TACCGAACACTTACAG-1,5,1561.246985265427,2337.555778205956
TACCGGGAGGTATAGT-1,9,402.11660875187187,1947.0955838071604
TACCTCGAGACCTCAT-1,8,897.9384912858592,2246.871479053534
TACCTCGCATCCTATT-1,7,652.6223861904987,1592.4098982100052
TACCTGCCACCAACAT-1,5,1488.8476611097478,2384.245927266138
TACCTGCGTCCAGGTC-1,7,724.6222669938403,1612.910168992088
TACCTGCTCGACCAAT-1,16,1504.6737292914456,2098.3719702258095
TACGCTCAGCTTCATG-1,2,1093.773488105899,2246.4540515361923
TACGCTCGTTAAGTCC-1,8,986.9012622471362,2351.039518012379
TACGGGCAGGTCCGAA-1,14,1952.9114927234596,2300.6872438682867
TACGGGCTCCGACAGC-1,11,2037.9411060422815,952.2967448257244
TACGGTAAGATCGCTT-1,16,1333.8333617211497,2020.0475612182393
TACGTCCCAGCTGGTC-1,13,347.90723502257714,1221.1863159785032
TACGTCCTCAAACGTC-1,12,2106.0755023989036,1581.2712612670123
TACTGCCAGATTGATG-1,1,580.1373930640015,1444.4099618081434
TACTGCCCACGCTTAA-1,16,1296.6522103968491,2071.166769974848
TACTGCCGTGAGTCAG-1,16,1469.1961325063075,2050.8943799825565
TACTGCCTCGACGACC-1,7,770.9066630818729,1550.5971571566142
TACTTACCAAATACAG-1,12,2042.822957267703,1574.4719763214603
TACTTGTCATGCCGGT-1,13,1374.7111197307281,1536.3072893612066
TACTTGTGTTAAACCC-1,4,2026.2750917118326,675.558980397401
TAGACCAGTATCGTTG-1,2,1185.982627430714,2109.8042679413466
TAGACCAGTTCGAACT-1,13,1390.3212336267588,1300.2566744256515
TAGACCATCAGACCCG-1,7,734.0726600660047,1516.5130998565621
TAGAGTCCACATCCCT-1,17,981.058462740214,1576.1917788310511
TAGAGTCTCAGAATAG-1,13,1490.0498459810053,1367.8266235890906
TAGATCGCACAGCGCT-1,6,534.1927725732205,1709.403183363252
TAGATCGCAGGAATCG-1,0,540.5109711042165,1284.3506482392017
TAGATCGTCTGACAGT-1,8,999.8507101281959,2374.3366165059615
TAGCACATCGTCGACG-1,5,1506.6839969504351,2299.5961822738836
TAGGAGGTCTGGGATT-1,5,1783.051311558104,2263.9550946269496
TAGGGTTCAAATCGGG-1,7,599.0588997931607,1620.385675813481
TAGGGTTGTAACAGGC-1,16,1571.817923016271,2148.063952390455
TAGGTACAGAGCAGTC-1,5,1672.5401554691625,2226.730186866931
TAGGTACGTTCAATCG-1,16,1470.1623129278303,1996.8382980988663
TAGGTACGTTGGGTAG-1,13,321.4710397437373,1261.6973049319568
TAGGTACTCAGCCCAG-1,17,655.8481338985588,1760.511417167098
TAGTGCAGTGGTCAAG-1,2,929.4651577145875,2222.718131824128
TATACCTCAAATCCCA-1,4,2043.340284492203,871.9566255599071
TATACCTTCGAGCCTG-1,12,1548.0585089923577,625.4254652958989
TATATCCGTGATACAA-1,5,1549.907137823622,2371.938680821976
TATCAGGTCTGAGAGG-1,0,520.8480921614066,1345.2102279363232
TATCGCCAGACCATGG-1,17,709.6925535678336,1807.360616116212
TATCGCCAGACGGTTG-1,14,1949.5573632082812,2319.954990502532
TATCGCCCAAGCGGAT-1,16,1419.4424418526896,2003.277794534983
TATCGCCGTTTCGCTC-1,12,2306.477323935677,1219.8680232822326
TATCGCCTCATGCCAA-1,4,1906.2491130344627,665.6834778981316
TATCTGTTCTGAATGC-1,15,1406.2755839009535,2295.7911817183003
TATCTGTTCTGGGCCA-1,3,1078.831440285302,2022.5059294590208
TATGTTCCACAATGTC-1,8,886.1566038374568,2355.7320159480964
TATTCCAAGATAGCAT-1,1,545.6779626327608,1513.9782090064741
TATTCCAGTAACACCT-1,8,1064.6814457928997,2376.042476077058
TATTCCATCGACGCGT-1,16,1648.5857150065453,2004.4840094592362
TATTCCATCTCACTCG-1,6,536.9901912234689,1712.0507380213635
TATTGGGCAGGCATGA-1,16,1413.6126720240034,2037.4581786297153
TATTTCGAGGCTTCCG-1,7,680.612211218042,1538.5657715470447
TATTTCGTCATCCTAT-1,1,500.6541876296102,1505.8065778272905
TCAAGACCAATTGAGA-1,4,2053.4277758624526,774.0802718502894
TCAAGACCAGTCCCGA-1,13,1328.5338352794115,1551.9265447469224
TCAAGCACAGATACTC-1,3,1004.061713581454,2009.6437650120697
TCAAGTGAGTGGAAAG-1,8,891.1394295096516,2283.2164235587834
TCAAGTGCAATCCTAG-1,15,1101.6745066035453,2418.090491864055
TCAATCTCACACGTGC-1,1,543.1664831545505,1415.4718899093784
TCAATCTGTTTGGGTT-1,11,1715.1843924715029,924.8158786387663
TCAATTCAGCATCTTG-1,2,1148.4791477128983,2174.596580121694
TCAATTCCAATAAGGT-1,15,1376.7767206232256,2385.448691399481
TCAATTCTCTCGGCTT-1,2,1010.4364647230655,2270.6556480523404
TCACAAGAGGCTGAAC-1,15,1427.289348044575,2170.352816883207
TCACAAGAGGGCTAAC-1,7,647.5503752848222,1595.1135036886035
TCACAAGCAATTGCGT-1,17,595.6998438014182,1752.4978212550127
TCACACCAGCACGATG-1,11,1752.2777877843764,991.4483044352884
TCACACCAGCCGTAAG-1,0,798.2282542742812,1459.6166832319416
TCACACCCAATACAGA-1,13,1439.124269822346,1485.7336512488266
TCACACCGTGCCCACA-1,1,603.7710319987575,1415.0103568404847
TCACACCGTTACAGCT-1,6,461.1927100480833,1533.3494651295453
TCACATTTCCAAGAGG-1,7,654.6056312477263,1649.7533415992355
TCACGCTTCACATTGG-1,0,755.274991550753,1311.2669913392674
TCACGCTTCTCGGTCT-1,16,1496.8137285556556,1891.911606789067
TCACGGGCATCTGGGC-1,7,640.831497825956,1494.7963432855568
TCAGCAAGTCATTCCC-1,7,661.0198552398949,1510.830766277451
TCAGCAAGTGTTGCCG-1,4,2014.104219525714,825.5575824191322
TCAGCCTAGCGCCATC-1,7,511.7479811299385,1630.979972103361
TCAGCCTGTTCTTGTT-1,7,719.9328560929509,1640.6399296200539
TCAGCCTTCGGTCTGG-1,13,1420.702733481713,1254.1747509552906
TCAGCCTTCGTCGCTT-1,15,1115.5156632450517,2425.340946185202
TCAGGTAAGCGGCTCT-1,15,1165.1647560046092,2457.6942615184125
TCAGGTAGTCAGTCGC-1,10,689.0900514995259,769.1539561102364
TCAGTCCAGCTCCATA-1,1,765.8394381407879,1485.3963737833728
TCAGTCCAGCTCGGCT-1,9,474.23781002614305,1845.9785059323826
TCAGTCCCACGCTGCA-1,13,1386.3103549087361,1298.0023286016567
TCAGTCCTCACAGAGG-1,6,446.5199926473796,1560.162738378052
TCAGTGAGTCGTTATG-1,11,1862.7770039222275,1124.9953994597
TCAGTGATCCACGTAA-1,0,848.964304471027,1352.6820495579702
TCATACTAGGTTAAAC-1,10,511.9401423327724,732.7267896274957
TCATACTCATCTCAAG-1,15,1215.5023413834983,2424.289538537422
TCATATCAGAGGATGA-1,2,1076.628877850353,2324.3318453490906
TCATATCAGCCTGTGC-1,8,884.2721158893969,2410.948246567608
TCATATCTCCATACAG-1,6,414.615455304232,1454.9191599598937
TCATATCTCGGTGTAT-1,2,1166.0669326539905,2312.6629205442396
TCATCATCAAAGGCTG-1,16,1438.3373701498358,2005.3598970490177
TCATCATTCTAACACG-1,2,1218.912254982056,2256.7300392700677
TCATCCGTCCGCATAA-1,16,1405.7201487205077,2056.018761400503
TCATGCCTCATCACTT-1,5,1730.56704545589,2009.1315570525817
TCATGTTAGAGTTGCG-1,7,605.9877200014224,1642.6325260428005
TCATGTTAGCTGTTCA-1,17,879.0219218387025,1631.4421293111752
TCATGTTGTCCAAATC-1,2,1026.5193267491186,2309.430185375236
TCATTACAGATGACAT-1,4,2019.0053575487468,764.2099991150862
TCATTACTCGAGAGAC-1,1,482.35149223402465,1431.1879008465137
TCATTCAGTTGCATGT-1,2,930.5549244106194,2219.6546457459126
TCATTGTAGCCATTTG-1,8,964.1367691415061,2334.1527075108825
TCATTTGTCCAACCAA-1,8,954.8465597107019,2073.7532191955333
TCCACCAAGTCGGCCT-1,16,1499.9079252459328,2001.9770295297194
TCCACCAGTGAGAACC-1,2,1156.9967050529583,2065.132845469593
TCCACGTAGGACAGTC-1,17,564.6516184087907,1744.4371693363205
TCCACGTAGGGCCCTT-1,13,1353.0831231303773,1458.805828719348
TCCAGAATCCGTGGTG-1,16,1449.1154924457367,1985.9696292378612
TCCATCGCAAGGAGTC-1,12,1666.8373128984751,399.47543312716624
TCCATCGCATGAAAGT-1,7,686.9705597620552,1547.4404456744503
TCCCACACAAGGGTCA-1,8,862.4090122350678,2199.848344016277
TCCCACACATAGGTAA-1,4,1962.497703610914,710.0514554707223
TCCCACAGTAGCTTAC-1,4,1870.3766666104837,911.6831492906875
TCCCACATCCTTCACG-1,3,941.8296957160619,2040.5955487714386
TCCCACATCTCCACTG-1,4,2044.2564222803105,776.8706240959697
TCCCAGTGTCGCAACC-1,7,543.4742662398498,1625.8406166557106
TCCCAGTTCCGGACGT-1,1,583.020692849882,1465.3803451128276
TCCCATGCACGACTAT-1,15,1222.5330630485228,2411.2724725131798
TCCGGGAAGATAGTCA-1,1,514.2637804359338,1490.0340513399924
TCCGGGAGTAGAGATT-1,9,360.9656763051036,1723.0908205753124
TCCGGGAGTGTCCCTT-1,11,1809.007323578795,900.6203858507198
TCCGGGATCTTAAGGC-1,0,556.7173989520189,1282.5978569279039
TCCGTGTGTTTCAGAC-1,6,471.13553936785576,1731.7838135803481
TCCTAATAGTTTGTCG-1,0,954.140252830316,1335.5684359175013
TCCTAATCAGTGCCTG-1,0,772.7696618214635,1428.5047728530067
TCCTCCCAGACTTAAG-1,4,2089.4421990614514,817.4688684548264
TCCTCCCCACGATAGG-1,14,1962.366969184167,2206.3395093759154
TCCTCTTAGGACATCG-1,11,1923.7023975488084,1047.2379905097334
TCCTCTTTCTTCTTCC-1,17,989.7781611010225,1502.0121915885156
TCCTGCAGTATTAAGG-1,15,1384.9506481428218,2185.094577554738
TCCTTCTGTTGTAAAG-1,17,870.3549385664431,1589.9696844548941
TCCTTTCTCTCGACCT-1,6,420.3761444007812,1515.9737230452433
TCGAACAAGCGACTAG-1,7,600.0649719550789,1709.5419085633994
TCGAACAAGCTGAAGC-1,15,1211.5830832050676,2452.7980360138836
TCGAACATCACTTGGA-1,0,817.1719403624551,1294.5686871431358
TCGAAGTCAAATAGCA-1,7,821.9175897531537,1599.3762935725604
TCGAAGTCAGACTCTA-1,0,1004.9737751562913,1434.1083326888565
TCGAAGTCATAACTCG-1,8,972.4391537882274,2122.0903321801466
TCGACCTAGGAAGTAG-1,1,714.0770268060897,1461.740621306777
TCGACCTCACTAGTAC-1,2,959.3509737009704,2215.0102599073944
TCGACCTCAGAAATCA-1,4,1697.97010877296,758.4233688410432
TCGACCTTCGTAGTCA-1,8,977.66373098517,2408.2853645430146
TCGACGGCAGTAGTGG-1,13,1284.7403566316439,1296.9325985011951
TCGACGGTCGCTATTT-1,1,514.5369340845215,1469.4667261258355
TCGCACTGTGTACAGG-1,12,1176.8810801690263,563.2572775591393
TCGCAGGCACGCTGTG-1,9,333.9409336521375,1523.0334520983865
TCGCAGGCAGATTAAG-1,16,1632.4031197319625,1874.2693131566098
TCGCAGGTCGAAGGAC-1,11,1760.767610980889,951.1811546478793
TCGCTCACACGTACTA-1,7,669.9301029608101,1553.5478115555875
TCGCTCATCCTGTACC-1,10,515.0150624927221,818.0463023752768
TCGCTTGAGACATACA-1,17,606.7504847975239,1758.7614378925555
TCGCTTGTCAAGGACG-1,1,755.8356657484596,1460.7653752804883
TCGCTTGTCCTAAACG-1,6,531.0339167856658,1736.706980315985
TCGGATACACACTGGC-1,16,1592.665834660886,2041.836424937965
TCGGATAGTTGGAGGT-1,13,1370.8253978312323,1499.1904866167458
TCGGATATCTAACACG-1,17,646.3039030546398,1777.470953329378
TCGGGACAGTGTACAA-1,7,766.2706095941792,1671.4283260102502
TCGGGACCAGCGTGCT-1,3,893.2937636202224,2059.142476923226
TCGGGACCAGTTAGAA-1,8,1011.5219760505979,2425.0897691166774
TCGGGACGTCGTAATC-1,16,1370.7637155280522,2089.54619370107
TCGGGACGTTAAGGAT-1,9,523.1812207683004,2009.0105016807213
TCGGGCATCTCGTCGT-1,15,1209.8254936026517,2448.008953476943
TCGGGTGAGCGAGTCA-1,13,1656.9464107531333,1398.9354596306598
TCGGGTGAGTGCCGAA-1,5,1647.080433025387,2258.921862724649
TCGGGTGCATGATGCT-1,8,860.8810280745816,2303.4256078526796
TCGGGTGGTGCAACAG-1,17,581.882595584648,1812.2338020683935
TCGGTCTCAAGGTTGG-1,6,384.83975685396007,1750.1932124152106
TCGTAGAGTAAGTTAG-1,9,520.9631768101386,1970.839935314844
TCGTAGAGTACAGTCT-1,2,1188.5324099141078,2259.5213867351913
TCGTAGATCAGGACAG-1,13,1470.003237640159,1365.299541535533
TCGTAGATCGCCGATG-1,6,492.7280481219688,1742.6231629536323
TCGTCCAAGACATCAA-1,0,1018.6151557362746,1419.9421401502254
TCGTCCAAGTTCGCAT-1,12,1577.6037791383592,629.959227504581
TCGTCCACAAGATGGC-1,7,565.981132657568,1568.7094536364957
TCGTGCTAGGGATCAC-1,0,878.3868634637241,1414.9497505958682
TCGTGCTTCCGAGATT-1,13,304.5637605361741,1247.4508070026611
TCGTGGGCAGTTGTTG-1,11,1776.8258801425197,1089.0233816928367
TCGTGGGGTGGGTCAA-1,9,482.1968065048751,1839.886797568787
TCGTGGGTCTGTGTGA-1,17,957.4927239823713,1465.4552230604431
TCTAACTTCGTGTTCC-1,2,1138.2205781485336,2314.3340859905366
TCTACATGTTGAAGTA-1,11,1976.3275651222511,923.5392037399608
TCTACATGTTGGACTT-1,16,1272.0451960524379,1944.003289929661
TCTATCAAGCACACAG-1,7,734.5002050154617,1669.1349658215374
TCTATCAAGGCAATGC-1,13,1416.4563830933532,1419.3601523806165
TCTATCAAGTCCCAGC-1,17,923.8236887073514,1573.8141900682908
TCTATCAAGTGCACCC-1,8,777.2140232354212,2200.283251435859
TCTATCATCTTCGCTG-1,7,664.3344907792912,1626.66993998986
TCTCACGCAAGACAAT-1,0,914.3730975472967,1399.8592415041405
TCTCACGGTCATATGC-1,8,998.4411668858013,2451.6652773523806
TCTCAGCAGTAGGATT-1,2,1233.6235962403368,2147.6253038936707
TCTCAGCCAGTAACCT-1,17,821.4262787040179,1673.3539515511156
TCTCAGCGTAGACAGC-1,17,672.9433043014109,1782.0096853316995
TCTCCGACACTCTGCT-1,13,1447.7933269425228,1250.7365162535154
TCTCCGAGTTATGTGC-1,15,1130.682540156504,2368.124946615601
TCTCCGAGTTGGACCC-1,4,1910.1023277474878,814.8395573659676
TCTCTGGCAAGGCTTT-1,13,374.80148481443564,1211.3633384564962
TCTCTGGGTCTCTCCA-1,16,1491.1145788932301,1902.4500091278185
TCTCTGGTCCTCACCA-1,4,1876.2618857833854,664.3635527583856
TCTGCCAGTTCTAAGC-1,8,968.6106956998298,2411.3533274661118
TCTGCCATCTAGAACC-1,0,891.9850703942428,1366.6670144575637
TCTGGCTCACGACGAA-1,6,508.4411610715853,1774.2566864546307
TCTGGCTTCCGATAAC-1,5,1583.2167693277815,2238.22755839436
TCTTAGTTCCCTCAAC-1,0,547.4679365252442,1307.7056570139835
TCTTGCGAGCCGAACA-1,13,1276.017953782266,1600.4188752363434
TCTTGCGCACATGTTG-1,12,1948.7228393358855,1596.7285046223965
TCTTTGATCCAGGACC-1,17,624.480683918205,1719.7891885861468
TGAACGTTCACTTTGT-1,6,416.20177918190757,1707.9315135110169
TGAATCGGTCACCGAC-1,12,2185.758714140059,1546.5893629207058
TGAATGCCAGCTCTGG-1,0,615.117588959296,1330.1216353869372
TGACAGTCACTCTCGT-1,6,456.2672709571138,1604.9918754981595
TGACAGTCAGTACTAC-1,9,346.62187048388654,1570.1942387023364
TGACAGTGTTCCTAAG-1,6,478.8622190085554,1599.6989430494361
TGACCCTAGCCAACCC-1,7,535.6345822096235,1664.5614646454987
TGACCCTCAACTGCCG-1,1,702.4383179200587,1456.7542605112048
TGACGCGTCTGTACAG-1,15,1253.3752500400783,2367.2365248682418
TGACTCCTCTCGTCAC-1,7,558.2969501674747,1663.8228664489923
TGAGACTTCCCAAGTA-1,10,565.8028940277533,780.4171474076493
TGAGCATAGCTGAAGC-1,7,614.2502933009172,1521.5753183184397
TGAGCGCAGGTCATAA-1,4,1892.8210429299031,720.9696809032996
TGAGGAGAGCTTAAGA-1,12,1318.6961585108938,519.5241100811457
TGAGGAGCACAACATC-1,15,1481.24607001226,2231.381092624763
TGAGGAGCAGCAATTC-1,16,1344.2026655900947,1880.4186875140308
TGAGGAGTCCATTGTT-1,16,1607.2781753132542,2104.1866862701727
TGAGGGACATGCAGGA-1,0,994.3463577626889,1427.5464755092842
TGAGGGATCTCTGGTC-1,13,1487.1262010265107,1350.7659012886413
TGAGGTTTCAATGTCG-1,8,875.5839937344853,2363.2810615526073
TGAGGTTTCCCTCATG-1,11,1969.767036994609,1049.9849011787787
TGAGTCAAGGTTTACC-1,4,1942.9668127892219,768.2761832405034
TGAGTCACACAATTCG-1,2,1075.2423455332075,2249.0031236567697
TGATCAGAGAGCCATG-1,13,1384.5331862317914,1339.9420104892702
TGATCAGGTCGTTATG-1,14,1943.0381279269666,2333.421610358672
TGATCTTGTAAGTTGA-1,5,1728.3298537866003,2181.526648915309
TGATGCAAGGGCTGAT-1,9,524.9754044988275,1981.9459792590974
TGATGCACAGAGCCCT-1,1,505.26220389145755,1437.6564585303174
TGATGCAGTGCTGATT-1,17,822.4219558015313,1706.2296126190288
TGATGGTCAAACTCGT-1,6,427.8330316292553,1520.6204556391392
TGATGGTTCGATTGAC-1,8,916.1976263004319,2355.5244927550434
TGATTCTCAGATCATC-1,15,1211.3424313447138,2421.5608303375507
TGATTCTTCGCAAGAG-1,12,2298.3702481493456,1542.9268271785788
TGATTCTTCTTCTGTA-1,6,465.26343243292854,1451.0980368298399
TGATTTCAGTCTCCTC-1,16,1636.3321168057137,1965.3065655198284
TGATTTCGTACTTCCC-1,0,640.327130259825,1289.6099428927232
TGCAGATGTATCTTCT-1,13,329.0136599862393,1219.1436009976817
TGCAGGCAGATACATG-1,2,1056.1363825637964,2091.726988757598
TGCAGGCAGCGTTAGG-1,8,907.6924087757437,2253.7371509461523
TGCAGGCCAACACACT-1,8,1002.7117790041696,2453.4326697175493
TGCAGGCTCAGACCTA-1,13,1461.9982263463469,1366.031020544782
TGCAGGCTCCAGTTCC-1,15,1504.3667717712303,2220.1077908881743
TGCATCCAGATGTTAG-1,6,456.5620994206871,1686.6486904593805
TGCATCCAGCGTATAA-1,15,1311.8026164727783,2388.231455487045
TGCATCCGTTGTCCCT-1,4,1928.4763097579416,847.4062569841749
TGCATGAGTACCTAAC-1,0,546.5804708401862,1372.2651827390953
TGCATGAGTCAAGCCC-1,17,984.1938142642425,1499.3789401058682
TGCCGAGGTTAGTTCG-1,11,1993.2057930235014,906.962669526776
TGCGACGAGATACGAT-1,10,729.1313599466605,769.163363391865
TGCGACGCACTCCGGA-1,9,336.7029769648911,1791.8161073084439
TGCGATACAATCGCAT-1,13,1370.7513676224478,1529.0729510345857
TGCGATAGTACTCCGG-1,17,679.2645104845458,1817.353208772702
TGCGGCAAGGTTCCGC-1,13,290.3316803471841,1279.0339968542646
TGCGGCAGTAAGCGGT-1,0,856.5415331108113,1403.1363674935494
TGCTCCACAGTCAGAG-1,1,732.807186828181,1477.833613568397
TGCTCCAGTTTGAACC-1,0,780.571074053193,1341.416954755919
TGCTCGTCAATGTCTG-1,15,1134.356503741461,2412.5645001376784
TGCTCGTCACAACGTT-1,10,528.6437125421198,748.976237054332
TGCTCGTCAGTCTCTC-1,2,1114.8692599428575,2021.0928617886357
TGCTCGTTCATGCTAG-1,5,1665.327482686749,2324.1908253740053
TGCTGAACAACTGAAA-1,0,951.4049157626623,1136.590153541813
TGCTGAATCGCGATCG-1,2,1214.6688165351375,2166.088995647688
TGCTTCGCAAGAGAGA-1,2,1171.9555538941356,2313.7568249480405
TGCTTCGGTCCTGGGT-1,2,1078.4302515812942,2126.4657828903846
TGGAGAGAGTGTAGTA-1,13,1392.0321043821466,1622.9861690850346
TGGATGTCAGACAAAT-1,2,1171.9086151489398,2256.3708338637844
TGGATGTGTAACATAG-1,4,2054.6687739177173,699.7860553593227
TGGCGTGAGGCATTTC-1,7,548.2243829401948,1632.4533907452414
TGGCGTGAGTTCATCG-1,9,434.994380084513,1874.3048637110535
TGGCGTGCACTATCGA-1,9,452.3897931817266,2026.963192862876
TGGCGTGCATCGGAAG-1,4,1871.502849639632,863.6743395901767
TGGGAAGCAACAGCCC-1,16,1294.437310856963,2047.6619980996504
TGGGAAGGTAACGTTC-1,15,1417.0062252633002,2142.9904967342945
TGGGAAGGTAAGACCG-1,15,1233.4361607835856,2302.780893998978
TGGGAAGTCTCGAACA-1,16,1566.0345040771995,1929.0914645183936
TGGGAGAAGGCTTAGG-1,0,584.542246422932,1303.3467076031193
TGGGAGACAATGAACA-1,11,1870.4414190566679,1106.1566392498682
TGGGATTAGTAGCATA-1,9,449.25680827174205,1882.0638512204434
TGGGATTTCGCGCCAA-1,6,424.13599648685863,1702.3884259974884
TGGGCGTCAGTTGTCA-1,13,1431.542685186193,1400.836363966963
TGGGCGTGTTAACCTG-1,9,432.56890795678186,1903.4221898256842
TGGGCGTTCGTACACA-1,4,1576.3442907096305,792.3288416533533
TGGGCTGTCTAGCATG-1,4,1999.6019657087147,818.2943369262192
TGGGTTAAGAACAGGA-1,16,1485.3399906040167,1932.5672098222308
TGGGTTACAAAGCACG-1,16,1306.7610026713737,1935.6253040663566
TGGGTTACAGAGATGC-1,5,1696.2241263588953,2136.4938028170823
TGGGTTACATTGAAAG-1,15,1221.8873583166755,2377.856183725153
TGGTACACAAGCTCTA-1,13,1642.197071251432,1251.5471374141446
TGGTACATCACTGCTC-1,2,1108.2909298836921,2179.545651391759
TGGTAGTTCAGTAGGG-1,6,433.0495070147182,1729.2568018186764
TGGTGATGTCTTGCGG-1,13,342.96680615114707,1269.1033343460829
TGGTTAGCATTGCTTT-1,2,1061.3276421773958,2266.1254773062988
TGTAACGCATCTAGAC-1,2,1108.6833682443066,2106.8273978264997
TGTAAGCGTCTGTGGC-1,3,897.9122986653131,2053.2498593422065
TGTACAGCATTCCTCG-1,5,1494.172195445454,2404.1758678293404
TGTCAGATCCCGAGTG-1,16,1408.6709247847589,1940.5932839789273
TGTCAGATCGAAGAAT-1,11,1699.3751186027798,920.7397780301125
TGTCCACCATTCTCCG-1,15,1213.2092559654739,2452.311146793205
TGTCCACGTCGTTGGC-1,13,1610.3960337815672,1371.710322232532
TGTCCCACACAGACGA-1,11,1854.6643733224175,1056.587736846883
TGTCCCATCGGCTATA-1,2,1055.6040352300452,2207.6639769891026
TGTGAGTAGGTAGCAC-1,12,2287.817681391205,1480.06032008209
TGTGAGTCAGCAGGAT-1,1,548.7198552030115,1465.5908603173798
TGTGAGTTCACACCGG-1,3,835.468602991689,2104.9049571565597
TGTGATGAGGCTTAGG-1,13,1741.7406755591044,1316.8135423521583
TGTGATGCAGGCGATA-1,13,1426.580822171959,1286.389622830206
TGTGATGGTACAAACA-1,5,1625.7168639498009,2247.0383049411935
TGTGCGGAGATCCTAC-1,12,1585.58743486596,381.5356475133525
TGTGCGGAGTCTAGAA-1,13,1373.7831718510756,1303.1133714570883
TGTGCGGTCGGTTCAA-1,4,2051.881765264198,700.4992918888928
TGTGCGGTCTGTCGCT-1,7,546.2221444747834,1569.9548456912407
TGTGGCGAGTTGCTCA-1,0,672.2166451595912,1244.5716446241624
TGTGGCGCAACATCGT-1,7,751.6147064648445,1687.5103798503703
TGTTACTAGTCAGCCC-1,2,957.3941965325699,2216.4947727679605
TGTTACTGTGGCTTGC-1,5,1551.2657919846633,2284.2071931992427
TGTTCATAGACCAGAC-1,13,1487.0671435572438,1366.2337116748358
TGTTCATCATCGATCA-1,4,1976.162268156982,859.6540006878282
TGTTCATCATGGTGGA-1,7,608.3995937599304,1641.3141623489116
TGTTCATTCCGTGTAA-1,9,492.9480182784429,2065.3961291336695
TGTTCCGTCTATCACT-1,3,920.2997491312894,2022.9166806587807
TGTTGAGAGGTAGTCG-1,8,830.2015495779165,2250.361536373077
TGTTGAGCACAGTACT-1,12,2293.894803534277,1256.1323037122631
TGTTGGAAGGAAAGGT-1,13,353.9220109647144,1248.5431251516623
TGTTGGAAGGGCAACT-1,4,1864.3460010820058,660.8937315929763
TGTTGGAGTCAGTCTA-1,2,1026.085130052372,2192.112695050875
TGTTGGAGTGATAGAT-1,11,1887.922410038058,981.3091019452373
TGTTGGATCTCGTGAA-1,4,1833.807869755171,733.7081788423604
TGTTGGATCTGTCCGT-1,17,867.8824324786804,1657.7164951528032
TTAATCCCACGGCTAC-1,14,1984.2213354061998,2299.2883715048556
TTAATCCGTTCTCCAC-1,13,1453.1449641144861,1496.5664824176995
TTACAGGGTCAAGCCC-1,17,705.9896918712631,1762.7266803840366
TTACAGGGTCGAAACG-1,9,512.1210984982131,2035.457256507736
TTACAGGTCGATTGGT-1,6,446.36129597531976,1464.769022682074
TTACCATCAGGTATGG-1,15,1541.123046661283,2209.7584734549305
TTACCATTCGGACAAG-1,0,577.3014313806924,1358.0719309849442
TTACCATTCTTCGGTC-1,4,2001.4750941791735,760.3296202984814
TTACCGCAGGCTGAAC-1,3,1056.6591230185602,1996.3500224640973
TTACCGCTCCTCAGAA-1,6,433.9058530572269,1436.641017587593
TTACGCCTCCATACTT-1,2,1129.2626510118787,2086.7892241230766
TTACGCCTCTTACCAT-1,2,1181.8593823639196,2275.790534981118
TTACTGTAGGCTCAAG-1,7,602.9915621589754,1566.671736484772
TTAGGCACAATACGCT-1,17,658.6768511175843,1824.9998886242822
TTAGGCAGTCTTGAAC-1,13,1677.306454091074,1261.516918744044
TTAGGCAGTTTATGCG-1,13,1273.542110528635,1527.2737951754539
TTAGGCATCCGCTGTT-1,14,1853.3890505074496,2168.101471371164
TTAGGGTTCTTTGGAG-1,15,1228.672900416902,2343.8587108859806
TTAGTCTAGACGAGCT-1,12,2391.207081332489,1254.0919592168925
TTAGTCTAGGCTGAAC-1,13,1468.176685068374,1475.291595282715
TTATTGCCAGTCTTCC-1,13,1472.429397925055,1376.681648283334
TTATTGCTCCTCTAAT-1,16,1471.6069231512856,1917.7645785456932
TTCAATCAGACAACTA-1,11,1810.0529246360181,1021.7883478396407
TTCAATCAGCGGCTCT-1,14,2007.469684111454,2138.88075432311
TTCACCGTCAGTGTCA-1,4,1986.4010505668055,840.5832345756081
TTCACGCAGTCATCCA-1,15,1232.7202117844338,2317.633323668166
TTCACGCCAACACAGG-1,7,785.7704222747204,1658.407691937994
TTCACGCCACCAGTAT-1,13,1381.32954681673,1286.7002588819598
TTCACGCGTCTACACA-1,1,633.6255426416778,1458.1891789592044
TTCAGGAAGATAGTCA-1,13,1585.2291155329206,1142.0360862480093
TTCAGGAAGCAAATCA-1,6,442.2125731916544,1432.533538313113
TTCAGGACACTAGGCC-1,16,1365.7207648192273,1987.0264287197315
TTCAGGACAGAGGCAT-1,12,1971.8016498450816,1624.5472874849108
TTCAGGACAGCTCTGG-1,0,852.2733500789974,1411.2555739813872
TTCATGTAGCCTGGAA-1,2,1112.2666656420165,2326.1228800774684
TTCATGTGTAATTGGA-1,7,569.9335335309013,1691.2677073742339
TTCATGTGTTGCATAC-1,7,515.8321459325687,1628.6504032044954
TTCATTGCAATCGCGC-1,16,1297.9578456569504,1957.8620219429943
TTCATTGTCTATCCAT-1,6,447.77146510801214,1733.1386135955108
TTCCAATGTGCCCAGT-1,7,604.3427723632118,1540.8903753310162
TTCCAATTCATGCTAG-1,17,970.5261176568138,1521.7976839122698
TTCCAATTCGCTGCGA-1,10,474.5663297845295,923.3973349828254
TTCCACGCACGACAAG-1,12,2110.6446270339516,1501.3273987776988
TTCCACGGTTTGGGAG-1,10,477.40466540579445,955.0353256862098
TTCCACGTCCTCGATC-1,15,1467.6284034066161,2247.9405558757944
TTCCACGTCTGCGAGC-1,9,513.8243153077314,1947.4169042881567
TTCCGGTGTCGAGCAA-1,8,906.7979972326274,2099.932094813948
TTCCGGTGTCTCCTGT-1,0,855.0776396408588,1418.0349513649192
TTCCGTGCAACCACAT-1,1,504.5738114872709,1510.427732473143
TTCCGTGTCATCTGTT-1,12,2047.1662859483422,1547.7499640374208
TTCCGTGTCTCGGTAA-1,13,1298.4546448705375,1467.020924868848
TTCCTAAAGAGGTCAC-1,16,1526.6634782980516,1882.2852939975944
TTCCTAAGTCGCGTCA-1,8,949.187890957114,2120.8464026288416
TTCCTCTCATTGAGGG-1,13,1667.99219805295,1197.1611289584391
TTCCTCTGTAATTGGA-1,0,920.0661029837414,1345.620819851431
TTCCTTCCATCACCAA-1,4,2039.170173983613,850.2477810595934
TTCCTTCCATGAGTAA-1,5,1690.4091518063203,2284.0312802294984
TTCCTTCTCGTGTGAT-1,0,723.0471827330416,1253.971789427359
TTCGATTAGCGTCAGA-1,7,523.683008489127,1604.268489430501
TTCGCTGAGTGGAAGA-1,13,1624.8904554848575,1237.9801220232953
TTCGGTCAGCGATGGT-1,13,1648.9683345705275,1405.0602465731758
TTCGGTCCAATCGCAT-1,13,1621.8181591421333,1480.8078729547535
TTCTAACAGTTTGAGA-1,15,1150.0073475467416,2440.983427145776
TTCTAACGTTAGCGGA-1,11,1819.457646062313,966.2480721319482
TTCTAACTCTTCTAAC-1,11,1703.4108480136779,846.1757285239414
TTCTAGTCAGCTGAGA-1,13,1326.7622815549696,1155.5826751663737
TTCTAGTCAGTGAGCA-1,3,932.5286823059,2035.4044675374796
TTCTAGTGTCTAGGTT-1,13,1348.1783575780037,1547.0127932807457
TTCTAGTGTGAGATCG-1,11,1797.4783483769438,874.1507056866108
TTCTAGTTCTTGGGCG-1,13,1661.1284071220957,1234.506958670997
TTCTCTCGTAGACAAT-1,13,1651.7028172719708,1196.8602474599127
TTCTGTAGTCGGTAAG-1,9,420.55126175671694,1824.8637903824192
TTCTGTATCCTTTGAT-1,16,1404.2256939953552,1937.1781522846209
TTCTGTATCGCAATGT-1,9,485.4624252717637,1894.8872617491918
TTCTTCCAGATTCGCT-1,12,1991.2556335684417,1575.8488921026424
TTCTTCCGTGCTGCAC-1,1,516.1336987947799,1432.3734546017522
TTCTTGACAGTTCACA-1,13,1657.0172204868952,1370.15439296622
TTCTTGAGTTCTATCT-1,5,1594.6587771037377,2308.1473223649537
TTGAACGGTTGATGTC-1,13,1734.45805159402,1246.7447391371745
TTGAGTGAGCTAAACA-1,13,1397.4199583263942,1489.0136129178343
TTGAGTGGTCGAATGG-1,0,745.9537289152113,1318.863356529778
TTGATGGCAACGACAG-1,13,322.56463493882944,1187.315577171639
TTGATGGGTCATCAGT-1,16,1401.9605535741307,1902.432958444123
TTGATGGGTCTCGGAC-1,13,1598.3126034709073,1088.3406109334542
TTGATGGTCGGTTAGT-1,8,963.0105667867817,2161.385294084295
TTGCATTCATGGAGAC-1,17,574.3942898694036,1794.6872639927446
TTGCATTGTCACAGAG-1,3,927.9160545633513,2038.740545357988
TTGCCTGAGGAGATAG-1,9,464.3171549099407,1971.6891497587687
TTGCCTGCACAAACGG-1,13,1646.061672814563,1261.2145526350946
TTGCCTGGTGGCCTCA-1,2,1178.241332444761,2063.530084272885
TTGCGTCAGACGGTCA-1,13,1319.8830399854241,1506.810355035372
TTGCGTCAGAGAATCT-1,16,1491.7583940104757,2095.194996253718
TTGCGTCCAGAGGACT-1,7,561.0272604850747,1646.9504940624236
TTGCTGCCATAATGAG-1,0,824.4139447829276,1446.542959524435
TTGCTGCTCCGTGTCT-1,17,688.6978298201732,1820.769994779742
TTGCTGCTCGTTAGTG-1,4,1741.7340021321902,746.7849008781917
TTGGATGAGATGCTAA-1,5,1482.7734467661298,2404.7224493785498
TTGGATGGTCCACTTC-1,2,944.0572850701271,2208.8660235625734
TTGGGATCAATGAGCG-1,6,436.0968034818994,1434.3806699380611
TTGGGATCACGCAGTC-1,8,789.5324950491249,2307.1506702993943
TTGGGATGTTCAAAGA-1,8,813.9613008682893,2156.94189443795
TTGGGTACAATCTAGC-1,7,766.8803195500628,1671.0242487093215
TTGGTTTAGTCATAGA-1,16,1585.633792788959,1891.1711843586656
TTGTGGAAGCGCTTCG-1,8,803.8346531277231,2230.9922863680704
TTGTGGACAGTATTCG-1,0,855.2866150739601,1443.8382733420765
TTGTGGATCCTCTGCA-1,0,936.3732375733181,1289.4027644187026
TTGTGTTGTCGCGTTG-1,8,833.9277960902533,2302.3389979885433
TTGTGTTGTTTCGTTT-1,4,1992.7677185242062,670.4454614440552
TTGTTCAAGAGTGGCT-1,14,1993.7560707576108,2283.448110747971
TTGTTCAAGCACCAGA-1,13,1338.3277827975162,1434.9315796330325
TTGTTCACAAGTGACG-1,0,802.8289279424027,1414.8274566885723
TTGTTCAGTCTACACA-1,3,1013.5227144155767,1996.4688330729578
TTGTTGTAGTCTTCCC-1,6,463.3028712108479,1493.4615035410434
TTGTTGTCACTGAGGA-1,4,1887.4484961995176,628.6351074907112
TTGTTTGGTGCTGCAC-1,1,519.188648121767,1530.0531053537466
TTTACCACAGGCATTT-1,15,1520.411802384977,2211.667943235075
TTTACGTAGCGCCTTG-1,11,2072.793310109537,887.0683432358318
TTTACTGAGCCGTAAG-1,1,638.7302305691666,1460.0192087808837
TTTACTGAGGGAGGGT-1,11,2003.3163637216749,884.1564692726727
TTTACTGTCTCAGGCG-1,15,1226.3218267494963,2506.793073014846
TTTAGTCAGCAATTCC-1,12,2078.4999444341506,1534.5909078408845
TTTAGTCCAGCTTCGG-1,13,1717.7993148461394,1349.9427177443638
TTTATGCAGCCGTCGT-1,10,554.2673987698471,854.6734865115865
TTTATGCGTTCTTGTT-1,8,928.4134489445429,2139.131373295478
TTTATGCTCATCGCAA-1,4,1921.7812924747623,834.5058086559196
TTTCACACAACTGAAA-1,15,1491.5747647262417,2197.0841700396577
TTTCACACACTCCTTG-1,4,2084.9334975400134,713.721567908643
TTTCATGAGACCAAAT-1,11,1642.3177102191264,879.3997470740723
TTTCATGAGGTAGCCA-1,17,996.5732433977278,1471.5756016494793
TTTCATGCACGCTGAC-1,7,618.0386325841557,1657.8284884485483
TTTCATGGTGCTCTCT-1,13,1725.070793652325,1292.216201440001
TTTCCTCTCTGCGGCA-1,15,1396.3525445533253,2401.187686190282
TTTCGATAGGGTTGCA-1,13,1334.3125609760045,1365.545805304845
TTTCGATCACCTAAAC-1,10,807.4914720345729,1016.2064537128327
TTTCGATGTACAACGG-1,5,1530.8528617535915,2414.0975880095707
TTTGACTAGTGTAGAT-1,17,961.1663912350541,1565.6275252849437
TTTGATCCACCACTGG-1,13,1719.1305998257665,1246.999259922065
TTTGATCTCCTGTAGA-1,15,1429.8959146966615,2355.9837815889205
TTTGATCTCTCGTCAC-1,11,2035.8568898429505,950.000272958091
TTTGGAGAGTCCGTCG-1,6,397.54154914806173,1666.8147262680188
TTTGGAGCATGACTCA-1,2,1142.2219088448235,2115.811156249945
TTTGGAGGTGTACGCC-1,6,482.9576177378992,1673.2723209671126
TTTGGAGGTTAACCTG-1,7,577.9226586979418,1518.1691738088791
TTTGGAGTCTTCGGTC-1,13,1524.2992270133577,1149.7731878947827
TTTGGTTAGTTTGAGA-1,13,1391.4844886309875,1267.2556041538335
TTTGGTTCATGTGACT-1,8,971.4020730138866,2094.5272763059565
TTTGTTGCAGGGACTA-1,13,1291.209604917571,1458.949835351835
TTTGTTGGTACCACGC-1,3,955.9124594374385,2061.627845205511
