hypoxia_score,cd8_effector_score,local_cd8_knn,niche,constraint_index,cell_type
-0.08836462555161445,-0.02919070054644998,-0.011593169754172464,intermediate,0.10755480386450839,Epithelial cells
0.22405044764400006,-0.012008534751922978,-0.009548062094149158,intermediate,1.1095992406873931,Macrophages
-0.2209250764195699,-0.0323240689420507,-0.008535111963990245,intermediate,-0.3797828912692577,Epithelial cells
-0.061442158547749925,0.0,0.008035994648558035,intermediate,-0.22043652712879847,Epithelial cells
-0.3110293619125244,-0.020481854797857493,-0.01687223599185506,intermediate,-0.9199583970666292,NK cells
0.4953904276392067,0.0,0.04548702477372056,intermediate,2.023480150206702,Epithelial cells
-0.33805902320218373,-0.03702437057186235,-0.018150486090244392,intermediate,-0.7815249995642073,NK cells
-0.01229216008779993,0.0,-0.012452771756973988,intermediate,-0.022372505785287232,Schwann cells
-0.06058814774555371,-0.02703155100586926,-0.015626925752874006,intermediate,0.18720272803681523,Epithelial cells
0.2652616840768531,0.0,-0.01248640016666469,hypoxic_low_neighbor_CD8,1.0961103474623415,Epithelial cells
0.03950591594818609,0.0,-0.013547621661352243,intermediate,0.18636270396053198,Epithelial cells
0.6639537198476524,0.0,0.011410920661792421,intermediate,2.7027543018205833,Epithelial cells
-0.3424611883948606,-0.03904000950245722,0.010391564053884242,intermediate,-0.7691253118583391,Epithelial cells
0.0882252770734121,-0.023974760341258183,-0.010510069542085594,hypoxic_CD8_low,0.7411814977748166,Epithelial cells
-0.10176446806474862,-0.011297908389133964,-0.010757857553067638,intermediate,-0.21399131217060835,Epithelial cells
0.11122508125611574,-0.030280622876124826,-0.01003409950678487,hypoxic_CD8_low,0.9281562021248,Epithelial cells
0.025697743078791024,0.0,0.010766925953338665,intermediate,0.13071870942109576,Epithelial cells
-0.3139004075383566,-0.01357998539079056,0.010766925953338665,intermediate,-1.0347304736192764,Epithelial cells
0.5037598284372844,-0.03697800732817245,0.013078302249573825,hypoxic_CD8_low,2.6101323441815345,Epithelial cells
-0.044819132391228755,0.0,0.014297224152908633,intermediate,-0.15344927360646532,Epithelial cells
-0.04863991435751858,-0.012581416952465228,-0.011373938433071863,intermediate,0.019281385686251443,Epithelial cells
-0.05713379622463238,-0.025640688444438734,-0.012588687592994184,intermediate,0.1803257184708107,Schwann cells
0.5539735541286239,-0.03060149567329932,0.06955130549631193,hypoxic_CD8_low,2.717136162326786,Epithelial cells
0.18716487204693405,-0.028504614887932534,-0.010012392862605662,hypoxic_CD8_low,1.2076210600516148,Schwann cells
-0.28268322312688254,-0.012900524293845481,-0.015530092416987246,intermediate,-0.9190917278119379,Monocytes
-0.2338010185214889,0.28132429768574757,0.010902738885769406,permissive_high_CD8,-5.121596105692398,MAST cells
-0.09882049914823476,-0.012138098357660086,-0.010411073257405106,intermediate,-0.18956453978894522,Epithelial cells
-0.014011931227871699,-0.021469604631184566,-0.00846724561673266,intermediate,0.2917282029671052,Epithelial cells
-0.2804410620386821,-0.029157414610086665,-0.009453518155776216,intermediate,-0.6669700276568966,Epithelial cells
-0.11935261454448165,-0.02347220293423425,-0.01665715991083266,intermediate,-0.10282782436079829,NK cells
0.09586610277015045,-0.046530418550437276,-0.021793716767860648,hypoxic_low_neighbor_CD8,1.1092429752260027,Epithelial cells
0.06807119875069123,0.0,0.007133106185071099,intermediate,0.30147470721499897,Epithelial cells
-0.13950513692266012,-0.03382053838567695,-0.018245947602306786,intermediate,-0.029301453028146685,Epithelial cells
0.08095169498259763,-0.011488836303896266,-0.010288558797797692,intermediate,0.525170803087595,NK cells
0.6762790067128868,-0.054338926245809084,-0.01176196431663194,hypoxic_CD8_low,3.5649424775847853,NK cells
0.0932461664858592,0.0,-0.008449599553055447,intermediate,0.4029244631266615,NK cells
0.6010233867599304,0.0,-0.017940301998102388,hypoxic_low_neighbor_CD8,2.4491584681198484,Epithelial cells
0.5084549202976457,-0.010495285273563524,-0.012170588600168987,intermediate,2.233061328009328,Epithelial cells
0.658182981981331,-0.03684006432290019,-0.01358390549416484,hypoxic_low_neighbor_CD8,3.230362113635669,Epithelial cells
0.2439266495915302,-0.009653317300896896,-0.010605756345226374,intermediate,1.1544789693351596,Epithelial cells
0.24279863958856673,-0.02227761774410603,-0.01875345330489309,hypoxic_low_neighbor_CD8,1.3387021547792204,Epithelial cells
0.02357778778995373,-0.024191319701160015,-0.016096514921921948,intermediate,0.4839040624648231,Epithelial cells
-0.03702820065509843,-0.02966857053007674,-0.02246331293412387,intermediate,0.3215751592049473,Epithelial cells
0.1311211509398189,-0.01840679269087942,0.00216138667834361,hypoxic_CD8_low,0.8307859409757727,Epithelial cells
0.20367192839044163,-0.011736101467117125,0.006035734921099452,intermediate,1.0234045057421148,Epithelial cells
-0.06533904607037466,0.0,0.005124947312961794,intermediate,-0.23614015353040127,Epithelial cells
0.10713453656698335,-0.04689744802621695,-0.015738682740452155,hypoxic_low_neighbor_CD8,1.160140486193885,Epithelial cells
0.3237073028901495,-0.02347220293423425,-0.018463134379522034,hypoxic_low_neighbor_CD8,1.6826092395840537,Epithelial cells
0.34977443917209367,-0.013229806413534682,-0.012318635147753677,hypoxic_low_neighbor_CD8,1.6345015872518869,Epithelial cells
-0.39585959193218184,-0.02227761774410603,-0.013645296959098375,intermediate,-1.2349544385614621,Epithelial cells
0.30005469858407013,-0.009905091181457767,-0.01572595492065677,hypoxic_low_neighbor_CD8,1.384427775688894,Epithelial cells
0.8617060366404583,-0.023671775694318147,-0.013474526579080805,hypoxic_low_neighbor_CD8,3.853613679055073,NK cells
0.6426590245411579,-0.010799851012133394,-0.00980427899019599,intermediate,2.7784293881353785,NK cells
0.9368401148233068,-0.0449162880901383,-0.013337713761529138,hypoxic_low_neighbor_CD8,4.474053262746715,NK cells
0.48454454912239286,0.0,-0.015581617792930038,hypoxic_low_neighbor_CD8,1.9797735707284987,NK cells
0.9328766673444266,-0.01074473191852029,-0.016609862040572482,hypoxic_low_neighbor_CD8,3.947120466011666,NK cells
0.69499086184674,0.0,0.008413357104760343,intermediate,2.8278273709552253,NK cells
0.5283100853962113,-0.025275871338631944,0.010028352693096416,hypoxic_CD8_low,2.5340847775739888,NK cells
-0.08642503056660235,0.0,-0.014955928354610798,permissive_high_CD8,-0.3211121782337778,Fibroblasts
0.37531879436538884,-0.06937877948467548,-0.020694011232630927,hypoxic_low_neighbor_CD8,2.5770250865763518,NK cells
0.41239434169478206,-0.011849403381347656,-0.007262273420367325,intermediate,1.8662055411496912,Epithelial cells
-0.158566653489109,-0.011815710106359319,-0.014908956741353598,intermediate,-0.43514942338410423,DCs
-0.14886367440702444,-0.024102429146708747,-0.0212737752036688,intermediate,-0.21232745186688973,Schwann cells
0.007267694636042377,0.0,-0.008978380043657846,intermediate,0.05644954110970719,NK cells
-0.05878942941566069,0.0,-0.014798149116608776,intermediate,-0.20974659394670878,NK cells
-0.24704434258870814,0.0,-0.007493896394284309,permissive_high_CD8,-0.9683737823302516,Epithelial cells
1.0021162119256446,0.0,-0.006982012412808685,intermediate,4.0654770922004735,Epithelial cells
0.07467250555873395,-0.038555454146041564,-0.013325686396857502,hypoxic_low_neighbor_CD8,0.9045891291272645,NK cells
0.40293696989496075,-0.056242336628408086,-0.020147075022441334,hypoxic_low_neighbor_CD8,2.491893653303493,Epithelial cells
-0.3116635242140437,-0.025928200015172303,-0.006306520132561605,intermediate,-0.8410757451220494,DCs
-0.27842599033830634,-0.013319374578684448,-0.012970556614369999,intermediate,-0.8956729960660386,NK cells
-0.14993477274615122,-0.010902332390850854,-0.018792243846836684,intermediate,-0.41402235093838946,NK cells
0.11388294524457082,0.0,0.012658500442584961,intermediate,0.4860862844206624,NK cells
-0.061566145065797884,-0.01579141616821289,0.014222043242335121,intermediate,0.015189953641821463,NK cells
0.04943410603396864,-0.021569466301304126,-0.01765646844418586,intermediate,0.548895427658056,NK cells
-0.07107071201485321,-0.026381347826135302,-0.01159810460048166,intermediate,0.13523785989186954,NK cells
-0.1250901739281344,-0.015416342237217707,-0.012451534940485367,intermediate,-0.24640675852500407,NK cells
0.10990762566945636,0.0,-0.012223569326876953,intermediate,0.47006659355913893,NK cells
-0.15859326588580885,-0.06673296260447638,-0.013276729956973097,intermediate,0.38591083548320637,Schwann cells
-0.09922282906421215,0.0,-0.0119096341564266,permissive_high_CD8,-0.37268457933661847,NK cells
-0.22563565112500783,0.0,-0.012748669290993053,permissive_high_CD8,-0.8821013173075274,NK cells
0.43544839184925743,0.0,-0.005318389279961425,intermediate,1.781926517895843,Schwann cells
-0.3083271501533478,-0.014342557080844153,-0.011355030134461023,intermediate,-1.0008688406716257,Schwann cells
0.07363997693042681,-0.033318083295937974,-0.008327754209881367,hypoxic_CD8_low,0.8221148228520444,Schwann cells
0.06570794974943722,-0.02138092643336246,-0.011700747627639256,intermediate,0.6116563486323157,Epithelial cells
0.2591574010121296,-0.031838986555091764,-0.0075311891784873896,hypoxic_CD8_low,1.5475938539690146,Epithelial cells
0.13609749006937782,-0.011538195706572127,-0.006215614120648136,intermediate,0.7481346693080959,Epithelial cells
0.5133533774609547,-0.013190673913067651,-0.008139564730377814,intermediate,2.293104713563465,Epithelial cells
-0.3664180648374749,-0.01237256420768707,-0.010026386006158372,intermediate,-1.2644197877650538,Epithelial cells
-0.031062270503446288,-0.012272412960345928,-0.011574855925422288,intermediate,0.08549506568839771,Epithelial cells
-0.03107100653361128,-0.010584380462584708,-0.011607099705540379,intermediate,0.06021902417955128,Epithelial cells
-0.38279279695457247,-0.01749860902546871,0.019725548264718975,intermediate,-1.2537576708416,Epithelial cells
0.10869248372962675,-0.012058376783301473,0.02378961643476968,intermediate,0.6454765042345909,Epithelial cells
-0.22788421432655978,-0.011023977990092537,0.022444750834018996,intermediate,-0.7263230476187734,Epithelial cells
0.2646121586182989,-0.026905279893141527,0.02119443914596779,hypoxic_CD8_low,1.495802563305203,Epithelial cells
-0.17355626845455552,-0.0215093790278261,0.019392636198031533,intermediate,-0.3506067425667028,Epithelial cells
-0.2938826227762613,0.0,0.004412749975870567,permissive_high_CD8,-1.1571220715966342,Epithelial cells
-0.4499566564598237,-0.010421984591464765,-0.014112894930820234,intermediate,-1.6302291679180458,Epithelial cells
0.1068664114159274,-0.018784341541861715,-0.014087079185866795,hypoxic_low_neighbor_CD8,0.7386899266952814,Epithelial cells
0.05461527975687541,-0.028125650969594115,-0.010452481963534748,intermediate,0.6678078683720334,MAST cells
0.141443890740115,0.0,-0.00844609341640704,intermediate,0.5971510223234511,NK cells
-0.15730438055283572,0.0,-0.004778088184825161,permissive_high_CD8,-0.6067408563287926,NK cells
-0.09390990370248697,-0.024394375109962122,-0.00910212076627291,intermediate,0.013489948900240745,Schwann cells
0.030472534009251706,-0.012280021119214262,-0.00784882122044943,intermediate,0.3335809799686261,NK cells
0.4109222999059532,-0.014174792448036102,-0.006201802509838109,intermediate,1.8950446382404593,NK cells
0.38225170311678847,-0.02061358540646943,-0.006996359741478636,hypoxic_CD8_low,1.87578632014246,Epithelial cells
0.38504125794253674,-0.012212110434466529,-0.007336379513245042,intermediate,1.761401933143455,NK cells
-0.09338558151061277,0.0,-0.006996359741478637,permissive_high_CD8,-0.349161715445065,NK cells
-0.10853583649937887,-0.011723000993612807,-0.010926798834652715,intermediate,-0.2349221532277694,NK cells
-0.026957847985876637,0.0,-0.016533172661476293,intermediate,-0.08147210317853798,NK cells
-0.19556926436213604,0.0,-0.006135329222067809,permissive_high_CD8,-0.7609401849348335,NK cells
-0.14209843830889965,0.0,-0.007925070892622276,permissive_high_CD8,-0.5454641490343807,NK cells
1.0319853470507394,0.0,-0.011072015633628115,intermediate,4.185843342501573,NK cells
0.08911335468292236,-0.01391848668395749,-0.012490349227761129,hypoxic_low_neighbor_CD8,0.5943906646157375,NK cells
0.0068266193072001324,0.0,-0.017237583667482282,intermediate,0.05467210151493094,Epithelial cells
0.21369185888144865,-0.02483944757747264,-0.012225746304078302,hypoxic_CD8_low,1.2597145971715489,NK cells
-0.04408421190866984,0.0,-0.012162101992711364,intermediate,-0.150487700652156,NK cells
-0.26957981461980735,-0.01341113098237196,-0.012283948558544823,intermediate,-0.858652776282854,NK cells
-0.21769063252521806,0.0,-0.012225746304078302,permissive_high_CD8,-0.8500845852051729,DCs
0.2953996897701278,-0.033618382596776554,0.019606376941959477,hypoxic_CD8_low,1.7202495347875988,Epithelial cells
-0.3570457060174291,0.0,-0.00865899831177252,permissive_high_CD8,-1.4116558388233962,NK cells
0.1268409457072675,0.0,-0.011774504812140213,intermediate,0.5383042653083752,NK cells
-0.3478900955384036,0.0,-0.007801947162540656,permissive_high_CD8,-1.3747606793900093,NK cells
-0.18491438402229524,-0.0111332557462005,-0.006432673290834414,intermediate,-0.5515297770873685,NK cells
-0.13140141437331357,0.0,-0.006432673290834414,permissive_high_CD8,-0.5023574218018987,NK cells
0.07549417521580157,-0.02742355169072325,-0.009020477621822382,hypoxic_CD8_low,0.7414470079526565,NK cells
0.14438220559353807,0.0,-0.0120369489698114,intermediate,0.6089918051124182,NK cells
-0.007773184153928303,0.0,-0.009427312382480553,intermediate,-0.0041619956354955745,NK cells
-0.1084625503145547,-0.010705180496339374,-0.00856900935874455,intermediate,-0.2498461068250075,Epithelial cells
-0.26901303333450993,0.0,-0.008299600611492368,permissive_high_CD8,-1.0569029251401152,NK cells
0.310883360215459,-0.009660567349267875,-0.014067389221809173,hypoxic_low_neighbor_CD8,1.4244086552315895,Epithelial cells
0.06010757105417519,0.38561052746242946,0.04973659352359609,intermediate,-5.49657978414016,NK cells
-0.035020270022043776,-0.053948823257013855,-0.014067389221809173,intermediate,0.6927248120365321,Epithelial cells
-0.3549857082137142,-0.011116648492542838,-0.010446692027865473,intermediate,-1.2371293014612554,Epithelial cells
0.003188176327441117,-0.010245232446956248,0.02387133335348619,intermediate,0.19320501402573673,Epithelial cells
-0.06787686175610645,0.0,-0.007430878921076353,permissive_high_CD8,-0.24636701000841857,NK cells
-0.4870843849028928,-0.011356488895802362,-0.012308241770817683,intermediate,-1.765872532981921,Epithelial cells
-0.29003054454144706,-0.013104093219587195,-0.011586013014017328,intermediate,-0.9456559391819461,Epithelial cells
-0.30314795559189883,-0.01375674718787313,-0.011586013014017326,intermediate,-0.9887572969129691,Epithelial cells
0.18057347732375423,-0.02509701493297994,-0.011547961987947164,hypoxic_CD8_low,1.1301059330110093,Epithelial cells
-0.036609297296608306,0.0,-0.004883945969595761,intermediate,-0.12036538745471656,Fibroblasts
-0.27345398439460966,0.0,-0.013434483197375668,permissive_high_CD8,-1.074799011673461,Epithelial cells
-0.06508028579045494,-0.053685860112611096,-0.01391204558564262,intermediate,0.5676573142394161,Schwann cells
-0.013059817164777273,0.0,-0.01629652841853709,intermediate,-0.025466000239876732,Monocytes
0.06987746197535807,-0.027356790627545192,-0.014085137860173316,hypoxic_low_neighbor_CD8,0.7178145845458568,Epithelial cells
-0.2837491629114113,0.0,0.02026474371112292,permissive_high_CD8,-1.116286387489935,Epithelial cells
-0.03693408611787852,0.0,-0.005519928719833312,intermediate,-0.12167421720128543,Epithelial cells
-0.18054615924636044,-0.029147352766894136,-0.009656056122258607,intermediate,-0.2645653070094834,NK cells
-0.28882706117438506,-0.012954951297899007,-0.00793432320660425,intermediate,-0.9430362491613105,NK cells
-0.006405461983508387,0.0,-0.011679529081954649,intermediate,0.0013496332890665375,NK cells
-0.011225231440670502,0.0,-0.008573746842089613,intermediate,-0.0180730106691431,Epithelial cells
0.12729116903251433,-0.01529615224614317,-0.015707930862179652,hypoxic_low_neighbor_CD8,0.7688390997391008,NK cells
0.05118194162606238,-0.047996972736559416,-0.016183435321658567,intermediate,0.9511044397357876,Epithelial cells
0.02919884522755939,-0.04980458711322985,-0.015734141847865302,intermediate,0.8895461680620177,Epithelial cells
-0.17084916815700302,0.0,-0.008573746842089613,permissive_high_CD8,-0.6613234643691804,Epithelial cells
0.38725193628824384,0.0,0.0,intermediate,1.5877050712624976,NK cells
-0.36635470103068524,0.0,0.01168568024554519,permissive_high_CD8,-1.449169105247903,Epithelial cells
0.26079026187758847,0.0,-0.00397765002591729,intermediate,1.078091468730684,Epithelial cells
-0.09197687049467401,0.0,-0.00791481213691907,permissive_high_CD8,-0.34348491020660527,Epithelial cells
-0.06765005555018844,-0.012973270918193617,-0.005769926333717006,intermediate,-0.05146611306212873,NK cells
-0.17572337077803402,-0.0143031823007684,-0.007630057019582484,intermediate,-0.4670926276288717,Fibroblasts
-0.24048882603166571,0.0,-0.005430758433785999,permissive_high_CD8,-0.9419564473972749,Macrophages
-0.17088947525943618,0.0,-0.007630057019582484,permissive_high_CD8,-0.6614858934037027,Fibroblasts
-0.07165286507472454,-0.01136832198633356,-0.007189623900914159,intermediate,-0.09159508656456046,Fibroblasts
-0.28666965836980735,-0.014355772419979698,-0.006451075472812421,intermediate,-0.9133961568546688,Endothelial cells
-0.2615202325414941,0.0,-0.007189623900914159,permissive_high_CD8,-1.0267085344444602,Fibroblasts
-0.14608429138918957,0.0,-0.009757316192956425,permissive_high_CD8,-0.5615262876773743,Fibroblasts
-0.2164920822204835,-0.01461595079676825,-0.008039188771112728,intermediate,-0.6267050787341237,Fibroblasts
-0.07286157378231184,-0.009782502525731138,-0.006974930190525234,intermediate,-0.12017838967788115,Fibroblasts
-0.02070554480495223,0.0,-0.004880557079546847,intermediate,-0.056276653545273135,Fibroblasts
-0.10176045827597499,0.0,-0.005476678753027871,permissive_high_CD8,-0.38291068436427317,Monocytes
-0.2865870831960655,-0.011332941441400814,-0.011042533004493045,intermediate,-0.9582632280305251,Fibroblasts
-0.06055292068236326,-0.020682655365360892,-0.012039633479356444,intermediate,0.09241082545040788,Fibroblasts
-0.05211418795298381,0.0,-0.006451075472812421,intermediate,-0.18284679315395674,Fibroblasts
-0.05903891865986899,0.0,-0.009738068831594365,intermediate,-0.21075198244189083,Fibroblasts
0.02379118606268643,0.0,-0.011869865036525545,intermediate,0.12303569087862182,Fibroblasts
-0.15035016469687343,-0.030037876082818035,-0.011869865036525545,intermediate,-0.12956605273173305,Monocytes
0.15330812251232717,-0.018724327627946492,-0.015336196850507688,hypoxic_low_neighbor_CD8,0.9249427500867944,Fibroblasts
-0.33345846765970133,-0.029797523127876313,-0.009738068831594365,intermediate,-0.8710474517635869,Fibroblasts
-0.19075379888695407,-0.015163216996289457,-0.01018635020082296,intermediate,-0.5148021109072347,Fibroblasts
-0.44573515007294806,-0.02544854816637541,-0.006046549093063705,intermediate,-1.3885279757505202,Fibroblasts
-0.04529968706000761,0.0,-0.012682366982484474,intermediate,-0.155385806529275,Fibroblasts
-0.15701388929742408,0.0,-0.008721432833858185,permissive_high_CD8,-0.6055702384648096,Fibroblasts
0.04138453274845599,-0.014956507122950997,-0.009741861070537696,intermediate,0.4175750091507685,DCs
-0.005055010558132178,0.0,-0.008410744596267679,intermediate,0.006791664791001212,Fibroblasts
0.07608614844011974,0.0,-0.01118345067568636,intermediate,0.33377324670829506,Fibroblasts
-0.37446649390530873,-0.033858917020110464,-0.009738068831594365,intermediate,-0.9755717895558378,Macrophages
-0.1028890724641731,0.0,-0.009741861070537695,permissive_high_CD8,-0.38745875906751065,Endothelial cells
-0.015551077792922178,0.0,-0.005324663967899626,intermediate,-0.035505249755361734,Fibroblasts
-0.20684924757624246,0.0,-0.00893128584271018,permissive_high_CD8,-0.8063961138479083,Fibroblasts
-0.14426814312915726,0.0,-0.00893128584271018,permissive_high_CD8,-0.5542075971583679,Monocytes
-0.046955342273635556,-0.0236677737371159,-0.003870076399583083,intermediate,0.19184209109443143,Fibroblasts
-0.02736363353499447,0.0,-0.0069025155503740195,intermediate,-0.08310733248026124,Fibroblasts
-0.002216600031259064,-0.017476635905895155,-0.006572952476429392,intermediate,0.2795547529394886,Fibroblasts
-0.05388554104839463,0.0,-0.0069025155503740195,intermediate,-0.18998496870409898,Fibroblasts
-0.012808886876546714,0.0,-0.0069025155503740195,intermediate,-0.024454804644329985,Macrophages
-0.012483144859712287,0.0,-0.005430758433785998,intermediate,-0.023142133722735863,Fibroblasts
0.0,0.0,-0.005430758433785998,intermediate,0.02716228026301206,Fibroblasts
-0.012585943482487077,0.0,-0.006278209454617519,intermediate,-0.023556390269090396,Fibroblasts
-0.12050284726552696,0.0,-0.006572952476429392,permissive_high_CD8,-0.45843851852849804,Endothelial cells
0.4101788729548933,-0.029403844825651965,-0.006278209454617519,hypoxic_CD8_low,2.1197659844888275,Endothelial cells
-0.15926598545059142,0.0,-0.006278209454617519,permissive_high_CD8,-0.6146457061052013,Endothelial cells
-0.07770872044276042,0.0,-0.008728535970052083,permissive_high_CD8,-0.28598730562951835,Fibroblasts
-0.26402380763287525,0.0,-0.010715037511910504,permissive_high_CD8,-1.0367974086229297,Fibroblasts
-0.10225505905457768,-0.01848917161887474,-0.010715037511910504,intermediate,-0.10843866270151314,Fibroblasts
-0.07546521382159498,-0.038038134092261436,-0.006875525666312812,intermediate,0.2918307191398959,Macrophages
0.2040860786974191,-0.04990577311650944,-0.007596047590618674,hypoxic_CD8_low,1.5958174710681206,Monocytes
-0.04067976335923834,0.0,-0.007596047590618674,intermediate,-0.1367684983879496,Fibroblasts
-0.12096817737602325,-0.012015613949733224,-0.007571535779718767,intermediate,-0.2806464506711056,Monocytes
0.0018755685852234194,0.0,-0.00663884448619024,intermediate,0.0347204220317776,Fibroblasts
-0.08979795831274316,0.0,-0.0074398854161724535,permissive_high_CD8,-0.3347043583768987,Fibroblasts
-0.12073481609543643,0.0,-0.0074398854161724535,permissive_high_CD8,-0.45937330348715183,Fibroblasts
-0.3257031421584777,-0.014002017164037294,-0.007705412927748541,intermediate,-1.0759824164069207,Endothelial cells
-0.25599652026073044,0.0,-0.01326794514932774,permissive_high_CD8,-1.0044491508970919,Fibroblasts
-0.2603886309397747,-0.03351266374472182,-0.008518695766948334,intermediate,-0.5210397695847452,Pericytes
-0.13157219484627966,-0.025820122074019087,-0.007670189526721371,intermediate,-0.1169621294776807,Fibroblasts
-0.20753866601660548,0.0,-0.013246276922393262,permissive_high_CD8,-0.8091743232673438,Macrophages
-0.1638182322662997,-0.05012864719035654,-0.008518695766948334,intermediate,0.11657408243494205,Endothelial cells
-0.3083793915897967,-0.01363434000053869,-0.008518695766948334,intermediate,-1.011669201307813,Monocytes
-0.26445041028371297,-0.0117492492382343,-0.007991539289755056,intermediate,-0.8628321795319661,Fibroblasts
-0.25097484665223396,0.0,0.013771541409271561,permissive_high_CD8,-0.9842128762289685,Fibroblasts
0.05817661299762955,-0.027536147036533124,-0.008967783512213291,intermediate,0.6733445394309657,Fibroblasts
-0.10766318141217213,-0.0394672517351776,-0.011577438310733853,intermediate,0.18344910152779131,Endothelial cells
0.3539235065261044,-0.033350736023443434,-0.012369994563773254,hypoxic_low_neighbor_CD8,1.9520859769535657,MAST cells
-0.15662183340294772,-0.017543335192599277,-0.014524272257178094,intermediate,-0.34166809616153615,Monocytes
-0.3960146616740399,-0.011600860217322222,-0.010754674520248022,intermediate,-1.3952269136147124,Fibroblasts
-0.019987846713468288,0.0,-0.013271141824452019,intermediate,-0.0533844831574001,Fibroblasts
0.00833970954619262,-0.013965992792415232,-0.012814391544151564,intermediate,0.2696004352912595,Fibroblasts
-0.21349423573199047,-0.01234145685728745,-0.011045033021172693,intermediate,-0.6486344825833784,Fibroblasts
-0.15243298940390468,0.0,-0.013404975021094608,permissive_high_CD8,-0.587110187951851,Monocytes
-0.041409952094755974,0.0,-0.01128255474744377,intermediate,-0.13971100340988166,Macrophages
0.2059306906887805,-0.017855794806229442,-0.011016953554552416,hypoxic_CD8_low,1.1240134771277894,Endothelial cells
-0.07454444701413074,0.0,-0.010460980475833704,permissive_high_CD8,-0.2732359579277375,Fibroblasts
-0.17756383198810868,0.0,-0.012540155351564147,permissive_high_CD8,-0.6883821289069284,Fibroblasts
0.10195105071048663,-0.014745641816482852,-0.008547980518315323,intermediate,0.6584921416989027,Monocytes
-0.30972118454285896,-0.024713956392728366,-0.008547980518315323,intermediate,-0.8514048900067974,Fibroblasts
-0.11038748806260197,0.0,-0.009701983713106266,permissive_high_CD8,-0.41767577623262664,Monocytes
-0.17123069916384287,-0.016984155786182235,-0.009701983713106266,intermediate,-0.4089000185046304,Monocytes
-0.10766948562070548,0.0,-0.0068456023649969885,permissive_high_CD8,-0.4067228055198774,Monocytes
-0.059695603857078706,0.0,-0.005249273696569939,intermediate,-0.2133982838659305,Monocytes
-0.04509198210804338,0.0,-0.005520018424421509,intermediate,-0.15454879982880648,Endothelial cells
-0.2714162006914376,-0.02969925992401988,-0.008599248942736833,intermediate,-0.6224996467833174,Pericytes
-0.05525143558241756,0.0,-0.007104288389486501,intermediate,-0.19548923264339793,NK cells
-0.09900257769358685,0.0,-0.00438774137200936,permissive_high_CD8,-0.3717970132422266,MAST cells
-0.0757108787934943,0.0,-0.006090119525327695,permissive_high_CD8,-0.2779364294655315,DCs
-0.12207322331317458,-0.014316262503867208,-0.005808957224754508,intermediate,-0.25069837879446377,Monocytes
0.11007293663829207,0.0,-0.008842018130015426,intermediate,0.4707327615405372,Macrophages
-0.07640637930138523,0.0,-0.006837532169583998,permissive_high_CD8,-0.28073914832119096,Fibroblasts
-0.28220339855515814,-0.010923189672863917,-0.008539910322902333,intermediate,-0.9467248552379869,Fibroblasts
-0.011605318291599014,0.0,-0.0018519847499214204,intermediate,-0.019604679692816335,Fibroblasts
-0.03959447408775728,0.0,-0.003925775612896753,intermediate,-0.132395013867789,Fibroblasts
-0.21307422071096888,0.0,-0.00342195957456684,permissive_high_CD8,-0.8314814292182415,MAST cells
0.3220898458756596,0.0,-0.009328653294386974,intermediate,1.325115731065822,Monocytes
-0.2625224714777077,-0.014200126593894804,-0.010384635757981686,intermediate,-0.8184154819483659,Fibroblasts
-0.034440527000580444,0.0,-0.005494336850247402,intermediate,-0.11162570526425505,Fibroblasts
-0.06507504632674072,-0.01321018948728739,0.01812723289635035,intermediate,-0.03754677508624185,Endothelial cells
-0.16667130864767665,0.0,0.018758409372565097,permissive_high_CD8,-0.6444875807282138,Endothelial cells
0.27711054407449126,-0.013370073758638822,0.01812723289635036,intermediate,1.3437789642148947,Pericytes
0.07055773936122298,-0.015558430057788186,0.02015534649189846,intermediate,0.5441372579456961,Pericytes
-0.02311560858684375,-0.026518852604545562,0.019603862632320175,intermediate,0.330542792328133,Macrophages
-0.1316770071006683,0.4362126417756349,0.019603862632320175,permissive_high_CD8,-7.026074809745683,Macrophages
-0.10181160624247476,-0.011994418827628316,0.01802601104984579,intermediate,-0.20376647745052476,Endothelial cells
-0.012483144859712287,0.0,-0.009605158292330227,intermediate,-0.023142133722735863,Macrophages
0.029131992274977564,0.0,-0.009093672640410512,intermediate,0.1445580019420648,Fibroblasts
0.3642515887218307,-0.01330931659652154,-0.008184716640374599,intermediate,1.69403031630743,Fibroblasts
-0.1596540887671781,0.0,-0.009118184451310418,permissive_high_CD8,-0.6162096797773988,Fibroblasts
0.06693111749059225,0.0,-0.008604942610067555,intermediate,0.29688042265530395,Fibroblasts
-0.10332230104500031,0.0,-0.009605158292330229,permissive_high_CD8,-0.3892045779397025,Fibroblasts
-0.2251390510773563,-0.025535672299775034,-0.008547980518315323,intermediate,-0.49826994845424966,Fibroblasts
-0.03159840135689242,0.0,-0.007474280948098372,intermediate,-0.10017254449536783,Fibroblasts
-0.17366061536183797,-0.016541021555541498,-0.008547980518315323,intermediate,-0.42531816708113757,Macrophages
-0.07148037186588149,0.0,-0.010230610663430732,permissive_high_CD8,-0.2608883879465201,Fibroblasts
0.30974232097227405,0.0,-0.006875525666312812,intermediate,1.2753578366073615,MAST cells
-0.024235677527615344,0.0,-0.008539910322902333,intermediate,-0.07050233624792293,Macrophages
-0.02031259843144551,0.0,-0.00632746197112337,intermediate,-0.05469316338560387,Fibroblasts
0.04094290063084369,0.0,-0.003971883964281173,intermediate,0.19215344605156404,Monocytes
-0.14691782572183265,0.0,-0.005812971151148581,permissive_high_CD8,-0.5648852534357496,Fibroblasts
-0.32414374294051207,0.0,-0.0018519847499214204,permissive_high_CD8,-1.279067938084802,Fibroblasts
-0.3052367857661113,-0.01277653601488121,-0.0028350275376869435,intermediate,-1.0118317534948909,Macrophages
-0.2706231113418518,-0.015003235233940093,-0.0029791005066370996,intermediate,-0.8390505998985864,Monocytes
-0.2186595656306868,0.0,-0.0029791005066370996,permissive_high_CD8,-0.8539891791684541,Macrophages
0.31658278268025103,-0.01733846509987526,-0.013238991545601252,hypoxic_low_neighbor_CD8,1.5621822958326015,Fibroblasts
0.6306205035213486,0.0,-0.013899168858804845,hypoxic_low_neighbor_CD8,2.568428542374616,Fibroblasts
-0.13239018696857743,-0.017954563804966236,-0.01281254166050961,intermediate,-0.2378706988520294,MAST cells
-0.2568002110982994,0.0,-0.008642613453421034,permissive_high_CD8,-1.0076878537291085,Fibroblasts
-0.289553937184284,-0.014644395001986731,-0.011066439148546391,intermediate,-0.9207034659294453,Fibroblasts
-0.25141785709733466,0.0,-0.011119347223546985,permissive_high_CD8,-0.9859981139299487,Fibroblasts
-0.18642430133130178,0.0,-0.0145475501473616,permissive_high_CD8,-0.7240879324489925,MAST cells
-0.16912117157595224,-0.028554312130700237,-0.013544181033506405,intermediate,-0.22739266778412198,Monocytes
0.919364866961437,-0.07403896501672412,-0.01440967876418882,hypoxic_low_neighbor_CD8,4.83909772936782,Macrophages
-0.21655661035254298,0.0,-0.013609688162964527,permissive_high_CD8,-0.8455147174767791,Fibroblasts
0.2837467097853082,0.0,-0.011898214067363867,intermediate,1.170601062440454,Monocytes
-0.29472565555189506,-0.023214373028712716,-0.013609688162964527,intermediate,-0.8133990954777957,Monocytes
0.2380270771233432,-0.013215084307589511,-0.009557866857119417,intermediate,1.1839633914196934,Monocytes
-0.07887709284403238,0.0,-0.008384195448737718,permissive_high_CD8,-0.29069559746011253,Endothelial cells
-0.2527582185814179,-0.026256169384790334,-0.006156676275688305,intermediate,-0.5987958492323824,Fibroblasts
-0.07755247368870011,0.0,-0.007380158891562026,permissive_high_CD8,-0.2853576645023417,Monocytes
-0.24613315321834212,0.4413181145985921,0.00985913619874996,permissive_high_CD8,-7.563649880433665,DCs
0.3660326482780487,0.0,0.012039950877441459,intermediate,1.5021958618009745,Fibroblasts
-0.07893410648208067,0.0,-0.011001422369850149,permissive_high_CD8,-0.29092535027348176,Monocytes
-0.19490621176110692,0.0,0.010862846627623657,permissive_high_CD8,-0.7582682242301122,Fibroblasts
-0.1702790930567975,-0.014687459961122829,0.018174926364845485,intermediate,-0.43940731577752445,Fibroblasts
-0.12953492436543046,-0.017226008751131745,-0.014339171794422885,intermediate,-0.23725854766389448,Monocytes
-0.042758298207478354,0.0,-0.009022808461054133,intermediate,-0.14514455095040296,Endothelial cells
-0.09360417591998854,-0.01675633187236091,-0.009398783363311397,intermediate,-0.09948827858041276,Endothelial cells
-0.20853724345624686,-0.017319497791861715,-0.00914882815640304,intermediate,-0.554223136175711,Fibroblasts
-0.11836826011358975,-0.021430052243746243,-0.015815903011121245,intermediate,-0.12939698663295435,Macrophages
-0.28327620173075113,0.0,-0.008728741441178418,permissive_high_CD8,-1.1143804547062897,Monocytes
-0.20707431471491433,-0.017395921081666522,-0.014661269824997132,intermediate,-0.547185101763936,Pericytes
-0.06151262919108073,0.0,-0.016752341047794068,intermediate,-0.2207205088061557,Endothelial cells
-0.051611433067474954,-0.025179380347371584,-0.015815903011121245,intermediate,0.19568181083641747,Monocytes
0.06818116908092572,-0.01505053670782792,-0.009963449550221968,intermediate,0.5269657509388646,Monocytes
-0.12332514107945454,-0.017049858927244116,-0.013408362752834633,intermediate,-0.21486837982583928,Fibroblasts
-0.05596726199230516,0.0,-0.010168109538584102,intermediate,-0.1983738605532392,Monocytes
-0.22988566816092496,0.0,-0.012303583245528374,permissive_high_CD8,-0.8992279804059627,Fibroblasts
0.3117919925705017,0.0,-0.00814814007716623,intermediate,1.2836175764221929,Fibroblasts
-0.16984639301836252,-0.06570531868258951,-0.009124433077298677,intermediate,0.3251969617015358,MAST cells
-0.1829252894144939,0.0,-0.00814814007716623,permissive_high_CD8,-0.7099876599629912,Fibroblasts
-0.24495219035320973,-0.013200419151831252,-0.005641149284064206,intermediate,-0.7625594328863187,Monocytes
-0.2877931049071163,-0.013233086358197787,-0.007379597883958084,intermediate,-0.934710723688681,MAST cells
-0.05155941688392057,-0.012982465960236214,-0.00836669494587722,intermediate,0.0135132240708771,Fibroblasts
-0.2240588329882028,0.0,-0.01040857208241657,permissive_high_CD8,-0.8757470761907659,MAST cells
0.008229760520429452,0.0,-0.004293620345080912,intermediate,0.06032646163523633,MAST cells
-0.3258099230417765,-0.012811541074683309,-0.004469002918032339,intermediate,-1.094213688999142,MAST cells
-0.013346767808538842,0.0,-0.0027188532104698107,intermediate,-0.02662235019331239,Fibroblasts
-0.012585943482487077,0.0,-0.004293620345080912,intermediate,-0.023556390269090396,Monocytes
0.190696154732302,-0.012945824789132183,-0.0027188532104698107,intermediate,0.9892036713519039,MAST cells
0.031171714445673293,-0.02783697336791498,-0.0027188532104698107,intermediate,0.5690187526272042,MAST cells
-0.039910205396782444,0.0,-0.0027188532104698107,intermediate,-0.13366734376990552,Macrophages
-0.14117839154469441,0.0,-0.0027188532104698107,permissive_high_CD8,-0.5417565566101191,MAST cells
-0.12567500225511422,0.0,-0.0027188532104698107,permissive_high_CD8,-0.479281201099166,MAST cells
-0.06117681327115101,0.0,-0.0037742637268766543,intermediate,-0.21936724220154638,MAST cells
-0.038082934766409386,0.0,-0.0037742637268766543,intermediate,-0.1263038324682828,Fibroblasts
-0.02639631478183241,0.0,-0.0027188532104698107,intermediate,-0.07920924401280405,Epithelial cells
-0.036609297296608306,0.0,-0.0027188532104698107,intermediate,-0.12036538745471656,Monocytes
-0.05835480287850621,0.0,-0.0027188532104698107,intermediate,-0.2079951416083823,Monocytes
0.1567824863525758,0.0,-0.0027188532104698107,intermediate,0.6589622944284026,Monocytes
-0.16615088589220162,0.0,-0.0027725682406612093,permissive_high_CD8,-0.6423903879107603,MAST cells
-0.2646505516695689,0.0,-0.008261967799280658,permissive_high_CD8,-1.0393230535496891,Monocytes
0.1036549557643722,0.0,-0.0028942357834212374,intermediate,0.44486966610564865,MAST cells
-0.20563438139766096,0.0,-0.005641149284064206,permissive_high_CD8,-0.8015004620012426,Monocytes
-0.23089766598130804,-0.015576563383403578,-0.0027725682406612093,intermediate,-0.6703926498559452,MAST cells
0.0,0.0,-0.005024868145323635,intermediate,0.02716228026301206,Epithelial cells
-0.022960350695384074,0.0,-0.00685910110370672,intermediate,-0.06536304084947372,Fibroblasts
0.0,0.0,-0.00685910110370672,intermediate,0.02716228026301206,Fibroblasts
-0.021545710812610794,0.0,-0.005725080667719667,intermediate,-0.05966234354094171,MAST cells
-0.10932085887495294,0.0,-0.005725080667719667,permissive_high_CD8,-0.4133774878743823,Fibroblasts
-0.021901329837170948,0.0,-0.001834232958383084,intermediate,-0.061095412437740054,Fibroblasts
-0.012117838763807672,0.0,-0.005725080667719667,intermediate,-0.021670027992455435,Fibroblasts
-0.027746003315630687,-0.027970667310089233,-0.005725080667719667,intermediate,0.3335920044646878,Epithelial cells
-0.2165083061739144,-0.030392048329959512,-0.005725080667719667,intermediate,-0.3908733945003338,Monocytes
-0.23971039798843813,0.0,-0.005725080667719667,permissive_high_CD8,-0.9388195482436797,MAST cells
-0.024072133872403676,0.0,-0.00685910110370672,intermediate,-0.06984329016386588,Macrophages
-0.05172169160651394,0.0,-0.005024868145323635,intermediate,-0.1812651165073582,Fibroblasts
-0.02458432017559986,0.0,-0.005024868145323635,intermediate,-0.07190729183358652,Fibroblasts
-0.013507295325099224,0.0,-0.0027049673391900727,intermediate,-0.027269241881257088,Fibroblasts
0.0,0.0,-0.005691684563311167,intermediate,0.02716228026301206,Fibroblasts
-0.10710736929652202,0.0,-0.004556952089111493,permissive_high_CD8,-0.40445759650422847,Fibroblasts
-0.11877295865591271,-0.01690673635073519,-0.0037051830214527453,intermediate,-0.1986641399658203,Endothelial cells
-0.011251236061494514,0.0,-0.004556952089111494,intermediate,-0.018177803750227605,Fibroblasts
-0.08647687368124843,0.0,-0.004556952089111493,permissive_high_CD8,-0.3213210949395259,Macrophages
-0.14022732164007592,0.0,-0.0067985497344682415,permissive_high_CD8,-0.5379239475401306,Fibroblasts
-0.1714957976436998,0.0,-0.007612192485979211,permissive_high_CD8,-0.6639292434224354,MAST cells
0.7540914313381456,-0.014956507122950997,-0.00854686345809545,intermediate,3.2896319531395233,Monocytes
-0.24052798412889842,0.0,-0.005248422468239479,permissive_high_CD8,-0.9421142461856592,Fibroblasts
-0.11119926789678244,0.0,-0.0062260397371814635,permissive_high_CD8,-0.42094707599745507,Endothelial cells
-0.20515137025151386,0.0,-0.0062260397371814635,permissive_high_CD8,-0.7995540299980435,Fibroblasts
-0.19447323596142382,0.0,-0.005944725312041207,permissive_high_CD8,-0.7565234240120707,MAST cells
0.13125115896324557,0.0,-0.005069847917749813,intermediate,0.5560764850404522,Monocytes
-0.18953805946442018,-0.015212532962382081,-0.005401910236168165,intermediate,-0.5091655275701246,Fibroblasts
0.0,0.0,-0.007159748669417121,intermediate,0.02716228026301206,Fibroblasts
0.5637370984717067,-0.041587740786162466,-0.009691102559428143,hypoxic_CD8_low,2.920756453264218,MAST cells
-0.14130033929663968,-0.018806812734256387,-0.0061418097028848135,intermediate,-0.26103319390800706,DCs
0.5580578721670741,-0.01731004792186413,-0.00438774137200936,hypoxic_CD8_low,2.534850538275347,Fibroblasts
-0.3553912917294177,0.0,-0.007952552929259183,permissive_high_CD8,-1.4049889017507795,Fibroblasts
0.2832754802512356,0.0,-0.006141809702884813,intermediate,1.1687021078235929,Fibroblasts
-0.10216022782536395,0.0,-0.005349244312075308,permissive_high_CD8,-0.38452167046892544,Macrophages
-0.1955515696820485,0.0,-0.008121760364486138,permissive_high_CD8,-0.7608688791443079,Fibroblasts
-0.0439908590661474,0.0,-0.0061418097028848135,intermediate,-0.1501115085875945,Epithelial cells
0.1895613986325551,-0.012204641272664553,-0.009434415518674449,intermediate,0.9735480662636613,Fibroblasts
0.7747978742821627,-0.014422544100989214,-0.007561767117375466,intermediate,3.3650902561258427,MAST cells
-0.22345323064719816,0.0,-0.008558867592238865,permissive_high_CD8,-0.8733066277929461,MAST cells
-0.29381052652994794,0.0,0.018026011049845785,permissive_high_CD8,-1.1568315390856263,Pericytes
0.08405275756575498,-0.015839736953920682,0.018127232896350355,intermediate,0.6027256358053608,Endothelial cells
0.4388173780288084,-0.0236677737371159,-0.011868474486707515,hypoxic_CD8_low,2.1494026497275938,Schwann cells
-0.29897501382483055,-0.012204641272664553,-0.01126531505713418,intermediate,-0.9951495828906596,Pericytes
-0.06067109347347277,0.0,-0.010891898987907793,intermediate,-0.21732929917123686,MAST cells
-0.04311066889858628,0.0,-0.01073002396968373,intermediate,-0.14656452975551518,MAST cells
0.18632851164024994,-0.031940031630790185,-0.011676699075943382,hypoxic_CD8_low,1.2556198558351663,Endothelial cells
0.07685447624888289,0.0,-0.0038603695137137185,intermediate,0.3368694440690677,MAST cells
-0.008271943852604602,-0.02751349437574626,-0.0038603695137137185,intermediate,0.4052322925600289,MAST cells
-0.025388621900933814,0.0,-0.00297355394453494,intermediate,-0.07514845641313327,Fibroblasts
-0.055989430132639934,0.0,-0.004804779933049129,intermediate,-0.19846319343539565,Fibroblasts
-0.11829851142852661,0.0,-0.004804779933049129,permissive_high_CD8,-0.44955551478591055,MAST cells
-0.012036066936201838,0.0,-0.004804779933049129,intermediate,-0.021340504950426914,MAST cells
-0.14841105756031941,0.0,-0.003858174196621667,permissive_high_CD8,-0.5709026595801231,MAST cells
-0.10424577184470303,0.0,-0.0027188532104698107,permissive_high_CD8,-0.39292596849745537,MAST cells
0.0,0.0,-0.0034395176067686917,intermediate,0.02716228026301206,Fibroblasts
-0.07914237516472139,0.0,-0.004578838592920548,permissive_high_CD8,-0.2917646286884618,MAST cells
-0.022724844844465755,0.0,-0.0038366089304770856,intermediate,-0.06441400244979163,Monocytes
0.1380015738517884,0.0,-0.002970546974666045,intermediate,0.5832792187221505,Fibroblasts
-0.12852116473707328,-0.017089814792277842,-0.0036912113709649257,intermediate,-0.2352097953963979,MAST cells
-0.033918162426316595,0.0,-0.003160156991317687,intermediate,-0.10952068733082834,Monocytes
-0.025617773753093428,0.0,-0.003160156991317687,intermediate,-0.07607188955167202,Macrophages
-0.10755828489740211,-0.017010306539805793,-0.003160156991317687,intermediate,-0.15192272839626011,MAST cells
0.15765064308442264,-0.01461595079676825,-0.014539816698082065,hypoxic_low_neighbor_CD8,0.8810103851980755,MAST cells
-0.13918580204607492,0.0,-0.016117668280556455,permissive_high_CD8,-0.533726845494156,Monocytes
0.46602820009591595,-0.038312479551987126,-0.014641755988240725,hypoxic_low_neighbor_CD8,2.4780360373923167,Endothelial cells
0.137668335294149,-0.015451379150514179,-0.012701484999354229,hypoxic_low_neighbor_CD8,0.8129779478375676,Monocytes
-0.03601395557204404,0.0,0.01960386263232018,intermediate,-0.11796628715490956,MAST cells
0.05182562630818072,0.0,0.018026011049845785,intermediate,0.2360085117356058,Monocytes
-0.27984613012597265,-0.01372296897023313,0.020155346491898467,intermediate,-0.895360984663353,Macrophages
0.5201601809765919,-0.015082395993746243,0.018539825417430954,intermediate,2.3488212511585855,MAST cells
-0.14276915094459872,0.0,0.01960386263232018,permissive_high_CD8,-0.548166978046689,Endothelial cells
-0.02639631478183241,0.0,0.01960386263232018,intermediate,-0.07920924401280405,Epithelial cells
0.13121443962955093,-0.02375316619873047,-0.013755156508019738,hypoxic_low_neighbor_CD8,0.9111052069680647,Epithelial cells
0.6204978835630608,-0.05938291356631136,-0.013896806230429213,hypoxic_low_neighbor_CD8,3.4155782444614817,T cells
-0.1720931577873996,0.0,-0.013028247732865183,permissive_high_CD8,-0.6663364775212917,Epithelial cells
1.0954682951471413,-0.008732839151915268,-0.012926647055004289,hypoxic_low_neighbor_CD8,4.572246622698638,Epithelial cells
-0.19015411344397976,-0.00940559460566594,0.009142225173696223,intermediate,-0.5984781671426205,Epithelial cells
-0.16420758105664846,-0.017424965676991082,0.010306096581044196,intermediate,-0.37400700033601647,Epithelial cells
0.5718360311056236,0.0,-0.014881962674510302,hypoxic_low_neighbor_CD8,2.331539643818442,Epithelial cells
0.39937162207791127,-0.02266588288280163,-0.013044959234322613,hypoxic_low_neighbor_CD8,1.9754635696934955,Epithelial cells
-0.10883273082564633,0.0,-0.014881962674510302,permissive_high_CD8,-0.41141043584171516,Epithelial cells
0.09656595034771653,-0.009187616317378364,-0.015588698985605588,hypoxic_low_neighbor_CD8,0.5536832091881647,Epithelial cells
0.20266330577283498,-0.012204641272664553,-0.013671998874700343,hypoxic_low_neighbor_CD8,1.026345960399663,Epithelial cells
0.4787900610621196,0.0,0.014873068621176832,intermediate,1.9565842099613835,Epithelial cells
-0.08022962468694972,-0.010986510558649597,-0.01319677633473426,intermediate,-0.13186675587469618,Epithelial cells
-0.20224002087451368,-0.030728749418065616,0.016280001560096208,intermediate,-0.3283406159205488,T cells
-0.3498969327015092,-0.011575663138015068,-0.012601231306027142,intermediate,-1.2097590594743353,Epithelial cells
0.7934262494006787,-0.030995662395770732,0.006035540117854965,hypoxic_CD8_low,3.6879734057626616,Epithelial cells
0.6499504784503615,-0.03842627181697954,0.004025272008163996,hypoxic_CD8_low,3.2209051452708892,Epithelial cells
0.6144122512465022,0.0,0.0031960787024521583,intermediate,2.5031127392190555,T cells
0.5532449440783765,-0.022748505055663074,0.002424367826584491,hypoxic_CD8_low,2.5967757054210643,Epithelial cells
0.0,-0.030037169514397378,0.009688823994247427,intermediate,0.4763025105171171,Fibroblasts
0.28437332264390813,-0.018586369178555755,0.01396584023884487,hypoxic_CD8_low,1.4510447132632578,Epithelial cells
-0.036108200808605516,-0.024267049936147835,0.01225057544871273,intermediate,0.24451462595092982,DCs
0.0447754761780122,0.0,-0.01152340275073341,intermediate,0.2075979088951093,Epithelial cells
-0.43288890424981175,-0.010486038107621042,-0.011194298367107768,intermediate,-1.5604919827996613,Epithelial cells
0.00852965111713333,-0.009697055044444467,-0.010211988338413828,intermediate,0.20653322418399633,Epithelial cells
0.4177678311206251,0.0,-0.011194298367107768,intermediate,1.7106776253780824,Epithelial cells
-0.2069224009073403,0.0,0.011608026181048116,permissive_high_CD8,-0.8066909061853632,DCs
0.3460433363435737,-0.036215009959603126,0.010777082477557567,hypoxic_CD8_low,1.9631595276103289,T cells
-0.2075638828507389,-0.0330356258129784,-0.019227400739826817,intermediate,-0.3153003500238705,Fibroblasts
0.11323468560674582,-0.029203615690532484,0.011621330452565934,hypoxic_CD8_low,0.9201501905781744,DCs
0.17783688062644865,-0.03992883782637747,-0.012702767633394353,hypoxic_low_neighbor_CD8,1.3408555309930268,Epithelial cells
0.2131518293097316,0.0,-0.011358853712094778,intermediate,0.8861187358611206,Epithelial cells
-0.1428490317011454,0.0,-0.00992818953376389,permissive_high_CD8,-0.548488880475282,Epithelial cells
0.039047849226189424,0.0,-0.01135885371209478,intermediate,0.18451679267172028,Epithelial cells
0.03363932567427913,-0.011658202298739661,-0.01135885371209478,intermediate,0.3370445340188646,Epithelial cells
-0.44918029662595693,-0.012427641795231746,-0.02272122276295856,intermediate,-1.5971103826616206,DCs
0.1455967177348922,-0.009532399505738788,-0.019391976870023288,hypoxic_low_neighbor_CD8,0.7564222338448432,Epithelial cells
-0.0392065534151223,0.0,-0.02194400927637592,intermediate,-0.13083177621180064,Epithelial cells
-0.2954804447281313,-0.014329387108806657,-0.021137678349709865,intermediate,-0.9492962832228415,Epithelial cells
-0.18937171415152798,0.0,-0.008335488173964857,permissive_high_CD8,-0.7359653781056614,Macrophages
-0.023763855777112354,0.0,-0.006979908280366185,intermediate,-0.06860099512503143,Fibroblasts
-0.03285199667076509,0.0,-0.006328652455256536,intermediate,-0.10522426650519301,Fibroblasts
0.37644228399039276,-0.04195987840413082,-0.007461364066552538,hypoxic_CD8_low,2.1715627628882097,MAST cells
-0.21396309113406753,0.0,-0.008271233369464333,permissive_high_CD8,-0.8350633876306245,Fibroblasts
-0.1913327596273767,0.0,-0.004652790952468852,permissive_high_CD8,-0.7438679735309817,Monocytes
-0.1441559695814508,0.0,-0.006333027387920178,permissive_high_CD8,-0.5537555616620654,Monocytes
0.17819221096345217,0.0,-0.009398783363311397,intermediate,0.7452389228141124,MAST cells
-0.2626773573787337,0.0,-0.007720158006819958,permissive_high_CD8,-1.0313715009885362,Fibroblasts
-0.3659293546255334,-0.023604640111266843,-0.007720158006819958,intermediate,-1.0944992399115516,Monocytes
-0.14881703939782567,0.0,-0.007720158006819958,permissive_high_CD8,-0.5725386798822283,Fibroblasts
0.08259542304349232,0.0,-0.008786726448378262,intermediate,0.3600042364208118,Fibroblasts
0.5495744354753609,-0.015179585831368018,-0.007632093262254145,intermediate,2.4688076910915147,Monocytes
0.07421840075029426,-0.014251306472037003,-0.007632093262254145,intermediate,0.5393437665772369,Macrophages
0.3641415494512841,-0.02416605119280487,0.0068753942197043744,hypoxic_CD8_low,1.855925622300619,Epithelial cells
0.0256502929940281,-0.010928423298515288,0.006848504336310352,intermediate,0.29393818437853453,Epithelial cells
-0.5209535039572352,-0.008390578181154814,-0.011113858962992103,intermediate,-1.9467065796080942,Epithelial cells
0.2168307457583018,-0.010815034511118283,-0.011820595274087388,intermediate,1.062659192437944,Epithelial cells
0.13222313597499125,-0.019401449906198603,0.010142865054413265,hypoxic_CD8_low,0.8500996309099166,Epithelial cells
-0.022846017736028956,0.0,0.006848504336310354,intermediate,-0.06490230338433561,Epithelial cells
0.02520400070282347,-0.03615896711465318,-0.008774227330237427,intermediate,0.6694073683299333,Epithelial cells
-0.2994113621941532,-0.009808942856576278,-0.009415141902310967,intermediate,-1.0327304083699338,Epithelial cells
0.27085357449619646,0.0,-0.008270665798110036,intermediate,1.118644474381387,Epithelial cells
0.591436892628191,-0.016206569517189674,-0.011820595274087388,intermediate,2.652860770500088,Epithelial cells
-0.15084362365155815,-0.010855846559470481,0.011446854885522884,intermediate,-0.4183799204606232,Fibroblasts
0.6731191294260293,0.0,-0.009502788883471778,intermediate,2.73968894953645,Epithelial cells
-0.0918845048391197,-0.019976021307200074,-0.011113858962992103,intermediate,-0.044414950984119295,Epithelial cells
-0.1463613395231316,0.0,-0.006771333658421732,permissive_high_CD8,-0.5626427326261771,Fibroblasts
-0.10285814124417592,0.0,-0.015116141328283973,permissive_high_CD8,-0.38733411284147473,Fibroblasts
-0.07915107696410642,0.0,-0.010739624741589009,permissive_high_CD8,-0.29179969508588044,Monocytes
-0.2665894290050828,0.3294519049275098,0.030668581220266753,permissive_high_CD8,-5.973369607344561,DCs
-0.42526954376553916,-0.01060104466642928,0.008843554648203295,intermediate,-1.528067911749821,Epithelial cells
-0.1373422926209538,0.0,0.04101944982889335,permissive_high_CD8,-0.5262978953097185,Fibroblasts
0.16930981620727295,0.0,0.03242140900232496,intermediate,0.7094447645293888,Fibroblasts
-0.37678825041376446,-0.022434945048590903,-0.011952807353093073,intermediate,-1.1557485097629554,Fibroblasts
-0.23877415791094064,-0.015262486963619587,0.034644986836337176,intermediate,-0.7068295605894044,DCs
-0.18728289929738484,0.0,0.07070072133745955,permissive_high_CD8,-0.7275478993097919,Fibroblasts
0.11842652760356306,0.0,-0.015132803987716695,hypoxic_low_neighbor_CD8,0.504395953220769,Epithelial cells
-0.20137889413948518,-0.03126595377439429,-0.014588122425774333,intermediate,-0.3168377414564659,Epithelial cells
-0.13395798158454128,-0.04993868839402913,-0.016401603958706462,intermediate,0.2340641116378121,T cells
-0.0323507723559337,-0.026361909472507987,-0.01733517904191525,intermediate,0.2909803085124547,Epithelial cells
0.12147440010285285,0.0,-0.019282086754617418,hypoxic_low_neighbor_CD8,0.516678229978998,Epithelial cells
-0.08954340770062673,0.0,-0.006758896445455822,permissive_high_CD8,-0.3336785736474787,Macrophages
-0.1588848068053464,-0.015878831809348907,-0.005940668013414391,intermediate,-0.3756764074777359,Fibroblasts
-0.10996537419208083,0.0,0.01832894094166575,permissive_high_CD8,-0.4159747472747434,Fibroblasts
0.2888006642161603,0.0,-0.007446990225479188,intermediate,1.1909674219445565,Fibroblasts
-0.21366827171969127,0.0,0.016772977407412258,permissive_high_CD8,-0.8338753282082202,Endothelial cells
-0.15420516068676868,-0.020396338783295047,0.01517589236328244,intermediate,-0.2892689859713156,Fibroblasts
-0.15884635343130335,0.0,0.015896822269718267,permissive_high_CD8,-0.6129546784789762,Endothelial cells
-0.20896415825349737,0.0,0.01701721095452514,permissive_high_CD8,-0.8149187532506494,Fibroblasts
-0.21064614292129455,-0.03013826285296606,0.018075799741815068,intermediate,-0.3710449328648994,Fibroblasts
-0.12155626121773774,0.0,0.01802442166415232,permissive_high_CD8,-0.46268355230371255,Macrophages
-0.30886258657677584,-0.012690437950103389,-0.005177512278280116,intermediate,-1.0277303666178477,Fibroblasts
-0.2046405838196536,0.0,-0.005177512278280116,permissive_high_CD8,-0.7974956695115343,Monocytes
-0.14923703909877792,0.0,0.01652875866091293,permissive_high_CD8,-0.5742311891872176,Fibroblasts
-0.17606336907689352,0.0,0.01802442166415232,permissive_high_CD8,-0.6823355830801929,Fibroblasts
-0.33559181795541543,-0.025500992531718513,0.017143416043646352,intermediate,-0.9438896248131856,Fibroblasts
0.04093075420961806,0.34688666850341854,0.017251888710727827,intermediate,-4.994827582006519,T cells
-0.32517818466247805,0.0,0.019222906108094864,permissive_high_CD8,-1.2832365178145662,Fibroblasts
-0.24447997985594722,0.0,0.019294211667487425,permissive_high_CD8,-0.9580399469091186,Fibroblasts
-0.1550988653098723,0.0,0.019660461165233248,permissive_high_CD8,-0.5978530998314714,Schwann cells
0.35536157414616354,0.0,0.016279986487780573,intermediate,1.459193706748251,Schwann cells
-0.012808886876546714,0.0,0.016279986487780573,intermediate,-0.024454804644329985,Fibroblasts
-0.11258057130867219,-0.018451196462036627,-0.009893188206290426,intermediate,-0.1506161124999312,Fibroblasts
-0.29973341853743096,-0.013825220617688136,0.016167621001934144,intermediate,-0.9739735696142433,Macrophages
0.023762650518532213,-0.0455387285363819,-0.009893188206290426,intermediate,0.8038528687894688,Schwann cells
0.6539049340060438,-0.014038385167295634,-0.006449391677794669,intermediate,2.872173208263346,MAST cells
-0.15395688412179911,-0.01156313023586505,-0.006449391677794669,intermediate,-0.42034981504677804,MAST cells
-0.07338153885071536,0.0,0.03593950215836018,permissive_high_CD8,-0.2685496858114335,MAST cells
-0.05940963944278089,-0.023956275661947274,-0.006081647654133127,intermediate,0.1459678429814257,Schwann cells
-0.012203099737205658,0.0,-0.006081647654133127,intermediate,-0.02201361154858978,Schwann cells
-0.07977325562013679,0.0,-0.003344239686664782,permissive_high_CD8,-0.29430694250131817,Schwann cells
-0.2517206276276983,0.0,0.03611445602832267,permissive_high_CD8,-0.9872182146556282,Monocytes
0.3015696006606382,-0.013180954736253993,-0.0053828232362363665,intermediate,1.439515889035625,Macrophages
0.0,0.0,0.03593950215836017,intermediate,0.02716228026301206,Fibroblasts
-0.011957511365653041,0.0,-0.004062594415044334,intermediate,-0.021023942739046442,Fibroblasts
0.1977484975473948,0.0,-0.006081647654133127,intermediate,0.8240465908655791,Fibroblasts
-0.14618059334505992,-0.014187438285302537,-0.004062594415044334,intermediate,-0.34977222810699604,Fibroblasts
-0.08564896181405308,0.0,0.03681823247411044,permissive_high_CD8,-0.3179847865189194,Pericytes
-0.04104544934498737,0.0,0.03593950215836018,intermediate,-0.13824213499335944,Fibroblasts
-0.09921382612971417,-0.0227952022784152,0.03681823247411044,intermediate,-0.031795863412577396,Endothelial cells
-0.012930422901628486,0.0,0.03593950215836017,intermediate,-0.024944568929580507,Schwann cells
-0.08456679041605876,0.0,0.03776406169313061,permissive_high_CD8,-0.3136238663645813,Endothelial cells
-0.04398368927369635,0.5892561276753744,0.03776406169313061,intermediate,-8.961120311527518,MAST cells
-0.026119634329554546,0.0,0.03681823247411044,intermediate,-0.07809428074276552,Fibroblasts
-0.3867192402422189,-0.012138098357660086,-0.0077766982167355924,intermediate,-1.3497351234619788,Monocytes
-0.2664629158724743,-0.015034704555866689,-0.008786726448378262,intermediate,-0.8218153436350005,Monocytes
-0.24791049574273658,-0.013656303467538192,-0.008786726448378258,intermediate,-0.7676640195730119,Monocytes
-0.11646144361381071,0.0,-0.008786726448378262,permissive_high_CD8,-0.4421525229188842,Endothelial cells
-0.17731521790286145,-0.01599852662337454,-0.010254661274342403,intermediate,-0.4481572628343202,Monocytes
-0.15373695686639074,0.0,-0.009272884260787656,permissive_high_CD8,-0.592364898987733,Fibroblasts
-0.1090473573370631,0.0,-0.008446166325516384,permissive_high_CD8,-0.4122753349519923,Fibroblasts
0.8558280420111843,-0.039312277728246775,-0.008446166325516384,hypoxic_CD8_low,4.063796142063437,Monocytes
0.03948099546164391,0.0,-0.008446166325516386,intermediate,0.18626227970960543,MAST cells
0.1013867531914309,-0.04617963628730311,-0.013660547511297683,hypoxic_low_neighbor_CD8,1.1262448379467682,Monocytes
0.33007972163847654,0.0,-0.013383711558765408,hypoxic_low_neighbor_CD8,1.3573132279774056,Fibroblasts
-0.10526113242030623,-0.020943211157794905,-0.013383711558765407,intermediate,-0.08385769933364151,DCs
0.2570833508748127,0.0,-0.014469754068475022,hypoxic_low_neighbor_CD8,1.0631534072255437,MAST cells
-0.0785088902975182,0.0,-0.014890627275433459,permissive_high_CD8,-0.2892118196510258,MAST cells
-0.32557515829921246,-0.014731013340505994,-0.013383711558765408,intermediate,-1.0645661239704798,MAST cells
-0.03879126966238979,0.0,-0.012971830625443966,intermediate,-0.12915827117330408,Fibroblasts
-0.16667130864767665,-0.03490845297994884,-0.012971830625443966,intermediate,-0.1225079513988363,Schwann cells
-0.059695603857078706,0.0,-0.012971830625443966,intermediate,-0.2133982838659305,MAST cells
-0.20723531332360692,0.0,-0.013660547511297683,permissive_high_CD8,-0.8079518765502877,MAST cells
-0.09238152714618239,-0.024321260722542582,0.01662809556705659,intermediate,0.0185557148811476,Endothelial cells
-0.054197211820916476,0.0,0.016628095567056595,intermediate,-0.19124093550929055,MAST cells
-0.14802145287693744,-0.03675264289021975,0.01662809556705659,intermediate,-0.01977717636625187,Endothelial cells
-0.21721158927703,0.0,0.01662809556705659,permissive_high_CD8,-0.8481541429853039,MAST cells
0.4930842219586354,0.0,0.017694484342036527,intermediate,2.0141866327000555,Macrophages
0.7676479040858256,0.42857372723234916,0.015706414192544052,intermediate,-3.2877637641444544,DCs
-0.013681816767497235,0.0,0.015706414192544052,intermediate,-0.027972526108624593,Epithelial cells
-0.06945055603502265,-0.013836754478423701,0.015706414192544052,intermediate,-0.04581023669726786,Endothelial cells
-0.22578831561597953,-0.04175546005187247,0.015706414192544052,intermediate,-0.25835486526274654,MAST cells
0.03107160976134149,-0.017743599076985347,0.015706414192544052,intermediate,0.41769099647675645,Endothelial cells
-0.23425182664250754,-0.03322297069225234,0.016628095567056595,intermediate,-0.42004574380475374,Endothelial cells
-0.24513166496552616,-0.01321018948728739,-0.008950005465673533,intermediate,-0.7631365833173192,Fibroblasts
-0.0861379784273814,-0.017367088842971123,-0.008950005465673533,intermediate,-0.06026855770075176,Monocytes
0.3667288080276735,-0.029491283632965704,-0.0077542053382245475,hypoxic_CD8_low,1.9459789370749276,Pericytes
-0.2046385462504314,0.0,-0.010955249410570071,permissive_high_CD8,-0.7974874585417162,Pericytes
-0.20733526145598016,-0.013942165413366155,-0.008900722318332688,intermediate,-0.59988003010253,Epithelial cells
0.20871816677262028,0.0,-0.007229936653785861,intermediate,0.8682520205224435,Epithelial cells
0.4093234337956072,-0.01048142321196645,-0.0078115931728429955,intermediate,1.8333752826341836,Epithelial cells
-0.3047676852429248,-0.012197187554981061,-0.014150323301513508,intermediate,-1.0186042685134638,Epithelial cells
-0.2855491927828655,-0.021410360992678748,-0.01218423772598246,intermediate,-0.8033949634736941,Epithelial cells
-0.08120528378161082,0.0,-0.0073068899342566525,permissive_high_CD8,-0.30007771086807244,Macrophages
-0.39169109298522214,0.0,-0.00722993665378586,permissive_high_CD8,-1.551269366368767,Epithelial cells
-0.11205301849717594,0.0,-0.004643633619815553,permissive_high_CD8,-0.4243875090073597,Epithelial cells
0.10337682517178082,0.0,-0.004089764287436379,intermediate,0.4437488590791298,Epithelial cells
-0.22516871073159828,0.0,-0.0073068899342566525,permissive_high_CD8,-0.8802196470136457,Fibroblasts
0.1957719598908022,-0.01633693718234537,-0.006304678614483831,hypoxic_CD8_low,1.060364759919607,Schwann cells
-0.24712148153159513,-0.04265789078314777,-0.014697696708957193,intermediate,-0.3308290989028627,Fibroblasts
0.05869652971206418,0.0,-0.01423152899130797,intermediate,0.263696788461492,Epithelial cells
-0.0866531846992462,0.0,-0.00994981728423784,permissive_high_CD8,-0.32203159077525334,Fibroblasts
-0.067635563003969,0.0,-0.01087413368276578,intermediate,-0.2453946274511239,Fibroblasts
-0.15709951316496454,0.0,-0.012406715336437972,permissive_high_CD8,-0.6059152844070158,Fibroblasts
-0.02458432017559986,0.0,-0.01483720568349326,intermediate,-0.07190729183358652,Epithelial cells
-0.22099351691433702,-0.01379082946159579,-0.008093738942011165,intermediate,-0.6571827878648173,DCs
-0.1028509637916902,0.0,-0.004302765901593866,permissive_high_CD8,-0.38730518923726587,Epithelial cells
-0.14703115258350907,-0.009435998283417119,-0.004302765901593866,intermediate,-0.42424720257675286,Epithelial cells
-0.214285057711314,0.0,-0.004302765901593866,permissive_high_CD8,-0.8363608443351167,Epithelial cells
-0.037156120361573244,0.0,-0.004302765901593866,intermediate,-0.12256896789426822,Epithelial cells
0.019607080273838895,0.0,-0.007582873693201062,intermediate,0.10617463606208721,Epithelial cells
-0.13596717803832517,0.0,-0.007370351683273006,permissive_high_CD8,-0.5207564765390655,Epithelial cells
0.8323998546983343,0.0,-0.007582873693201062,intermediate,3.3815563342455377,Epithelial cells
-0.0587253723757334,-0.0197336258675888,-0.009705472796873846,intermediate,0.08558479349074896,Epithelial cells
0.04767842800262939,0.0,-0.010474685843978655,intermediate,0.2192961862128325,Epithelial cells
-0.2400350149376804,0.0,-0.006505265538348199,permissive_high_CD8,-0.9401276853825971,Epithelial cells
0.1936101051698248,0.0,-0.008039400162484481,intermediate,0.8073697513562806,Fibroblasts
-0.16088542402029996,-0.01608041713112279,-0.005336235859776959,intermediate,-0.38072420061468887,Epithelial cells
0.030698157697317596,0.0,-0.006215614120648136,intermediate,0.1508693148893194,Epithelial cells
-0.02683770943836994,-0.011149940220450582,-0.005336235859776959,intermediate,0.08573501974814307,NK cells
0.3072061256232511,0.0,-0.011993346297950075,intermediate,1.2651375097410336,Epithelial cells
-0.25712487400774975,0.0,-0.011430013839371615,permissive_high_CD8,-1.0089961760778714,Epithelial cells
-0.21940804293835497,-0.029491283632965704,-0.01260308756036797,intermediate,-0.4160276834248125,NK cells
-0.3931107118905309,-0.012631336204436143,-0.013541816217213988,intermediate,-1.3681160982337006,Epithelial cells
-0.4196408742881683,-0.023227048788958714,-0.014258509608898084,intermediate,-1.3165912728527394,Epithelial cells
-0.21881275291902474,-0.025061784968202414,-0.014682882646156548,intermediate,-0.4798622642921146,Epithelial cells
-0.4039294690970915,0.0,-0.012611851196700906,permissive_high_CD8,-1.6005874144538836,Epithelial cells
-0.17032394447479862,-0.020682655365360892,-0.012741854509361359,intermediate,-0.3499430113872529,Epithelial cells
-0.4455026527006463,-0.009805153256003191,-0.012130738205594412,intermediate,-1.621503846456949,Epithelial cells
0.09540679943130681,0.0,-0.011082420915405438,intermediate,0.4116313535281198,Epithelial cells
-0.14650397894372905,-0.04309875858940094,-0.010574188953147405,intermediate,0.08123021245217021,Epithelial cells
0.33734492030009683,0.0,-0.012282302923369825,hypoxic_low_neighbor_CD8,1.386590430579,Epithelial cells
-0.20902183256953596,-0.014342557080844153,-0.013201691554142879,intermediate,-0.6006895699139378,Epithelial cells
0.018764689504860876,0.0,-0.012130738205594412,intermediate,0.10277998075233385,Epithelial cells
-0.294194319162024,-0.01881791705544661,-0.012647023181683622,intermediate,-0.8769973146015615,Epithelial cells
-0.1573103479592197,0.0,-0.010099576713263423,permissive_high_CD8,-0.6067649037050374,Epithelial cells
-0.3131723626550421,-0.04706163058879404,-0.010099576713263425,intermediate,-0.5311517709301593,Epithelial cells
-0.22943324520884747,-0.021815070256530514,-0.011013755978521224,intermediate,-0.5712081088087162,Epithelial cells
0.3925792510250965,-0.009140727008402589,-0.011793690332677846,intermediate,1.745852611854042,Epithelial cells
0.1559108356874152,0.0,-0.011430013839371613,intermediate,0.6554497279714753,Epithelial cells
0.12211522280451764,-0.021930555583011765,-0.009759228174824785,hypoxic_CD8_low,0.8471841431134706,Epithelial cells
-0.22972704416298004,-0.0157247593528346,-0.013541816217213988,intermediate,-0.6634593464817741,Epithelial cells
-0.3787633137530591,-0.012427641795231746,-0.011993346297950075,intermediate,-1.3133449455162236,Epithelial cells
0.05880014149539442,0.0,-0.013248233563504238,intermediate,0.2641143218716239,Epithelial cells
-0.1443965406302946,0.0,-0.006083864464290068,permissive_high_CD8,-0.5547250117301393,Epithelial cells
-0.08929244198473582,0.0,-0.009365733464558918,permissive_high_CD8,-0.3326672352860094,Epithelial cells
-0.07405521831359246,0.0,-0.010321903936615195,permissive_high_CD8,-0.27126447050512387,Epithelial cells
-0.16983500063179965,-0.011924643265573602,-0.010321903936615195,intermediate,-0.478929604062844,Epithelial cells
-0.17720868549193725,-0.02143992103545772,-0.009365733464558918,intermediate,-0.3663637974926274,Epithelial cells
-0.21457325885573544,-0.01593821927120811,-0.011700747627639257,intermediate,-0.5992009939209788,Fibroblasts
-0.36995124050891065,0.0,-0.011700747627639256,permissive_high_CD8,-1.4636623930261006,Epithelial cells
0.1883053990253004,-0.00961371858110312,-0.007146412415703944,intermediate,0.9297450685209643,Epithelial cells
-0.10672655043353038,0.0,-0.00791123013103861,permissive_high_CD8,-0.40292297762791157,Epithelial cells
0.29531745929794617,0.0,-0.0079852040480023,intermediate,1.2172287175826813,Epithelial cells
-0.08022903725804093,0.0,-0.008417689237195632,permissive_high_CD8,-0.2961436453881226,Epithelial cells
-0.10746500865522637,0.0,-0.012219450251776199,permissive_high_CD8,-0.4058988069171529,Macrophages
-0.12989823980982523,-0.017089814792277842,-0.009365733464558918,intermediate,-0.2407591145245238,Fibroblasts
-0.1872368318488799,0.0,0.022953548051013566,permissive_high_CD8,-0.7273622573079644,Fibroblasts
-0.2859510551973519,-0.014002017164037294,0.06756640042585133,intermediate,-0.9157899759792116,DCs
-0.20629769443986884,0.0,0.04903103703590218,permissive_high_CD8,-0.8041734722284217,Fibroblasts
0.2447241080333909,0.0,0.049031037035902184,intermediate,1.0133482919735524,Fibroblasts
0.020693354338527176,0.32824667369895727,0.06792997003298755,intermediate,-4.797659602915705,Fibroblasts
-0.12630906162491765,0.43207674556308323,0.04789171604975032,permissive_high_CD8,-6.942599843494287,Fibroblasts
-0.12781323965294772,0.0,0.04797452458164148,permissive_high_CD8,-0.48789784221558613,Fibroblasts
-0.042758298207478354,0.0,0.04789171604975032,intermediate,-0.14514455095040296,DCs
-0.18220679348252383,-0.01314232706540992,0.025919743709647152,intermediate,-0.5105774929402087,Fibroblasts
-0.22546095637432542,0.0,0.04773928401602103,permissive_high_CD8,-0.8813973346847008,Fibroblasts
-0.09790173113106723,0.0,0.04773928401602103,permissive_high_CD8,-0.36736083615399157,Macrophages
-0.23031979296580854,0.0,0.04686938747864182,permissive_high_CD8,-0.9009774108701422,Fibroblasts
0.21648993693202373,0.0,-0.0033778458954351635,intermediate,0.8995705983242976,Schwann cells
-0.1372724479460812,0.0,-0.0033778458954351635,permissive_high_CD8,-0.526016436151872,Schwann cells
-0.11842016809915443,0.0,-0.0033778458954351635,permissive_high_CD8,-0.45004576524700557,Schwann cells
-0.11548815960864944,0.0,-0.005403922990909632,permissive_high_CD8,-0.43823039575689376,Macrophages
-0.14767345750188254,0.0,-0.007068396901633896,permissive_high_CD8,-0.5679302885059662,Fibroblasts
-0.03832603338731819,0.0,-0.006916738746941652,intermediate,-0.12728346811322577,Fibroblasts
-0.1629439204572195,0.0,-0.007068396901633896,permissive_high_CD8,-0.6294670005198171,Schwann cells
-0.15798395608802396,0.0,-0.006371791417460371,permissive_high_CD8,-0.6094794009376134,Schwann cells
0.1166978200755445,-0.014518026398261066,-0.0033778458954351635,intermediate,0.7145149889534503,Schwann cells
-0.14522463633832203,0.0,-0.005318389279961425,permissive_high_CD8,-0.5580620609901278,Schwann cells
-0.113543399366509,0.0,-0.003189073979613269,permissive_high_CD8,-0.4303934263535033,Schwann cells
0.49812793923190324,0.0,-0.004386044899944351,intermediate,2.0345117386403366,Schwann cells
-0.17372739554409042,-0.03502681670401261,-0.011120123805304772,intermediate,-0.14917260730767168,Epithelial cells
-0.2613383526782913,0.0,-0.012435698863144025,permissive_high_CD8,-1.0259755973491171,Epithelial cells
0.43898390670378046,-0.024514487880444236,-0.010482201659888552,hypoxic_CD8_low,2.162734484505395,Epithelial cells
-0.12507406487522355,0.0,-0.009166626602049298,permissive_high_CD8,-0.4768595515006667,Epithelial cells
-0.03959447408775728,0.0,-0.0091666266020493,intermediate,-0.132395013867789,Epithelial cells
-0.4562076737124278,-0.029302458048832077,-0.013000451344066626,intermediate,-1.3731032142309698,Epithelial cells
-0.16727328013224774,-0.016059782823570345,-0.013073621008560243,intermediate,-0.40677444065511403,Epithelial cells
0.04924641627384477,0.0,-0.01136615215203701,intermediate,0.22561484485265812,Epithelial cells
0.36620108765291876,-0.012072743674521505,-0.013073621008560243,hypoxic_low_neighbor_CD8,1.683396135835725,Epithelial cells
-0.031340992594339756,-0.010245232446956248,-0.012394762618339014,intermediate,0.0540598204430741,Epithelial cells
0.28595421831291845,-0.018302834468331898,-0.012394762618339014,hypoxic_low_neighbor_CD8,1.4531757439792985,Epithelial cells
-0.10006244307062233,-0.020174534214652984,-0.0013449689476435322,intermediate,-0.07440197285050898,Pericytes
-0.025617773753093428,0.0,-0.003168754989479878,intermediate,-0.07607188955167202,Fibroblasts
0.16641133090099655,0.0,-0.0013449689476435322,intermediate,0.6977644863288924,Endothelial cells
-0.09812570288478131,0.0,-0.0013449689476435322,permissive_high_CD8,-0.36826339459952473,Endothelial cells
-0.06687555734412258,0.0,-0.002084610626282479,intermediate,-0.24233196657727524,Macrophages
-0.04954149253875855,0.0,-0.0022978783297313526,intermediate,-0.17247937880197706,Fibroblasts
0.020587825870896914,0.0,-0.010678564424295982,intermediate,0.11012683184957112,Epithelial cells
-0.1352951172365242,0.0,-0.008578997198869343,permissive_high_CD8,-0.5180482147046219,Epithelial cells
0.109678121455702,-0.021277501032902643,-0.007582873693201062,hypoxic_CD8_low,0.7873002709807747,Epithelial cells
0.051477594547961136,0.0,-0.01353650749453649,intermediate,0.2346060178974723,Epithelial cells
0.18793789019067603,0.0,-0.01531673365758981,hypoxic_low_neighbor_CD8,0.7845119335760714,Epithelial cells
-0.3491569494147856,-0.009085330885914173,-0.014623569444767054,intermediate,-1.2440145612376476,Epithelial cells
0.03195073662033998,-0.03473577615220537,-0.012941584091598369,intermediate,0.6753145657794688,Epithelial cells
0.22329350504051731,-0.016471802947009624,-0.012941584091598369,hypoxic_low_neighbor_CD8,1.1732873456139463,Epithelial cells
0.4431212273946249,0.0,-0.011583010291281016,intermediate,1.8128464102832509,Epithelial cells
-0.32960626111930635,-0.029302458048832077,-0.01136615215203701,intermediate,-0.8629264965980027,Epithelial cells
-0.13123359833376474,0.0,-0.007262096713911666,permissive_high_CD8,-0.501681158919285,Fibroblasts
-0.028084092350848706,0.0,-0.014623569444767054,intermediate,-0.08601062799911566,Epithelial cells
0.12484420638486565,-0.011094625179584209,-0.011374217456812477,intermediate,0.6961537059081518,Epithelial cells
-0.03328586103446991,0.0,-0.008057635161879895,intermediate,-0.10697264744691458,Fibroblasts
0.17443525073039964,0.0,-0.004452843029006772,intermediate,0.7300991735750074,Schwann cells
0.26418485268052805,0.0,-0.009510129537337868,intermediate,1.0917709463769298,Schwann cells
-0.2106743318488799,-0.01633693718234537,-0.010293808639773474,intermediate,-0.5775271937844603,Schwann cells
0.1778355899106068,0.0,-0.006297743626129933,intermediate,0.743801815956828,Schwann cells
-0.14444340472240524,0.0,-0.004851960942812776,permissive_high_CD8,-0.5549138640359559,Schwann cells
-0.08717997294353194,0.0,-0.0021648393468818206,permissive_high_CD8,-0.32415443515631154,Schwann cells
0.5014252825434428,0.0,-0.010430338250802435,intermediate,2.047799329616882,Schwann cells
-0.23589735529030184,-0.015801032062484184,-0.010266069587264788,intermediate,-0.6871838939141126,Schwann cells
-0.007689762306979375,-0.024967108660863963,-0.010372143911446637,intermediate,0.3695027263601028,Schwann cells
-0.19040983269013553,-0.015245763879073294,-0.01034861814316146,intermediate,-0.512181692179944,Schwann cells
-0.02701459065019845,0.0,-0.010875603576742525,intermediate,-0.08170076402552623,Fibroblasts
-0.18942027877133535,-0.016292996734742694,-0.01026022057784231,intermediate,-0.49253492188036685,Schwann cells
0.145216766610203,-0.016426329670647378,-0.01026022057784231,hypoxic_CD8_low,0.8579747721697738,Fibroblasts
0.39756395347625856,0.0,-0.010875603576742525,intermediate,1.629260303336124,Schwann cells
0.31387204961125625,-0.018890359623712084,-0.009853259818917505,hypoxic_CD8_low,1.5744638104129245,Schwann cells
-0.09638083890738736,0.0,-0.010348618143161459,permissive_high_CD8,-0.36123196455092177,Schwann cells
-0.1450111205319324,0.0,-0.01026022057784231,permissive_high_CD8,-0.5572016377844508,Schwann cells
-0.045224216568422126,0.0,-0.010430338250802433,intermediate,-0.15508167652877516,Schwann cells
-0.09549900039611571,0.0,-0.009170980942554963,permissive_high_CD8,-0.3576783432449036,Schwann cells
0.15462255382154838,-0.01627120894459095,-0.008084781160238783,intermediate,0.8935585990540686,Schwann cells
-0.2380595992367909,-0.015668520560631387,-0.00832775420988137,intermediate,-0.6978786962410666,Schwann cells
0.10638508260489471,-0.025031777045987396,-0.010095672826213552,hypoxic_CD8_low,0.8301670196692339,Schwann cells
-0.1602742758141943,-0.016018838534953624,-0.010948348463627331,intermediate,-0.3791821769009853,Schwann cells
-0.13421894364567646,-0.01591832242031329,-0.010948348463627331,intermediate,-0.2756877387411413,Schwann cells
-0.12109276185552757,0.0,-0.006364850573211547,permissive_high_CD8,-0.4608157486323797,Schwann cells
-0.08888709593010714,0.0,-0.0037628317973230855,permissive_high_CD8,-0.3310337770534338,Schwann cells
-0.09196936366069748,-0.020292814926579895,-0.005341573154073656,intermediate,-0.04001995766123334,Schwann cells
-0.07598720688417733,0.0,-0.006868724140882813,permissive_high_CD8,-0.27904997279342103,Schwann cells
-0.1680077242564006,0.0,-0.0036205499600141474,permissive_high_CD8,-0.6498730508796684,Schwann cells
-0.061460801396503985,0.0,-0.006868724140882813,intermediate,-0.22051165383702281,Epithelial cells
0.3434454839392359,0.0,-0.008537509277281972,intermediate,1.411174402190199,Schwann cells
-0.15654538625694184,0.0,-0.007440909296877472,permissive_high_CD8,-0.6036822710361801,Schwann cells
-0.10046126277571223,0.0,-0.005182141009290852,permissive_high_CD8,-0.3776752033193832,Schwann cells
-0.17757311595012865,0.0,-0.004859431777727587,permissive_high_CD8,-0.6884195412957238,Schwann cells
-0.1350256831770441,0.0,-0.004859431777727587,permissive_high_CD8,-0.5169624528535607,Schwann cells
-0.04781002979201964,0.0,-0.005772124160478311,intermediate,-0.1655019528574974,Schwann cells
-0.22892393548804593,-0.01582033624533217,-0.007966528762529092,intermediate,-0.658793846076766,Schwann cells
-0.008866085584862626,-0.027673508956847403,-0.009486208914423441,intermediate,0.40523069635612846,Schwann cells
-0.045224216568422126,-0.0227952022784152,-0.006868724140882813,intermediate,0.18577075948750532,Epithelial cells
-0.11918665414833161,0.0,-0.006868724140882813,permissive_high_CD8,-0.4531345407090727,Schwann cells
-0.047236400435727285,0.0,-0.004966271872784284,intermediate,-0.16319034877554542,Schwann cells
0.19172332516635757,-0.016448999706067537,-0.0038292866808521927,hypoxic_CD8_low,1.0457252747811288,Schwann cells
-0.025617773753093428,0.0,-0.006364850573211547,intermediate,-0.07607188955167202,Epithelial cells
-0.013198157390916204,0.0,-0.006364850573211547,intermediate,-0.026023481874896,Epithelial cells
-0.05429887580105579,-0.021895416352430336,-0.006364850573211547,intermediate,0.1357474840960095,Epithelial cells
-0.12930449520248966,0.0,-0.004966271872784284,permissive_high_CD8,-0.4939072843366023,Schwann cells
-0.18325073364748054,-0.01819509822830015,-0.002409977468884426,intermediate,-0.43923119838509833,Schwann cells
0.11515583810078572,0.0,-0.0033778458954351635,intermediate,0.4912157714143758,Schwann cells
-0.13440047114728446,0.0,-0.0037628317973230855,permissive_high_CD8,-0.5144429815883186,Schwann cells
-0.1349575395086204,-0.017954563804966236,-0.002409977468884426,intermediate,-0.24821658255946724,Schwann cells
0.3319156921532259,0.0,-0.006364850573211547,intermediate,1.36471179795937,Fibroblasts
-0.14439162288803653,-0.02097868050640894,-0.006364850573211547,intermediate,-0.24101487173947012,Schwann cells
-0.026119634329554546,0.0,-0.01655853544330468,intermediate,-0.07809428074276552,Schwann cells
-0.024770746269379276,0.0,-0.011845664875066553,intermediate,-0.0726585492694825,Macrophages
-0.023210636583198028,0.0,-0.01290425366235648,intermediate,-0.06637163964864473,Fibroblasts
-0.13284761359892697,-0.05679840211443573,-0.01655853544330468,intermediate,0.3411106862783777,Endothelial cells
-0.1505349094130428,0.0,-0.005124208962547313,permissive_high_CD8,-0.5794613300148951,MAST cells
-0.0500312253653285,0.0,-0.005124208962547313,intermediate,-0.1744528977450836,Monocytes
-0.11469890793643324,0.0,-0.005124208962547313,permissive_high_CD8,-0.43504987968467834,Monocytes
-0.11313606170286615,-0.020736752251381815,-0.005124208962547313,intermediate,-0.11867912819503568,Macrophages
-0.15281275860277047,-0.017116677905866493,-0.006624921034222189,intermediate,-0.3326980636755329,MAST cells
-0.035216507662731,0.0,-0.005566332246932262,intermediate,-0.11475274199357616,MAST cells
-0.024770746269379276,-0.024971319113665746,-0.007422225967592556,intermediate,0.3007329585783095,Fibroblasts
0.05849800531165186,0.0,-0.010219007947666925,intermediate,0.2628967774276664,MAST cells
-0.1120649513949352,0.0,-0.007422225967592556,permissive_high_CD8,-0.4244355960427725,MAST cells
0.5202009457660965,0.0,-0.01042916469084911,intermediate,2.123461251850726,MAST cells
0.0649153448970442,0.0,-0.004236631933976764,intermediate,0.28875728860642913,MAST cells
-0.013346767808538842,0.0,-0.010724815505075392,intermediate,-0.02662235019331239,Epithelial cells
-0.26069426632310494,0.0,-0.009688790060087094,permissive_high_CD8,-1.023380066573981,MAST cells
-0.15578351920867062,0.0,-0.0039649038018807065,permissive_high_CD8,-0.6006121091635878,MAST cells
-0.08356080572289157,0.0,-0.005106015662271806,permissive_high_CD8,-0.3095699623975024,MAST cells
-0.26386886045157193,-0.014038385167295634,-0.0039649038018807065,intermediate,-0.8262596322196651,Monocytes
-0.3274088786787776,-0.02469841960953315,-0.0025824536517885855,intermediate,-0.9229148472763538,MAST cells
-0.16167307474527015,0.0,-0.003618479096776882,permissive_high_CD8,-0.6243457630813062,DCs
0.5956154501581766,0.0,-0.003618479096776882,intermediate,2.427365635890425,MAST cells
0.1897517093214165,0.0,-0.012001028588587136,intermediate,0.7918212382003021,Macrophages
-0.012203099737205658,0.0,-0.011121405216685512,intermediate,-0.02201361154858978,Fibroblasts
-0.27967451470922755,-0.049382414412401945,-0.012001028588587136,intermediate,-0.3614603306323051,MAST cells
0.05011745054559055,-0.02802820244298773,-0.012001028588587136,intermediate,0.6482254452461007,Macrophages
0.4216005974505321,0.0,-0.00887511950916285,intermediate,1.7261228570354132,Monocytes
-0.20451266124066578,-0.015540381674824456,-0.00762998694189486,intermediate,-0.5646077210206673,MAST cells
-0.2763448814790412,-0.01372296897023313,-0.010429164690849108,intermediate,-0.8812516986315366,MAST cells
-0.40892659995450553,-0.01110561946143023,-0.010353431495738578,intermediate,-1.4546645169837773,MAST cells
-0.02063729198103449,0.0,-0.012595286028266114,intermediate,-0.05600160920759703,Fibroblasts
-0.16480447034759213,-0.023577958466070383,-0.011113763080756515,intermediate,-0.2844077758925816,MAST cells
-0.1593805948893229,0.0,-0.013563939273437828,permissive_high_CD8,-0.6151075577233163,MAST cells
-0.013873001657815343,0.0,0.03776406169313061,intermediate,-0.028742960480608926,Epithelial cells
-0.07327780043743698,-0.011519605814204041,0.015056231669318569,intermediate,-0.09588111080210049,Monocytes
-0.24516098757824265,0.0,-0.013515350146171374,permissive_high_CD8,-0.9607842629268236,MAST cells
-0.06944968135481379,0.0,-0.005424852795929079,permissive_high_CD8,-0.2527051378686199,Endothelial cells
-0.012808886876546714,0.0,-0.004171065280311986,intermediate,-0.024454804644329985,Fibroblasts
0.0,0.0,-0.006665207918195428,intermediate,0.02716228026301206,Fibroblasts
-0.042923115343453895,0.0,-0.004377255201661474,intermediate,-0.1458087288905963,Fibroblasts
-0.08214452659269893,0.0,-0.007761765169872124,permissive_high_CD8,-0.3038626592711468,MAST cells
-0.12042431659009083,0.0,-0.005424852795929079,permissive_high_CD8,-0.45812205663911715,Fibroblasts
0.0,0.0,-0.006615239116344374,intermediate,0.02716228026301206,Fibroblasts
-0.02171954955441885,0.0,-0.006615239116344374,intermediate,-0.06036287663039554,Fibroblasts
0.2740847662270787,-0.017367088842971123,-0.004755641896071544,hypoxic_CD8_low,1.3913523501573963,MAST cells
-0.25858895175428276,0.0,-0.00594602821648684,permissive_high_CD8,-1.0148960974435692,Endothelial cells
0.04328918648532115,-0.014422544100989214,-0.00594602821648684,intermediate,0.4172661077524117,Pericytes
-0.05368046205206568,0.0,-0.004755641896071544,intermediate,-0.18915854404532506,MAST cells
-0.11921432219355939,0.0,-0.00335387694529998,permissive_high_CD8,-0.4532460370360766,Fibroblasts
-0.06922457591596856,0.0,-0.005941826193599727,permissive_high_CD8,-0.2517980109135639,MAST cells
-0.024966289719424575,0.0,-0.004574638500548246,intermediate,-0.07344654770848377,Fibroblasts
-0.060180334681009195,0.0,-0.0048645134718633696,intermediate,-0.2153516458041828,Macrophages
0.45538488066340066,0.0,-0.003835664200879302,intermediate,1.8622663199248655,Endothelial cells
-0.05077724380186763,0.0,-0.004230050744637144,intermediate,-0.17745919308927857,Fibroblasts
-0.019898535257362456,0.0,-0.004236631933976764,intermediate,-0.05302457701899442,MAST cells
-0.011670960958702976,0.0,-0.004230050744637143,intermediate,-0.0198692056546822,MAST cells
-0.2052437502696332,0.0,-0.0025824536517885855,permissive_high_CD8,-0.7999263017875413,MAST cells
0.0638897100605639,-0.01413710300738995,-0.011260653957825117,intermediate,0.49601368059788087,Monocytes
0.6274291387044761,0.0,-0.009688790060087094,intermediate,2.5555680221506116,MAST cells
-0.043160070855933486,-0.024713956392728366,-0.011260653957825119,intermediate,0.22277960165007257,Macrophages
-0.04418361234856418,0.0,-0.011260653957825119,intermediate,-0.1508882632455573,MAST cells
0.0,0.0,-0.009688790060087094,intermediate,0.02716228026301206,Epithelial cells
-0.1862318353001851,-0.01534720567556528,-0.011260653957825117,intermediate,-0.49382841252233434,Monocytes
-0.03854587662172126,0.0,-0.0040461174711363835,intermediate,-0.1281693895056042,Fibroblasts
0.0,0.0,-0.00452884038289388,intermediate,0.02716228026301206,Fibroblasts
0.16253319083447434,0.0,-0.006100704280631906,intermediate,0.6821364081808395,Schwann cells
-0.012694310950466907,-0.025594197786771335,-0.006100704280631906,intermediate,0.3587122091604073,Fibroblasts
-0.05452350631775148,0.0,-0.004614955114449567,intermediate,-0.1925558328075694,MAST cells
0.409638988923835,0.0,-0.004614955114449567,intermediate,1.6779201233473344,MAST cells
0.29941996082244626,-0.017855794806229442,-0.004614955114449567,hypoxic_CD8_low,1.5007553158937088,Endothelial cells
-0.02701459065019845,0.0,-0.004377255201661475,intermediate,-0.08170076402552623,Fibroblasts
-0.32077409368920995,-0.014573676383447068,-0.004281273608909123,intermediate,-1.0475714869272805,Endothelial cells
-0.051260523049228165,0.0,-0.004281273608909123,intermediate,-0.17940670548324317,Pericytes
-0.02616050252952729,-0.024971319113665746,-0.004755641896071543,intermediate,0.2951325369669735,Fibroblasts
-0.025171886964974154,0.0,-0.004755641896071544,intermediate,-0.07427506080119284,Fibroblasts
-0.04568171979911835,0.0,-0.00452884038289388,intermediate,-0.15692531706770987,Schwann cells
-0.02171954955441885,0.0,-0.00452884038289388,intermediate,-0.06036287663039554,Schwann cells
0.12865994062768407,0.0,-0.00452884038289388,intermediate,0.5456344272621888,Schwann cells
0.0,0.0,-0.005500418808457018,intermediate,0.02716228026301206,Fibroblasts
-0.153691211378718,0.0,0.020793841807161928,permissive_high_CD8,-0.5921805544194586,DCs
-0.2626376783991434,0.0,0.01931212561511979,permissive_high_CD8,-1.0312116031552359,Fibroblasts
-0.10309234680420902,-0.038587631966903624,0.021003050538871148,intermediate,0.18871579967161917,MAST cells
-0.012994074917222601,0.0,0.020793841807161928,intermediate,-0.025201072990012233,Fibroblasts
0.09576788604498865,0.0,-0.009957904146428694,intermediate,0.41308645564409263,Fibroblasts
-0.2682242948846166,-0.025363873856270362,-0.0073853953486351185,intermediate,-0.6744631710658091,Fibroblasts
-0.19168372709588352,-0.01405058602089824,-0.009130781124799679,intermediate,-0.5351864882673397,Fibroblasts
-0.15999791708337255,0.0,-0.006988161166830746,permissive_high_CD8,-0.6175952346317439,Fibroblasts
-0.12605236620309362,0.0,-0.00798496955480331,permissive_high_CD8,-0.4808018974041266,Endothelial cells
-0.1902530011403034,-0.015522417269254985,0.019932458389643734,intermediate,-0.5074129475672784,Fibroblasts
-0.0538575122634091,0.0,-0.004048133250351055,intermediate,-0.18987201867273468,Fibroblasts
0.10528956694775315,0.0,-0.007410333610256673,intermediate,0.4514568008860764,DCs
0.0778395749000182,0.0,0.02250496718743731,intermediate,0.34083918173697253,Fibroblasts
0.8214459333075097,-0.027356790627545192,-0.0056106767512847855,hypoxic_CD8_low,3.7464753864040556,DCs
0.45351437631859837,0.0,0.020199157466307845,intermediate,1.854728585965953,Fibroblasts
-0.024770746269379276,0.0,-0.0039694987488822575,intermediate,-0.0726585492694825,Fibroblasts
-0.011881927888556177,0.0,-0.003325702690402506,intermediate,-0.020719357431009684,Fibroblasts
-0.06333180675544889,-0.011297908389133964,-0.005660423672633615,intermediate,-0.059115875988126204,Fibroblasts
-0.26186383105664846,0.0,-0.0039694987488822575,permissive_high_CD8,-1.0280931632495778,Fibroblasts
-0.043618803522194244,0.0,0.019164329648357514,intermediate,-0.14861220401979158,Fibroblasts
-0.11120771691502337,0.0,0.021730547541888478,permissive_high_CD8,-0.42098112374072344,DCs
0.12277520421039625,0.39450430172925804,0.019164329648357514,intermediate,-5.37702953390141,DCs
0.0,0.0,0.02297458409154803,intermediate,0.02716228026301206,Fibroblasts
-0.33915235527069215,-0.03849326840296448,0.021803797837550678,intermediate,-0.7639667377417872,Endothelial cells
-0.046955342273635556,0.0,0.02277166626410142,intermediate,-0.16205774426772096,Fibroblasts
0.4611670204913281,-0.014436039364772286,0.02277166626410142,intermediate,2.101426533235974,Fibroblasts
0.36379396963311006,0.0,0.03609930708555289,intermediate,1.4931744638598596,Endothelial cells
0.4419867499286391,0.0,-0.0016990231116290999,intermediate,1.808274707819825,Fibroblasts
-0.02660917374024908,0.0,0.03761898723744724,intermediate,-0.08006702026110549,MAST cells
0.0,0.0,0.03776406169313061,intermediate,0.02716228026301206,Pericytes
-0.047236400435727285,0.0,0.03549967837451655,intermediate,-0.16319034877554542,MAST cells
-0.11319780924234045,0.0,0.03761898723744724,permissive_high_CD8,-0.42900077178841306,Endothelial cells
-0.3365594948151983,0.0,-0.009427606785989162,permissive_high_CD8,-1.3291007727004005,Fibroblasts
-0.11430135213706388,-0.03502681670401261,-0.007859643107322867,intermediate,0.09030168564313429,Macrophages
0.2590070287865328,0.0,-0.00867441289338023,intermediate,1.070905419329378,Fibroblasts
-0.31116369163176144,0.0,-0.005459061775773805,permissive_high_CD8,-1.2267610969858924,Fibroblasts
-0.191459441280748,0.0,-0.007461521210458116,permissive_high_CD8,-0.7443784736018536,Endothelial cells
-0.013873001657815343,0.0,-0.007767140109207627,intermediate,-0.028742960480608926,Fibroblasts
-0.04974633718590181,0.0,-0.008344434436998869,intermediate,-0.17330485908346568,Fibroblasts
-0.3693717129259224,-0.009656940877196277,-0.007461521210458114,intermediate,-1.3169285727154398,Fibroblasts
-0.21822061500396114,0.0,-0.0025173786358955582,permissive_high_CD8,-0.8522203016704948,Schwann cells
-0.1500375893221323,-0.01680583027210313,-0.005779614493592709,intermediate,-0.32616276985492504,Monocytes
-0.0466838438348119,0.0,-0.004307099006436614,intermediate,-0.16096366340776497,Schwann cells
0.4117479242952952,0.0,0.03776406169313061,intermediate,1.6864186835408888,MAST cells
-0.2719667427032348,0.0,-0.004062594415044334,permissive_high_CD8,-1.0688057445456205,Fibroblasts
-0.031828926270266615,0.0,0.03681823247411044,intermediate,-0.10110151077804155,Fibroblasts
-0.013346767808538842,0.0,0.03681823247411044,intermediate,-0.02662235019331239,Fibroblasts
-0.02701459065019845,0.0,-0.001834232958383084,intermediate,-0.08170076402552623,Macrophages
-0.024966289719424575,0.0,-0.0011340204359870528,intermediate,-0.07344654770848377,Fibroblasts
0.0,0.0,-0.002968253394370137,intermediate,0.02716228026301206,Fibroblasts
-0.013346767808538842,0.0,-0.0036654589468972727,intermediate,-0.02662235019331239,Macrophages
-0.23443136253510136,-0.02715997078158112,-0.014641755988240723,intermediate,-0.5114281494676518,MAST cells
0.10962893613371028,-0.030660225794865534,-0.014965565034091551,hypoxic_low_neighbor_CD8,0.9274002094825664,Schwann cells
-0.2146839310366466,-0.03470997675227733,-0.0159399617538761,intermediate,-0.3189563677757267,Schwann cells
-0.043802659674341896,0.0,-0.013611664044873113,intermediate,-0.14935310513849218,Monocytes
0.0522923416880719,0.0,-0.012411399730625744,intermediate,0.23788927527295237,Monocytes
0.016543374004134193,-0.02722500789503337,-0.014965565034091551,intermediate,0.500919051199332,Schwann cells
-0.20129569180040474,-0.01661148534612617,-0.012411399730625744,intermediate,-0.5356280048845431,MAST cells
-0.04558341689856657,-0.012015613949733224,-0.010600735011853669,intermediate,0.02313807173023355,MAST cells
-0.023915022731306083,0.0,-0.0057674888657172204,intermediate,-0.06921016574110495,Macrophages
-0.09388716058079977,0.0,-0.009073478232832895,permissive_high_CD8,-0.3511829722258547,MAST cells
0.46100295786876755,0.0,-0.0030424937223776792,intermediate,1.8849059740119352,Fibroblasts
-0.3534432836325772,0.0,-0.012155708513761822,permissive_high_CD8,-1.3971388441849721,MAST cells
0.2645594245458702,0.0,-0.011290210783079407,intermediate,1.093280391183775,Endothelial cells
-0.3446425472397402,-0.027356790627545192,-0.011290210783079407,intermediate,-0.9526127303073131,Macrophages
0.25043218968862513,-0.013249526622324337,-0.009255948176107264,intermediate,1.2344683614358423,Monocytes
-0.10311746405789173,-0.016958180709406433,-0.014664320038397788,intermediate,-0.13480659450787,Macrophages
0.26265103941461654,-0.025397916554439407,-0.006069585347143423,hypoxic_CD8_low,1.4653603460635227,Monocytes
0.52322568759382,-0.03951378100314121,-0.008687427845078442,hypoxic_CD8_low,2.7264925628841423,MAST cells
-0.042438568360355484,0.0,-0.006863641803242095,intermediate,-0.14385610779172608,Monocytes
0.3003534102535631,0.0,-0.010382501638209128,intermediate,1.2375225269176084,Macrophages
-0.023915022731306083,0.0,-0.009409420306865986,intermediate,-0.06921016574110495,Monocytes
-0.113543399366509,0.0,-0.007432162134270919,permissive_high_CD8,-0.4303934263535033,Fibroblasts
0.7715174424121658,0.0,-0.010382501638209128,intermediate,3.136213185022082,MAST cells
-0.21443992829227065,0.0,-0.011222532982768318,permissive_high_CD8,-0.8369849397779086,MAST cells
-0.20366618144943052,-0.01568717609050303,-0.01230009885934683,intermediate,-0.5590015981239139,Endothelial cells
-0.03318214105314998,-0.01288255602724639,-0.009398746940931972,intermediate,0.08607579528432596,MAST cells
-0.09114360426324439,0.0,-0.014547075562470677,permissive_high_CD8,-0.3401270248389956,Monocytes
0.10917946133747641,-0.021410360992678748,-0.012983405220042035,hypoxic_low_neighbor_CD8,0.787277407315764,MAST cells
0.18447537067903574,-0.011910846841480085,-0.012983405220042035,hypoxic_low_neighbor_CD8,0.9486594036039186,Endothelial cells
-0.23873694546251412,0.0,-0.011290210783079407,permissive_high_CD8,-0.9348967419789224,Pericytes
0.3540792742886218,0.0,-0.00836669494587722,intermediate,1.4540263115435514,Monocytes
0.0014369435099713113,-0.05591185565902154,-0.010677354120210758,intermediate,0.8689924743706129,MAST cells
-0.03687647930589546,0.0,-0.012962654759848487,intermediate,-0.12144207402334736,Endothelial cells
-0.24623729904971448,0.0,-0.012081649139342518,permissive_high_CD8,-0.9651215688258579,Fibroblasts
-0.2903001164815512,-0.013349711653674661,-0.0145475501473616,intermediate,-0.9430695697275178,Fibroblasts
-0.09682685208607869,0.0,-0.00836669494587722,permissive_high_CD8,-0.36302930262847616,Fibroblasts
-0.2405777130739756,0.0,-0.009249996720698843,permissive_high_CD8,-0.9423146432385132,Monocytes
0.16899704741665636,0.0,-0.005496497418072865,intermediate,0.7081843729452314,MAST cells
-0.12032756269217496,0.0,-0.010018010918106305,permissive_high_CD8,-0.4577321590459872,MAST cells
-0.2011897841610583,0.0,-0.010018010918106305,permissive_high_CD8,-0.783589682153485,Monocytes
-0.1191079635696718,0.0,-0.007071740102832295,permissive_high_CD8,-0.4528174344437712,Fibroblasts
0.10631663253508417,0.0,-0.007271958813171798,intermediate,0.45559565636490373,MAST cells
0.7015073577084217,-0.03665878126013134,-0.010169573383614442,hypoxic_CD8_low,3.4022394245900927,Monocytes
-0.2958249011671687,0.0,-0.013643602095795708,permissive_high_CD8,-1.1649490396683664,Fibroblasts
0.045238626051140596,0.0,-0.013257683176099851,intermediate,0.20946430419990866,Monocytes
-0.2972303949685461,0.0,-0.008357143659501583,permissive_high_CD8,-1.1706128802176397,MAST cells
-0.2722169500756934,-0.027138414653206645,-0.010909042281177846,intermediate,-0.6640183410285534,Macrophages
1.2234380465434735,-0.015229113188832395,-0.010452481963534748,intermediate,5.1850750361543305,MAST cells
-0.18256817859818178,0.0,-0.008357143659501583,permissive_high_CD8,-0.7085485794632903,Endothelial cells
-0.14445414409101248,0.0,-0.015081186075763985,permissive_high_CD8,-0.5549571414031927,Macrophages
-0.2258718559540898,0.0,-0.014412704974855329,permissive_high_CD8,-0.8830531724402768,Pericytes
-0.2385940398557119,-0.01487986375445779,-0.013438308255070778,intermediate,-0.7118250171563258,Fibroblasts
-0.27593715315363015,0.0,-0.012159787048051552,permissive_high_CD8,-1.084805652680519,MAST cells
-0.4042075283556099,-0.010809965944483213,-0.00543294133123277,intermediate,-1.4400685161967448,Fibroblasts
1.4989245713475239,0.0,-0.010039906237932996,intermediate,6.067508925107881,Monocytes
0.12289168604885237,0.0,-0.006546690718204225,intermediate,0.5223895903585318,Monocytes
0.24925262094980266,0.0,-0.002970546974666045,intermediate,1.0315972341309243,Schwann cells
0.2726061454259727,-0.027468389827712828,-0.002970546974666045,hypoxic_CD8_low,1.5364367053663526,Schwann cells
-0.2296866298200615,-0.01484962996200994,-0.011016739782212393,intermediate,-0.6763821329219157,Fibroblasts
-0.21145717207207737,0.0,-0.009931992519239662,permissive_high_CD8,-0.8249650677500335,Fibroblasts
0.2768952975790185,0.0,-0.00928728229764663,intermediate,1.1429913310878574,MAST cells
-0.2527461837094472,-0.013123160914370888,-0.010277257628447294,intermediate,-0.7951227935460939,Fibroblasts
-0.23525576610641785,0.0,-0.01027725762844729,permissive_high_CD8,-0.9208683309129835,Macrophages
-0.15755818072093059,-0.014864716935254301,-0.010277257628447294,intermediate,-0.38549425883349053,Monocytes
-0.15468090317814226,0.0,-0.008516176445120583,permissive_high_CD8,-0.5961688014963002,Fibroblasts
-0.08695384872007561,0.0,-0.008269352082781463,permissive_high_CD8,-0.32324320271634643,Fibroblasts
-0.11169677182852504,0.0,-0.008203504410510765,permissive_high_CD8,-0.42295191083860856,Monocytes
-0.16138050738108684,-0.01897569996142677,-0.008203504410510765,intermediate,-0.3394266533671527,Schwann cells
-0.3178194651163247,0.0,-0.0062260397371814635,permissive_high_CD8,-1.2535824459749123,Endothelial cells
0.09915923832889542,-0.02969925992401988,-0.0062260397371814635,hypoxic_CD8_low,0.8708404135080898,Endothelial cells
-0.24034055840059457,-0.01627120894459095,-0.0062260397371814635,intermediate,-0.6980585879293739,Pericytes
-0.16498089219671655,0.0,-0.0062260397371814635,permissive_high_CD8,-0.6376755626099385,Endothelial cells
-0.23891963728939195,0.0,-0.008813518776423859,permissive_high_CD8,-0.9356329511148698,Fibroblasts
0.06486402122849921,-0.038812185588635896,-0.01147645662027171,intermediate,0.868901884874266,MAST cells
-0.19360898488975434,-0.028711544839959396,-0.013554185089955605,intermediate,-0.32372226622212286,Fibroblasts
0.03284058417661126,-0.026538702157827523,-0.01039170935729898,intermediate,0.5563311332030147,Monocytes
-0.22313748401810365,0.0,-0.011233036849501967,permissive_high_CD8,-0.8720342361542144,Monocytes
-0.20676054437476468,-0.01725382360852199,-0.011258177943879616,intermediate,-0.5480454313356886,Schwann cells
-0.15058626228547,-0.03795139992285354,-0.009149793735560777,intermediate,-0.012188020000598376,Schwann cells
-0.26724779366489393,-0.011362400132152234,-0.008175024619469276,intermediate,-0.8798895215214033,Fibroblasts
-0.16930380212255272,0.0,-0.005753569274778791,permissive_high_CD8,-0.6550959685233706,Monocytes
-0.07653905876190308,0.0,-0.007976951676341685,permissive_high_CD8,-0.28127381827690345,Fibroblasts
-0.12417424826258158,-0.01375674718787313,-0.012678136645380141,intermediate,-0.2675313905218157,Fibroblasts
-0.2684143556648469,-0.04298816325693478,-0.007976443371792073,intermediate,-0.411696341655852,Monocytes
-0.19972604345605077,0.0,-0.009054036082526449,permissive_high_CD8,-0.7776911189933211,Fibroblasts
-0.20049733234696598,-0.013656303467538192,-0.01267813664538014,intermediate,-0.5765990734685793,Fibroblasts
-0.2305285595507028,0.0,-0.012402329206788429,permissive_high_CD8,-0.9018186957251153,Fibroblasts
-0.057404295986435976,0.0,-0.008997788409955106,intermediate,-0.20416480135900147,Fibroblasts
-0.09059937412001522,-0.03653318968861692,-0.009146507355848304,intermediate,0.20834012297006577,Fibroblasts
-0.18053240182409325,0.0,-0.01145371193827888,permissive_high_CD8,-0.7003448328291525,Fibroblasts
-0.07729778519595962,0.0,-0.010167344089461723,permissive_high_CD8,-0.2843313241433851,Monocytes
-0.057828504876439354,-0.01943224933948594,-0.008935651251500755,intermediate,0.08469255103265971,Monocytes
-0.26417140118089544,-0.013656303467538192,-0.009125363649787853,intermediate,-0.8331920037578479,Monocytes
-0.21403089776096573,0.0,-0.00594381076282496,permissive_high_CD8,-0.8353366338893836,Fibroblasts
-0.06389009378042565,-0.012287643756943675,-0.008761278916949687,intermediate,-0.04656632417404663,Fibroblasts
0.033146318182887796,-0.01314232706540992,-0.012249577158054036,intermediate,0.3572496615213755,Fibroblasts
-0.10487469133124294,0.0,-0.00891292889912923,permissive_high_CD8,-0.39546038002356954,Macrophages
-0.022724844844465755,0.0,-0.008078867156817686,intermediate,-0.06441400244979163,Monocytes
-0.45931792354966744,0.0,-0.007133727968141296,permissive_high_CD8,-1.8237910842122542,Fibroblasts
-0.15197009350880084,0.0,-0.006744087080241215,permissive_high_CD8,-0.5852448161243752,Endothelial cells
-0.1277308490381662,-0.010114213233051995,-0.006009155214235047,intermediate,-0.3363298691506952,Fibroblasts
-0.3008167312805911,0.0,-0.006009155214235046,permissive_high_CD8,-1.1850650514101313,Fibroblasts
-0.2938913245756463,-0.02846838684699796,-0.008997754368543947,intermediate,-0.7314746242906596,Fibroblasts
-0.06929394518993945,0.0,-0.00974045784367241,permissive_high_CD8,-0.25207755430707085,Fibroblasts
-0.3205174825277673,-0.030048870364664054,-0.00502902705337998,intermediate,-0.8151396903730391,Pericytes
-0.22381285395488204,0.0,-0.011274906240815896,permissive_high_CD8,-0.8747558330975356,Fibroblasts
-0.30156235905536205,-0.013894954673674425,-0.011487340991474517,intermediate,-0.9803010897885657,Fibroblasts
-0.1414765354141174,0.0,-0.008910062921192,permissive_high_CD8,-0.542958012878016,Pericytes
-0.2146784004916149,0.0,-0.008964279370430187,permissive_high_CD8,-0.8379459319297037,Fibroblasts
-0.06342509472705274,0.0,-0.008964279370430187,intermediate,-0.22842733742475982,Fibroblasts
-0.24707535280281281,-0.02351168196210977,-0.010100936632246461,intermediate,-0.616932922913459,Fibroblasts
-0.23432421397013836,-0.01247551470150349,-0.012863327391877991,intermediate,-0.7305703145088616,Fibroblasts
-0.23652158683562374,0.0,-0.012401249855957856,permissive_high_CD8,-0.9259693187417174,Fibroblasts
-0.16086328652010384,-0.01505053670782792,-0.01179347353586462,intermediate,-0.3960346023519174,Fibroblasts
-0.33382887629620045,-0.014238447312884003,-0.008333419434293884,intermediate,-1.105192097413575,Macrophages
-0.06853541767740826,0.0,-0.010338834551503624,permissive_high_CD8,-0.24902085005195188,Fibroblasts
-0.025465098011445836,0.0,-0.008430689774383255,intermediate,-0.07545663884363862,Fibroblasts
-0.13125451022841367,-0.014701922412825983,-0.008430689774383255,intermediate,-0.2819303076339588,Fibroblasts
-0.22648917814813943,0.0,-0.015806294324105245,permissive_high_CD8,-0.8855408493487045,Fibroblasts
-0.13799281292651072,-0.01686859130859375,-0.011274906240815896,intermediate,-0.27668643322591474,Fibroblasts
0.43308172264252326,-0.02067380395495457,-0.011274906240815894,hypoxic_CD8_low,2.0815209052147363,Fibroblasts
-0.2509895539188002,-0.05004972388387209,-0.012510925233766294,intermediate,-0.23588789570327118,Monocytes
-0.1429869257302648,-0.014277156065350119,-0.013332131871005943,intermediate,-0.3355608947565033,Monocytes
-0.06593580897074626,0.0,-0.014812432995691955,intermediate,-0.23854498086590017,Fibroblasts
-0.13443941476354637,0.0,-0.014707729851829537,permissive_high_CD8,-0.5145999160640903,Fibroblasts
0.1229539001323133,0.0,-0.010024306069501498,intermediate,0.5226402998588489,Fibroblasts
-0.15234753405712695,-0.04524718991175354,-0.009699195084462441,intermediate,0.08980702592550016,Monocytes
-0.12261491798492799,0.0,-0.009912630807050326,permissive_high_CD8,-0.4669497135062013,Fibroblasts
-0.10587331568859665,-0.040473451498548994,0.006496759475591325,intermediate,0.20570739765096452,Epithelial cells
0.1794610827802175,-0.012631336204436143,0.008685029931182111,intermediate,0.939226235719142,Epithelial cells
0.28675112283852205,-0.010593893074313639,0.004980192471880454,intermediate,1.3411167271213285,Epithelial cells
0.10770148637304344,-0.03476816632969659,-0.01968359258654307,hypoxic_low_neighbor_CD8,0.9810582713008213,Epithelial cells
-0.3229069963516481,-0.009704398722783756,-0.02116980913036104,intermediate,-1.1289760368431652,Epithelial cells
-0.1688945726697225,-0.0315276080297555,-0.02146583047472996,intermediate,-0.18202037980799268,Epithelial cells
0.8546665710617738,0.3676765000450145,0.0072668412543608766,intermediate,-2.026512122732391,T cells
0.6780508014571716,-0.05550554406787703,0.006618652438130725,hypoxic_CD8_low,3.589526653020144,Epithelial cells
0.18151494968368348,0.0,0.005264363286734383,intermediate,0.758628851876655,Epithelial cells
-0.17529830013413028,-0.013859927412952005,-0.018967430408184344,intermediate,-0.47200759171244466,Fibroblasts
-0.23939256782991342,-0.028224365913916215,-0.02140231776012261,intermediate,-0.5155050465203753,T cells
0.5126614685518196,-0.016494739393473637,-0.019619355928881768,hypoxic_low_neighbor_CD8,2.3397215470139137,T cells
-0.08190445344610865,-0.020292814926579895,-0.019779603137017585,intermediate,0.000539485960870778,Endothelial cells
0.2796560726970075,0.0,-0.016583096160579788,hypoxic_low_neighbor_CD8,1.1541166665716331,Epithelial cells
0.020674924773863512,-0.009664198647626498,-0.013328515373260868,intermediate,0.254984793598597,Epithelial cells
-0.3628658616399191,-0.011987380170629091,-0.01332851537326087,intermediate,-1.255864751287733,Epithelial cells
0.14432282907417016,-0.012182326451969533,-0.021120696704879944,hypoxic_low_neighbor_CD8,0.7909126006013247,Epithelial cells
-0.23308047376962074,0.0,-0.017672185408763398,permissive_high_CD8,-0.9121023662878811,Epithelial cells
0.20131633320007936,-0.036004410098921434,-0.019239072310618863,hypoxic_low_neighbor_CD8,1.3767914814056597,DCs
0.3533028292368693,-0.04881871180978381,-0.019899478904631458,hypoxic_low_neighbor_CD8,2.1808745556459423,Epithelial cells
-0.5034387427640249,0.0,-0.013572025170371278,permissive_high_CD8,-2.00158858476938,Epithelial cells
-0.18734313230437924,-0.06143979987634821,-0.013572025170371278,intermediate,0.19090731806558048,DCs
-0.30523853225401604,-0.011544412929519469,-0.016619077610422563,intermediate,-1.030262499668141,Fibroblasts
0.04747975016214756,-0.008986145861235707,-0.018958431442096007,intermediate,0.35286373089597245,Epithelial cells
0.0370784428224985,-0.033051834415327684,-0.01874233637100611,intermediate,0.6707984604284052,Epithelial cells
0.022104841638281636,-0.011350588277283951,-0.017672185408763398,intermediate,0.2859633255543971,Epithelial cells
-0.28806657293235444,-0.03569130762385936,-0.015564785569946454,intermediate,-0.5999991201914752,Fibroblasts
-0.21176414030144014,-0.04894471265043807,-0.01788266332525956,intermediate,-0.09434086486141546,Monocytes
-0.27279825478672504,0.0,-0.014674895784632883,permissive_high_CD8,-1.0721565610707928,Fibroblasts
-0.33021747635071536,-0.012072743674521505,-0.013188330847242101,intermediate,-1.1230222903465323,Fibroblasts
-0.17583989522543297,-0.017170963982338847,-0.01047217192759237,intermediate,-0.4246807882018007,Pericytes
-0.3535386051040098,-0.02452964242170697,0.019526465454993886,intermediate,-1.0307357712947363,Epithelial cells
-0.2069450109359251,-0.011683983358777003,-0.011321011117273655,intermediate,-0.6320735815085319,Epithelial cells
-0.043263362593440165,0.0,-0.011321011117273657,intermediate,-0.14717985281114465,Schwann cells
-0.16535209747682134,0.0,-0.014128956427940957,permissive_high_CD8,-0.6391714407955992,Fibroblasts
-0.09200452321983245,0.0,-0.01837612581960907,permissive_high_CD8,-0.3435963447969939,Fibroblasts
0.14528049522614384,0.0,-0.011792800043597713,intermediate,0.6126117209321524,Fibroblasts
-0.16902535986230077,0.0,-0.006253211861840787,permissive_high_CD8,-0.653973905542587,Monocytes
-0.28955344694206514,-0.022244351112890824,-0.013331063845862263,intermediate,-0.8070607548038844,Fibroblasts
-0.11725112424796844,0.0,-0.015564785569946454,permissive_high_CD8,-0.44533476761632446,Fibroblasts
-0.05389090833893742,-0.011023977990092537,-0.007127047614690907,intermediate,-0.025167097454465368,Fibroblasts
0.185224840918698,-0.03303969919922863,-0.011361261128414015,hypoxic_CD8_low,1.2676154233846195,Fibroblasts
-0.13301578200007058,0.0,-0.017510859943755407,permissive_high_CD8,-0.5088629793624513,Fibroblasts
-0.040878609959858966,0.0,-0.005796351477845639,intermediate,-0.13756980781996314,Fibroblasts
-0.26765800384153804,-0.012072743674521505,0.0161932999234379,intermediate,-0.8709209457576174,Fibroblasts
-0.1448030280300891,0.0,0.016269952429701213,permissive_high_CD8,-0.5563630693405452,Fibroblasts
-0.15552569776175013,-0.015540381674824456,-0.011962717071718532,intermediate,-0.36720069591266224,Monocytes
0.18928980300704162,-0.019266431630864316,-0.017063938043056393,hypoxic_low_neighbor_CD8,1.078047236530816,T cells
0.25271438929929313,0.0,-0.009571380589494177,intermediate,1.0455474229761685,Pericytes
-0.023210636583198028,0.0,-0.013348224192013144,intermediate,-0.06637163964864473,DCs
-0.04127458396206898,-0.02080439555982829,-0.014129340857790227,intermediate,0.1719187733454931,Fibroblasts
-0.1507053178955752,-0.011829150350470292,0.009058510930056624,intermediate,-0.40326894648663125,Epithelial cells
-0.1793802517006196,-0.009722832243452188,-0.018654745567826283,intermediate,-0.550318204298902,Epithelial cells
-0.26385611415388116,0.0,0.009058510930056626,permissive_high_CD8,-1.0361216396332373,Schwann cells
-0.07809479648329647,0.0,0.01141587479179956,permissive_high_CD8,-0.287543109811186,DCs
0.07601442681737694,-0.03547006676554197,0.007946259043423703,hypoxic_CD8_low,0.8638615600561173,DCs
-0.1781820274261107,-0.0356468208405653,-0.011927514520251314,intermediate,-0.15785301766315352,T cells
0.2599008447195153,0.0,-0.01457895125776489,hypoxic_low_neighbor_CD8,1.074507307092847,Macrophages
0.21366145811885234,0.0,-0.011547543259284756,intermediate,0.8881724313746456,Fibroblasts
0.5253404872005722,0.0,0.011936837598326184,intermediate,2.144172508743304,Monocytes
0.19770051939899186,0.0,-0.012540768032614518,hypoxic_low_neighbor_CD8,0.8238532491502778,Fibroblasts
0.2843954390790089,-0.011056409673652186,-0.014540622237562006,hypoxic_low_neighbor_CD8,1.338539748510533,DCs
-0.15354225434452654,0.0,-0.013028247732865183,permissive_high_CD8,-0.591580289310124,Fibroblasts
-0.16888545698908916,0.0,-0.013710267984593606,permissive_high_CD8,-0.65341012677282,Fibroblasts
-0.21116360890338698,-0.035086670385198554,0.017458490568187608,intermediate,-0.2991375895613514,Pericytes
0.14541203836839364,0.0,-0.009176271582743738,intermediate,0.6131418117673615,MAST cells
-0.12832255535815135,-0.034126266294162766,-0.013943963559211184,intermediate,0.020333460758743094,Fibroblasts
0.34810514526673586,0.0,-0.01276627243289098,hypoxic_low_neighbor_CD8,1.4299518445003045,Endothelial cells
-0.08519365701330714,0.0,-0.013943963559211184,permissive_high_CD8,-0.3161500051842622,Fibroblasts
-0.15960924692422032,0.0,-0.013943963559211184,permissive_high_CD8,-0.6160289767047851,Pericytes
0.15257966374776447,-0.016059782823570345,-0.01597476282261322,hypoxic_low_neighbor_CD8,0.882164771724672,Macrophages
-0.1906032179254126,0.0,-0.01597476282261322,permissive_high_CD8,-0.7409280759164061,Monocytes
-0.19361618532234406,0.0,-0.01698824049811936,permissive_high_CD8,-0.7530696925494038,Fibroblasts
-0.15301280806821035,0.0,-0.008686151967840155,permissive_high_CD8,-0.5894467336263333,MAST cells
-0.3053275724970193,0.0,-0.004528117598148815,permissive_high_CD8,-1.2032427803819,Macrophages
-0.25914007592871485,-0.01207994739053703,-0.0088606499145549,intermediate,-0.8364877953633981,Fibroblasts
-0.15941558592769517,0.0,-0.009277457650373822,permissive_high_CD8,-0.6152485641523733,Fibroblasts
-0.23655840096224742,0.0,-0.005766798127518009,permissive_high_CD8,-0.92611767182798,Fibroblasts
-0.010904700880548561,0.0,-0.009848868927331429,intermediate,-0.01678134080768886,Monocytes
0.2719218362287345,0.0,-0.0042696360151777395,intermediate,1.1229493415476857,Fibroblasts
0.553881376143919,-0.02073601093369457,-0.015816674509190033,hypoxic_low_neighbor_CD8,2.5692479393228904,MAST cells
-0.2407676666137205,0.0,-0.016709360516505685,permissive_high_CD8,-0.943080115530053,Endothelial cells
-0.0744738011475069,-0.02421781601693466,-0.015917588309881336,intermediate,0.0891732455187971,Pericytes
0.2133516934980829,-0.01633693718234537,-0.010909042281177844,hypoxic_CD8_low,1.1312073406216783,Fibroblasts
-0.05791664123535156,-0.018724987864011694,-0.006254750482144787,intermediate,0.07376183048910023,Fibroblasts
-0.08878655797506432,0.0,-0.007600192663318876,permissive_high_CD8,-0.3306286305163559,Fibroblasts
0.20662884300492376,0.0,-0.006434616096589246,intermediate,0.8598324909133888,Monocytes
-0.03936003489666674,0.0,-0.007600192663318876,intermediate,-0.13145027387993838,Macrophages
-0.06709154734171059,0.0,-0.007600192663318876,intermediate,-0.24320236024630285,Macrophages
-0.21482674472303276,0.0,-0.011818107934454996,permissive_high_CD8,-0.8385437275744314,Monocytes
-0.19423450332090078,-0.014504239626741602,-0.010452481963534746,intermediate,-0.538682174645064,Macrophages
-0.10005210202381792,0.0,-0.009969161106989933,permissive_high_CD8,-0.37602637266962935,Endothelial cells
0.9688324717632739,-0.020744943425722934,-0.010813764425424428,hypoxic_CD8_low,4.241546006431335,DCs
-0.09977550583192143,0.0,-0.011818107934454997,permissive_high_CD8,-0.3749117489509743,Pericytes
-0.12425306666806998,-0.011876583099365234,-0.011818107934454997,intermediate,-0.2959627571476423,Pericytes
-0.24075516543713918,0.0,-0.01202894267443864,permissive_high_CD8,-0.9430297384520712,MAST cells
-0.07885564474695658,-0.017665366894803067,-0.01698824049811936,intermediate,-0.02646220818233344,Endothelial cells
-0.1486830194312406,-0.03428745655878353,-0.013943963559211184,intermediate,-0.059304623066480155,Endothelial cells
-0.13283142028563472,-0.0349674109022627,-0.015326364288124155,intermediate,0.01474117528215474,Endothelial cells
0.3565305715583893,0.0,-0.006827972581994679,intermediate,1.463904517239817,Macrophages
-0.21286648057072038,-0.013848323088425856,-0.012696758198191115,intermediate,-0.6235728714884103,Fibroblasts
0.17534339954575381,-0.01595821843938789,-0.01230009885934683,hypoxic_low_neighbor_CD8,0.9723791032755047,Endothelial cells
-0.1312354214220162,-0.026459612827069365,-0.008296095890554822,intermediate,-0.10604281759353529,Fibroblasts
-0.00969549163757083,-0.013370073758638822,-0.008013490337109276,intermediate,0.18801175040693924,Monocytes
0.053657254062024456,0.0,-0.008910062921192,intermediate,0.24338958131643776,Fibroblasts
0.4902230750126053,0.0,-0.005503163099610694,intermediate,2.0026568201356216,Macrophages
-0.2040722398872835,-0.03444506378791593,-0.013943963559211184,intermediate,-0.2801547079609509,Endothelial cells
-0.09587785805085576,-0.017573489833939897,-0.013943963559211186,intermediate,-0.09643192152077704,Macrophages
0.2774893567265277,0.0,-0.006122866461955906,intermediate,1.1453852628754126,MAST cells
-0.1889407912411364,0.0,-0.005554858811310268,permissive_high_CD8,-0.7342288505940533,Fibroblasts
-0.25309552725060397,-0.015212532962382081,-0.005554858811310267,intermediate,-0.7652885804813054,Monocytes
-0.22077344411826996,0.0,-0.006360188637346069,permissive_high_CD8,-0.862507659066748,Fibroblasts
-0.33889139320955697,0.0,-0.010116022189779965,permissive_high_CD8,-1.3384978263692322,DCs
-0.11243179045527814,0.0,-0.008387831830785342,permissive_high_CD8,-0.4259138792931087,Macrophages
-0.08549213026422095,-0.03830416675521295,-0.009310692363744162,intermediate,0.25540231944016356,Macrophages
-0.3366075385526481,-0.011917738779353709,-0.008850975525684845,intermediate,-1.1510906389590425,Macrophages
-0.1638821215035925,0.0,-0.006345316852152589,permissive_high_CD8,-0.6332477508330595,Monocytes
-0.2556712751886452,0.0,-0.007081728715163011,permissive_high_CD8,-1.0031384825569523,Fibroblasts
-0.2213395360004471,0.0,-0.013230317485155525,permissive_high_CD8,-0.8647888887340344,Endothelial cells
-0.045004944245978055,0.0,-0.013855071975152018,intermediate,-0.15419805578994658,Macrophages
-0.2677618432715236,-0.012287643756943675,-0.011976529969538434,intermediate,-0.8681260354209813,MAST cells
-0.060180334681009195,-0.024267049936147835,-0.016113705834557332,intermediate,0.14750905552405189,MAST cells
-0.036108200808605516,0.0,-0.013084744956651037,intermediate,-0.11834607537730488,Fibroblasts
0.08443841828878629,-0.014329387108806657,-0.011465431900642179,intermediate,0.5816957849600601,Macrophages
0.05700595479413684,-0.03305178808297223,-0.011633232441025708,intermediate,0.7511013948957134,Endothelial cells
-0.02515301072453878,-0.023956275661947274,-0.010015429111949185,intermediate,0.2840147576143005,Macrophages
-0.04479154334010848,0.0,-0.006827271225964009,intermediate,-0.15333809560888337,Fibroblasts
0.07755127920204377,0.0,-0.005988528049587399,intermediate,0.3396774115016514,Fibroblasts
-0.21110094981978697,-0.011775687638564632,-0.011009275124944979,intermediate,-0.6474498925954705,Fibroblasts
-0.013198157390916204,-0.026610050124195424,-0.011030808859347653,intermediate,0.3718716671379217,Fibroblasts
-0.09348487088000439,0.0,-0.010760316900235278,permissive_high_CD8,-0.34956183044800626,Fibroblasts
0.07807326125332628,-0.026057556090567275,-0.006711090206295534,hypoxic_CD8_low,0.7314146960468628,Fibroblasts
-0.1541478260453925,0.0,-0.004559230353989903,permissive_high_CD8,-0.5940206142347133,Schwann cells
-0.16298818013754235,0.0,-0.006711090206295534,permissive_high_CD8,-0.6296453576010541,Fibroblasts
-0.044203344597873895,0.0,-0.004559230353989903,intermediate,-0.15096778000590103,Schwann cells
-0.17717361450195312,-0.034020613079611586,-0.007889522650302985,intermediate,-0.17810571177708018,Endothelial cells
-0.15161892687939257,0.0,-0.008844815124223427,permissive_high_CD8,-0.5838296894313617,MAST cells
-0.1145323941027783,0.0,-0.01315016482683972,permissive_high_CD8,-0.43437886441435447,Fibroblasts
-0.04814426774480735,0.0,-0.007980005300318503,intermediate,-0.16684886059074383,Fibroblasts
-0.14256652770750972,0.0,-0.007889522650302985,permissive_high_CD8,-0.5473504495744005,Pericytes
-0.036108200808605516,0.0,-0.006540159078744742,intermediate,-0.11834607537730488,Macrophages
-0.23853387794341427,-0.026699423307349323,-0.010059631015607702,intermediate,-0.5348468934839579,Fibroblasts
0.22209094231387222,0.0,-0.010111054717770471,intermediate,0.9221414566001025,MAST cells
-0.13493318059837003,0.0,-0.010059631015607702,permissive_high_CD8,-0.5165896871711413,Fibroblasts
-0.22931905539639025,-0.029119375746259807,-0.011465431900642179,intermediate,-0.4615280215994341,Monocytes
0.09497714904417476,-0.015540381674824456,-0.010059631015607702,intermediate,0.6422724017682754,Monocytes
-0.21948779921933828,-0.015705922354570766,-0.01286870664269657,intermediate,-0.6224790371920896,Endothelial cells
-0.23532389445477223,-0.03195663984970525,-0.01171185658206502,intermediate,-0.4433011591154476,Endothelial cells
-0.14792061618054247,-0.017543335192599277,-0.01286870664269657,intermediate,-0.30660404473420366,Pericytes
-0.29323225519264556,-0.013180954736253993,-0.011772606665628,intermediate,-0.9574088548965999,Endothelial cells
-0.2401617272311904,-0.01631490421681269,-0.014570417481395396,intermediate,-0.6966845691110811,Pericytes
-0.04003257445063457,0.0,-0.0145704174813954,intermediate,-0.13416046498360612,Monocytes
0.44397249375002446,-0.0356237589106386,-0.015463242292725927,hypoxic_low_neighbor_CD8,2.3489522986892983,Schwann cells
0.06876910187633159,-0.03069441135113056,-0.01367524304048896,hypoxic_low_neighbor_CD8,0.7632549537687194,Pericytes
-0.1868082069488893,-0.0329219648229931,-0.01367524304048896,intermediate,-0.23335895029993803,Schwann cells
0.29180353903866196,-0.018765688907762288,-0.012524123391320027,hypoxic_low_neighbor_CD8,1.4836682368540755,Endothelial cells
-0.05986530809517367,0.0,-0.014570417481395396,intermediate,-0.2140821557863643,Pericytes
-0.07540999263165946,-0.02172017000947404,-0.012524123391320027,intermediate,0.04805375534470488,Pericytes
-0.19620578260306853,-0.016958180709406433,-0.012524123391320025,intermediate,-0.5099326838034225,Endothelial cells
0.0313842265481451,-0.015313095409377867,-0.011772606665628,intermediate,0.3826079045167434,Pericytes
-0.03599748984876888,0.0,-0.010125728303443403,intermediate,-0.1178999337984824,MAST cells
0.41008248290862426,0.0,-0.010125728303443405,intermediate,1.679707309610231,MAST cells
0.02940414995553503,-0.014395694501004239,-0.010125728303443403,intermediate,0.36091089194533776,Fibroblasts
-0.02736363353499447,0.0,-0.004690135603169842,intermediate,-0.08310733248026124,Macrophages
-0.07691386425830274,0.0,-0.00748757530964016,permissive_high_CD8,-0.2827842045671301,Endothelial cells
-0.17622303483955354,0.0,-0.010125728303443403,permissive_high_CD8,-0.6829790020835341,Fibroblasts
-0.0499409212166047,-0.019580088163677015,-0.00736638100041069,intermediate,0.11868843911025623,Fibroblasts
-0.09777580782112827,0.0,-0.008607004721637678,permissive_high_CD8,-0.3668533920455707,Fibroblasts
0.13458327117215196,-0.030229043381416847,-0.012344336799281814,hypoxic_low_neighbor_CD8,1.0215134719010637,Fibroblasts
-0.13297302368654304,0.0,-0.011486155591030354,permissive_high_CD8,-0.5086906724695013,Fibroblasts
-0.16840431489140154,-0.013906701856296555,-0.011486155591030354,intermediate,-0.44352689050944905,Fibroblasts
-0.2568344667733434,-0.012606292601056427,-0.012344336799281814,intermediate,-0.8193263393181918,Fibroblasts
-0.03109854387949748,-0.011588239476748323,-0.0027298792814597103,intermediate,0.07511857237988764,Fibroblasts
0.017225785427782914,-0.014964255244143096,-0.004690135603169842,intermediate,0.3203362612027578,Fibroblasts
-0.069717024224829,0.0,-0.009496461042025794,permissive_high_CD8,-0.25378247267171006,Macrophages
-0.0439908590661474,0.0,-0.006545933827697507,intermediate,-0.1501115085875945,Monocytes
0.3781685269022563,0.0,-0.00451410849567367,intermediate,1.5511008668500785,Fibroblasts
-0.08832249775469064,-0.039572294907048645,-0.012138364511301966,intermediate,0.2629586268102597,Monocytes
-0.19505026637310963,-0.029403844825651965,-0.009353179004993517,intermediate,-0.3191784900925143,Monocytes
-0.25964226780167543,-0.02783697336791498,-0.00835556198871731,intermediate,-0.6028996317399024,Endothelial cells
-0.011420429949779588,0.0,-0.0007926833452644298,intermediate,-0.018859619069668425,Fibroblasts
-0.013681816767497235,0.0,-0.0019013544486762702,intermediate,-0.027972526108624593,Fibroblasts
-0.17201471903237953,-0.017063133147081383,-0.015463242292725927,intermediate,-0.41087851767871114,Pericytes
-0.11732014882037917,0.0,-0.014050968262830726,permissive_high_CD8,-0.44561292193598995,Pericytes
-0.13549689786979952,0.0,-0.012329287921529711,permissive_high_CD8,-0.5188613476630759,Pericytes
-0.047236400435727285,0.0,-0.00915711334681543,intermediate,-0.16319034877554542,Fibroblasts
-0.20396585732578754,0.0,-0.008026567966188334,permissive_high_CD8,-0.7947766655060506,MAST cells
-0.03486762755367172,0.0,-0.00915711334681543,intermediate,-0.11334682949037739,Fibroblasts
-0.04592070139076815,0.0,-0.00915711334681543,intermediate,-0.1578883619619595,Pericytes
-0.05193748244320054,-0.04188642231558981,-0.00915711334681543,intermediate,0.4441852042783698,Fibroblasts
-0.013059817164777273,0.0,-0.00451410849567367,intermediate,-0.025466000239876732,Fibroblasts
-0.02778677193515272,0.0,-0.015463242292725925,intermediate,-0.08481249007428425,Fibroblasts
-0.10653003248344942,0.0,-0.010221365621054542,permissive_high_CD8,-0.40213105216140443,Endothelial cells
-0.16686788045737638,0.0,-0.004887933512287422,permissive_high_CD8,-0.6452797232375086,Endothelial cells
-0.44245028208537274,-0.012295283769306383,-0.004887933512287422,intermediate,-1.5719689830729195,Endothelial cells
-0.05472726706998894,0.0,-0.004678706183285527,intermediate,-0.19337694522353452,Fibroblasts
-0.012930422901628486,0.0,-0.002470579739363409,intermediate,-0.024944568929580507,MAST cells
-0.10915262153349727,-0.018339406140902747,-0.003121329962644178,intermediate,-0.1384737852620441,MAST cells
0.0,-0.02516844591148469,-0.013771110539816007,intermediate,0.4035013885935732,Fibroblasts
-0.013198157390916204,0.0,-0.00808964116692382,intermediate,-0.026023481874896,Fibroblasts
-0.06365785254053323,0.0,-0.006814544564477506,intermediate,-0.22936530181909515,Endothelial cells
-0.013507295325099224,0.0,-0.008847233287075111,intermediate,-0.027269241881257088,MAST cells
0.1778749622494341,-0.01618525952945354,-0.006814544564477506,intermediate,0.985975664920192,Endothelial cells
-0.13336673414850808,0.0,-0.004887933512287423,permissive_high_CD8,-0.5102772417428523,Fibroblasts
-0.04104544934498737,0.0,-0.011151439586953436,intermediate,-0.13824213499335944,MAST cells
-0.3336347710176644,-0.026499053244648674,-0.010238674230742872,intermediate,-0.9210793257315784,Pericytes
-0.012694310950466907,0.0,-0.008586448664285555,intermediate,-0.023993088075060603,Macrophages
-0.17938381026547598,0.0,-0.01582442417479398,permissive_high_CD8,-0.6957162535797284,Endothelial cells
-0.33313279362567455,-0.03819971432087393,-0.014708136289547652,intermediate,-0.7440986467054718,Endothelial cells
-0.3545765704419239,-0.04503120391475044,-0.015908169328120718,intermediate,-0.7283625001117325,Fibroblasts
-0.14202263460580603,-0.014490502083349807,-0.006975324659051523,intermediate,-0.3284848835106975,Fibroblasts
-0.2219611478139119,0.0,-0.006776573654771977,permissive_high_CD8,-0.8672938518947108,Macrophages
0.01807281315087314,-0.025363873856270362,-0.006776573654771977,intermediate,0.4792531726434004,Fibroblasts
0.9535834233923609,-0.026989224468648192,-0.010081926531154618,hypoxic_CD8_low,4.273465168081129,MAST cells
0.40266456374202864,0.0,-0.006776573654771977,intermediate,1.6498146759139303,Endothelial cells
-0.29833497196794995,-0.012234607688811143,-0.010904674362718015,intermediate,-0.9921222683136744,Monocytes
-0.12567923825428667,0.0,-0.006869128969838584,permissive_high_CD8,-0.4792982712732615,Fibroblasts
-0.2286398860824156,-0.014062825484797058,-0.012229302891513756,intermediate,-0.6839289202533515,Fibroblasts
0.019610351826771177,-0.011488836303896266,-0.0058431058438361575,intermediate,0.2779782602443776,MAST cells
-0.19523145683319215,0.0,-0.01336152170672912,permissive_high_CD8,-0.7595788925702517,Monocytes
-0.14940255712792577,0.0,-0.006776573654771977,permissive_high_CD8,-0.5748981915775552,Endothelial cells
0.09220038240693179,0.0,-0.015908169328120718,hypoxic_low_neighbor_CD8,0.3987101761150726,Macrophages
0.13735027677084072,0.0,-0.013361521706729123,hypoxic_low_neighbor_CD8,0.5806546302585943,Fibroblasts
0.16623878191752603,0.0,-0.013361521706729123,hypoxic_low_neighbor_CD8,0.6970691506907285,Fibroblasts
-0.2882116539890029,-0.050761751800413556,-0.015908169328120718,intermediate,-0.37523820652136763,Fibroblasts
-0.03206872365560876,0.0,-0.00507193538341445,intermediate,-0.10206784314704918,Fibroblasts
-0.346002846836565,-0.011815710106359319,-0.00776960756453747,intermediate,-1.1904773453161448,Fibroblasts
0.13282116445671602,0.0,-0.0033422134826701345,intermediate,0.5624032726561536,Fibroblasts
-0.063800524516278,0.0,-0.0033422134826701345,intermediate,-0.22994023948205478,Fibroblasts
-0.06270358074142272,0.0,-0.0033422134826701345,intermediate,-0.22551978979653534,Macrophages
0.4192230538670797,0.0,-0.0033422134826701345,intermediate,1.7165418629802098,Fibroblasts
-0.2207434780626412,-0.012483554330431981,-0.008674087923387122,intermediate,-0.6757226273838736,Fibroblasts
0.32487814493447426,0.0,-0.006698620045876857,intermediate,1.3363519821665655,Fibroblasts
-0.17365399709188314,0.0,-0.013351618937956982,permissive_high_CD8,-0.6726263273484271,Monocytes
-0.21399658080564446,0.0,-0.013400156520477996,permissive_high_CD8,-0.8351983438713944,Fibroblasts
0.11865899840511951,-0.015613084862589353,-0.006179188588048443,intermediate,0.7387923260680691,Macrophages
-0.17505164701775852,-0.015540381674824456,0.022247827877113893,intermediate,-0.4458861109965654,Macrophages
-0.21091965211921906,-0.02966920180841979,-0.008772179247074926,intermediate,-0.3791608995438204,Macrophages
0.05007712022367733,0.0,-0.0071863769037038205,intermediate,0.22896240477138005,Fibroblasts
-0.13332685600801644,0.0,-0.011340758353270662,permissive_high_CD8,-0.510116541333555,Fibroblasts
-0.035787622612642955,-0.02088033042938603,0.02371258503994961,intermediate,0.19516549850489512,Macrophages
-0.11924377502686527,0.0,-0.008298290306739961,permissive_high_CD8,-0.45336472567874814,Monocytes
-0.030756312680531698,0.0,-0.011340758353270662,intermediate,-0.09677910655449495,Macrophages
0.26359634322813713,-0.017424965676991082,-0.008681292926412522,hypoxic_CD8_low,1.3499516618280158,Monocytes
-0.1873918096703219,0.0,-0.006321298609539242,permissive_high_CD8,-0.7279867849070624,Fibroblasts
-0.024406199474411316,0.0,-0.007804001938154502,intermediate,-0.07118950336019161,Fibroblasts
-0.07504026669575029,-0.011166703845807898,0.02469191988791853,intermediate,-0.10826035203757707,Fibroblasts
-0.3872502338455384,-0.0235381203624401,-0.009856351795788558,intermediate,-1.1814124977814124,Monocytes
-0.0945098799874026,-0.010970574158888597,0.024329725322131367,intermediate,-0.18965143605693613,Fibroblasts
0.10663963728640455,0.0,-0.010808291287235563,intermediate,0.4568972966897087,Monocytes
-0.12559256496199642,0.0,-0.010808291287235563,permissive_high_CD8,-0.4789489963729158,Fibroblasts
-0.31021504229809865,-0.024429340594210605,0.025564892893699825,intermediate,-0.8576508388331904,Fibroblasts
-0.12415978611712475,0.0,-0.002612919492116663,permissive_high_CD8,-0.4731752029120181,Macrophages
-0.12998459904069404,0.0,-0.002612919492116663,permissive_high_CD8,-0.49664795789401206,Fibroblasts
-0.15276790143974334,0.0,-0.0033422134826701345,permissive_high_CD8,-0.588459812096165,Monocytes
-0.0487234049054035,-0.011890250178966446,-0.002344596466393928,intermediate,0.008610047867744636,Macrophages
0.8275784019485535,-0.014283645490885746,-0.012364891827026037,hypoxic_low_neighbor_CD8,3.575707611429245,MAST cells
-0.3451760226942928,-0.011809009289451939,-0.011549251314438628,intermediate,-1.187245616268858,Fibroblasts
0.3738785125165579,-0.021312887369379824,-0.015749008613720278,hypoxic_low_neighbor_CD8,1.85250067878935,Fibroblasts
-0.2548485261848174,-0.015486735564011794,0.021906291521512546,intermediate,-0.7682526919765527,Schwann cells
-0.13137262796302396,-0.016381377633283976,-0.016705781663799414,intermediate,-0.25729371420652836,Monocytes
0.10176841944575787,-0.016018838534953624,0.023377628365026316,intermediate,0.6767940512401047,Schwann cells
-0.08408564065833647,0.0,-0.016705781663799414,permissive_high_CD8,-0.31168493536012587,Fibroblasts
0.19835714403405247,-0.03665878126013134,-0.02093417963035676,hypoxic_low_neighbor_CD8,1.374651270311768,Epithelial cells
0.12946944184092632,-0.047461007770739104,-0.022907321237520328,hypoxic_low_neighbor_CD8,1.2585721999619712,Fibroblasts
-0.10508156588757374,-0.018605326833995246,-0.02019562927174021,intermediate,-0.11809203558157602,Endothelial cells
-0.08254916792413795,0.0,-0.02129751538779893,permissive_high_CD8,-0.3054932776194243,Pericytes
-0.011605318291599014,0.0,-0.022336975862140115,intermediate,-0.019604679692816335,Fibroblasts
0.2999309239138561,0.0,-0.01784244967214814,hypoxic_low_neighbor_CD8,1.2358199969882688,Epithelial cells
0.4201592719219775,-0.04717999045182819,-0.022585357055972942,hypoxic_low_neighbor_CD8,2.425788277651311,Epithelial cells
-0.02250960696653187,-0.02422042800347332,-0.018580434969079636,intermediate,0.298616932544672,Epithelial cells
-0.13206411461274786,-0.019019067046130718,-0.012203120670498785,intermediate,-0.22063937700806688,DCs
-0.1412689484745623,0.0,-0.014353569831281861,permissive_high_CD8,-0.5421214817424114,DCs
-0.39980031208819655,-0.02088033042938603,-0.017874809604907328,intermediate,-1.2717280794540966,NK cells
-0.2031759239104857,-0.014531863363165604,-0.018907101434252043,intermediate,-0.5743011418492753,NK cells
-0.07916077456799855,0.0,-0.017333993384069116,permissive_high_CD8,-0.2918387743632855,Fibroblasts
-0.01859376133685131,-0.009097560697238938,-0.004939928904236087,intermediate,0.08826752331769203,Epithelial cells
-0.03450582616300468,0.0,0.019030753152984286,intermediate,-0.1118888469754526,Epithelial cells
-0.020086633632460715,-0.010871274268578904,0.021862997274417394,intermediate,0.10877357644082473,Epithelial cells
-0.10285814124417592,0.0,0.019030753152984286,permissive_high_CD8,-0.38733411284147473,Epithelial cells
0.0,0.0,-0.0026428172462864925,intermediate,0.02716228026301206,Fibroblasts
-0.26517667349083834,0.0,-0.002308980076901826,permissive_high_CD8,-1.041443212387987,Epithelial cells
-0.010285095996167287,0.0,-0.006840883865047563,intermediate,-0.014284465143600357,Fibroblasts
-0.15843091432349268,0.0,-0.0028868340609366433,permissive_high_CD8,-0.6112805473926164,Epithelial cells
0.08046761071346853,-0.015978319924852626,-0.021468299410121166,hypoxic_low_neighbor_CD8,0.5903504633689899,NK cells
-0.09747968620085812,-0.018932800061306973,-0.009267128366529539,intermediate,-0.08256143369439786,Pericytes
-0.08978078451501317,-0.0356468208405653,-0.023428596658745273,intermediate,0.19838515550797853,Endothelial cells
-0.04259682850665357,0.0,-0.010816120683101187,intermediate,-0.14449386246062507,Fibroblasts
0.2624240347659253,-0.012253462061708272,-0.023681093967556143,hypoxic_low_neighbor_CD8,1.2678989731631574,Epithelial cells
0.0896560102102747,0.0,-0.004459067780961875,intermediate,0.3884568982950301,Epithelial cells
0.45611614395815686,0.0,-0.0026141671838387144,intermediate,1.8652131551915712,Epithelial cells
0.6879887063819241,-0.008667809760522263,-0.004459067780961875,intermediate,2.9292183297071177,Epithelial cells
1.351176702353849,0.0,-0.0026141671838387144,intermediate,5.472116493881926,Epithelial cells
0.2466059233768877,0.0,-0.004459067780961875,intermediate,1.0209316068471552,Epithelial cells
0.6664345436785595,-0.014665866187709545,-0.0026141671838387144,intermediate,2.9320474729786,Epithelial cells
0.684888662583378,0.0,-0.0026141671838387144,intermediate,2.787117660411788,Epithelial cells
-0.05413994133233063,0.0,-0.0032206712303213102,intermediate,-0.19101014764298244,Epithelial cells
-0.12795186330036945,0.0,-0.0026141671838387144,permissive_high_CD8,-0.48845646597798614,Fibroblasts
-0.04752771155422471,0.0,-0.0026141671838387144,intermediate,-0.1643642705130749,Fibroblasts
-0.1316452639169961,0.0,-0.003876353854592512,permissive_high_CD8,-0.5033400835056198,Fibroblasts
0.14432753329296186,-0.015878831809348907,-0.0038763538545925126,intermediate,0.8462047172955163,Fibroblasts
-0.05625617934996823,0.0,-0.005721254451715673,intermediate,-0.19953813594464778,Macrophages
0.05374235800471172,-0.03982473674573397,-0.019221414342100323,intermediate,0.8392244416283434,Epithelial cells
0.19661007109416057,-0.010759678929440889,-0.02085743201406378,hypoxic_low_neighbor_CD8,0.9803464602290985,Epithelial cells
-0.46608099879988707,-0.012022706661147145,-0.019264346867920414,intermediate,-1.671271531400127,Epithelial cells
0.7779289029209489,-0.053685860112611096,-0.020314688753341695,hypoxic_low_neighbor_CD8,3.96480472375088,NK cells
-0.15447048202575928,-0.018055863708619647,-0.018050443530887084,intermediate,-0.32533486456730576,NK cells
0.31946258899198476,-0.027246813059818405,-0.017444691098170723,hypoxic_low_neighbor_CD8,1.7219449928227832,NK cells
0.07999838140594909,0.0,-0.01899001826802407,hypoxic_low_neighbor_CD8,0.3495387119763402,NK cells
-0.09567382536738751,-0.019289702056390554,-0.018990018268024066,intermediate,-0.06994750990926776,Schwann cells
0.21026448456637836,0.0,-0.018648415345412037,hypoxic_low_neighbor_CD8,0.8744833517554713,NK cells
0.040382253597060325,0.0,-0.019289795750709358,intermediate,0.18989415796316403,NK cells
0.16479573096616207,-0.041234460436863456,-0.019658194798046116,hypoxic_low_neighbor_CD8,1.30782520953553,NK cells
-0.1311048362628523,-0.010584380462584708,-0.02078267990657997,intermediate,-0.34289599529924525,NK cells
0.2064929750549745,0.0,-0.020299599334778574,hypoxic_low_neighbor_CD8,0.8592849720246429,NK cells
-0.03693408611787852,-0.03875573347454612,-0.019368569957099943,intermediate,0.45783308451304505,NK cells
-0.1135051145132287,-0.02080439555982829,-0.02048820979521181,intermediate,-0.11915487452848478,Schwann cells
-0.333498483680817,-0.027378978034262716,-0.02078097790037251,intermediate,-0.9073727644624494,Schwann cells
-0.10381691714367235,0.0,0.024329725322131363,permissive_high_CD8,-0.39119777542889567,Fibroblasts
-0.09327498593004832,-0.018527513573526853,0.025888171948884667,intermediate,-0.07167756126113708,Fibroblasts
-0.29435120241709023,0.0,0.02222935371553367,permissive_high_CD8,-1.1590103477083393,Macrophages
0.35847523509259205,-0.040963709595714985,-0.02104194173928697,hypoxic_low_neighbor_CD8,2.084263856475894,NK cells
0.05715510883484498,-0.02655860576552418,-0.025858103794607557,intermediate,0.6546111018082974,Epithelial cells
-0.07915107696410642,0.0,-0.021856296786412537,permissive_high_CD8,-0.29179969508588044,Macrophages
0.36577890579958994,0.0,-0.01936538164753985,hypoxic_low_neighbor_CD8,1.5011733336780049,Epithelial cells
0.1715749832521002,-0.05055888558206288,-0.02271277109781901,hypoxic_low_neighbor_CD8,1.474570553286446,NK cells
-0.1982480704066265,0.0,0.022085341171697085,permissive_high_CD8,-0.7717352025176607,Fibroblasts
-0.016580084241537674,-0.010739763738655369,-0.0212071826744337,intermediate,0.12093777075472592,Epithelial cells
-0.02982810606439429,-0.03126595377439429,-0.020166895424949653,intermediate,0.3744753819506094,Epithelial cells
0.20572783621439494,-0.015204270358992975,-0.017417931395825422,hypoxic_low_neighbor_CD8,1.0835482630517417,Epithelial cells
0.1399217647721011,-0.024147087745820944,-0.01916134148313288,hypoxic_low_neighbor_CD8,0.9520841079172923,Epithelial cells
0.3304492402746974,-0.033963678336819174,-0.01798024383472849,hypoxic_low_neighbor_CD8,1.8666548984926346,Epithelial cells
0.09821069862947884,-0.013329459588054704,-0.013577491358706827,hypoxic_low_neighbor_CD8,0.6222434093121785,Schwann cells
-0.2483055084105955,-0.016415041950550158,-0.019892231237228743,intermediate,-0.7280049310803365,Schwann cells
0.1599210725730681,-0.051423068953911785,-0.015427897784069642,hypoxic_low_neighbor_CD8,1.4405297502002814,Endothelial cells
0.16858655333997732,-0.017573489833939897,-0.01640706178147783,hypoxic_low_neighbor_CD8,0.969303306629755,Schwann cells
-0.2022405723970099,-0.015196024164979756,-0.01379308501074993,intermediate,-0.5606008011372385,Fibroblasts
-0.21695778168827654,0.0,-0.012276520001904363,permissive_high_CD8,-0.8471313524817198,Fibroblasts
-0.16340240417235347,-0.018302834468331898,-0.013460482212535122,intermediate,-0.3576356996730148,Schwann cells
-0.3364839362332141,-0.027696646176851712,-0.01377105886636958,intermediate,-0.9146534692582138,Fibroblasts
-0.19109456318928056,0.0,-0.013577491358706827,permissive_high_CD8,-0.7429080926382596,Fibroblasts
-0.2774014453811339,-0.014200126593894804,-0.014763776043005158,intermediate,-0.8783745764980662,Schwann cells
0.10966138882809376,0.0,-0.013577491358706827,hypoxic_low_neighbor_CD8,0.4690743115544317,Schwann cells
-0.015762091161735603,-0.038567299784919025,-0.019323583685273905,intermediate,0.5403340989968307,Schwann cells
0.01195339433639403,-0.028272161599595537,-0.01745908134861996,intermediate,0.4980803064513338,Epithelial cells
-0.022190574661316163,-0.022370255427804554,0.006702171807025283,intermediate,0.2722372770468954,Fibroblasts
-0.24651525106774755,0.0,0.012174542487552453,permissive_high_CD8,-0.9662416562349558,DCs
0.41099896249043416,0.0,-0.009748214137377205,intermediate,1.6834005270495034,Epithelial cells
0.5618985934429858,-0.025313101316753187,-0.007394402036782701,hypoxic_CD8_low,2.669996001222754,Epithelial cells
0.4433207847028372,-0.01071996051772886,-0.005770923058513688,intermediate,1.9739441670685411,Epithelial cells
0.30627139026381406,0.0,-0.006621097070485473,intermediate,1.261370725407705,Epithelial cells
0.13126128457157488,0.0,-0.006924535903209937,intermediate,0.5561172890845435,Epithelial cells
-0.09164673832046938,-0.017921364741769398,-0.01727076496994286,intermediate,-0.07417970149705505,Fibroblasts
-0.011881927888556177,0.0,-0.015684946925051298,intermediate,-0.020719357431009684,Monocytes
0.0,0.0,0.01768272119334191,intermediate,0.02716228026301206,Fibroblasts
-0.07164334676351893,-0.018055863708619647,0.007788829314403044,intermediate,0.008440842460843728,Macrophages
-0.11067141490767758,0.0,-0.006948109870014887,permissive_high_CD8,-0.4188199409216423,Epithelial cells
-0.1436238729331388,0.0,-0.007529453002167777,permissive_high_CD8,-0.5516113255438495,Epithelial cells
-0.07905486692865211,0.0,-0.006325728754926468,permissive_high_CD8,-0.29141198914258915,Epithelial cells
-0.12312143562309233,-0.022607446199486615,-0.006325728754926468,intermediate,-0.13094591750686568,Epithelial cells
-0.08793389845085908,-0.03966341134507646,0.005402389389944138,intermediate,0.2658870464205191,Epithelial cells
0.08872096222567272,0.35354940225238257,0.012064496772652858,intermediate,-4.901869849650531,DCs
0.3028769641516199,0.0,-0.021876459083093807,hypoxic_low_neighbor_CD8,1.247691911430072,Epithelial cells
0.42339104150672513,-0.022480539947386212,0.0035134144318409457,hypoxic_CD8_low,2.0694853135729923,Epithelial cells
-0.25906105501105986,-0.014687459961122829,-0.01719987421383259,intermediate,-0.7971797055723401,Schwann cells
0.26726937006755047,-0.013745454641488882,-0.02099502109162077,hypoxic_low_neighbor_CD8,1.3097341306259545,Schwann cells
-0.1316868119450458,-0.037531377815524576,-0.020628078810760044,intermediate,0.05769222519610151,Fibroblasts
-0.03542730032679546,0.0,-0.020681099563475077,intermediate,-0.11560219151590603,Epithelial cells
-0.055136094610375094,0.0,-0.023405703198411044,intermediate,-0.1950244331019083,NK cells
-0.2515285752384538,-0.014834600904209894,-0.024981536363300527,intermediate,-0.7646252457846967,Schwann cells
-0.1960268595132483,0.0,-0.02422285279442585,permissive_high_CD8,-0.7627841958934592,Schwann cells
0.6779074515683584,-0.027673508956847403,-0.00547738815287025,hypoxic_CD8_low,3.17278171940885,Epithelial cells
0.20994258309942654,0.0,-0.00547738815287025,intermediate,0.8731861574315934,Epithelial cells
-0.012483144859712287,0.0,-0.006464369383900754,intermediate,-0.023142133722735863,Fibroblasts
0.4820224396196235,0.0,-0.005070364201760646,intermediate,1.9696100068212845,Fibroblasts
0.2431487084392563,0.0,-0.0057709230585136885,intermediate,1.0069997672815019,Epithelial cells
0.15514085522617205,-0.014804718465457561,0.017732700806075904,intermediate,0.8737190828666153,Fibroblasts
0.5609302635652473,-0.01100787170502821,-0.006404158428773867,intermediate,2.4521903903265327,Epithelial cells
-0.14870929335015845,0.0,-0.012942189629743939,permissive_high_CD8,-0.5721044862677112,NK cells
-0.11273126717073371,0.0,-0.00726513437896605,permissive_high_CD8,-0.42712070664652585,Monocytes
0.20106034920397534,0.0,-0.011055151364098676,intermediate,0.8373926473813289,DCs
-0.1888123324597217,0.0,-0.00726513437896605,permissive_high_CD8,-0.7337111890758211,NK cells
-0.11754765185007608,0.0,-0.007201047336202563,permissive_high_CD8,-0.44652971067132063,Fibroblasts
-0.022182633599124257,-0.02703155100586926,-0.022200179582665326,intermediate,0.34196876693720923,NK cells
-0.1808897577615148,0.0,-0.01444089229290302,permissive_high_CD8,-0.7017849011146962,NK cells
0.018538774496101473,-0.013484075484488175,-0.012970556614369999,intermediate,0.3034944736997316,NK cells
0.019184059407337584,-0.03058176774245042,-0.018290643331653835,intermediate,0.5617534587549116,NK cells
0.3316984799013559,0.0,-0.010931772098206638,intermediate,1.3638364788660131,NK cells
-0.32254843348001383,-0.0209077282955772,0.05540527213476,intermediate,-0.9600097935983775,Fibroblasts
-0.22702850586917983,-0.013094595086719342,0.04602333534459228,intermediate,-0.6919131710747839,Fibroblasts
-0.2046728632057527,0.4390706751081679,0.012694072887839936,permissive_high_CD8,-7.362968199398296,DCs
-0.14085202738941913,0.0,0.02395944151318508,permissive_high_CD8,-0.5404413786031681,Fibroblasts
0.2919202688707405,0.5127911567687988,0.05673023264775267,intermediate,-6.464132389664337,DCs
-0.2551771110320187,0.0,0.050612039061246165,permissive_high_CD8,-1.0011471062979067,Fibroblasts
-0.31340863331254704,-0.040675379486701746,-0.025518118514705763,intermediate,-0.6275963207782047,Fibroblasts
-0.07064176659028693,0.0,-0.012859246927073452,permissive_high_CD8,-0.25750898736852235,Schwann cells
0.23623314631511888,-0.07146507139630646,-0.02407013929163718,hypoxic_low_neighbor_CD8,2.0477354964743553,NK cells
0.5439098570720259,-0.016059782823570345,-0.0214717206041179,hypoxic_low_neighbor_CD8,2.45914206962011,Epithelial cells
-0.31117341413076616,-0.044011054251358095,-0.020098292264539384,intermediate,-0.5687111370375064,DCs
0.0663127966195225,-0.014409096134819,0.006240831856463763,intermediate,0.5098452659781544,Epithelial cells
0.24548712600187123,-0.02630389364142167,-0.027901104362065655,hypoxic_low_neighbor_CD8,1.4097403396620534,NK cells
0.9572429676132508,0.0,-0.01444089229290302,hypoxic_low_neighbor_CD8,3.8846474788183945,NK cells
-0.21420575337237624,-0.05517377351459704,0.00652859919180951,intermediate,-0.011038052361558859,DCs
-0.2583554126172659,-0.014422544100989214,0.014658339339265013,intermediate,-0.7982973548485692,Pericytes
-0.2920559189884538,-0.012257243940222118,0.005163582620064456,intermediate,-0.9664805470186308,Fibroblasts
-0.421543994581843,-0.010739763738655369,-0.01563277630670833,intermediate,-1.5109805017626647,Epithelial cells
-0.23252978956842996,0.0,-0.017328996568234504,permissive_high_CD8,-0.9098832262920363,Epithelial cells
0.12154512520296026,-0.015504535875822368,-0.01581656672211311,hypoxic_low_neighbor_CD8,0.7487996892263932,Pericytes
0.25210954769548166,-0.021252580017213397,-0.01901172105117365,hypoxic_low_neighbor_CD8,1.3608959313594065,Epithelial cells
-0.2778193768727253,0.0,-0.01535637478435892,permissive_high_CD8,-1.0923906132207701,Schwann cells
-0.08413638072799008,0.0,-0.017658520259676996,permissive_high_CD8,-0.3118894070295814,Schwann cells
-0.20397239899539565,-0.017759433159461387,-0.0190036005980251,intermediate,-0.5292495135980068,Schwann cells
0.2316563703927649,-0.053728111359754555,-0.015517247929746803,hypoxic_low_neighbor_CD8,1.7640745876866604,Schwann cells
0.05510709300098651,-0.013906701856296555,-0.01289701004903487,intermediate,0.45717645944872776,Epithelial cells
0.07599708737139724,-0.015381619997835352,-0.018052574626186438,hypoxic_low_neighbor_CD8,0.5634128633923041,Schwann cells
-0.22127229621611447,-0.014687459961122829,-0.014500346614925162,intermediate,-0.6448990593256123,Schwann cells
-0.18613182588753452,0.0,-0.01689155928679967,permissive_high_CD8,-0.7229093187287098,Pericytes
0.7555597469988597,-0.019530195938913447,-0.017328996568234504,hypoxic_low_neighbor_CD8,3.363938473816758,Fibroblasts
-0.05159322899508189,0.0,-0.010087051340121167,intermediate,-0.18074743955497222,Fibroblasts
-0.16085990078477974,-0.018230685338317624,-0.010890483405747716,intermediate,-0.34846878532820214,Pericytes
-0.11258057130867219,-0.018451196462036627,-0.010890483405747716,intermediate,-0.1506161124999312,Fibroblasts
-0.0724894895132287,0.0,-0.007083032005711606,permissive_high_CD8,-0.26495491705140206,Fibroblasts
-0.2809950434060461,0.0,-0.008768250005930543,permissive_high_CD8,-1.1051878727069135,NK cells
0.02116492594102304,-0.01375674718787313,-0.00903960020757719,intermediate,0.31815451392369043,Epithelial cells
0.02410222440359583,-0.011671070145209309,-0.008719442215686546,intermediate,0.29880445850382165,Epithelial cells
-0.1948329183950003,-0.0104538641477886,-0.00876825000593054,intermediate,-0.6016581739438353,NK cells
-0.20266892249325671,-0.014118397284133232,-0.009595785256822099,intermediate,-0.5784405158351664,NK cells
-0.12731041199710952,0.0,0.017279555576282704,permissive_high_CD8,-0.4858715539006597,Endothelial cells
0.13113475085262316,-0.023070976319100694,0.029587137447087762,hypoxic_CD8_low,0.9005834193071895,Epithelial cells
0.36054862407316646,-0.020477072912671788,-0.00859096806380752,hypoxic_CD8_low,1.7862862898723955,Fibroblasts
-0.045224216568422126,0.0,0.01687903945494992,intermediate,-0.15508167652877516,Fibroblasts
0.0,0.0,-0.007001525477359169,intermediate,0.02716228026301206,Fibroblasts
-0.0745981055569936,-0.021087013275517142,-0.009750868016087254,intermediate,0.041858011938644274,MAST cells
0.0,0.0,-0.009903007898575218,intermediate,0.02716228026301206,Fibroblasts
0.3379871318617978,-0.012087166550671042,0.04837145532941797,intermediate,1.5699155681741552,NK cells
-0.1712587655308735,-0.01393030722614242,0.048083259005081105,intermediate,-0.4546767516637048,Fibroblasts
-0.2501564945083067,0.0,0.018057626919296656,permissive_high_CD8,-0.9809150914562305,NK cells
-0.3121061516574109,0.0,0.048694495129467295,permissive_high_CD8,-1.2305590100781532,NK cells
0.12133326492156371,0.432153795948449,0.04947292065759848,intermediate,-5.945806153100314,NK cells
-0.11857651706680236,-0.01593821927120811,-0.006284603384020519,intermediate,-0.21235457865437446,Epithelial cells
0.12889484660213732,0.0,0.060479001245285595,intermediate,0.5465810482875331,Fibroblasts
0.030411146730783045,0.1937905373575448,0.05616135847480925,intermediate,-2.7480012764072645,Epithelial cells
-0.02930420230191394,0.0,0.057310788022612046,intermediate,-0.09092741113159392,Epithelial cells
-0.12348862919941485,0.0,0.05702199401088984,permissive_high_CD8,-0.4704705835378698,Schwann cells
0.9206507407039044,-0.02527944279103144,0.056910688635076354,hypoxic_CD8_low,4.115187425228277,DCs
0.3079617234118971,-0.023313198012379018,0.05760045095905047,hypoxic_CD8_low,1.6167803380815413,Epithelial cells
-0.037156120361573244,0.0,-0.00975086801608725,intermediate,-0.12256896789426822,Fibroblasts
-0.20375467016993756,-0.015631475911931952,-0.009961796257338222,intermediate,-0.5601910632628163,Fibroblasts
-0.06319680271378483,-0.021236172571838626,-0.011759308700458564,intermediate,0.09003318442790859,Endothelial cells
-0.06795958247050703,0.0,-0.009961796257338222,permissive_high_CD8,-0.2467003568620494,Fibroblasts
-0.09543689283501192,0.0,-0.009903007898575218,permissive_high_CD8,-0.3574280630069891,Endothelial cells
0.2319818557984379,-0.036902392924073255,-0.00803367998275036,hypoxic_CD8_low,1.513794374336784,Endothelial cells
-0.22322509949465832,0.0,-0.004240048494737963,permissive_high_CD8,-0.8723873078563934,Fibroblasts
0.18258877738891355,0.0,-0.005945513283836374,intermediate,0.7629561487269539,NK cells
-0.2968945484084777,-0.01277653601488121,-0.00713832085592705,intermediate,-0.9782143144343106,Fibroblasts
-0.02458432017559986,0.0,-0.006242488109470218,intermediate,-0.07190729183358652,Fibroblasts
-0.012036066936201838,0.0,-0.009906829095240707,intermediate,-0.021340504950426914,Schwann cells
0.49484876073507894,-0.012072743674521505,-0.01147243207604618,intermediate,2.2018188472403013,Epithelial cells
0.4719839862072803,-0.011172310060817703,-0.008923572084681707,intermediate,2.0962146607315137,Epithelial cells
-0.1698987416952968,-0.01856623004805221,-0.009963714416853973,intermediate,-0.37987605040811956,Fibroblasts
0.4551061329592662,-0.009617298720819265,-0.009058519896225407,intermediate,2.0049487118830513,Epithelial cells
0.275616840186368,0.0,-0.00872310723370386,intermediate,1.1378394201979511,Epithelial cells
0.07919815840970079,-0.021994351375440837,-0.008874111844782243,hypoxic_CD8_low,0.6751914446572523,Epithelial cells
-0.3742562719138272,0.0,-0.009788560095103647,permissive_high_CD8,-1.481010752309625,Epithelial cells
0.1205348441878476,-0.036458343629412325,-0.007772740082219545,hypoxic_CD8_low,1.0580468768701885,Epithelial cells
-0.05978755874327388,0.0,-0.006209586216853216,intermediate,-0.21376884246435734,Fibroblasts
-0.06851806793825693,-0.019336652176582862,-0.009756641735432118,intermediate,0.04018644286778167,Fibroblasts
-0.04479154334010848,0.0,-0.007027919411498365,intermediate,-0.15333809560888337,Fibroblasts
-0.3646174051675452,0.0,-0.007871338166045114,permissive_high_CD8,-1.442168173087196,Epithelial cells
-0.0817554198115705,0.0,-0.00415709298631923,permissive_high_CD8,-0.3022946418506554,Fibroblasts
-0.0703098541761498,0.0,-0.003076655018506584,permissive_high_CD8,-0.2561714510605324,Fibroblasts
0.033050364758594936,0.0,-0.006153578764674795,intermediate,0.16034820815864112,NK cells
0.30109804605384427,-0.02932831922523406,-0.01197610519192962,hypoxic_CD8_low,1.679064173753218,NK cells
-0.07024752758592966,0.0,-0.009662953208171727,permissive_high_CD8,-0.2559202881819478,Fibroblasts
-0.11238681839173098,-0.01618525952945354,-0.010910883863606112,intermediate,-0.18371746463226404,NK cells
-0.22178340436943084,-0.014630145872170144,-0.008504724953016933,intermediate,-0.6478157232335984,NK cells
-0.07732131682246564,-0.022270687195936195,-0.009995270869349019,intermediate,0.04858330758946497,NK cells
0.09721596987850695,-0.010328066011189449,-0.004022214673308709,intermediate,0.5733555823579402,Fibroblasts
-0.21486847659191452,0.0,0.017574828796112153,permissive_high_CD8,-0.8387118981141647,Endothelial cells
-0.055367661288464404,0.0,-0.007678781475937158,intermediate,-0.19595759747441385,Fibroblasts
-0.09127684290629313,0.0,-0.009569920734194447,permissive_high_CD8,-0.34066394818116197,Fibroblasts
0.028775645068371658,0.0,-0.008211169583916504,intermediate,0.14312199862677671,Macrophages
-0.09869087556279807,0.0,0.022829333479963226,permissive_high_CD8,-0.37054092006990075,Fibroblasts
0.2945745316853963,-0.013380295834560626,-0.009221263195660754,intermediate,1.4143079620209547,NK cells
-0.18860947942159262,-0.01690673635073519,-0.011628956608122337,intermediate,-0.4800904384988979,NK cells
0.13820064953532085,0.0,-0.009465223510577448,intermediate,0.5840814513094876,NK cells
-0.20286910888181633,-0.01591832242031329,-0.008366719270363832,intermediate,-0.5523332772683914,NK cells
-0.0636723529861634,0.0,-0.009221263195660754,intermediate,-0.2294237355253571,NK cells
-0.1446875606674746,-0.016206569517189674,-0.009221263195660754,intermediate,-0.3135639293468222,DCs
-0.11112639032693274,0.0,-0.009221263195660754,permissive_high_CD8,-0.4206533949190734,DCs
0.16631228330144918,-0.0157247593528346,-0.0070744416652581636,intermediate,0.9324947586175886,NK cells
0.14447527046663214,0.0,-0.005947325908542483,intermediate,0.6093668367215413,NK cells
-0.10474362047800577,0.0,-0.005947325908542483,permissive_high_CD8,-0.39493219241245026,Fibroblasts
-0.14417904160587663,0.0,-0.004313192933838055,permissive_high_CD8,-0.5538485370045171,Fibroblasts
-0.23755509403336,0.0,-0.009465223510577448,permissive_high_CD8,-0.9301341325379561,NK cells
0.46181023647507513,-0.03220232295603887,-0.010513540800766422,hypoxic_CD8_low,2.369674503279872,NK cells
-0.15031865131424135,0.0,-0.008648211367217152,permissive_high_CD8,-0.5785898559551019,NK cells
0.46271846667829764,0.2887956625268741,0.012303295162668254,intermediate,-2.4264889227162207,Epithelial cells
-0.25096475072653895,0.0,0.012603266855143484,permissive_high_CD8,-0.9841721917995688,Epithelial cells
0.5339877471387626,0.0,0.013344342713235181,intermediate,2.179019123811995,Epithelial cells
-0.02957817517131206,0.0,0.01402735820969893,intermediate,-0.09203146341953508,Epithelial cells
0.6944820402137726,0.0,0.041028094681365,intermediate,2.825776928189612,Epithelial cells
0.35415024259482997,-0.01052317542103138,0.013434596854647624,intermediate,1.6116633909601679,Epithelial cells
-0.42938606231566895,-0.01077970802060023,0.04312437752194446,intermediate,-1.541985084364283,Epithelial cells
0.6800988505643056,-0.011903968417210135,0.04223641921669883,intermediate,2.9458135726388903,Epithelial cells
-0.1215749227378263,0.0,0.02387133335348619,permissive_high_CD8,-0.4627587542534366,Epithelial cells
0.7059971299994902,0.0,0.02395049726646653,intermediate,2.872180286491836,Epithelial cells
0.5574531076423614,-0.012380382792669752,0.02387133335348619,intermediate,2.458701096824303,Epithelial cells
-0.015324254112550062,0.0,0.010140875008246014,intermediate,-0.03459119865306019,Epithelial cells
-0.1890357909911129,-0.013319374578684448,0.013096893057148928,intermediate,-0.5354495391755933,Epithelial cells
-0.04004030342561653,0.0,0.026971116711628954,intermediate,-0.13419161110596128,Fibroblasts
-0.22015121950203156,0.0,0.025462742362320556,permissive_high_CD8,-0.8600002264414647,Endothelial cells
-0.053653893221813034,0.0,-0.0013995946016710618,intermediate,-0.18905147732045993,Macrophages
-0.045971663601427196,0.0,0.026193903225046312,intermediate,-0.1580937288123351,Schwann cells
-0.11962967991350167,0.0,-0.006501469502725743,permissive_high_CD8,-0.4549198401466682,Fibroblasts
-0.03085528798850186,0.0,-0.0010130682776653172,intermediate,-0.09717795595682517,Fibroblasts
-0.02905999034284109,0.0,-0.005218486361175414,intermediate,-0.08994328897107015,Fibroblasts
-0.04613971710205078,0.0,-0.0010130682776653172,intermediate,-0.15877094861248392,Fibroblasts
-0.07122773626243255,0.0,0.027593497826717373,permissive_high_CD8,-0.25987032029399687,Monocytes
-0.046645771547493664,0.0,0.024744095160947208,intermediate,-0.16081024020198115,Epithelial cells
-0.13234779633671404,0.0,-0.0029079689509794613,permissive_high_CD8,-0.5061711394676439,Epithelial cells
-0.10729188253601873,0.0,-0.0029079689509794618,permissive_high_CD8,-0.40520114554493936,Epithelial cells
0.384174865891177,-0.009335716726326267,-0.003753406702265566,intermediate,1.7149003756200005,Epithelial cells
-0.062497521978784276,0.0,-0.004638188667142922,intermediate,-0.22468941688829414,Fibroblasts
-0.05820046849997647,0.0,-0.003753406702265566,intermediate,-0.20737320694712164,Fibroblasts
0.0,0.0,-0.003753406702265566,intermediate,0.02716228026301206,Fibroblasts
-0.25536357159595413,0.0,-0.00526056978223134,permissive_high_CD8,-1.001898502641187,Epithelial cells
0.4321467148731033,-0.03530718150891756,-0.00526056978223134,hypoxic_CD8_low,2.296563206318145,Epithelial cells
0.420526738147659,-0.011658202298739661,-0.00526056978223134,intermediate,1.896118371713982,Epithelial cells
0.30557551249921566,0.0,-0.003753406702265566,intermediate,1.258566486287897,Epithelial cells
-0.11869881718034246,0.0,-0.007678781475937157,permissive_high_CD8,-0.4511686616720939,Fibroblasts
-0.06091296337694528,0.0,-0.006373442265025356,intermediate,-0.21830398334671589,Fibroblasts
-0.128130012726688,0.0,-0.006373442265025357,permissive_high_CD8,-0.48917437020753446,Fibroblasts
-0.1789338598289643,0.0,-0.006373442265025356,permissive_high_CD8,-0.6939030491920744,Fibroblasts
0.38567613980856286,0.0,-0.010899906248537957,intermediate,1.58135494720626,NK cells
-0.16620075271790286,-0.014731013340505994,-0.010899906248537958,intermediate,-0.42232122757668167,NK cells
0.17974075926355568,0.0,-0.011976105191929622,intermediate,0.7514792425124556,NK cells
-0.1482750766248588,0.4139024674007606,0.023244236698571057,permissive_high_CD8,-6.759361589713303,DCs
0.08924554940687127,-0.013734194913856414,-0.013184429727263459,hypoxic_low_neighbor_CD8,0.592167700494894,NK cells
0.4648396327313649,-0.0213613703183317,-0.013184429727263457,hypoxic_low_neighbor_CD8,2.219779568610675,NK cells
0.4675743757002804,-0.015978319924852626,-0.012108230783871795,intermediate,2.1503082449555304,Epithelial cells
0.20269124910055875,0.0,-0.011976105191929622,intermediate,0.843964826466731,NK cells
-0.5130634537662369,-0.019284941406867765,-0.010322546090191675,intermediate,-1.752009963749925,Epithelial cells
-0.020183088310272324,0.0,-0.008068979574762053,intermediate,-0.05417126519215533,Epithelial cells
0.17053567070558848,-0.015649953834441028,-0.010726746084236424,intermediate,0.9483955569179126,Fibroblasts
-0.18527166527437877,0.0,-0.012625269947746987,permissive_high_CD8,-0.7194430547331625,Epithelial cells
-0.05625617934996823,-0.022684678374997033,-0.00921076183859636,intermediate,0.13966165662245472,Fibroblasts
-0.07947887282773673,0.0,-0.0055113183020258395,permissive_high_CD8,-0.29312064257244635,Fibroblasts
-0.10893495398831654,0.0,-0.010159137213600148,permissive_high_CD8,-0.4118223734064622,T cells
-0.18791192602441015,-0.014087424104512945,-0.010770594124530169,intermediate,-0.5194361005728787,Fibroblasts
-0.023618200217863643,0.0,-0.010159137213600148,intermediate,-0.06801403425626668,Fibroblasts
-0.3086794504678872,-0.027052802112903673,-0.009759406039589328,intermediate,-0.8122345969519532,Epithelial cells
-0.2010074619308533,-0.011856179488332648,-0.010159137213600148,intermediate,-0.6055717073193424,Epithelial cells
-0.17114752650739679,0.0,-0.009742065769458106,permissive_high_CD8,-0.6625257849496899,Epithelial cells
-0.06131791110977112,0.0,-0.0070744416652581636,intermediate,-0.21993583642729694,NK cells
-0.2746929490422628,-0.027979941503239063,-0.009450014400096076,intermediate,-0.6614128942350951,NK cells
0.2096616709567457,0.0,-0.006397539079591491,intermediate,0.8720541413508823,NK cells
-0.2112611977450819,0.0,-0.00961744968707745,permissive_high_CD8,-0.8241753329687305,Pericytes
-0.04004030342561653,0.0,-0.007797623774622455,intermediate,-0.13419161110596128,Epithelial cells
0.1387433651460701,-0.016142984150874954,-0.008504724953016933,intermediate,0.8276515305079216,NK cells
-0.17764377210992408,-0.030425065924764162,-0.008598830793228871,intermediate,-0.23376389715871748,Fibroblasts
-0.24801606634055753,0.0,-0.00859883079322887,permissive_high_CD8,-0.9722896220038404,Endothelial cells
-0.36553887669819907,-0.011736101467117125,-0.010501103973903475,intermediate,-1.2703937563249812,Epithelial cells
-0.38840664486329723,-0.02998259193018863,-0.009819368537460101,intermediate,-1.0897095985088308,Epithelial cells
-0.08519365701330714,0.0,-0.008902252058268558,permissive_high_CD8,-0.3161500051842622,Endothelial cells
-0.14487887769339075,-0.03245599646317331,-0.008557994677792032,intermediate,-0.07136022588011876,NK cells
-0.16482545477319435,-0.019384164076585036,-0.0084016971099071,intermediate,-0.3472013691073027,NK cells
0.007132079227861077,-0.013973790141735,-0.010404446765317928,intermediate,0.2648505347392791,Epithelial cells
0.1153344519167061,0.0,-0.009450014400096076,intermediate,0.4919355470350715,NK cells
0.025413370994200157,-0.011795643370161172,-0.011367019467990892,intermediate,0.30595082024727055,Epithelial cells
0.08975118135352694,-0.023604640111266843,-0.010803606249542854,hypoxic_CD8_low,0.7417962276767718,Epithelial cells
-0.13897650213126672,0.0,0.014290943430324133,permissive_high_CD8,-0.532883411433267,Epithelial cells
0.2134400888619174,0.0,0.012866852075768686,intermediate,0.8872803604366152,Epithelial cells
0.2305821496320058,0.0,0.013214744486932474,intermediate,0.9563592128602865,Fibroblasts
-0.09208720563405967,-0.01812486803000755,0.01379843808521769,intermediate,-0.07291174395738922,Fibroblasts
0.04452150748915462,0.0,-0.008504724953016933,intermediate,0.20657446919243136,NK cells
0.4900776545206706,0.0,-0.009517462340443724,intermediate,2.002070806538046,Schwann cells
-0.24661101682119102,-0.015279283407728682,-0.012119208398939948,intermediate,-0.7381592780720302,NK cells
-0.18156511237822384,-0.017089814792277842,-0.011202535101598412,intermediate,-0.4489656022516485,Pericytes
-0.15688985801604857,0.0,-0.010696633721170155,permissive_high_CD8,-0.6050704188283627,Pericytes
-0.07110967214806492,0.0,-0.011586013014017328,permissive_high_CD8,-0.2593945470691601,Epithelial cells
-0.08723761470442316,0.0,-0.011586013014017328,permissive_high_CD8,-0.3243867191709029,Fibroblasts
0.0,0.0,-0.010159137213600148,intermediate,0.02716228026301206,Macrophages
-0.11243179045527814,0.0,-0.008355617072739904,permissive_high_CD8,-0.4259138792931087,Schwann cells
0.14239609624487326,0.0,-0.008693066170984594,intermediate,0.6009882076200391,Epithelial cells
-0.1661817505656476,-0.0112689728678962,-0.010159137213600148,intermediate,-0.47401190266801674,Epithelial cells
0.3533188051966778,0.0,-0.013269652754028157,hypoxic_low_neighbor_CD8,1.4509617831370938,Epithelial cells
0.7946423612923985,-0.04108085709544811,-0.013269652754028156,hypoxic_low_neighbor_CD8,3.843676125257443,Schwann cells
-0.045769005894182195,0.0,-0.012396046539389008,intermediate,-0.15727706143266248,Macrophages
-0.08278949528812884,-0.019149160578183316,-0.012396046539389008,intermediate,-0.02012789565290668,Epithelial cells
-0.17947448975589858,-0.039895988186361336,-0.011431789977347803,intermediate,-0.09952435345912425,Schwann cells
-0.3819230780544051,0.0,-0.013147311397248757,permissive_high_CD8,-1.5119063474804235,Epithelial cells
-0.23260547071096888,-0.014225630625056834,-0.010705854310358745,intermediate,-0.6974749862578292,Epithelial cells
0.4372874321229007,-0.011315382443941556,-0.0099154423444699,intermediate,1.9585342754439485,Epithelial cells
-0.31902236632075176,0.0,-0.00905153670935174,permissive_high_CD8,-1.2584298815251274,Fibroblasts
0.31381174694582165,0.0,-0.005713539213625847,intermediate,1.2917567562032053,MAST cells
0.1703026768672897,-0.016227998231586657,-0.005713539213625847,intermediate,0.956100032160301,Monocytes
-0.10518987111777187,0.0,-0.005326236179161329,permissive_high_CD8,-0.3967304874075398,Fibroblasts
-0.16145480971738516,0.0,-0.005839562576952895,permissive_high_CD8,-0.6234662015249253,Fibroblasts
-0.14109174123250814,0.0,-0.005839562576952895,permissive_high_CD8,-0.5414073743146961,Monocytes
0.6346625630635334,0.0,-0.0049150233326653225,intermediate,2.5847171810830667,MAST cells
0.35206661837168013,0.0,-0.003745188372016114,intermediate,1.4459157370373263,Fibroblasts
-0.046838047992752256,0.0,-0.008477715570756139,intermediate,-0.16158507330779667,Monocytes
-0.23529025158250189,-0.014895071384877811,-0.006464268353625669,intermediate,-0.6982840574775887,Fibroblasts
-0.14526465235943775,-0.0325424178891819,-0.006464268353625669,intermediate,-0.07162257201646349,Monocytes
-0.2557140794623808,-0.026020368583771863,-0.006464268353625669,intermediate,-0.6142332244606064,Monocytes
-0.0870825021142462,-0.011690457340194147,-0.005471263594633815,intermediate,-0.14895640596345028,Macrophages
0.1470643231667668,0.0,-0.009483087465026279,intermediate,0.6198001674504691,Fibroblasts
-0.0030185237945801746,0.0,-0.009731398902923955,intermediate,0.014998272531398536,Fibroblasts
-0.14926884356272746,0.0,-0.006568899617986641,permissive_high_CD8,-0.5743593544003184,Fibroblasts
-0.2212560875827529,-0.014124622229139815,-0.00679927554368651,intermediate,-0.6532497503066297,MAST cells
-0.2074325898564963,0.0,-0.004993925146084888,permissive_high_CD8,-0.8087468589438805,MAST cells
-0.04916864035119972,0.0,-0.008177596837402839,intermediate,-0.1709768639301851,Macrophages
-0.07335241539890029,0.0,-0.00679927554368651,permissive_high_CD8,-0.2684323245059882,Fibroblasts
-0.06577173102811637,0.0,-0.012138364511301965,intermediate,-0.23788378171738897,Macrophages
-0.2944350031963793,-0.012029812886164738,-0.008528282253044016,intermediate,-0.9794684838735181,Fibroblasts
0.4181013308375715,0.0,-0.011333404636254355,intermediate,1.712021558178185,Fibroblasts
-0.06851806793825693,0.0,-0.006142485640470476,permissive_high_CD8,-0.24895093429990212,Macrophages
-0.051561876473177864,0.0,-0.006550046660800373,intermediate,-0.18062109557201905,Fibroblasts
-0.0514254818958451,-0.020736752251381815,-0.0055017293706113995,intermediate,0.13000135967879256,Endothelial cells
-0.2556051690894437,0.0,-0.004140391073085358,permissive_high_CD8,-1.0028720890624774,Fibroblasts
-0.2941640524500345,-0.02751349437574626,-0.010044541468343594,intermediate,-0.7468519897075234,Schwann cells
-0.12193781688031423,0.0,-0.006112889818817014,permissive_high_CD8,-0.4642211403253656,Fibroblasts
-0.00973504159345201,0.0,-0.006319240938153183,intermediate,-0.012067863101419905,Fibroblasts
-0.17051713629420023,-0.015898526921446023,-0.012516408217580694,intermediate,-0.422257719441251,Endothelial cells
-0.05625617934996823,0.0,-0.010203682298441487,intermediate,-0.19953813594464778,Schwann cells
-0.1603065705203627,0.0,-0.010203682298441485,permissive_high_CD8,-0.6188390422176502,Schwann cells
-0.29737743699407004,-0.015082395993746243,-0.012516408217580694,intermediate,-0.9456811555263172,Endothelial cells
-0.1630838539705698,-0.01802180749684693,-0.012516408217580694,intermediate,-0.36055415446769873,Pericytes
-0.1460768917956984,-0.014895071384877811,-0.007545505554569878,intermediate,-0.3387732263360943,Fibroblasts
-0.11374859637524708,0.0,-0.006142485640470476,permissive_high_CD8,-0.43122032657714093,Fibroblasts
-0.1316868119450458,0.0,-0.013509412976572549,permissive_high_CD8,-0.5035075132059711,Schwann cells
-0.27870392703627006,-0.013132731441544135,-0.0018685201884281297,intermediate,-0.8995838619856481,Fibroblasts
-0.07045437150212176,-0.020292814926579895,-0.008962674919571149,intermediate,0.04668087651222011,Fibroblasts
-0.21356219555958209,-0.015859235153507123,-0.008962674919571149,intermediate,-0.5963076591432286,Schwann cells
0.08686850157128756,0.0,-0.008962674919571149,intermediate,0.3772238324177757,Schwann cells
0.292680768124071,0.0,-0.010395290655324012,intermediate,1.206603413954967,Schwann cells
-0.03842665967213581,0.0,-0.009968167985820899,intermediate,-0.12768897060047563,Schwann cells
0.0009235383037582423,-0.028125650969594115,-0.012516408217580694,intermediate,0.4514415904807746,Endothelial cells
-0.17901298798710466,0.0,-0.014734501072913206,permissive_high_CD8,-0.694221918809447,Fibroblasts
-0.05653027071052766,0.0,-0.013509412976572549,intermediate,-0.20064266572672196,Schwann cells
-0.18158636131439823,-0.04073896678353128,-0.012516408217580694,intermediate,-0.0954298430902576,MAST cells
0.29380133209458315,-0.015066433532035302,-0.013364809823904924,hypoxic_low_neighbor_CD8,1.436404636987632,MAST cells
-0.14085547512314883,0.0,-0.013735821436934784,permissive_high_CD8,-0.5404552722354861,MAST cells
0.09397253549721349,-0.05587950795285615,-0.009182587841100858,hypoxic_CD8_low,1.2414075041511263,MAST cells
-0.13837451245411334,0.0,-0.008145359170581647,permissive_high_CD8,-0.5304575213010132,Fibroblasts
-0.1731783855392272,0.0,-0.011749737915883341,permissive_high_CD8,-0.670709714130357,Pericytes
-0.026561844301032252,0.0,-0.016504549368833884,intermediate,-0.07987629270560298,Fibroblasts
0.007108355621736173,0.0,-0.015504177314871557,intermediate,0.05580743883261121,Fibroblasts
0.14660602736185835,-0.015558430057788186,-0.01738624894506375,hypoxic_low_neighbor_CD8,0.8505956548868272,MAST cells
-0.34984208685327245,0.0,-0.014662088234575814,permissive_high_CD8,-1.3826267884757617,Fibroblasts
0.24650895882801838,-0.035269003648024336,-0.015504177314871557,hypoxic_low_neighbor_CD8,1.5479117370393536,MAST cells
-0.14261447952454348,0.0,-0.012736003247671603,permissive_high_CD8,-0.5475436851798944,Fibroblasts
-0.08253298993091507,0.0,0.01119967572316181,permissive_high_CD8,-0.3054280837538008,Macrophages
-0.020570191992334574,0.0,-0.012736003247671603,intermediate,-0.05573121055021277,Fibroblasts
-0.11124906578217165,-0.01725382360852199,0.008646466088877711,intermediate,-0.1631545233547138,Fibroblasts
-0.023915022731306083,0.0,0.007005531395691809,intermediate,-0.06921016574110495,Fibroblasts
-0.012117838763807672,0.0,0.009435467749346964,intermediate,-0.021670027992455435,Monocytes
-0.40536039421357306,0.2731291693285463,0.010696324037994325,permissive_high_CD8,-5.690403599491059,T cells
0.026286698728201358,-0.011897102541286453,0.011449750042833978,intermediate,0.3109872451210693,Fibroblasts
0.34732193161684827,0.0,-0.008003647671698236,intermediate,1.4267956603715448,NK cells
0.6065185213663492,0.0,-0.006348984315488663,intermediate,2.471302689728687,NK cells
-0.043618803522194244,0.0,-0.006348984315488663,intermediate,-0.14861220401979158,Epithelial cells
-0.01229216008779993,-0.024783383496859778,-0.008718907398733534,intermediate,0.3482088356064171,Fibroblasts
-0.048903112909401275,0.0,-0.011365876345821079,intermediate,-0.16990684491599306,Fibroblasts
-0.08408564065833647,0.0,-0.0044147946413068484,permissive_high_CD8,-0.31168493536012587,Monocytes
-0.08509408422263272,-0.01906291289850768,-0.012305037952788608,intermediate,-0.030704543591006328,Fibroblasts
0.030493884440885466,-0.012631336204436143,-0.007798775262356448,intermediate,0.33892016703417976,Fibroblasts
-0.1128511773534568,0.0,-0.013590752901496837,permissive_high_CD8,-0.4276039191334911,Fibroblasts
0.32331906791671694,0.0,-0.014837514244110476,hypoxic_low_neighbor_CD8,1.3300692339794442,Macrophages
-0.1162638223793612,-0.01760387806757259,-0.012516408217580694,intermediate,-0.17812862447541597,Fibroblasts
-0.04604276021321615,-0.01856623004805221,-0.010581299296596593,intermediate,0.11923716481970682,Monocytes
-0.0777825275099421,-0.05227489703097324,-0.012516408217580694,intermediate,0.4953721170652857,Monocytes
0.018632828949924463,0.0,-0.008240762638498735,intermediate,0.10224861081162928,NK cells
-0.11412574895414485,-0.03759648635802482,-0.008003647671698236,intermediate,0.12943312326457812,NK cells
-0.027746003315630687,0.0,-0.01081421153265455,intermediate,-0.08464820122422992,Schwann cells
-0.2710773513977786,-0.01735275090947325,-0.012051960202524697,intermediate,-0.805749217976769,Fibroblasts
-0.013681816767497235,0.0,-0.012755503249071872,intermediate,-0.027972526108624593,Fibroblasts
-0.024599393208821613,0.0,-0.006540159078744742,intermediate,-0.07196803294584062,Macrophages
0.09710120676032988,-0.028899165782851247,-0.00901604715468269,hypoxic_CD8_low,0.8505833253481518,Pericytes
-0.2754498523880679,0.0,-0.00901604715468269,permissive_high_CD8,-1.0828419344250713,Endothelial cells
0.0,0.0,-0.01146467378747608,intermediate,0.02716228026301206,Fibroblasts
-0.012117838763807672,0.0,-0.011772606665627999,intermediate,-0.021670027992455435,Macrophages
-0.1900516801091083,0.0,-0.010515381417937286,permissive_high_CD8,-0.7387054960335346,Pericytes
-0.14835005088982334,-0.026578561497120724,-0.010104607892261664,intermediate,-0.1732325102901891,Endothelial cells
-0.09844557061252823,0.0,-0.005014151342806385,permissive_high_CD8,-0.3695523933877381,Fibroblasts
-0.1668206946438096,-0.018376321445109874,-0.007935565943338288,intermediate,-0.3703118447860799,Monocytes
-0.10904701263550295,0.0,-0.00884745896425646,permissive_high_CD8,-0.4122739458781509,Monocytes
-0.1600727249819591,0.0,-0.007935565943338288,permissive_high_CD8,-0.6178966945236376,Fibroblasts
0.21821815972347336,-0.015631475911931952,-0.005926044363724558,intermediate,1.1402695309423663,Macrophages
-0.05232418014342526,0.0,-0.009471206755129752,intermediate,-0.18369301693814377,Monocytes
-0.03668132843262699,0.0,0.011999573402273225,intermediate,-0.12065565758510988,Fibroblasts
-0.14319898613006715,0.0,0.012939558952961892,permissive_high_CD8,-0.5498991222586198,Fibroblasts
-0.1672391316976892,0.0,-0.0076738670930849556,permissive_high_CD8,-0.6467757866330149,Fibroblasts
-0.24559324333466678,-0.013678395313772596,-0.010945253076180113,intermediate,-0.7579956508248732,Fibroblasts
-0.18261009430789565,-0.015146916694486673,-0.006711090206295534,intermediate,-0.4822284520353157,Fibroblasts
-0.03915463968453159,-0.021093179339822004,-0.010322546090191675,intermediate,0.18477982743924562,Epithelial cells
-0.07292718844241408,0.0,-0.009969031762497627,permissive_high_CD8,-0.2667187504749748,Epithelial cells
-0.11275690937616739,0.0,-0.009581560194090148,permissive_high_CD8,-0.4272240392708076,Epithelial cells
0.2683334882000843,0.0,-0.009581560194090148,intermediate,1.1084890635659141,Epithelial cells
0.04357575364859709,-0.027074114996412022,-0.011254694522955478,intermediate,0.607597507789829,Epithelial cells
0.08344598778759138,0.0,-0.010284161278110767,intermediate,0.3634318311086641,Epithelial cells
0.19989644954482233,-0.014767689260876612,-0.011792878937302975,intermediate,1.0535209010066642,Epithelial cells
-0.16875143702250409,0.0,0.008762458947702657,permissive_high_CD8,-0.6528700548632798,Fibroblasts
-0.09888606856625722,0.0,-0.009867908436598887,permissive_high_CD8,-0.37132750628382993,Fibroblasts
-0.23195314215847765,-0.041270240598361985,-0.009867908436598885,intermediate,-0.2904531992654307,Fibroblasts
-0.29779950490438317,-0.014099783260330016,0.01108629594483392,intermediate,-0.962074825411839,NK cells
0.11171088328801965,0.0,-0.008003647671698236,intermediate,0.47733333753965,NK cells
-0.25657766650479485,-0.010518512262506524,-0.007122315343735834,intermediate,-0.8495096815166319,NK cells
0.05688933459630452,0.0,-0.008003647671698238,intermediate,0.25641417720624693,NK cells
-0.2924607977809676,-0.012982465960236214,-0.008003647671698236,intermediate,-0.9572680117933284,Epithelial cells
-0.29564609393537283,-0.01891284432971043,-0.008301410790879716,intermediate,-0.8814282276634521,NK cells
-0.0646564038881815,0.0,-0.012552620299592835,intermediate,-0.23338925098756477,Epithelial cells
-0.3040522128702646,-0.0282978181414276,-0.011671287971630433,intermediate,-0.7749713213753592,Epithelial cells
0.5100311280254379,0.0,-0.011671287971630433,intermediate,2.082479053251335,Epithelial cells
-0.16410478195512154,-0.022630764887883112,-0.01133874534112722,intermediate,-0.29575139082643565,Epithelial cells
-0.06661510778718205,0.0,-0.010831278827991564,intermediate,-0.24128241035710948,Epithelial cells
-0.13045967439092307,-0.020233237309011852,0.008004571780537824,intermediate,-0.19601856180315586,Endothelial cells
0.23140680742072295,-0.025820122074019087,-0.010280659710347412,hypoxic_CD8_low,1.345765909279844,Epithelial cells
0.0768044504774622,0.0,-0.011629542197614869,intermediate,0.33666785086929446,Epithelial cells
0.2763240682073386,0.0,-0.01028065971034741,intermediate,1.1406893984325261,Epithelial cells
0.17600726650421877,-0.013219984919436064,-0.007586447977022281,intermediate,0.9341100472021968,NK cells
-0.08106284543692348,0.0,-0.007915431188668316,permissive_high_CD8,-0.2995037146884942,NK cells
-0.2993233309213416,-0.012724637985229492,-0.006348984315488663,intermediate,-0.9887778120788575,NK cells
0.6059300123927105,-0.01063702077518108,-0.013467576661412373,hypoxic_low_neighbor_CD8,2.627984524709693,MAST cells
0.15130312950256836,-0.01327930288276209,-0.013467576661412373,hypoxic_low_neighbor_CD8,0.8354446093409029,MAST cells
-0.07426749846063943,0.0,-0.009985437406058574,permissive_high_CD8,-0.27211991426693344,Fibroblasts
0.15398601930304226,0.0,-0.004652041076165945,intermediate,0.6476931280654257,MAST cells
-0.022502472122989028,0.0,-0.005926727186813046,intermediate,-0.06351788776346727,MAST cells
-0.1315645884318524,-0.016059782823570345,-0.005926727186813046,intermediate,-0.2628760215969914,MAST cells
-0.010772855406305397,0.0,-0.00791905026043314,intermediate,-0.016250031638964827,Fibroblasts
0.7109113926868362,-0.04158791067146579,-0.014935242566663405,hypoxic_low_neighbor_CD8,3.5138400406083745,MAST cells
0.3950120627161968,-0.0197336258675888,-0.014335394999598041,hypoxic_low_neighbor_CD8,1.9140499785228127,MAST cells
-0.06151262919108073,0.0,-0.015174707677843763,intermediate,-0.2207205088061557,MAST cells
-0.011738835568408889,-0.02927151189641914,-0.014935242566663405,intermediate,0.41754876788914846,MAST cells
-0.09319025828656423,-0.0274536754438269,-0.014935242566663405,intermediate,0.06213511763462165,MAST cells
0.1817003881117426,0.0,-0.015690351465613896,hypoxic_low_neighbor_CD8,0.7593761292301413,Monocytes
-0.24432949081482178,-0.013380295834560626,-0.0058137097017646,intermediate,-0.7573604237179095,MAST cells
-0.1310622467094636,0.0,-0.006765684006828689,permissive_high_CD8,-0.5009906483834509,MAST cells
-0.10491063987394893,0.0,-0.0058137097017646,permissive_high_CD8,-0.39560524499107486,Endothelial cells
-0.25686533671306316,0.0,-0.00784328830065193,permissive_high_CD8,-1.0079502960802122,MAST cells
0.1383201190266743,-0.030843983777621497,-0.00652421180375031,hypoxic_CD8_low,1.045767262344096,MAST cells
-0.12566038834522045,0.0,-0.00652421180375031,permissive_high_CD8,-0.47922231015609773,MAST cells
-0.08564896181405308,0.0,-0.007982992771987812,permissive_high_CD8,-0.3179847865189194,MAST cells
-0.024770746269379276,0.0,-0.007982992771987812,intermediate,-0.0726585492694825,Fibroblasts
-0.1312090249425436,0.0,-0.007982992771987812,permissive_high_CD8,-0.5015821333885463,MAST cells
-0.06963191357961142,0.0,-0.005926727186813046,permissive_high_CD8,-0.2534394949061121,Macrophages
-0.27177879609257344,-0.03747483303672389,-0.007982992771987812,intermediate,-0.5076941249489948,MAST cells
-0.03126851430379722,0.0,-0.007245803683714667,intermediate,-0.09884316996083074,Macrophages
-0.45176378119901484,-0.05430774070955964,-0.014104107034351181,intermediate,-0.9812959157935042,MAST cells
0.2577243650773443,0.0,-0.01256102273660472,hypoxic_low_neighbor_CD8,1.0657365578800686,Monocytes
0.0,0.0,-0.013392158268916944,intermediate,0.02716228026301206,Macrophages
-0.17665654684166354,-0.01593821927120811,-0.01450433583072966,intermediate,-0.4464047234643195,Monocytes
-0.012483144859712287,0.0,-0.002105616429234967,intermediate,-0.023142133722735863,Fibroblasts
-0.30445129517091807,0.0,-0.0028699083366857366,permissive_high_CD8,-1.19971156946719,Fibroblasts
0.08877104257484036,-0.014395694501004239,-0.014731904787895007,hypoxic_low_neighbor_CD8,0.6001468198249578,Endothelial cells
0.7591370348949509,-0.03394614926233948,-0.013968090039354909,hypoxic_low_neighbor_CD8,3.593913260778486,Schwann cells
0.15804125625924412,0.0,-0.010538974110735896,intermediate,0.6640348689446375,MAST cells
-0.3318760883377259,0.0,-0.010538974110735896,permissive_high_CD8,-1.310227642495314,Fibroblasts
-0.07436887016258087,-0.012380382792669752,-0.010538974110735896,intermediate,-0.08740685065059292,Fibroblasts
-0.022612108284211063,0.0,-0.004652041076165945,intermediate,-0.06395969813288155,Fibroblasts
-0.026693535617077685,0.0,-0.0035813888879279217,intermediate,-0.08040698064963683,Epithelial cells
-0.08504461500060609,0.0,-0.004652041076165945,permissive_high_CD8,-0.3155493976296403,MAST cells
-0.024406199474411316,0.0,-0.004652041076165945,intermediate,-0.07118950336019161,MAST cells
-0.022960350695384074,0.0,-0.00591773143824939,intermediate,-0.06536304084947372,Fibroblasts
-0.010254940354680442,-0.012204641272664553,-0.0029549684923509197,intermediate,0.16833079525603228,MAST cells
-0.041619005930950366,0.0,-0.004270543550190173,intermediate,-0.14055344582638934,Epithelial cells
-0.0500312253653285,0.0,-0.0034312308719444537,intermediate,-0.1744528977450836,Fibroblasts
-0.11843523538735018,-0.019530195938913447,-0.005382664998372396,intermediate,-0.1580750820233439,MAST cells
-0.02287655949113837,-0.012589690173685792,-0.011383339525395239,intermediate,0.12322592431232737,MAST cells
0.3471930271171662,0.0,-0.012387272092173135,hypoxic_low_neighbor_CD8,1.4262762027036648,MAST cells
-0.035216507662731,0.0,-0.014217517121761595,intermediate,-0.11475274199357616,MAST cells
-0.0392544451487591,-0.019786147453524323,-0.005037864628430159,intermediate,0.16483382706418637,Endothelial cells
-0.07650251273649285,0.0,-0.005037864628430159,permissive_high_CD8,-0.28112654558140643,Pericytes
0.06456293087886522,0.0,-0.005959075729534855,intermediate,0.2873371352024523,MAST cells
-0.03775783140496557,0.0,-0.005334201547620107,intermediate,-0.12499373519183374,Fibroblasts
-0.151757650107265,0.0,-0.005959075729534855,permissive_high_CD8,-0.5843887144817602,MAST cells
-0.29306339738838166,0.0,-0.004809477132985144,permissive_high_CD8,-1.153820767836831,MAST cells
-0.33038673247678213,-0.026518852604545562,-0.01084256384536805,intermediate,-0.9076943663153784,MAST cells
-0.027746003315630687,0.0,-0.009411172442108031,intermediate,-0.08464820122422992,Epithelial cells
0.3021550551954522,-0.025837156936707285,-0.010730248939009654,hypoxic_CD8_low,1.6311209925420447,MAST cells
0.3197446080096754,0.0,-0.0073735459774290175,intermediate,1.3156649221685968,MAST cells
-0.23138861292337318,0.0,-0.007601933472874032,permissive_high_CD8,-0.9052845275643564,Macrophages
-0.13135248207184205,0.0,-0.01076604866305826,permissive_high_CD8,-0.5021602350530336,Fibroblasts
0.05236194746561318,0.0,-0.007629053602334459,intermediate,0.2381697717254558,Endothelial cells
-0.4021014477833208,-0.026499053244648674,-0.007299376241913047,intermediate,-1.1969854448188921,Endothelial cells
-0.11714128701083631,-0.02147087104890028,-0.01076604866305826,intermediate,-0.12384219043123523,Fibroblasts
-0.047276988326306335,-0.021983677559053366,-0.009002359869026462,intermediate,0.16536394792611253,MAST cells
-0.02736363353499447,0.0,-0.007442454738333801,intermediate,-0.08310733248026124,Fibroblasts
-0.14489402924196787,0.0,-0.007442454738333801,permissive_high_CD8,-0.5567297848346776,Endothelial cells
0.1396572496517595,-0.018432344984911714,-0.007442454738333801,hypoxic_CD8_low,0.865566678706094,MAST cells
-0.042438568360355484,0.0,-0.011061207903863286,intermediate,-0.14385610779172608,Monocytes
-0.012930422901628486,0.0,-0.007920429870667245,intermediate,-0.024944568929580507,MAST cells
0.19686905686635087,0.0,-0.009889271577842805,intermediate,0.82050263230447,MAST cells
0.5339199146592473,-0.010651515080378605,-0.011061207903863286,intermediate,2.3380159047831564,MAST cells
-0.013059817164777273,0.0,-0.009889271577842805,intermediate,-0.025466000239876732,Macrophages
-0.12816848908083506,-0.016564369201660156,-0.007027961818473702,intermediate,-0.24164547820510004,MAST cells
-0.06026594322848033,0.0,-0.011487637518549417,intermediate,-0.2156966300097739,MAST cells
-0.03842665967213581,0.0,-0.011487637518549417,intermediate,-0.12768897060047563,Epithelial cells
-0.013507295325099224,0.0,-0.007656705395573708,intermediate,-0.027269241881257088,Macrophages
-0.18718151107849365,0.0,-0.007027961818473703,permissive_high_CD8,-0.7271393263905718,MAST cells
-0.04993257943884915,0.0,-0.008366806400932281,intermediate,-0.1740553756799796,NK cells
-0.11071826367971888,0.0,-0.009832384904869172,permissive_high_CD8,-0.4190087314908438,MAST cells
-0.03481595295978837,-0.023398576960389914,-0.009832384904869172,intermediate,0.2367359939510147,Fibroblasts
0.1661115212134089,0.0,-0.010930875245376153,intermediate,0.6965563171687299,MAST cells
-0.110299137222719,0.0,-0.009148796431609655,permissive_high_CD8,-0.4173197411729194,MAST cells
0.5299964678814134,-0.020499086573056362,-0.012653352374489975,hypoxic_low_neighbor_CD8,2.4694541621458757,MAST cells
-0.013873001657815343,0.0,-0.012396453749313046,intermediate,-0.028742960480608926,Epithelial cells
-0.2161706058854559,-0.041101459549506184,-0.012396453749313046,intermediate,-0.22937669264001592,MAST cells
-0.03687647930589546,0.0,-0.009592030662917576,intermediate,-0.12144207402334736,Macrophages
-0.3450720607037525,-0.0384610326666581,-0.012861370750767017,intermediate,-0.7883039043102964,Schwann cells
0.26135085624863347,-0.02985145785065315,-0.011943251369131401,hypoxic_CD8_low,1.5267138627555494,MAST cells
-0.08723761470442316,0.0,-0.008700010940613534,permissive_high_CD8,-0.3243867191709029,Macrophages
-0.04125410485937892,0.0,-0.0029269412783315147,intermediate,-0.13908297225787258,Fibroblasts
-0.013059817164777273,0.0,-0.0026990039789403174,intermediate,-0.025466000239876732,Fibroblasts
0.0,0.0,-0.0010044289021356868,intermediate,0.02716228026301206,Fibroblasts
-0.0439908590661474,0.0,-0.002105616429234967,intermediate,-0.1501115085875945,Fibroblasts
-0.049887756745978055,0.0,-0.002105616429234967,intermediate,-0.1738747497781349,Fibroblasts
-0.0876282228523469,0.0,-0.002105616429234967,permissive_high_CD8,-0.32596078677968127,Endothelial cells
-0.013059817164777273,0.0,-0.002105616429234967,intermediate,-0.025466000239876732,Fibroblasts
-0.012385373134689638,-0.024971319113665746,-0.004495275036686989,intermediate,0.35064337334455675,Fibroblasts
-0.1323685703507389,-0.01906291289850768,-0.007299376241913047,intermediate,-0.22121064985488587,Pericytes
0.26405516015477926,-0.026598571283131957,-0.007299376241913047,hypoxic_CD8_low,1.4889718211611815,Endothelial cells
-0.013873001657815343,0.0,-0.007532739446230745,intermediate,-0.028742960480608926,Fibroblasts
-0.0968666383061543,0.0,-0.007532739446230745,permissive_high_CD8,-0.36318963261808246,Pericytes
0.0,0.0,-0.005766135896587501,intermediate,0.02716228026301206,Fibroblasts
-0.027746003315630687,0.0,-0.004708853553020359,intermediate,-0.08464820122422992,Fibroblasts
-0.027746003315630687,0.0,-0.007532739446230745,intermediate,-0.08464820122422992,Fibroblasts
-0.02639631478183241,0.0,-0.007532739446230745,intermediate,-0.07920924401280405,Fibroblasts
-0.013059817164777273,0.0,-0.005572879330510231,intermediate,-0.025466000239876732,Epithelial cells
0.031281244802666475,-0.015859235153507123,-0.006843740190410743,intermediate,0.3903592364263233,Endothelial cells
-0.02639631478183241,0.0,-0.005766135896587501,intermediate,-0.07920924401280405,Fibroblasts
-0.037156120361573244,0.0,-0.002105616429234967,intermediate,-0.12256896789426822,Fibroblasts
-0.013059817164777273,0.0,-0.0037996412449681004,intermediate,-0.025466000239876732,MAST cells
-0.1732871120713322,-0.016164064407348633,-0.00419115222256515,intermediate,-0.4294495987948991,MAST cells
-0.01229216008779993,0.0,-0.003967905881112082,intermediate,-0.022372505785287232,Fibroblasts
-0.04568171979911835,0.0,-0.003967905881112082,intermediate,-0.15692531706770987,Fibroblasts
-0.024072133872403676,0.0,-0.006179619993758104,intermediate,-0.06984329016386588,Fibroblasts
0.0,0.0,-0.009522515913413765,intermediate,0.02716228026301206,Fibroblasts
-0.013346767808538842,0.0,-0.004365060654407249,intermediate,-0.02662235019331239,Fibroblasts
-0.012036066936201838,0.0,-0.002025949295394012,intermediate,-0.021340504950426914,Fibroblasts
-0.012930422901628486,0.0,-0.004365060654407249,intermediate,-0.024944568929580507,Fibroblasts
-0.013681816767497235,0.0,-0.0035773121554520124,intermediate,-0.027972526108624593,Fibroblasts
-0.03601395557204404,-0.02327044290087001,-0.010340946470355859,intermediate,0.2299923338330656,MAST cells
0.4942255393568291,0.0,-0.004365060654407249,intermediate,2.0187858986328866,Fibroblasts
0.17837483097750498,-0.035086670385198554,-0.007536506395430057,hypoxic_CD8_low,1.2706193237283983,Monocytes
-0.047830045462612165,0.0,-0.004365060654407249,intermediate,-0.16558261174522193,Fibroblasts
0.0,0.0,-0.004365060654407249,intermediate,0.02716228026301206,Fibroblasts
-0.20795517274174824,0.0,-0.009560917392272538,permissive_high_CD8,-0.8108527566240734,Endothelial cells
-0.042438568360355484,0.0,-0.010696692794923357,intermediate,-0.14385610779172608,Endothelial cells
-0.3255092513609124,-0.015469017299080668,-0.010696692794923357,intermediate,-1.053265296601917,Pericytes
0.0,0.0,-0.009560917392272538,intermediate,0.02716228026301206,Macrophages
-0.12044023414213495,-0.018339406140902747,-0.011808427882741498,intermediate,-0.18396045900947547,Fibroblasts
-0.13416751417290254,-0.01690673635073519,-0.01330088629574589,intermediate,-0.2607009185625788,Schwann cells
-0.06389524084497168,0.0,-0.00894745982449386,intermediate,-0.2303219261053667,Fibroblasts
-0.12646032432954474,0.0,-0.01168890726550227,permissive_high_CD8,-0.4824458817295893,Fibroblasts
0.16633833364310513,-0.016494739393473637,-0.010809593226423792,hypoxic_CD8_low,0.944113104824328,Fibroblasts
0.37014800860699876,0.0,-0.005861942455997029,intermediate,1.5187798870618012,Macrophages
0.4344097332782056,0.0,-0.00431885815825057,intermediate,1.777740945162752,Fibroblasts
-0.08717997294353194,0.0,-0.007968792226793956,permissive_high_CD8,-0.32415443515631154,Monocytes
-0.02239577167005424,0.0,-0.0023547454401549057,intermediate,-0.06308790767293565,Fibroblasts
-0.2683826431213134,-0.0270954877258795,-0.013539681646987978,intermediate,-0.6492087793733834,Schwann cells
0.02928196402438671,-0.014026223889246642,-0.010548162331626162,intermediate,0.3548938830775763,Schwann cells
-0.1553270577426895,0.0,-0.005528252906644876,permissive_high_CD8,-0.5987726667144849,Schwann cells
-0.17372739554409042,0.0,-0.005109270124139412,permissive_high_CD8,-0.6729221074717247,Fibroblasts
-0.15528621443782945,0.0,-0.011664566433864083,permissive_high_CD8,-0.5986080768984317,Schwann cells
-0.15698266699610944,0.0,-0.009722290862748818,permissive_high_CD8,-0.6054444192430853,Schwann cells
-0.1928013721144343,-0.018664705608537804,-0.005530031682991306,intermediate,-0.4706962842961536,Schwann cells
-0.12447726391405466,0.0,-0.005662692799741923,permissive_high_CD8,-0.4744545707882644,Schwann cells
-0.058694176884540115,0.0,-0.007212975215010959,intermediate,-0.2093627465418658,Epithelial cells
-0.13730950719381432,0.0,-0.002958951980961479,permissive_high_CD8,-0.5261657770239773,Epithelial cells
0.14916073773280683,0.0,-0.007212975215010959,intermediate,0.6282482714660033,Epithelial cells
0.04407690734748382,0.0,-0.003342885880978645,intermediate,0.20478282535299222,Epithelial cells
-0.026693535617077685,0.0,-0.011901341501356941,intermediate,-0.08040698064963683,Fibroblasts
-0.06925059705374231,0.0,-0.0076518453888886695,permissive_high_CD8,-0.2519028705544366,Endothelial cells
0.0,0.0,-0.006865246640204095,intermediate,0.02716228026301206,Fibroblasts
-0.025171886964974154,0.0,-0.010708778589843256,intermediate,-0.07427506080119284,Fibroblasts
0.2514831244227398,-0.017888443672705277,-0.010369427870159688,hypoxic_CD8_low,1.308068271614065,Schwann cells
-0.17685469661850528,-0.046894428701053266,-0.01036942787015969,intermediate,0.01567923897874146,Schwann cells
0.12525893646071717,0.0,-0.005995715999731973,intermediate,0.531929105125416,Epithelial cells
0.4786546311704031,0.0,-0.007476386238849758,intermediate,1.9560384563539779,Epithelial cells
-0.2772818535686018,-0.043160357455975615,-0.006283823327336073,intermediate,-0.44485568084647165,Epithelial cells
-0.13831226701238547,0.0,-0.012803927317322026,permissive_high_CD8,-0.5302066854335621,Endothelial cells
0.5727328066845017,-0.017063133147081383,-0.0061801279122047584,hypoxic_CD8_low,2.590295326697145,Epithelial cells
-0.27634313499113644,0.0,-0.002958951980961479,permissive_high_CD8,-1.0864416729826243,Schwann cells
-0.07832334462897367,0.0,0.016979469611630802,permissive_high_CD8,-0.28846411014123313,Epithelial cells
-0.2579430978460963,-0.008544173800510917,-0.0037048972409102917,intermediate,-0.8845339960910804,Epithelial cells
-0.16197206121850685,0.0,-0.002958951980961479,permissive_high_CD8,-0.6255506148630378,Epithelial cells
-0.1801494939260215,-0.011856179488332648,-0.003704897240910292,intermediate,-0.5215185404925395,Epithelial cells
-0.03426128984933876,0.0,-0.0028932360985018464,intermediate,-0.11090341773502937,Fibroblasts
0.3646943224481789,0.0,-0.009254672363219474,intermediate,1.4968026938653152,Endothelial cells
-0.0492192999904893,0.0,-0.015797152113817967,intermediate,-0.171181011482411,Schwann cells
0.0608078626743761,-0.013813722471476567,-0.0085382711871272,intermediate,0.4787590430491948,Schwann cells
-0.0803185734882891,0.0,-0.0072400297069678266,permissive_high_CD8,-0.296504457318429,Fibroblasts
-0.1139715110441767,0.0,-0.007372690823718444,permissive_high_CD8,-0.43211862519622707,Fibroblasts
-0.07920566237116435,0.0,-0.006425461724058658,permissive_high_CD8,-0.2920196626457447,Schwann cells
-0.26389662041721573,-0.0648519230275019,-0.005383363329929862,intermediate,-0.06656608242671169,Schwann cells
-0.1190075242375753,0.0,-0.006425461724058658,permissive_high_CD8,-0.45241268533615325,Schwann cells
-0.05857109927748102,0.0,-0.006627677037165715,intermediate,-0.2088667700097134,Schwann cells
-0.2378207260825069,-0.020220136835507534,-0.012902755968966466,intermediate,-0.628856613523042,Epithelial cells
0.2319818557984379,0.0,-0.016194751742075974,hypoxic_low_neighbor_CD8,0.9619997304739087,Fibroblasts
-0.11847129117054155,0.0,-0.006627677037165715,permissive_high_CD8,-0.4502517803318405,Schwann cells
-0.2209724364989254,0.0,-0.007765219246971141,permissive_high_CD8,-0.8633095559612403,Fibroblasts
-0.07375295861179092,0.0,-0.005383363329929862,permissive_high_CD8,-0.27004642830970677,Schwann cells
-0.14193743970020709,-0.015898526921446023,-0.006627677037165715,intermediate,-0.3070876316782515,Schwann cells
-0.08398151780706811,0.0,-0.004362672543236118,permissive_high_CD8,-0.31126534245509724,Schwann cells
-0.012483144859712287,0.0,-0.005383363329929862,intermediate,-0.023142133722735863,Fibroblasts
-0.010495465443316233,0.0,-0.009398262703466994,intermediate,-0.015132209191936058,Fibroblasts
-0.024406199474411316,0.0,-0.005383363329929862,intermediate,-0.07118950336019161,Fibroblasts
0.4164098630468529,0.0,-0.006425461724058658,intermediate,1.7052053033846932,Schwann cells
-0.2572183264307229,-0.015631475911931952,-0.002181419380280653,intermediate,-0.7756382064273679,Schwann cells
-0.10703847494470067,0.0,-0.007564782710210514,permissive_high_CD8,-0.404179966945792,Schwann cells
-0.1200448920927852,-0.017089814792277842,-0.006455230198086676,intermediate,-0.20105222268966205,Schwann cells
-0.053048210450444354,0.0,-0.004591313450925264,intermediate,-0.1866107048054106,Schwann cells
-0.14012461589522152,-0.01748370545113135,-0.007211577329236647,intermediate,-0.27607945716320326,Schwann cells
-0.07635492684850731,0.0,-0.006455230198086676,permissive_high_CD8,-0.2805318058991298,Schwann cells
-0.02736363353499447,0.0,-0.003549215056796466,intermediate,-0.08310733248026124,Epithelial cells
-0.05172169160651394,0.0,-0.011129740021328534,intermediate,-0.1812651165073582,Fibroblasts
-0.2175324834494227,-0.02876468226011948,-0.011079548180666369,intermediate,-0.4193343140105999,Schwann cells
-0.13305426601425233,0.0,-0.012231670539227893,permissive_high_CD8,-0.5090180617397678,Schwann cells
-0.07729778519595962,-0.01948092147888925,-0.012231670539227895,intermediate,0.0069632851704711785,Schwann cells
-0.06598628859922111,0.0,-0.010413386400251095,intermediate,-0.23874840301289782,Schwann cells
-0.1404656099985881,0.0,-0.0064974422557794774,permissive_high_CD8,-0.5388841988525436,Fibroblasts
-0.04062519686289102,0.0,-0.0034257330875165064,intermediate,-0.13654860703421978,Schwann cells
0.22109967829233193,0.0,-0.0033469997436894098,intermediate,0.9181468738031285,Schwann cells
0.09798050070383466,0.0,-0.0033469997436894098,intermediate,0.4220028212747394,Schwann cells
0.2228162958918805,-0.025535672299775034,0.18093227274075746,hypoxic_CD8_low,1.3068946534399244,Epithelial cells
-0.3134174883126255,-0.03802036563394523,0.18093227274075746,intermediate,-0.6673319347426994,Epithelial cells
0.1612894396226569,0.32314037665342676,0.18093227274075746,intermediate,-4.154733822608188,Epithelial cells
-0.4098346511044177,-0.010949435986970601,0.18093227274075746,intermediate,-1.4606591521931973,Epithelial cells
0.1042803722213071,-0.012606292601056427,0.18093227274075746,intermediate,0.6358895186512948,Epithelial cells
-0.04906805643594887,0.0,0.0143859683528871,intermediate,-0.1705715321832616,Fibroblasts
-0.14163497557123023,-0.016471802947009624,-0.007156723424008017,intermediate,-0.297296675495173,Epithelial cells
0.5290723191686424,0.0,0.013545548846150005,intermediate,2.1592109964286403,Epithelial cells
-0.06275291902473173,0.0,0.014385968352887099,intermediate,-0.22571861256570247,Fibroblasts
0.6157650669894543,0.0,0.012974788152683549,intermediate,2.508564298417053,Epithelial cells
-0.0927921586247333,0.0,0.011113208293700296,permissive_high_CD8,-0.3467703476563085,Fibroblasts
0.22358626677808036,-0.024934984894416593,0.011113208293700296,hypoxic_CD8_low,1.30101550457987,Epithelial cells
-0.0676631774289541,0.0,0.01297478815268355,permissive_high_CD8,-0.24550590769997466,Fibroblasts
-0.04228339903804672,0.0,-0.009986381299099944,intermediate,-0.1432308084849384,Schwann cells
-0.08190445344610865,0.0,-0.00998638129909994,permissive_high_CD8,-0.302895215643066,Schwann cells
-0.1700602458662776,0.0,-0.010166375807583252,permissive_high_CD8,-0.6581442756341912,Schwann cells
0.22533737799249975,0.0,-0.00913235359346336,intermediate,0.9352239006629639,Schwann cells
-0.26073103448952056,0.0,-0.008867647708990635,permissive_high_CD8,-1.0235282344503978,Schwann cells
0.11928494364382275,0.0,-0.013494740227456033,hypoxic_low_neighbor_CD8,0.5078551869592635,Schwann cells
-0.08487713672071097,0.0,-0.00765184538888867,permissive_high_CD8,-0.3148744958464642,Pericytes
-0.11120771691502337,-0.03736939603983149,-0.0076518453888886695,intermediate,0.13779653118251506,Schwann cells
-0.25819951559166354,0.0,-0.009595196321103897,permissive_high_CD8,-1.0133267526858516,Schwann cells
-0.16751884552369634,0.0,-0.007645924242562772,permissive_high_CD8,-0.6479029737528578,Schwann cells
-0.20128392598715172,0.0,-0.010021372523545896,permissive_high_CD8,-0.7839690536537279,Schwann cells
-0.03842665967213581,-0.02582520511951524,-0.007645924242562771,intermediate,0.25847053647887425,Schwann cells
-0.07482701803306978,0.0,-0.009307606757571984,permissive_high_CD8,-0.2743746589263104,Schwann cells
-0.0834103473219048,-0.018376321445109874,-0.009701911576202845,intermediate,-0.0341859174231873,Schwann cells
0.1942171619599124,-0.0167810038516396,-0.0084535790519354,hypoxic_CD8_low,1.060739302167022,Schwann cells
0.4954907654758438,-0.04948421818042091,-0.011229993585954631,hypoxic_CD8_low,2.7638128359826135,Schwann cells
0.1592295806570704,-0.01633693718234537,-0.013570841249988468,hypoxic_low_neighbor_CD8,0.9131067577369575,Schwann cells
-0.09287293369032772,-0.018724987864011694,-0.012231670539227895,intermediate,-0.0671045799246075,Schwann cells
-0.040501460492850305,0.0,-0.0028404139314103225,intermediate,-0.1360499758276149,Fibroblasts
-0.24787996284454222,-0.014644395001986731,-0.009282533681666158,intermediate,-0.7527662288648004,Epithelial cells
0.2514516790229154,-0.01327930288276209,-0.010799725593021201,intermediate,1.2390219251343708,Epithelial cells
-0.08166794987567458,0.0,-0.004065502027750981,permissive_high_CD8,-0.30194215664632074,Fibroblasts
-0.03553098033230945,-0.054645032535197764,-0.007475626645622306,intermediate,0.7010770466420397,Epithelial cells
0.05048151523712649,-0.0143031823007684,-0.007968792226793956,intermediate,0.44446486526141116,Epithelial cells
0.6706674673471106,-0.015262486963619587,-0.008133424084517959,intermediate,2.9580264133648106,DCs
-0.17611096853233246,0.0,-0.0072129752150109595,permissive_high_CD8,-0.6825273987435378,Epithelial cells
0.4741511072020933,0.0,-0.002958951980961479,intermediate,1.9378902143330314,Epithelial cells
0.13982413380021552,-0.011809009289451939,-0.002958951980961479,intermediate,0.7672016748294359,Epithelial cells
0.5082356939354096,-0.012174917136126685,-0.002958951980961479,intermediate,2.2572931165074337,Epithelial cells
-0.013873001657815343,0.0,-0.006874791298478882,intermediate,-0.028742960480608926,Fibroblasts
0.0,0.0,-0.005756057708369576,intermediate,0.02716228026301206,Fibroblasts
-0.08266370076252275,0.0,-0.0071571310843855105,permissive_high_CD8,-0.30595482055446355,Endothelial cells
-0.022960350695384074,-0.0231462644661969,-0.005756057708369576,intermediate,0.2807387630134744,Fibroblasts
0.07846339040970707,0.0,-0.008573746842089613,intermediate,0.3433530253238876,Epithelial cells
-0.03775783140496557,0.0,-0.006602702224463746,intermediate,-0.12499373519183374,Schwann cells
-0.07635492684850731,0.0,-0.0043834982291567825,permissive_high_CD8,-0.2805318058991298,Fibroblasts
-0.11071938970481536,0.0,-0.005716581383214788,permissive_high_CD8,-0.4190132691320591,Fibroblasts
-0.05332364614708835,-0.020943211157794905,-0.005716581383214788,intermediate,0.1254393039639129,Monocytes
-0.19714482625325522,-0.01728183537842291,-0.01016637580758325,intermediate,-0.5088772813336736,Schwann cells
-0.21808256585913968,0.0,-0.010858933195250558,permissive_high_CD8,-0.8516639930311638,Schwann cells
0.0823218161801258,-0.029147352766894136,-0.009015529261909516,hypoxic_CD8_low,0.7947366243592878,Schwann cells
-0.012203099737205658,0.0,-0.008941287711242592,intermediate,-0.02201361154858978,Schwann cells
-0.08358563955529148,0.0,-0.008867647708990635,permissive_high_CD8,-0.3096700374506991,Schwann cells
-0.08717997294353194,0.0,-0.0033393709283126025,permissive_high_CD8,-0.32415443515631154,Endothelial cells
-0.10883273082564633,0.0,-0.0056831926147625665,permissive_high_CD8,-0.41141043584171516,MAST cells
-0.022612108284211063,0.0,-0.004065502027750981,intermediate,-0.06395969813288155,Fibroblasts
-0.03879126966238979,0.0,-0.006008658878877257,intermediate,-0.12915827117330408,Fibroblasts
-0.03703493861309496,0.0,-0.0018647111540059489,intermediate,-0.12208063126824359,Fibroblasts
-0.013507295325099224,0.0,-0.004228421390137048,intermediate,-0.027269241881257088,Epithelial cells
-0.01229216008779993,0.0,-0.002025949295394012,intermediate,-0.022372505785287232,Fibroblasts
-0.11188421287689822,0.0,-0.0035773121554520124,permissive_high_CD8,-0.42370725832525974,MAST cells
0.01171141695306005,-0.025605518325620334,-0.014095182521784032,intermediate,0.45723136637328643,Pericytes
-0.22580685289988078,-0.015381619997835352,-0.009787097665784169,intermediate,-0.6527927101674842,Fibroblasts
0.21438511739294214,-0.012029812886164738,-0.013379350075354941,hypoxic_low_neighbor_CD8,1.0709681871780856,Pericytes
-0.15081209542760887,0.0,-0.014095182521784032,permissive_high_CD8,-0.5805783305932343,Pericytes
0.3390838534956477,0.0,-0.004228421390137048,intermediate,1.393597960840454,Endothelial cells
0.1876641751293198,-0.03545565354196649,-0.007662378921199906,hypoxic_CD8_low,1.3135707381437272,Endothelial cells
-0.03206872365560876,0.0,-0.013932503637192862,intermediate,-0.10206784314704918,MAST cells
-0.040521885975297676,0.0,-0.0018647111540059489,intermediate,-0.1361322861697954,MAST cells
-0.013507295325099224,0.0,-0.004228421390137048,intermediate,-0.027269241881257088,Fibroblasts
-0.013346767808538842,0.0,-0.004228421390137048,intermediate,-0.02662235019331239,MAST cells
-0.046421273166396056,0.0,-0.0018647111540059489,intermediate,-0.1599055595603015,Macrophages
-0.0812372337862191,0.0,-0.0018647111540059489,permissive_high_CD8,-0.3002064625790174,Fibroblasts
-0.025171886964974154,0.0,-0.0032215975556779,intermediate,-0.07427506080119284,Fibroblasts
-0.16170608949469753,0.0,-0.0033393709283126025,permissive_high_CD8,-0.6244788054870056,Monocytes
-0.012533883971861568,0.0,-0.00449149328687413,intermediate,-0.023346601533652984,Fibroblasts
-0.0314863963299487,0.0,-0.00449149328687413,intermediate,-0.09972118810183228,Fibroblasts
-0.013873001657815343,0.0,0.0,intermediate,-0.028742960480608926,Fibroblasts
-0.21241723485739836,0.0,-0.02050862962256881,permissive_high_CD8,-0.8288339162131291,MAST cells
-0.3087737301746047,-0.04200952738402826,-0.015850987994236503,intermediate,-0.5889693823881925,Pericytes
0.22965397748602442,0.0,-0.017828892696241615,hypoxic_low_neighbor_CD8,0.9526188768787521,Pericytes
-0.01229216008779993,0.0,-0.0174023508542945,intermediate,-0.022372505785287232,Macrophages
-0.09000988849195611,0.0,-0.01882513563642618,permissive_high_CD8,-0.33555839184290526,MAST cells
-0.012972464762538327,0.0,-0.004351998018993218,intermediate,-0.025113988671136612,Endothelial cells
-0.06840908096497317,0.0,-0.0032961001762977014,permissive_high_CD8,-0.2485117400195558,Fibroblasts
-0.013681816767497235,0.0,-0.0032961001762977014,intermediate,-0.027972526108624593,Fibroblasts
-0.013507295325099224,0.0,-0.008821794893416638,intermediate,-0.027269241881257088,Fibroblasts
-0.05835480287850621,0.0,-0.00821542739868164,intermediate,-0.2079951416083823,Schwann cells
0.0,0.0,-0.003121329962644178,intermediate,0.02716228026301206,Fibroblasts
-0.02736363353499447,0.0,-0.009707180658976237,intermediate,-0.08310733248026124,Epithelial cells
0.0,0.0,-0.010418879937546454,intermediate,0.02716228026301206,Macrophages
-0.023477671136817778,0.0,-0.009196252861486271,intermediate,-0.06744773200235446,Macrophages
-0.12126240098332784,-0.018806812734256387,-0.009196252861486271,intermediate,-0.18028457201330364,MAST cells
-0.03343777867206129,0.0,-0.00821542739868164,intermediate,-0.1075848431571316,MAST cells
-0.12567923825428667,0.0,-0.006992800322621457,permissive_high_CD8,-0.4792982712732615,Endothelial cells
-0.1298526013232618,0.0,-0.0103489651853739,permissive_high_CD8,-0.49611603521767467,MAST cells
-0.013507295325099224,0.0,-0.00560166633080857,intermediate,-0.027269241881257088,Fibroblasts
-0.3362757671310241,-0.026719757419848732,-0.01277387093918526,intermediate,-0.9284218287099872,Endothelial cells
-0.2715208980453062,-0.015279283407728682,-0.009903007898575218,intermediate,-0.8385407918264561,Pericytes
0.016330680693967314,-0.013590793377957364,-0.011714154602544992,intermediate,0.2961920590459839,Endothelial cells
-0.13066310959168706,0.0,-0.010505830067211156,permissive_high_CD8,-0.4993822108434437,Pericytes
-0.18211956100770268,0.0,-0.01065881358467133,permissive_high_CD8,-0.7067407461611565,Endothelial cells
0.4937735810337297,-0.03387950789107967,-0.015887281672674634,hypoxic_low_neighbor_CD8,2.523558606955692,MAST cells
-0.02701459065019845,0.0,-0.010374693027552968,intermediate,-0.08170076402552623,Epithelial cells
0.1945647599706688,0.0,-0.011971778071682785,intermediate,0.8112168067942198,Macrophages
-0.025171886964974154,-0.028178130084203806,-0.017484366716804454,intermediate,0.3470672973089213,Macrophages
-0.02515301072453878,-0.023956275661947274,-0.009773077430673618,intermediate,0.2840147576143005,MAST cells
0.0,0.0,-0.009196252861486271,intermediate,0.02716228026301206,Macrophages
-0.04847135505523069,0.0,-0.009196252861486271,intermediate,-0.1681669527588579,MAST cells
-0.12469686178797221,-0.0621289164431182,-0.009196252861486271,intermediate,0.4536626724680985,MAST cells
0.0,0.0,-0.009196252861486271,intermediate,0.02716228026301206,Fibroblasts
-0.013346767808538842,0.0,-0.010793337905616091,intermediate,-0.02662235019331239,Fibroblasts
0.0,0.0,-0.00976832553281797,intermediate,0.02716228026301206,Epithelial cells
-0.024406199474411316,0.0,-0.00976832553281797,intermediate,-0.07118950336019161,MAST cells
-0.014084367866975716,0.0,-0.005377406276028488,intermediate,-0.02959472126746938,MAST cells
0.0,0.0,-0.015386835734049479,intermediate,0.02716228026301206,Macrophages
0.5014252825434428,0.0,-0.015386835734049479,hypoxic_low_neighbor_CD8,2.047799329616882,Fibroblasts
-0.02334192191740595,-0.023530925333741223,-0.01046133723497069,intermediate,0.28495287497033384,Fibroblasts
-0.16833960291850997,-0.01661148534612617,-0.011877082073093265,intermediate,-0.4028219886845398,Endothelial cells
-0.1307922271360834,-0.016731816264781874,-0.01046133723497069,intermediate,-0.2497147786155769,Endothelial cells
0.0,0.0,-0.005825044269021223,intermediate,0.02716228026301206,Fibroblasts
0.4855403234680973,0.0,-0.013065215354023673,hypoxic_low_neighbor_CD8,1.9837863291708338,Fibroblasts
-0.025388621900933814,0.0,-0.01564977661318142,intermediate,-0.07514845641313327,Monocytes
-0.013507295325099224,0.0,-0.016428367908184346,intermediate,-0.027269241881257088,Monocytes
-0.3193587454926058,-0.0497022543841528,-0.016428367908184346,intermediate,-0.5165968172864636,Endothelial cells
-0.1836925859910896,-0.058258929233319365,-0.016047126625874424,intermediate,0.1580552725303045,Pericytes
-0.040521885975297676,-0.027233332274896414,-0.01899171988812857,intermediate,0.2710826853564231,Epithelial cells
-0.1498159385589232,0.0,-0.015138170497137525,permissive_high_CD8,-0.5765640306647895,MAST cells
-0.443592515815214,-0.02904800461371418,-0.015138170497137525,intermediate,-1.3260716109006938,Endothelial cells
0.019851681697799495,0.0,-0.016560961843019553,intermediate,0.10716032768312486,Endothelial cells
-0.01229216008779993,-0.049566766993719556,-0.016428367908184346,intermediate,0.7187901769981214,Macrophages
-0.22267677003600034,-0.021341870188230444,-0.014359994777622814,intermediate,-0.5510566264160506,Endothelial cells
-0.1550968583807888,-0.03646137067663525,-0.01824392339317744,intermediate,-0.0526448924222942,Endothelial cells
-0.2408853553863893,0.0,-0.01629652841853709,permissive_high_CD8,-0.9435543762078179,Endothelial cells
0.11980892137351284,0.0,-0.015216910147313002,hypoxic_low_neighbor_CD8,0.509966705565341,Pericytes
-0.2818191405759758,-0.03109432714670776,-0.01852136128022764,intermediate,-0.643561096257783,Endothelial cells
-0.30620023620176506,-0.05662214611223352,-0.01720239121904257,intermediate,-0.3600989696994372,Endothelial cells
0.0,0.0,-0.01824392339317744,intermediate,0.02716228026301206,Fibroblasts
0.2583796274231141,-0.083074747309511,-0.015138170497137525,hypoxic_low_neighbor_CD8,2.3105784293708838,Endothelial cells
-0.013507295325099224,0.0,-0.016560961843019553,intermediate,-0.027269241881257088,Epithelial cells
0.2908692762076136,-0.01103475508902237,-0.006087393252312252,intermediate,1.3643041357587828,Epithelial cells
0.20574115892969463,0.0,-0.006817285187653041,intermediate,0.8562553132301434,Epithelial cells
-0.14475897014380457,-0.010627390402048706,-0.007440076215386229,intermediate,-0.3972761258809062,Epithelial cells
0.19687970383578993,-0.016494739393473637,-0.006817285187653041,hypoxic_CD8_low,1.0671883192138698,Epithelial cells
-0.38263705456591995,0.0,-0.006560697954515054,permissive_high_CD8,-1.5147835206939826,Epithelial cells
0.00995421481419756,-0.013494612234324096,-0.006560697954515053,intermediate,0.26905808137222964,Epithelial cells
-0.06716749514920642,0.0,-0.006560697954515053,intermediate,-0.2435084137282191,Epithelial cells
-0.195290592300844,0.0,-0.004293272080209091,permissive_high_CD8,-0.7598171959048224,Fibroblasts
0.10318438642953773,0.0,-0.004888405330107119,intermediate,0.4429733719510476,Fibroblasts
-0.1654082761710906,-0.018527513573526853,-0.00886170075811677,intermediate,-0.3623593514044532,Fibroblasts
-0.0439908590661474,0.0,-0.008861700758116771,intermediate,-0.1501115085875945,NK cells
0.0895161638298188,-0.043976088767109615,-0.012025240590536966,hypoxic_CD8_low,1.0454596543195012,DCs
-0.09230508478769817,0.0,8.219760260422445e-05,permissive_high_CD8,-0.3448075438744731,Epithelial cells
0.2939615412409526,0.0,-0.012025240590536966,intermediate,1.2117646567201106,Monocytes
-0.2524451206486866,0.0,-0.012025240590536964,permissive_high_CD8,-0.9901377671616,DCs
0.5764619796630368,-0.026914133234062658,-0.009346337517906941,hypoxic_CD8_low,2.7526232782603577,Epithelial cells
-0.0871678202985281,-0.017260954930232122,-0.012025240590536966,intermediate,-0.06600560174377032,Epithelial cells
-0.20579426164129172,-0.015978319924852626,-0.012942925735041197,intermediate,-0.5632238880545891,Epithelial cells
-0.058074962661926965,-0.02035397363577777,-0.007584895199609672,intermediate,0.09748175128919959,Epithelial cells
0.18872575922663432,0.0,-0.010958872085962542,intermediate,0.7876868779187673,DCs
0.21791657530160313,0.0,-0.010958872085962542,intermediate,0.9053196469781261,Epithelial cells
-0.19618222608144986,-0.007877484989552362,-0.008735625528291813,intermediate,-0.6456197166053362,Epithelial cells
0.10184770128334383,0.0,-0.010516634450750312,intermediate,0.4375868156210197,Epithelial cells
-0.15281275860277047,0.0,-0.0076193231641844055,permissive_high_CD8,-0.588640576905394,Fibroblasts
-0.09697276042647152,0.0,-0.00992287888057158,permissive_high_CD8,-0.3636172821513913,Fibroblasts
-0.10843497538662339,-0.04861112741323618,-0.010048133963354525,intermediate,0.31706561503126796,DCs
-0.047495627499009714,-0.019152083377606474,-0.005976870056749516,intermediate,0.12214257550802725,Fibroblasts
0.17993187425605742,0.0,0.019348851135420935,intermediate,0.7522493952111331,NK cells
-0.2840095121697728,0.0,0.019486708397235375,permissive_high_CD8,-1.117335539528198,NK cells
-0.08065971313231442,0.0,-0.012508813314914062,permissive_high_CD8,-0.29787917739681125,Fibroblasts
0.5181946036327316,-0.01263972139551572,8.219760260422398e-05,intermediate,2.3043755325991055,Epithelial cells
-0.19656526803012833,0.0,-0.013367364667205195,permissive_high_CD8,-0.7649538674971268,Fibroblasts
-0.11193452398461032,0.0,-0.012849039136961246,permissive_high_CD8,-0.4239100013694905,DCs
-0.2562202392333004,0.0,0.04933905985459411,permissive_high_CD8,-1.0053506906884746,NK cells
0.2662482893610575,-0.012356978196364183,0.0004953891624305387,intermediate,1.2848577619242756,Epithelial cells
0.44324601989194573,-0.018275251272718916,0.029949680048944997,hypoxic_CD8_low,2.086615743573677,Epithelial cells
-0.2768643237500784,-0.024439188150259163,0.03199205506525399,intermediate,-0.7231073004819548,Epithelial cells
-0.10538665740844236,0.0,0.059612712132231835,permissive_high_CD8,-0.39752349422944705,Fibroblasts
-0.24026426445528207,-0.02975972750891558,0.048772328595990705,intermediate,-0.4960598207395467,NK cells
-0.2175002806636703,0.0,0.04933905985459411,permissive_high_CD8,-0.8493175077616387,NK cells
0.8073296278834822,-0.019893312261172153,0.04933905985459411,hypoxic_CD8_low,3.577989674196186,Epithelial cells
-0.15082160919066892,0.0,0.04933905985459411,permissive_high_CD8,-0.5806166690312572,Epithelial cells
-0.06906734604433358,0.0,-0.0033427216585187615,permissive_high_CD8,-0.2511644080320354,Fibroblasts
0.25021336164819186,0.0,0.016688697916186178,intermediate,1.035468814439241,Epithelial cells
-0.15430708343245417,0.0,0.016688697916186178,permissive_high_CD8,-0.5946623875714062,Epithelial cells
0.13651905672617226,-0.00940559460566594,-0.004783376122293201,intermediate,0.7179451039924992,Epithelial cells
-0.23946859798278194,-0.01048142321196645,0.016738797349539418,intermediate,-0.7811183665236161,Epithelial cells
-0.059357018834615805,0.0,-0.004783376122293201,intermediate,-0.2120338583681285,Fibroblasts
0.253605865570436,-0.010799851012133394,0.017080294866042792,intermediate,1.2106280535142193,Epithelial cells
0.7788526992721252,-0.010809965944483213,0.01668869791618618,intermediate,3.3274121250581397,Epithelial cells
-0.1868525559164913,0.0,-0.005178021290685162,permissive_high_CD8,-0.7258137071785797,Epithelial cells
-0.34988440088478917,0.0,-0.0058865139841550755,permissive_high_CD8,-1.3827973050068718,Epithelial cells
-0.3019717113081231,-0.013190673913067651,-0.005886513984155075,intermediate,-0.992481671865348,Epithelial cells
0.1100708495182206,0.0,-0.005178021290685162,intermediate,0.47072435089135445,Fibroblasts
-0.13107647570261516,-0.017063133147081383,-0.005178021290685162,intermediate,-0.245906119821172,Epithelial cells
0.44881568567819863,0.0,-0.004078371997786919,intermediate,1.8357938638408848,Fibroblasts
0.16721131476053752,0.0,-0.005178021290685162,intermediate,0.7009882508293064,Epithelial cells
0.04104407628377277,0.0,-0.016610794865328935,intermediate,0.19256116237524853,NK cells
0.03678476212015114,0.0,-0.008742681752975814,intermediate,0.17539703383311445,NK cells
-0.3351413159964075,-0.045833305791322033,-0.01206298756052447,intermediate,-0.6380488850482707,NK cells
-0.2912984947602912,0.0,0.017046072501295383,permissive_high_CD8,-1.146708586295581,Epithelial cells
-0.013046859019252677,0.0,0.017137722919719798,intermediate,-0.025413781674420474,Epithelial cells
-0.2775365071124341,-0.013942165413366155,0.017137722919719798,intermediate,-0.8827760922330499,Epithelial cells
0.09191094440628722,-0.011189178899232193,0.017046072501295383,intermediate,0.5648535215150858,Epithelial cells
0.0022396519480938903,-0.028658774217613314,-0.008586601689759535,intermediate,0.4647169411883742,NK cells
0.032575385876927515,0.32283260207748926,0.017080294866042796,intermediate,-4.66882193773575,T cells
-0.11021730507234014,0.0,0.012819736839359643,permissive_high_CD8,-0.41698997504296864,Fibroblasts
0.1547327312120951,0.0,-0.008586601689759535,intermediate,0.650702217956092,NK cells
-0.11842834901618192,0.0,-0.008586601689759535,permissive_high_CD8,-0.45007873259950837,Fibroblasts
-0.013873001657815343,-0.027970667310089233,-0.0018647111540059489,intermediate,0.3894972452083088,Fibroblasts
-0.023763855777112354,0.0,-0.006520545434372628,intermediate,-0.06860099512503143,Fibroblasts
-0.013198157390916204,0.0,-0.006520545434372628,intermediate,-0.026023481874896,Fibroblasts
0.5014126013560467,-0.026331129344368754,-0.011877082073093265,hypoxic_CD8_low,2.441472725406114,Fibroblasts
-0.18149629462674918,0.0,-0.011460940171832497,permissive_high_CD8,-0.7042291154460414,Fibroblasts
0.0,0.0,-0.006083055256831984,intermediate,0.02716228026301206,Fibroblasts
-0.013507295325099224,0.0,-0.005654970418747298,intermediate,-0.027269241881257088,Epithelial cells
0.5366125504175822,0.0,-0.006863294954081135,intermediate,2.1895965217556035,Fibroblasts
-0.08989642805842511,-0.01812486803000755,-0.011877082073093265,intermediate,-0.06408337711923065,Fibroblasts
-0.12661187045545463,0.0,-0.006180155132463587,permissive_high_CD8,-0.48305658032688836,NK cells
0.32287578984915494,0.0,-0.007300543817270462,intermediate,1.3282829178169677,NK cells
-0.04167710729392178,-0.01680583027210313,-0.003266938656126117,intermediate,0.11050688421876273,Endothelial cells
0.36324987928551367,0.0,-0.004404480865931542,intermediate,1.49098189568904,Fibroblasts
-0.10784829381000564,0.0,-0.003266938656126117,permissive_high_CD8,-0.4074433644238782,Endothelial cells
-0.2377830107049291,0.0,-0.003266938656126117,permissive_high_CD8,-0.9310525881618965,Fibroblasts
-0.22824380100970287,0.0,-0.006813934521797376,permissive_high_CD8,-0.8926116056211731,NK cells
-0.08589929940710106,-0.019243298271889628,-0.005177523603967005,intermediate,-0.0312521201511031,Endothelial cells
-0.1387769859957408,0.0,-0.004514326901249236,permissive_high_CD8,-0.5320794039182437,Monocytes
-0.054576303106713964,0.0,-0.005871213302921187,intermediate,-0.19276859261761206,Fibroblasts
-0.018696972643993944,0.0,-0.008723796684893197,intermediate,-0.04818253570553009,Fibroblasts
-0.14467403304624749,-0.018230685338317624,-0.002423703557888345,intermediate,-0.28324318708448726,Macrophages
0.4787170283765678,0.0,-0.0024851300938409353,intermediate,1.9562899037997734,Pericytes
-0.0509386139222417,0.0,-0.006656938107551028,intermediate,-0.17810948029105783,Fibroblasts
-0.19382512042800107,-0.013965992792415232,-0.00881805419921875,intermediate,-0.5450807539979733,Fibroblasts
-0.055422411386267724,0.0,-0.00881805419921875,intermediate,-0.19617822870289114,Fibroblasts
-0.025388621900933814,0.0,-0.0024851300938409353,intermediate,-0.07514845641313327,Fibroblasts
-0.09208551276639762,0.0,-0.0024851300938409353,permissive_high_CD8,-0.34392271541311015,Endothelial cells
-0.024966289719424575,0.0,-0.0012083245353338367,intermediate,-0.07344654770848377,Fibroblasts
-0.13172407035368033,0.0,-0.0012083245353338367,permissive_high_CD8,-0.5036576566540737,Fibroblasts
-0.03845693595916871,0.0,-0.0012083245353338367,intermediate,-0.12781097758621282,Fibroblasts
-0.03894587597215032,0.0,-0.004514326901249236,intermediate,-0.12978130165948412,Fibroblasts
-0.015263860005451494,0.0,-0.005467119615892006,intermediate,-0.034347823269698985,Fibroblasts
-0.022840859899559175,0.0,-0.0045437442146332154,intermediate,-0.0648815184023489,Fibroblasts
-0.16949504254812217,0.0,-0.0063804939851747995,permissive_high_CD8,-0.6558666266905848,Fibroblasts
0.2379047138145171,0.0,-0.00360551877864781,intermediate,0.9858675862881303,Fibroblasts
-0.13694187148986572,0.0,-0.0024851300938409353,permissive_high_CD8,-0.524684283469652,Fibroblasts
0.29977263839369317,-0.01812486803000755,-0.0024851300938409353,hypoxic_CD8_low,1.5061999334197984,Fibroblasts
-0.012585943482487077,0.0,-0.0024851300938409353,intermediate,-0.023556390269090396,Fibroblasts
-0.035645783665668535,0.0,-0.005871213302921187,intermediate,-0.11648263281905319,Fibroblasts
-0.22648804446300827,0.0,-0.005310544182575344,permissive_high_CD8,-0.8855362808391816,Fibroblasts
-0.03957553848205321,0.0,-0.005871213302921187,intermediate,-0.1323187074114342,Fibroblasts
-0.07684790369975998,0.0,-0.0032215975556779,permissive_high_CD8,-0.2825183975704994,Macrophages
0.0,0.0,-0.006520545434372627,intermediate,0.02716228026301206,Fibroblasts
0.1695754949347561,-0.04948421818042091,-0.00465583428036668,hypoxic_CD8_low,1.4504437388660252,Schwann cells
-0.122524154234124,-0.020353296025079272,-0.00465583428036668,intermediate,-0.16224489066616288,Schwann cells
0.2519881605623238,-0.013700615539241899,-0.014735082801376115,hypoxic_low_neighbor_CD8,1.2474836415180286,NK cells
-0.07066435603252855,0.0,-0.01426557516440367,permissive_high_CD8,-0.2576000180075961,Epithelial cells
0.2265019637035079,0.0,-0.012855854304695902,hypoxic_low_neighbor_CD8,0.9399169329386295,NK cells
0.21852411658888363,0.0,-0.012015921545093037,intermediate,0.9077679089163038,Schwann cells
-0.36319404816531753,-0.012204641272664553,-0.008947960149582261,intermediate,-1.2539386080548902,NK cells
0.14661228584955976,0.0,-0.008742681752975814,intermediate,0.617978553378267,NK cells
-0.13794792512334494,-0.019152083377606474,-0.009343394319377286,intermediate,-0.24236091113672475,Pericytes
-0.1086948502015876,-0.021635335466639715,-0.013027538204321815,intermediate,-0.08734564381719823,Pericytes
-0.11948091438017695,-0.016059782823570345,-0.011679529081954649,intermediate,-0.2141813898518999,Fibroblasts
-0.0628504580762013,0.0,-0.009560917392272538,intermediate,-0.22611167416036018,Fibroblasts
-0.044422090292934424,-0.06772445184499146,-0.009560917392272538,intermediate,0.8608219014343612,Schwann cells
-0.07848825416411741,-0.04165406169196372,-0.009560917392272538,intermediate,0.3337168060966753,Schwann cells
-0.013681816767497235,0.0,-0.009560917392272538,intermediate,-0.027972526108624593,Epithelial cells
-0.15647114520092087,0.0,-0.012857568730548647,permissive_high_CD8,-0.6033830953990479,MAST cells
0.05980871575903221,0.0,-0.008234871415152402,intermediate,0.26817866125593637,Fibroblasts
0.2688890867922679,-0.01856623004805221,-0.010696692794923357,hypoxic_CD8_low,1.3883454053392543,Endothelial cells
0.3920035793120602,0.0,-0.012857568730548646,hypoxic_low_neighbor_CD8,1.606853180210106,Fibroblasts
-0.04004030342561653,0.0,-0.010696692794923357,intermediate,-0.13419161110596128,Fibroblasts
-0.1969253202997537,-0.015705922354570766,-0.01780617291788984,intermediate,-0.5315570545610515,MAST cells
-0.2029261852363985,-0.08091363636588278,-0.016092070619426115,intermediate,0.419299603830419,Endothelial cells
-0.1638032537866309,-0.016292996734742694,-0.016092070619426115,intermediate,-0.38930376944274936,Endothelial cells
0.3465456972160493,0.0,-0.016092070619426115,hypoxic_low_neighbor_CD8,1.4236676011295348,MAST cells
-0.12935120609390688,0.0,-0.016955279274347177,permissive_high_CD8,-0.4940955192762671,Pericytes
-0.024770746269379276,0.0,-0.017828892696241615,intermediate,-0.0726585492694825,Pericytes
-0.1834171096005114,0.0,-0.007836883946468955,permissive_high_CD8,-0.7119695905199153,Fibroblasts
0.29783947257153004,0.0,-0.007836883946468955,intermediate,1.2273918937067816,Pericytes
-0.3558516598130804,-0.03695489520486067,-0.017173937168198556,intermediate,-0.8542643862972477,Endothelial cells
-0.1626534672626051,0.0,-0.016833294097550324,permissive_high_CD8,-0.6282965360327373,Pericytes
-0.10787570907408933,-0.01812486803000755,-0.015534565998957707,intermediate,-0.13653604874503414,MAST cells
0.28432345581820695,0.0,-0.01683329409755032,hypoxic_low_neighbor_CD8,1.1729252260650558,Macrophages
-0.14989586336066923,-0.01948092147888925,-0.017828892696241615,intermediate,-0.2855915012722947,Pericytes
-0.09456102149074815,0.0,-0.0150282575373064,permissive_high_CD8,-0.3538984881125811,Fibroblasts
-0.30383775703399535,0.0,-0.010013774017251615,permissive_high_CD8,-1.1972391415027104,Endothelial cells
0.0,0.0,-0.007685494326386858,intermediate,0.02716228026301206,Macrophages
-0.1198677997512511,0.0,-0.008234871415152402,permissive_high_CD8,-0.45587941235631435,MAST cells
-0.14364821652331985,-0.017036631039762305,-0.011410497557296444,intermediate,-0.2969638377527182,Endothelial cells
-0.130502539944936,0.0,-0.008738467181742432,permissive_high_CD8,-0.4987351493798073,Fibroblasts
-0.09436841279148575,-0.011849403381347656,-0.010013774017251615,intermediate,-0.17594038287211022,Endothelial cells
-0.035645783665668535,0.0,-0.010642107810407838,intermediate,-0.11648263281905319,Fibroblasts
0.0,0.0,-0.015297696722342095,intermediate,0.02716228026301206,Epithelial cells
-0.29680903178142254,-0.08306532639723557,-0.021051754095615487,intermediate,0.07314555834532732,Endothelial cells
-0.14767411626486415,0.0,-0.022889224269933863,permissive_high_CD8,-0.5679329431804186,Endothelial cells
-0.45307211512063883,-0.07698104642180778,-0.019073849393610367,intermediate,-0.6475384834811213,Endothelial cells
-0.2620441482727786,-0.015576563383403578,-0.020655190445955304,intermediate,-0.7959063370716212,Pericytes
-0.24355887600695753,-0.03276635760720442,-0.017707994463633588,intermediate,-0.4643788205354221,Endothelial cells
0.22671725663794093,0.0,-0.017707994463633588,hypoxic_low_neighbor_CD8,0.9407845175916667,Pericytes
-0.2053513584366764,0.0,-0.01957332389718286,permissive_high_CD8,-0.8003599397725221,Pericytes
-0.23253471832198788,-0.02966857053007674,-0.020048614198218795,intermediate,-0.46627445018056946,Monocytes
-0.0846508439764919,0.0,-0.018867330255135192,permissive_high_CD8,-0.31396258430373225,Pericytes
0.105912088390335,-0.016227998231586657,-0.01782889269624162,hypoxic_low_neighbor_CD8,0.6966196803793546,Endothelial cells
-0.15603481430605234,0.0,-0.017072567959063444,permissive_high_CD8,-0.6016247748622834,Fibroblasts
-0.011670960958702976,0.0,-0.011637793153564616,intermediate,-0.0198692056546822,Fibroblasts
0.0,0.0,-0.011963991726297437,intermediate,0.02716228026301206,Fibroblasts
-0.05344787275934794,0.0,-0.014359994777622814,intermediate,-0.18822125875375667,Macrophages
-0.024770746269379276,0.0,-0.007313939916942766,intermediate,-0.0726585492694825,Fibroblasts
-0.031947622337494506,0.0,-0.012786152102203987,intermediate,-0.10157983063825421,Fibroblasts
-0.2520930738334196,0.0,-0.005825044269021223,permissive_high_CD8,-0.9887190935071181,MAST cells
-0.013681816767497235,0.0,-0.006800197621910517,intermediate,-0.027972526108624593,Macrophages
0.05001691139366732,-0.027979941503239063,-0.015043237495679766,intermediate,0.647098656995909,Macrophages
0.1305438600869543,-0.05445974558471185,-0.013379350075354944,hypoxic_low_neighbor_CD8,1.367552706323607,Pericytes
-0.10341342481743379,0.0,-0.011514020641805673,permissive_high_CD8,-0.3895717873267561,Fibroblasts
-0.4071780898006087,-0.013954060280371291,-0.011514020641805673,intermediate,-1.4050261858339685,Pericytes
0.19081310526912948,0.0,-0.011514020641805673,intermediate,0.796098437716657,Pericytes
-0.07386502491901198,0.0,-0.02128035845222422,permissive_high_CD8,-0.270498031649703,Pericytes
-0.07824532143083446,-0.031326778504529945,-0.013877340592192571,intermediate,0.18027382125864713,Endothelial cells
0.1583099987612192,-0.025903844640322544,-0.013177908062130494,hypoxic_low_neighbor_CD8,1.0524532332294114,Endothelial cells
0.10890768187113076,0.0,-0.01493507062214428,hypoxic_low_neighbor_CD8,0.46603703311113087,Pericytes
0.12129664612582411,0.0,-0.015043237495679766,hypoxic_low_neighbor_CD8,0.5159619193258288,Pericytes
-0.013059817164777273,0.0,-0.011963991726297437,intermediate,-0.025466000239876732,Fibroblasts
-0.012585943482487077,-0.025375707912058964,-0.009787097665784169,intermediate,0.35588186835311975,Fibroblasts
-0.027746003315630687,0.0,-0.015277475351907623,intermediate,-0.08464820122422992,Epithelial cells
-0.07732131682246564,0.0,-0.014149289253430489,permissive_high_CD8,-0.284426151584292,Macrophages
0.5055673668183477,0.0,-0.008940678054665425,intermediate,2.064491046685803,Fibroblasts
-0.055476437610794745,0.0,-0.007629053602334459,intermediate,-0.19639594287630152,Pericytes
-0.051235547506186856,0.0,-0.0050537374499033975,intermediate,-0.1793060593663561,Fibroblasts
-0.02736363353499447,0.0,-0.00632459830980391,intermediate,-0.08310733248026124,Fibroblasts
0.33319338545741806,-0.04134046886613977,-0.009787122633775718,hypoxic_CD8_low,1.9880170008427602,DCs
0.09567227732225592,-0.03069441135113056,-0.012384628766944052,hypoxic_low_neighbor_CD8,0.8716690185234064,Schwann cells
0.35646390436164826,-0.037865600122613946,-0.012384628766944052,hypoxic_low_neighbor_CD8,2.029833165274769,Schwann cells
-0.2778299477205698,0.0,-0.012384628766944052,permissive_high_CD8,-1.09243321148524,Schwann cells
-0.14805580047239741,-0.017395921081666522,-0.012384628766944052,intermediate,-0.3093530645133678,Fibroblasts
-0.10587336069130036,-0.019152083377606474,-0.012505194757953187,intermediate,-0.11310725064212851,Schwann cells
-0.16442475835961032,0.0,-0.011123052396272358,permissive_high_CD8,-0.6354344617425149,Schwann cells
-0.25901616720789405,-0.04496278646986494,-0.011985631252911732,intermediate,-0.34429746962671537,Schwann cells
-0.024867322071489083,0.0,-0.012409230732885612,intermediate,-0.07304772917446115,Fibroblasts
0.05900273050170346,-0.01413710300738995,-0.014079133637360072,intermediate,0.4763201942503653,Monocytes
-0.012483144859712287,0.0,-0.014079133637360072,intermediate,-0.023142133722735863,Macrophages
-0.09445689097944512,0.0,-0.008203758916713287,permissive_high_CD8,-0.3534788643392449,Fibroblasts
0.37779794543622486,0.0,-0.011985631252911732,intermediate,1.5496075025022167,Schwann cells
-0.035216507662731,0.0,-0.010947193694018162,intermediate,-0.11475274199357616,Macrophages
-0.10064986048932056,0.0,-0.012384628766944053,permissive_high_CD8,-0.3784352119204801,MAST cells
-0.20673892775692615,0.0,-0.011466757199059615,permissive_high_CD8,-0.805951548482042,MAST cells
-0.05279262956366482,0.0,-0.011466757199059614,intermediate,-0.18558076828862016,Fibroblasts
-0.14604469283996338,-0.021930555583011765,-0.012384628766944053,intermediate,-0.2334431797736664,Endothelial cells
-0.0900562010615705,0.0,-0.006563924230866425,permissive_high_CD8,-0.33574502163057557,Endothelial cells
-0.023134036236498734,0.0,-0.006563924230866425,intermediate,-0.06606295657277582,Endothelial cells
0.03912029041343901,-0.028502612944074007,-0.006563924230866425,intermediate,0.611003005412527,Pericytes
-0.046421273166396056,0.0,-0.011345466685842083,intermediate,-0.1599055595603015,Epithelial cells
-0.03879126966238979,0.0,-0.011466757199059614,intermediate,-0.12915827117330408,NK cells
-0.046531342837705214,-0.012272412960345928,-0.006732353732975227,intermediate,0.02315800019543378,Endothelial cells
-0.1905401451999404,0.0,-0.006732353732975227,permissive_high_CD8,-0.7406739062717357,Schwann cells
0.19235493428257094,-0.0349674109022627,-0.006732353732975227,hypoxic_CD8_low,1.3251728963390434,Pericytes
0.30450805794283087,-0.013329459588054704,-0.006732353732975227,intermediate,1.4535778113151554,Endothelial cells
-0.04004030342561653,0.0,-0.011330095476467118,intermediate,-0.13419161110596128,Epithelial cells
-0.2622854393648814,-0.013768073518266562,-0.009387109668953056,intermediate,-0.8239207026244818,Schwann cells
-0.07937106549979214,0.0,-0.007646683835790225,permissive_high_CD8,-0.29268620201146844,Fibroblasts
-0.09092818110822196,0.0,-0.010402715093532876,permissive_high_CD8,-0.3392589154247294,Fibroblasts
-0.024966289719424575,0.0,-0.012148256340490179,intermediate,-0.07344654770848377,Macrophages
0.0583857261990926,0.0,-0.005508600973729019,intermediate,0.26244431652749994,NK cells
-0.08706950471104391,-0.01970950987657555,-0.008583013441881188,intermediate,-0.02899662244696677,Epithelial cells
-0.05637623124333271,0.0,-0.003456511478192411,intermediate,-0.20002191949530335,Macrophages
0.2994251624647393,0.0,-0.0042184157249255064,intermediate,1.2337818861115366,Epithelial cells
-0.2506394290541071,0.0,-0.007972779576434138,permissive_high_CD8,-0.9828612147763537,NK cells
-0.32815389365077496,0.0,-0.008154557301447941,permissive_high_CD8,-1.295227990999461,NK cells
0.06354131540620184,-0.013813722471476567,0.013267412162788768,intermediate,0.4897742751383467,Epithelial cells
0.05025600860396545,-0.01413710300738995,0.015434719672855859,intermediate,0.4410727686771784,Epithelial cells
-0.32259761090259476,-0.013289280748560362,0.013267412162788766,intermediate,-1.074125202704933,Epithelial cells
-0.10707700324345787,0.0,0.014578314988683555,permissive_high_CD8,-0.4043352277805119,Epithelial cells
-0.030435169796388273,-0.013200419151831252,-0.011047192044586306,intermediate,0.10189845255459884,Epithelial cells
0.12087653128497572,0.0,-0.009405777232367017,intermediate,0.514268946031591,Epithelial cells
-0.49041484541682356,-0.05256926965134347,0.045551665230729725,intermediate,-1.1630465047794591,Epithelial cells
0.6801744110612984,-0.04338952114707545,0.019243967223871703,hypoxic_CD8_low,3.4169157014505336,Epithelial cells
-0.14320329106955165,-0.016494739393473637,0.018750952995061194,intermediate,-0.3032736883563605,Epithelial cells
-0.45329155979386293,-0.0418154565911544,-0.012308351424058922,intermediate,-1.1742473477707376,Epithelial cells
0.07414700324276846,-0.04478337600646232,0.016772030139544997,hypoxic_CD8_low,0.9955964283897434,Epithelial cells
0.16740166039830706,0.0,-0.012308351424058924,hypoxic_low_neighbor_CD8,0.7017553031923406,Epithelial cells
0.2857565640445694,0.0,0.01060884579097801,intermediate,1.1787003468631796,Fibroblasts
0.19850723571087941,0.0,0.1796213699148627,intermediate,0.8271041439991567,Epithelial cells
0.45466712200976755,1.7373155258391497,0.18128370224115714,intermediate,-24.11838325054239,T cells
-0.16524648091879235,0.0,0.18093227274075746,permissive_high_CD8,-0.6387458285705911,Epithelial cells
-0.23858881571206703,0.0,0.18248108281673098,permissive_high_CD8,-0.9342998106468071,Epithelial cells
0.5430608657469232,0.7655749400349495,0.18128370224115714,intermediate,-9.231918368736114,Epithelial cells
-0.07102964010583349,-0.02005965700033705,0.0440868157034854,intermediate,0.04087629934244974,Pericytes
-0.10035360098842636,0.0,0.0440868157034854,permissive_high_CD8,-0.3772413492562494,Endothelial cells
0.26730992899362344,0.343757958225554,0.04570092093839086,intermediate,-4.0357847174379,T cells
0.12564555037931263,-0.019663542388421804,0.1563578798488835,hypoxic_CD8_low,0.8275123827778872,Epithelial cells
-0.2558729950203953,0.0,0.18021755059774644,permissive_high_CD8,-1.0039513704982148,Epithelial cells
-0.22275586109084777,0.0,0.017666537330182423,permissive_high_CD8,-0.8704963770702355,DCs
-0.12969952319041791,-0.017063133147081383,0.0444552449955542,intermediate,-0.24035729458596738,Fibroblasts
0.13988781956783738,0.0,0.04606935023045965,intermediate,0.5908803870531538,DCs
-0.057404295986435976,0.0,0.01766653733018242,intermediate,-0.20416480135900147,Fibroblasts
-0.15395640177899098,0.41614606645372176,0.04518339818055562,permissive_high_CD8,-6.815804240486945,DCs
0.21648993693202373,-0.017226008751131745,0.05448414893642969,hypoxic_CD8_low,1.1571479154258342,Endothelial cells
0.3438529834211112,0.0,0.043281653124382695,intermediate,1.4128165382757452,Fibroblasts
-0.012036066936201838,0.0,0.04701182376428565,intermediate,-0.021340504950426914,Fibroblasts
-0.14921183758471385,0.4856698777940538,0.01891651973675745,permissive_high_CD8,-7.836261326833075,T cells
-0.14741036595110912,-0.01760387806757259,0.07740380609923886,intermediate,-0.30364255863755274,Pericytes
0.22291129372684831,0.0,-0.01069610778458527,intermediate,0.9254472980011206,Endothelial cells
-0.024235677527615344,0.0,0.019866468610032814,intermediate,-0.07050233624792293,Fibroblasts
-0.02639631478183241,0.0,0.025664635093552827,intermediate,-0.07920924401280405,Fibroblasts
-0.024072133872403676,0.0,-0.009505397008980818,intermediate,-0.06984329016386588,Epithelial cells
-0.0662754166078376,0.0,-0.010696107784585272,intermediate,-0.23991352728276505,Endothelial cells
-0.03328586103446991,0.0,-0.006536834989642968,intermediate,-0.10697264744691458,Fibroblasts
-0.1184866878402281,0.0,-0.006728201903473189,permissive_high_CD8,-0.45031382563009015,Endothelial cells
0.3297145438481526,-0.029790142769755622,-0.008356996425572033,hypoxic_CD8_low,1.801288124403579,Endothelial cells
-0.013346767808538842,0.0,-0.010696107784585272,intermediate,-0.02662235019331239,Fibroblasts
-0.03635351724892735,-0.024431917831482675,-0.009522515913413765,intermediate,0.24599129205738285,Fibroblasts
-0.19060320260534325,-0.03317571168969035,-0.009522515913413765,intermediate,-0.24485774430934865,Pericytes
-0.013059817164777273,0.0,-0.009522515913413765,intermediate,-0.025466000239876732,Fibroblasts
-0.11320925548852209,-0.012087166550671042,-0.009752368219146521,intermediate,-0.2483097358833588,Epithelial cells
-0.05201682436418342,0.0,-0.007905969928633346,intermediate,-0.18245443863646973,Epithelial cells
-0.1912948271356912,0.0,-0.003909220161386508,permissive_high_CD8,-0.7437151136718114,Epithelial cells
-0.1028333610320187,0.0,-0.005532869797164773,permissive_high_CD8,-0.3872342538664312,Fibroblasts
-0.2634568425067457,0.0,-0.006542664243463884,permissive_high_CD8,-1.034512659968578,Epithelial cells
-0.18303884176844096,-0.015146916694486673,-0.0071342176753982365,intermediate,-0.4839562129475692,Epithelial cells
-0.38112989678440323,0.0,-0.010121456009817188,permissive_high_CD8,-1.5087099959664159,Epithelial cells
-0.24103949060401764,0.0,-0.008111489189137653,permissive_high_CD8,-0.9441755082930814,Epithelial cells
-0.15516638085545306,0.0,-0.008111489189137653,permissive_high_CD8,-0.5981251730945423,Fibroblasts
-0.13308571811660705,0.0,-0.006178925201477792,permissive_high_CD8,-0.5091448070107196,Epithelial cells
-0.16384201356206074,-0.017888443672705277,-0.00397765002591729,intermediate,-0.36560354063123646,Epithelial cells
-0.036108200808605516,0.0,-0.003103409058008439,intermediate,-0.11834607537730488,Fibroblasts
-0.19481904056656313,0.0,-0.003103409058008439,permissive_high_CD8,-0.7579169428897734,Epithelial cells
-0.08962137919353194,0.0,-0.003103409058008439,permissive_high_CD8,-0.3339927821504057,Fibroblasts
-0.05650271421455472,-0.01351577550293463,-0.003103409058008439,intermediate,0.001567267879495654,Epithelial cells
-0.013059817164777273,0.0,-0.0029284026780430927,intermediate,-0.025466000239876732,Fibroblasts
-0.012930422901628486,0.0,-0.005158292201527377,intermediate,-0.024944568929580507,Fibroblasts
0.2020615377579348,0.0,0.028820817776930387,intermediate,0.8414272239293199,DCs
-0.19913311081239018,0.0,0.027179402964711098,permissive_high_CD8,-0.7753017267762502,DCs
-0.011362422422232878,0.0,0.028397175954331663,intermediate,-0.01862586109338979,Fibroblasts
0.30183702731228257,0.0,0.028397175954331663,intermediate,1.2435011875481525,DCs
0.4172533075493502,0.0,0.028397175954331663,intermediate,1.708604205016009,DCs
-0.07064176659028693,0.0,0.03096336193001776,permissive_high_CD8,-0.25750898736852235,Monocytes
-0.038082934766409386,0.0,-0.0019973908680492405,intermediate,-0.1263038324682828,Fibroblasts
-0.07982041079356489,0.0,-0.009053119087991444,permissive_high_CD8,-0.2944969678028231,Fibroblasts
-0.026693535617077685,0.0,0.02668383846148538,intermediate,-0.08040698064963683,Fibroblasts
0.0,0.0,0.030252438975803354,intermediate,0.02716228026301206,Fibroblasts
0.481208852017261,0.0,-0.0018426427313512476,intermediate,1.9663314221358659,NK cells
-0.07941775341110537,0.0,-0.003022572096542791,permissive_high_CD8,-0.29287434434621057,Fibroblasts
-0.10424577184470303,0.0,0.054192809969933066,permissive_high_CD8,-0.39292596849745537,Fibroblasts
0.12080777122313718,0.0,-0.0034117682581810177,intermediate,0.5139918576331719,Epithelial cells
-0.09687353233735724,0.0,-0.003022572096542791,permissive_high_CD8,-0.36321741409491065,Fibroblasts
-0.3804430674357587,0.0,-0.003022572096542791,permissive_high_CD8,-1.505942220034945,Epithelial cells
-0.26075251322673504,-0.013200419151831252,0.05104882271326648,intermediate,-0.8262313674725699,Epithelial cells
0.4593922555686,0.0,0.053058789533946014,intermediate,1.8784151869365626,Epithelial cells
-0.17213881159403238,-0.01826659484430846,0.053058789533946014,intermediate,-0.3933834444886956,DCs
-0.23588166753929782,0.8443591635451357,0.047340966057502126,permissive_high_CD8,-13.548936704106016,NK cells
-0.07131405719312799,0.0,0.04917049949933142,permissive_high_CD8,-0.26021817525219354,Epithelial cells
-0.2824521658410988,0.0,0.049170499499331416,permissive_high_CD8,-1.1110597656493224,Epithelial cells
-0.14867689140350465,-0.015631475911931952,0.04513969088194162,intermediate,-0.338239350323555,Epithelial cells
-0.12792935045847453,-0.017010306539805793,0.04513969088194162,intermediate,-0.2340137821196099,Epithelial cells
0.37090435420652945,-0.014518026398261066,0.04513969088194162,intermediate,1.7389131574052068,Epithelial cells
-0.39561848468091115,-0.013113614518632773,0.04622769736871849,intermediate,-1.3710104699724097,Epithelial cells
-0.21369609296561246,-0.02817484820902589,0.0472374918150176,intermediate,-0.41269415706270846,Epithelial cells
-0.27595651724252357,-0.014329387108806657,0.04622769736871849,intermediate,-0.8706190154428721,Epithelial cells
0.06378889634427296,-0.03301912763340753,0.04622769736871849,intermediate,0.7779468384423505,Epithelial cells
-0.16995806100378075,0.0,-0.004150471642271549,permissive_high_CD8,-0.6577324924109821,DCs
-0.013681816767497235,0.0,-0.007961024671752765,intermediate,-0.027972526108624593,Fibroblasts
-0.10740250277231975,0.0,-0.003103409058008439,permissive_high_CD8,-0.40564692152724385,MAST cells
0.5681339602872549,0.0,0.05645201251610124,intermediate,2.3166210872251582,NK cells
-0.09921382612971417,0.0,0.056452012516101234,permissive_high_CD8,-0.3726482994288579,Fibroblasts
0.10713479126313602,-0.022079444607259774,0.02242113771351368,hypoxic_CD8_low,0.7890425058929043,NK cells
0.16116547488783256,-0.01234145685728745,0.02457077901819904,intermediate,0.8611643220132448,NK cells
-0.12056108650912242,0.0,0.05737678367956805,permissive_high_CD8,-0.4586732102710811,DCs
0.5841441365130934,-0.024621222183289316,0.02407402066316432,hypoxic_CD8_low,2.7492952594237776,NK cells
-0.14967903841930222,0.478218502468533,0.028397175954331663,permissive_high_CD8,-7.726725012049299,DCs
-0.2484004775204333,-0.01387156745200215,0.027517148010876246,intermediate,-0.7664197392620264,NK cells
-0.27467626811988866,0.0,0.028397175954331663,permissive_high_CD8,-1.079724554652852,NK cells
0.18262777175290515,0.0,0.026102449190028517,intermediate,0.7631132877052634,Epithelial cells
-0.012959279449110517,-0.013768073518266562,0.027574412163845832,intermediate,0.18081059760724524,NK cells
-0.08282218687984359,0.0,0.02932194711779847,permissive_high_CD8,-0.3065934858384363,Schwann cells
-0.032044623271528495,0.0,0.02932194711779847,intermediate,-0.10197072373430392,Fibroblasts
-0.030284724561086142,-0.020353296025079272,-0.009522515913413765,intermediate,0.2094603573484565,Endothelial cells
-0.08696379910511186,0.0,-0.006951230225453653,permissive_high_CD8,-0.32328330064790184,Fibroblasts
-0.189400699722719,0.0,-0.008042159576004173,permissive_high_CD8,-0.7360821837815703,Endothelial cells
-0.026119634329554546,-0.026331129344368754,-0.009147927185140962,intermediate,0.3156302175296767,Fibroblasts
0.2515562940314113,-0.03950166123116065,-0.011093395570350884,hypoxic_CD8_low,1.6315415670517048,Epithelial cells
-0.16753464051518574,-0.018765688907762288,-0.011093395570350884,intermediate,-0.3673667550020657,Fibroblasts
0.0,0.0,-0.0038312259473298727,intermediate,0.02716228026301206,Fibroblasts
-0.050269976198433874,0.0,-0.011152469194852388,intermediate,-0.17541501273156718,Epithelial cells
-0.054988573832684254,-0.022173530177066202,-0.007132288833700534,intermediate,0.1371267324722728,Schwann cells
-0.012483144859712287,0.0,-0.007392518562183046,intermediate,-0.023142133722735863,Fibroblasts
-0.25855736177130395,-0.014174792448036102,-0.006141985379732573,intermediate,-0.8028157514712568,Endothelial cells
-0.33651996903630144,-0.013390545902947183,-0.007940148599395546,intermediate,-1.1287151404395142,Endothelial cells
-0.21202631264805316,-0.016059782823570345,-0.007940148599395546,intermediate,-0.5871196261106164,Pericytes
-0.09614233606790443,0.0,-0.007940148599395546,permissive_high_CD8,-0.36027084892589634,Pericytes
-0.10508156588757374,0.0,-0.007940148599395546,permissive_high_CD8,-0.3962940404065688,Pericytes
-0.0272511018806672,0.0,-0.008185548756608435,intermediate,-0.08265385389057911,Schwann cells
-0.12150437381851625,0.0,-0.007652299574673094,permissive_high_CD8,-0.46247445714056135,Fibroblasts
0.21283771331051746,-0.017855794806229442,-0.00887030519132833,hypoxic_CD8_low,1.1518473066056594,Pericytes
0.0,0.0,-0.0012510459271841525,intermediate,0.02716228026301206,Fibroblasts
0.0,0.0,-0.008185548756608435,intermediate,0.02716228026301206,Fibroblasts
-0.036108200808605516,0.0,-0.008185548756608435,intermediate,-0.11834607537730488,Fibroblasts
-0.02586084580325697,-0.02607024536441695,-0.007652299574673094,intermediate,0.3127721303364394,Fibroblasts
-0.02701459065019845,-0.027233332274896414,-0.00887030519132833,intermediate,0.32551420750069227,Schwann cells
-0.06750741828397575,0.0,-0.007132288833700532,intermediate,-0.24487823153350277,Endothelial cells
-0.07581510888524802,0.0,-0.00797760213113185,permissive_high_CD8,-0.2783564545268663,Endothelial cells
-0.04847135505523069,0.0,-0.0017380163576277967,intermediate,-0.1681669527588579,Schwann cells
-0.02639631478183241,0.0,-0.011671452065389328,intermediate,-0.07920924401280405,Macrophages
-0.16339240016707454,-0.05201539723014059,-0.017397555777257594,intermediate,0.1465023188170389,Pericytes
-0.049165873403051286,-0.04232283835468987,-0.016181761822719805,intermediate,0.46187984633053303,Schwann cells
0.8567407006719504,-0.029227847512434367,-0.016181761822719805,hypoxic_low_neighbor_CD8,3.916683345501021,Schwann cells
0.3422741664940095,-0.05790725507234272,-0.016455082243431597,hypoxic_low_neighbor_CD8,2.272330698099671,Schwann cells
-0.021545710812610794,0.0,-0.014079133637360072,intermediate,-0.05966234354094171,Fibroblasts
-0.044381149322632325,0.0,-0.016455082243431597,intermediate,-0.15168429516160803,Fibroblasts
-0.10005210202381792,0.0,-0.018487850760641366,permissive_high_CD8,-0.37602637266962935,Schwann cells
-0.009170528396545141,-0.031539422780396,-0.018487850760641366,intermediate,0.4618101497932988,Schwann cells
-0.11091878040727363,0.0,-0.016794160953578354,permissive_high_CD8,-0.4198167711785459,Fibroblasts
-0.17747123748901858,-0.03381347270147038,-0.01744033154527507,intermediate,-0.18240240069400376,Schwann cells
-0.05686132974892735,0.0,-0.015666328203662046,intermediate,-0.20197676311231982,Schwann cells
-0.17479361108986727,0.0,-0.016455082243431597,permissive_high_CD8,-0.6772187289413593,Endothelial cells
-0.11508803003763099,0.0,-0.016455082243431597,permissive_high_CD8,-0.43661795884178484,Endothelial cells
0.08521086049367144,0.0,-0.016455082243431597,hypoxic_low_neighbor_CD8,0.37054389207058785,Pericytes
0.057553499099241234,-0.015576563383403578,-0.01707665273535107,intermediate,0.49200408477729374,Schwann cells
0.2397520724070599,0.0,-0.014079133637360072,hypoxic_low_neighbor_CD8,0.9933120477971302,Endothelial cells
-0.023763855777112354,0.0,-0.008203758916713287,intermediate,-0.06860099512503143,Macrophages
-0.043618803522194244,0.0,-0.01590707279570833,intermediate,-0.14861220401979158,MAST cells
-0.06515865249327388,0.0,-0.01664349630615811,intermediate,-0.2354132058513645,Schwann cells
-0.12113889058430989,0.0,-0.01569814875058317,permissive_high_CD8,-0.461001637580668,Schwann cells
-0.3266997433091742,-0.024261557621511852,-0.01378305386274289,intermediate,-0.9265894991952588,MAST cells
0.036631968605470466,-0.03002668295794653,-0.01391204558564262,intermediate,0.6237647352433691,Schwann cells
0.4881404585627667,-0.025711534476955893,-0.010013774017251616,hypoxic_CD8_low,2.378724130611241,DCs
-0.25658222183166257,0.0,-0.0067990878332964315,permissive_high_CD8,-1.0068094034318007,Monocytes
-0.14734980571700865,-0.016564369201660156,-0.007852898081626326,intermediate,-0.31894209726236133,Fibroblasts
0.6525551602543598,-0.03241313903437935,-0.008769951304282576,hypoxic_CD8_low,3.1414881976149185,Schwann cells
-0.051235547506186856,0.0,-0.008656293081368512,intermediate,-0.1793060593663561,Macrophages
-0.013059817164777273,0.0,-0.008899959571931043,intermediate,-0.025466000239876732,Macrophages
0.4357429939101499,-0.019947994093180668,-0.008738467181742432,hypoxic_CD8_low,2.0813923610029286,Schwann cells
-0.1753040758002714,-0.016830813064266315,-0.009007395874311729,intermediate,-0.4276077637385198,Monocytes
0.5206168669773393,0.0,-0.010851637651080544,intermediate,2.125137325711195,MAST cells
0.3625639270108387,0.0,-0.011713480209371178,intermediate,1.4882176541787873,Macrophages
-0.35935156029391,-0.0235381203624401,-0.014129288605189357,intermediate,-1.068986787772733,MAST cells
-0.19257969071108652,-0.013094595086719342,-0.014078769091813348,intermediate,-0.5530917860387077,MAST cells
-0.1929202558525116,-0.018765688907762288,-0.017006414364545773,intermediate,-0.46966537586748314,Schwann cells
1.1745453838363709,-0.043815554877524435,-0.015004635500682671,hypoxic_low_neighbor_CD8,5.415495788941177,MAST cells
-0.06104140300827332,-0.012927638374359502,-0.015696206266580807,intermediate,-0.025516986404701986,Pericytes
-0.15333508104684362,0.0,-0.014126998242418132,permissive_high_CD8,-0.5907454250631289,Endothelial cells
0.4820224396196235,0.0,-0.017706055583258874,hypoxic_low_neighbor_CD8,1.9696100068212845,Fibroblasts
-0.2506313247374263,0.0,-0.014816481607002125,permissive_high_CD8,-0.9828285561069267,Fibroblasts
-0.05452350631775148,0.0,-0.01025844180149588,intermediate,-0.1925558328075694,Monocytes
-0.060804874303350465,-0.037969651009872374,-0.012328015454867591,intermediate,0.3498847488600646,Endothelial cells
-0.011145925904852319,0.0,-0.013179478793330843,intermediate,-0.017753426257523013,Fibroblasts
0.3671348286441052,-0.030491527758146588,-0.013680078400934917,hypoxic_low_neighbor_CD8,1.9625715787195146,Schwann cells
-0.025388621900933814,0.0,-0.015491808377779448,intermediate,-0.07514845641313327,MAST cells
-0.03959447408775728,-0.026610050124195424,-0.013680078400934917,intermediate,0.2655001351450287,MAST cells
-0.0917033076765068,0.0,-0.009986159354247221,permissive_high_CD8,-0.3423825103377546,MAST cells
0.5841970386275326,-0.019129602532637745,-0.017844061458963452,hypoxic_low_neighbor_CD8,2.6673932725621574,Schwann cells
-0.0658050600783413,-0.024590567538612766,-0.015380401778639408,intermediate,0.12968010940597802,Schwann cells
-0.335896840535972,-0.031043604800575657,-0.017706055583258874,intermediate,-0.8622411465386408,Schwann cells
-0.17346963537744728,0.0,-0.01909105800263151,permissive_high_CD8,-0.6718833889214257,Schwann cells
-0.05978755874327388,0.0,-0.013050203027351987,intermediate,-0.21376884246435734,Schwann cells
0.0,0.0,-0.009956544227445656,intermediate,0.02716228026301206,Fibroblasts
-0.012483144859712287,0.0,-0.011829101057992128,intermediate,-0.023142133722735863,Fibroblasts
-0.012930422901628486,0.0,-0.01684650338773946,intermediate,-0.024944568929580507,Fibroblasts
-0.1861312437248996,0.0,-0.014129288605189357,permissive_high_CD8,-0.7229069727373331,Schwann cells
-0.036108200808605516,0.0,-0.018054161638061686,intermediate,-0.11834607537730488,Schwann cells
0.4494790753207532,-0.04391467909098637,-0.014129288605189357,hypoxic_low_neighbor_CD8,2.4951152423829486,Schwann cells
-0.2288575076673883,-0.02483944757747264,-0.015004644252349814,intermediate,-0.5236650554872522,MAST cells
0.0,0.0,-0.016201244899940234,intermediate,0.02716228026301206,Fibroblasts
-0.035012884791117596,0.0,-0.01346486576816492,intermediate,-0.11393218520714762,Macrophages
-0.09408570867944434,0.0,-0.022204803358688043,permissive_high_CD8,-0.35198307875850693,MAST cells
-0.027746003315630687,0.0,-0.002025949295394012,intermediate,-0.08464820122422992,Fibroblasts
0.0,0.0,-0.0028600705619122174,intermediate,0.02716228026301206,Fibroblasts
-0.012483144859712287,0.0,-0.005270801446376703,intermediate,-0.023142133722735863,Fibroblasts
-0.14942492442916197,0.0,-0.005270801446376703,permissive_high_CD8,-0.5749883270357089,MAST cells
-0.03635351724892735,0.0,-0.0017380163576277967,intermediate,-0.11933464836192889,Fibroblasts
0.0,0.0,0.0,intermediate,0.02716228026301206,Macrophages
-0.013059817164777273,0.0,-0.0010950886447098252,intermediate,-0.025466000239876732,Epithelial cells
-0.17383996741359972,-0.016426329670647378,-0.002934102072567753,intermediate,-0.42775588413889254,Epithelial cells
-0.12865086444410453,0.0,-0.0010950886447098252,permissive_high_CD8,-0.4912732916502127,Epithelial cells
-0.10710116466843939,0.0,-0.0010950886447098252,permissive_high_CD8,-0.4044325931750831,Epithelial cells
-0.16192487540494008,-0.017036631039762305,-0.00399228796141672,intermediate,-0.37061487881566,NK cells
-0.061460801396503985,-0.02758520141786892,-0.005087376606126546,intermediate,0.19196475178731318,Epithelial cells
-0.12930611912983966,0.0,-0.005087376606126546,permissive_high_CD8,-0.4939138284178106,Epithelial cells
-0.026693535617077685,0.0,-0.005087376606126546,intermediate,-0.08040698064963683,Epithelial cells
0.1704842553560035,0.0,-0.004069877475218573,intermediate,0.7141775040595918,Epithelial cells
-0.14172744750976562,0.0,-0.004069877475218573,permissive_high_CD8,-0.5439691351613324,Epithelial cells
-0.08916740723881855,0.0,-0.005087376606126546,permissive_high_CD8,-0.3321633719012685,Epithelial cells
-0.21753608366571756,0.0,-0.005769926333717006,permissive_high_CD8,-0.8494617862312998,NK cells
-0.03409099147980471,0.0,-0.006949691219046692,intermediate,-0.11021715159148834,NK cells
0.2502668291689401,-0.013569207326603322,-0.005769926333717006,intermediate,1.2385821201135092,NK cells
0.024310213973723266,-0.012964100007586151,-0.007914812136919072,intermediate,0.3189770481054419,NK cells
-0.31312597803322667,0.0,-0.0070935922434777225,permissive_high_CD8,-1.2346686930770416,Epithelial cells
-0.27284295874905873,-0.01341113098237196,-0.007914812136919072,intermediate,-0.8718025518416397,Epithelial cells
-0.023915022731306083,0.0,-0.005769926333717006,intermediate,-0.06921016574110495,Schwann cells
-0.012930422901628486,0.0,-0.003484793841919275,intermediate,-0.024944568929580507,Fibroblasts
-0.08456679041605876,-0.021312887369379824,-0.010277373845438887,intermediate,0.0050637894704598785,Epithelial cells
-0.037290608308401474,0.0,-0.012851744303014757,intermediate,-0.12311092566447521,Epithelial cells
-0.13165748933232932,-0.01769647327994528,-0.010794887272452536,intermediate,-0.2387772632945675,Epithelial cells
0.11966721264712782,-0.016830813064266315,-0.01198747096917568,hypoxic_CD8_low,0.7610636788124905,Epithelial cells
-0.24959732729747114,-0.01447681376808568,-0.012045933199636687,intermediate,-0.7621926528290779,NK cells
-0.1443080978699956,0.0,-0.005870773917750308,permissive_high_CD8,-0.554368606250741,NK cells
-0.047495627499009714,0.0,-0.0071218198449344615,intermediate,-0.16423497860674724,DCs
-0.13375134448928527,0.0,-0.004735839769103427,permissive_high_CD8,-0.5118271394667903,Endothelial cells
0.07113340197796802,-0.01341113098237196,-0.011152469194852388,intermediate,0.5143488904257802,NK cells
-0.08100833854522088,-0.012318298401620223,-0.009423638934548567,intermediate,-0.11509082994894806,NK cells
-0.3023780914674322,0.0,-0.008519025112775013,permissive_high_CD8,-1.1913570002821825,NK cells
0.3846987476310576,-0.015262486963619587,-0.003992287961416721,intermediate,1.805633404612832,Epithelial cells
0.03182683986832341,0.0,-0.005725111298554662,intermediate,0.15541766354878675,Epithelial cells
-0.1925258713074956,0.0,-0.005681121815875796,permissive_high_CD8,-0.7486759593841007,Epithelial cells
0.03591067029769163,0.0,-0.006655250515854149,intermediate,0.17187463003241277,Epithelial cells
-0.06253702477757711,0.0,-0.0027869976805611017,intermediate,-0.22484860475051976,Schwann cells
0.07572264053735389,0.0,-0.004896901783190276,intermediate,0.33230838731322065,Epithelial cells
0.0,0.0,-0.006239585773504054,intermediate,0.02716228026301206,Fibroblasts
-0.026693535617077685,0.0,-0.0044593067786954195,intermediate,-0.08040698064963683,Fibroblasts
-0.026693535617077685,0.0,-0.0049854490921082285,intermediate,-0.08040698064963683,Epithelial cells
0.0,0.0,-0.004617000173138864,intermediate,0.02716228026301206,Fibroblasts
-0.06489504006014292,0.0,-0.002716825976867264,intermediate,-0.2343509039140692,Fibroblasts
-0.13357761490297126,0.0,-0.005087376606126546,permissive_high_CD8,-0.5111270462507195,NK cells
-0.07247956210829647,0.0,-0.005087376606126546,permissive_high_CD8,-0.26491491172476944,Epithelial cells
-0.05034377392994831,0.0,-0.002424954917588536,intermediate,-0.17571240186539774,Macrophages
-0.05085399734926032,-0.019947994093180668,-0.0013298662728787112,intermediate,0.12051016604160969,Schwann cells
-0.09954247225719283,0.0,-0.0013298662728787112,permissive_high_CD8,-0.37397267329756584,Pericytes
-0.013873001657815343,0.0,-0.0035927552443284255,intermediate,-0.028742960480608926,Fibroblasts
-0.047830045462612165,0.0,-0.0029269412783315147,intermediate,-0.16558261174522193,Schwann cells
-0.011957511365653041,0.0,-0.005902041951332659,intermediate,-0.021023942739046442,Fibroblasts
-0.034440527000580444,0.0,-0.001995670200198607,intermediate,-0.11162570526425505,Epithelial cells
-0.0757108787934943,0.0,-0.001995670200198607,permissive_high_CD8,-0.2779364294655315,Epithelial cells
-0.055989430132639934,0.0,-0.001995670200198607,intermediate,-0.19846319343539565,Epithelial cells
0.38310523492744175,-0.018862315035059384,-0.001995670200198607,hypoxic_CD8_low,1.853039450100131,Epithelial cells
-0.10609641324085405,0.0,-0.001995670200198607,permissive_high_CD8,-0.4003836590055257,Epithelial cells
-0.013873001657815343,0.0,-0.001995670200198607,intermediate,-0.028742960480608926,Epithelial cells
0.3652279372196121,0.0,-0.007530293419615297,intermediate,1.4989530476962412,Fibroblasts
-0.045004944245978055,0.0,-0.006181528371998816,intermediate,-0.15419805578994658,Endothelial cells
0.3388505532559621,0.0,-0.005120197996275949,intermediate,1.3926578105840877,Fibroblasts
-0.2831563068680974,0.0,-0.006422861063206888,permissive_high_CD8,-1.1138973039559397,Epithelial cells
-0.03137645951236587,0.0,-0.006422861063206886,intermediate,-0.09927816615134522,Schwann cells
-0.28685046846129325,0.0,-0.0070125713683011235,permissive_high_CD8,-1.128783988057005,Epithelial cells
-0.18236662585093796,-0.0111332557462005,-0.011533306677814437,intermediate,-0.5412628545107381,Epithelial cells
-0.04379520550310373,-0.02170143822426738,-0.006293741154123736,intermediate,0.17517451835811118,Epithelial cells
-0.40475914277226094,0.0,-0.0049249841455827675,permissive_high_CD8,-1.6039308225852351,Epithelial cells
0.3197362959145542,0.0,0.016446451119065265,intermediate,1.3156314261963264,Epithelial cells
-0.22284453365218687,-0.014316262503867208,0.016062457630490953,intermediate,-0.656785287994746,Epithelial cells
-0.3324542677546122,0.3470346997355857,0.016062457630490953,permissive_high_CD8,-6.501703146506913,NK cells
-0.2316786524761154,0.0,0.016446451119065262,permissive_high_CD8,-0.9064533251628265,NK cells
-0.17468612548337883,0.0,0.016446451119065265,permissive_high_CD8,-0.6767855848493001,Epithelial cells
0.2640927795425476,-0.03360140951056229,0.017205130633858836,hypoxic_CD8_low,1.593835561758706,NK cells
-0.2244014356988501,0.0,0.017205130633858836,permissive_high_CD8,-0.8771276921158971,Epithelial cells
0.03524434255308895,-0.02943288169891728,0.017205130633858836,intermediate,0.6092938977127891,NK cells
-0.17528437419110035,0.0,-0.006422861063206886,permissive_high_CD8,-0.6791963996718364,Epithelial cells
0.5169250677867108,-0.011607186514356358,0.01815954813411665,intermediate,2.283820270878426,NK cells
0.3310729021049408,0.0,-0.006422861063206886,intermediate,1.3613155336390836,Epithelial cells
0.3062722051000021,-0.011380192721903565,0.02026474371112292,intermediate,1.4315399221936695,Epithelial cells
-0.0879673785473927,0.0,0.020264743711122923,permissive_high_CD8,-0.3273275119663985,Fibroblasts
-0.14781259437162714,-0.017367088842971123,0.02026474371112292,intermediate,-0.30880411887045955,Epithelial cells
0.17768389872279033,0.0,0.02026474371112292,intermediate,0.743190532790954,Epithelial cells
0.43632266224627514,0.0,0.018024649743752105,intermediate,1.785449641313965,Epithelial cells
-0.11161156926289141,0.0,-0.0031534761230633487,permissive_high_CD8,-0.42260856265331953,Epithelial cells
0.8158876225651508,-0.011072737967919724,-0.0031534761230633487,intermediate,3.480584156231007,Epithelial cells
0.21833431864359293,0.0,-0.005509240681986738,intermediate,0.9070030636372618,Epithelial cells
-0.035645783665668535,0.0,0.02026474371112292,intermediate,-0.11648263281905319,Fibroblasts
-0.012385373134689638,0.0,0.02026474371112292,intermediate,-0.02274813450323522,Epithelial cells
1.142439013025368,0.0,-0.005509240681986738,intermediate,4.630948081882072,Epithelial cells
-0.0155250334356683,0.0,-0.005629768641854105,intermediate,-0.035400296544931556,Epithelial cells
-0.1365169234065167,0.0,-0.004891586110659456,permissive_high_CD8,-0.5229718332379616,Epithelial cells
-0.04752771155422471,-0.023956275661947274,-0.004132906595865886,intermediate,0.19384948067544747,Pericytes
-0.07534841361294789,-0.020670234433069885,0.01900274005317316,intermediate,0.032602413534755625,Pericytes
-0.037156120361573244,0.0,-0.009937752982382832,intermediate,-0.12256896789426822,Fibroblasts
0.07435096890093335,-0.03220232295603887,-0.009456052342568012,hypoxic_CD8_low,0.8082962113745474,Endothelial cells
-0.036108200808605516,0.0,0.013037625930712917,intermediate,-0.11834607537730488,Pericytes
0.0,0.0,-0.004524026322461333,intermediate,0.02716228026301206,Fibroblasts
0.0,0.0,-0.0026990039789403174,intermediate,0.02716228026301206,Fibroblasts
-0.021379149103739177,-0.021552259622797793,-0.004845825509342909,intermediate,0.26327580944415657,Fibroblasts
-0.08254916792413795,0.0,-0.0026990039789403174,permissive_high_CD8,-0.3054932776194243,Schwann cells
-0.1314651152216287,-0.018932800061306973,-0.0026990039789403174,intermediate,-0.21951547133131258,Pericytes
-0.13989895127384538,0.0,-0.004077019607811643,permissive_high_CD8,-0.5366006849304957,Endothelial cells
-0.025171886964974154,0.0,-0.005674104651941461,intermediate,-0.07427506080119284,Fibroblasts
-0.05586522650048436,0.0,-0.004077019607811643,intermediate,-0.19796267926202799,Endothelial cells
-0.059357018834615805,0.0,-0.005195808410644531,intermediate,-0.2120338583681285,Epithelial cells
0.0,0.0,-0.005195808410644531,intermediate,0.02716228026301206,Epithelial cells
0.0,0.0,-0.005195808410644531,intermediate,0.02716228026301206,Epithelial cells
-0.03874665379045479,-0.019530195938913447,-0.005195808410644531,intermediate,0.16305292246892084,Epithelial cells
-0.033918162426316595,0.0,-0.005195808410644531,intermediate,-0.10952068733082834,Epithelial cells
0.7504683661173626,0.0,-0.005195808410644531,intermediate,3.0513898925063705,Epithelial cells
0.5055673668183477,0.0,-0.005195808410644531,intermediate,2.064491046685803,Epithelial cells
-0.03775783140496557,0.0,-0.0013020130625942298,intermediate,-0.12499373519183374,Epithelial cells
0.42397703032895745,0.0,-0.005195808410644531,intermediate,1.7356993751860172,Epithelial cells
-0.06008313267106512,0.0,-0.0038937953480503015,intermediate,-0.21495994241505892,Epithelial cells
0.3665761569417624,0.0,-0.005195808410644531,intermediate,1.5043860859096871,Epithelial cells
0.28659052159412796,0.0,-0.0038937953480503015,intermediate,1.1820610180955489,Epithelial cells
-0.13426936199387393,-0.038673304353165724,-0.0038937953480503015,intermediate,0.0643601146997062,Epithelial cells
0.6712978096850905,0.0,-0.0038937953480503015,intermediate,2.7323494190512845,Epithelial cells
-0.0587253723757334,-0.0197336258675888,-0.0038937953480503015,intermediate,0.08558479349074896,Epithelial cells
-0.07910782840836,0.0,-0.0038937953480503015,permissive_high_CD8,-0.2916254126212449,Epithelial cells
0.0,0.0,-0.0038937953480503015,intermediate,0.02716228026301206,Epithelial cells
0.38953111114272154,0.0,0.0,intermediate,1.5968896602994782,NK cells
-0.04141108960990446,0.0,-0.003673308934920873,intermediate,-0.13971558735355832,Epithelial cells
-0.03343777867206129,0.0,-0.0010950886447098252,intermediate,-0.1075848431571316,Epithelial cells
-0.10387496488640108,0.0,-0.0038937953480503015,permissive_high_CD8,-0.39143169546378914,Epithelial cells
0.5029559221612401,0.0,-0.0038937953480503015,intermediate,2.0539674811413557,Epithelial cells
-0.06687555734412258,0.0,-0.0038937953480503015,intermediate,-0.24233196657727524,Epithelial cells
-0.06889556976686041,0.0,-0.0038937953480503015,permissive_high_CD8,-0.2504721862343993,Epithelial cells
-0.07066435603252855,0.0,-0.0038937953480503015,permissive_high_CD8,-0.2576000180075961,Epithelial cells
0.0,0.0,-0.004617000173138864,intermediate,0.02716228026301206,Fibroblasts
0.0,0.0,-0.004617000173138864,intermediate,0.02716228026301206,Fibroblasts
-0.05101537129965173,0.0,-0.0013155750578392534,intermediate,-0.17841879616723227,Epithelial cells
0.0,0.0,0.0,intermediate,0.02716228026301206,Epithelial cells
-0.05338707123415537,0.0,-0.0038937953480503015,intermediate,-0.1879762415622857,Epithelial cells
0.0,0.0,-0.0038937953480503015,intermediate,0.02716228026301206,Epithelial cells
-0.040521885975297676,0.0,-0.0038937953480503015,intermediate,-0.1361322861697954,Epithelial cells
0.0,0.0,-0.0038937953480503015,intermediate,0.02716228026301206,Epithelial cells
-0.07246941256235881,0.0,-0.0013155750578392534,permissive_high_CD8,-0.2648740112172168,NK cells
-0.026119634329554546,0.0,-0.0013869597039885527,intermediate,-0.07809428074276552,Fibroblasts
-0.07361647977407677,-0.02080439555982829,-0.0013869597039885527,intermediate,0.04158782435026814,Schwann cells
0.0,0.0,-0.0013020130625942298,intermediate,0.02716228026301206,Fibroblasts
-0.19985924954395218,0.0,0.003442694240289216,permissive_high_CD8,-0.7782279111451803,Fibroblasts
-0.191251318138766,0.0,0.004116904787403087,permissive_high_CD8,-0.7435397816847178,Fibroblasts
-0.07691386425830274,0.0,-0.009508594198909042,permissive_high_CD8,-0.2827842045671301,Fibroblasts
-0.1322727126768794,0.0,-0.012830818165973451,permissive_high_CD8,-0.5058685683166773,Fibroblasts
-0.2990215255553464,-0.030006470467880186,-0.013952872370257875,intermediate,-0.7291495617444022,Pericytes
-0.011145925904852319,0.0,0.1400420298442649,intermediate,-0.017753426257523013,Fibroblasts
-0.23839435807193618,0.0,-0.015712011005231726,permissive_high_CD8,-0.9335161877904062,Fibroblasts
-0.0331377083039188,0.0,-0.01554160459160644,intermediate,-0.1063756235098765,Fibroblasts
0.2854819321728136,-0.012174917136126685,-0.00410146121232294,intermediate,1.3596429190197346,Fibroblasts
0.07878397985634553,0.0,-0.006911754479453309,intermediate,0.3446449324854564,Monocytes
-0.12237328985129974,0.0,-0.011816326712789805,permissive_high_CD8,-0.46597600361168046,Macrophages
-0.23169524411121048,0.0,-0.012174092806302585,permissive_high_CD8,-0.9065201859170597,Fibroblasts
-0.08028288538676188,0.0,-0.012174092806302583,permissive_high_CD8,-0.2963606418733817,DCs
0.009708034944342803,-0.07893507490273911,-0.014139095620426893,intermediate,1.2465851419694807,DCs
0.13049573304662748,-0.01233372128444162,-0.013804371894290733,hypoxic_low_neighbor_CD8,0.7374561286450066,Endothelial cells
0.26468744574780445,0.0,-0.012174092806302583,intermediate,1.0937962893499362,DCs
-0.06558520152386892,0.0,-0.01588529748955236,intermediate,-0.23713210755934058,MAST cells
-0.12536624923767334,0.0,-0.014255018401564212,permissive_high_CD8,-0.4780369922252611,Fibroblasts
-0.25580869621062374,-0.06726319780233901,-0.015762418033944774,intermediate,0.00208187375244262,Monocytes
-0.12235133619193571,0.0,0.010678111968824826,permissive_high_CD8,-0.46588753504213637,MAST cells
-0.2576126037352535,0.0,0.009549756178095843,permissive_high_CD8,-1.0109616229585439,MAST cells
-0.30314682190676767,-0.04001871873492654,-0.009778504493909003,intermediate,-0.596062333860225,Monocytes
-0.20957027285932062,-0.016925336860934732,-0.02082732827396367,intermediate,-0.5642798399285496,MAST cells
-0.12972140024943524,0.0,-0.009778504493909003,permissive_high_CD8,-0.4955873228453264,MAST cells
-0.03634441281896997,-0.0724796882042518,-0.014255018401564212,intermediate,0.964477388730764,Monocytes
-0.037156120361573244,0.0,-0.011189231023132075,intermediate,-0.12256896789426822,Monocytes
-0.14685718888738547,-0.01725382360852199,0.013346026551153264,intermediate,-0.30664767240252805,MAST cells
-0.013681816767497235,0.0,0.012491923812841043,intermediate,-0.027972526108624593,Fibroblasts
-0.12471619236421391,0.0,-0.009778504493909003,permissive_high_CD8,-0.47541740153363005,MAST cells
-0.04953362568315253,0.0,-0.009778504493909003,intermediate,-0.1724476770500853,Epithelial cells
-0.06232497969784411,0.0,-0.00807684121022501,intermediate,-0.2239941082598994,MAST cells
-0.10294846071296906,0.0,-0.005762964125104279,permissive_high_CD8,-0.3876980810562318,Macrophages
0.2733324617745886,0.0,-0.004161545976131712,intermediate,1.128633861933773,Schwann cells
-0.07084949907050075,0.0,-0.004161545976131712,permissive_high_CD8,-0.2583461050019713,Fibroblasts
-0.024822728700905933,-0.023658300700940584,-0.008091255849511357,intermediate,0.2808901594148777,Fibroblasts
-0.22450119999039125,-0.013370073758638822,-0.009073050559451868,intermediate,-0.6776094853407935,Monocytes
-0.0931749535372937,-0.020873201038190712,-0.013315657887220703,intermediate,-0.03619982199845101,Endothelial cells
-0.05344787275934794,0.0,-0.010522825289995243,intermediate,-0.18822125875375667,Macrophages
-0.06438467493018951,0.0,-0.008595790103701284,intermediate,-0.23229424118447736,Macrophages
-0.10424577184470303,0.0,-0.013315657887220703,permissive_high_CD8,-0.39292596849745537,Pericytes
0.19551217412374108,0.0,-0.004062345378633775,intermediate,0.8150346839644126,Fibroblasts
-0.20312251814876695,0.0,-0.004062345378633775,permissive_high_CD8,-0.7913781883139641,Fibroblasts
-0.0854217039054656,0.0,-0.005669173988414358,permissive_high_CD8,-0.3170689855694315,Epithelial cells
-0.06681056194994824,0.0,-0.006013844048606883,intermediate,-0.2420700489874005,Fibroblasts
-0.13802280962227817,-0.016206569517189674,-0.005726359505080662,intermediate,-0.2867064027013103,Fibroblasts
-0.27200988401849585,-0.011973345327956474,-0.004347219286981703,intermediate,-0.8899443806693164,Fibroblasts
-0.0034931814335436018,0.0,-0.004347219286981703,intermediate,0.013085503382257682,Fibroblasts
-0.07476740764326839,0.0,-0.004997426971250217,permissive_high_CD8,-0.27413444175666923,Pericytes
-0.11683763557648563,0.0,-0.007771242131427555,permissive_high_CD8,-0.44366849637278405,Pericytes
1.0711869714729279,0.0,-0.013259981260930316,hypoxic_low_neighbor_CD8,4.343817536185089,Epithelial cells
0.12694795399784564,-0.019587617171438115,-0.011897392633311986,hypoxic_CD8_low,0.8316254961542411,Epithelial cells
0.11971911752080339,-0.02375316619873047,-0.017795359010477622,hypoxic_low_neighbor_CD8,0.8647815081921069,Epithelial cells
0.4647340372384312,0.0,-0.017574393765324683,hypoxic_low_neighbor_CD8,1.89994142888605,Epithelial cells
-0.31329336511083394,0.0,-0.015416440757823537,permissive_high_CD8,-1.2353432273344302,Epithelial cells
-0.07066435603252855,0.0,-0.010526287732658438,permissive_high_CD8,-0.2576000180075961,DCs
-0.10470700623041176,-0.024102429146708747,-0.011590168961950965,intermediate,-0.034385487630257394,Epithelial cells
-0.07732131682246564,-0.022270687195936195,-0.010526287732658438,intermediate,0.04858330758946497,Monocytes
0.4224663451014752,-0.03569130762385936,-0.01656269441571152,hypoxic_low_neighbor_CD8,2.263297145369851,Epithelial cells
-0.24454591264686434,-0.010700268301403956,-0.01796432950718683,intermediate,-0.7983065127170171,Epithelial cells
0.7687704266314526,-0.009866305208399229,-0.017299641610478908,hypoxic_low_neighbor_CD8,3.2726723304196805,Epithelial cells
0.11112081908796684,0.0,-0.01976653207168888,hypoxic_low_neighbor_CD8,0.4749555045391356,Epithelial cells
0.07984593905598283,-0.01447681376808568,-0.018127507944660472,hypoxic_low_neighbor_CD8,0.5653935156969782,Epithelial cells
0.2719100527016513,-0.0707980167527913,-0.017486354696605855,hypoxic_low_neighbor_CD8,2.181531483002165,DCs
-0.3385002411991717,0.0,-0.019108778391128935,permissive_high_CD8,-1.3369215671106154,Epithelial cells
0.2950610334135921,-0.014026223889246642,-0.018395427171035334,hypoxic_low_neighbor_CD8,1.4259269028457662,Epithelial cells
0.0678848645773279,-0.011166703845807898,-0.020559520953097325,hypoxic_low_neighbor_CD8,0.4676974737609774,NK cells
-0.30292066704317266,-0.013329459588054704,-0.012707936586799569,intermediate,-0.9942305247995316,NK cells
-0.034005985202559486,-0.009588759920375067,-0.009387180711898084,intermediate,0.03350435601097762,Epithelial cells
-0.4057945956188033,-0.022844108010110584,-0.012596466859825227,intermediate,-1.2665197625708715,Epithelial cells
-0.3160472394950897,0.0,-0.009538839638796252,permissive_high_CD8,-1.246440754331609,Fibroblasts
0.006765738069771765,-0.009617298720819265,-0.018121181711976832,intermediate,0.19823244891286854,Epithelial cells
-0.4273296800483183,0.0,-0.017427804370318992,permissive_high_CD8,-1.6948852786758546,NK cells
-0.15100915747952748,0.0,-0.01141145592919889,permissive_high_CD8,-0.5813724486742147,Fibroblasts
-0.26362876432487764,-0.012698958277219704,-0.016788553708960655,intermediate,-0.8453202980956815,Epithelial cells
-0.2572463621576148,-0.05939851984803976,-0.018395427171035334,intermediate,-0.12131068591736305,T cells
-0.09413382135720617,0.0,-0.0035374219279218455,permissive_high_CD8,-0.3521769625984602,DCs
-0.18383454654111442,0.0,-0.010884825131188519,permissive_high_CD8,-0.7136517724467475,Epithelial cells
-0.18574376853115587,0.0,-0.007721161231016501,permissive_high_CD8,-0.7213455302663577,Fibroblasts
-0.1252954705173232,0.0,-0.008106060903242887,permissive_high_CD8,-0.47775176906315825,Macrophages
-0.28600945530167543,0.0,-0.006612125710758925,permissive_high_CD8,-1.1253948842194443,Fibroblasts
-0.3551526356892413,-0.013612503947516685,-0.008021990265119091,intermediate,-1.2004819194513394,DCs
0.2043013792918868,-0.020211858787999946,-0.008737974514362782,hypoxic_CD8_low,1.1526774875292447,Epithelial cells
0.0648377422826836,0.0,-0.007763577794578233,intermediate,0.28844456660543955,Epithelial cells
-0.0860255102077162,0.0,-0.010411073257405106,permissive_high_CD8,-0.31950219631375654,Epithelial cells
-0.21149505860355483,-0.015229113188832395,-0.010043022217538193,intermediate,-0.5973996346422519,Epithelial cells
-0.009951720994160362,-0.02642037897457478,-0.011105570168952066,intermediate,0.38211799653799317,Epithelial cells
0.08571741762888957,-0.01461595079676825,-0.010043022217538193,intermediate,0.591134813512314,DCs
-0.2684769841083082,0.0,-0.010043022217538193,permissive_high_CD8,-1.0547427609751843,Epithelial cells
-0.11939377382577183,0.0,-0.009388758521652737,permissive_high_CD8,-0.45396918887791465,Epithelial cells
-0.18833131723135832,-0.01041745367320443,-0.009388758521652737,intermediate,-0.576002545638516,Epithelial cells
-0.10769955125678496,0.0,-0.006315278427803565,permissive_high_CD8,-0.40684396362715597,Fibroblasts
-0.04831111861998776,0.0,-0.005663927878767212,intermediate,-0.16752123406660152,Fibroblasts
-0.22862481113418517,-0.013802258109274181,-0.005663927878767211,intermediate,-0.6877643871104873,Fibroblasts
-0.22497868059150666,0.0,-0.007330552640392392,permissive_high_CD8,-0.8794538660390302,Fibroblasts
-0.13137262796302396,0.0,-0.007395716395616209,permissive_high_CD8,-0.5022414187019871,Monocytes
0.07474476912892963,0.0,-0.009760558492580727,intermediate,0.32836777389352395,Epithelial cells
-0.17223222451995174,0.0,-0.009148019463748906,permissive_high_CD8,-0.6668968868223586,Epithelial cells
-0.2299434789213311,-0.02119731903076172,-0.00912130783122239,intermediate,-0.5825013615716039,Epithelial cells
-0.03549961488409692,-0.013123160914370888,-0.009227443545775213,intermediate,0.0803345898288177,Epithelial cells
-0.17380640449294127,0.0,-0.007999199894275742,permissive_high_CD8,-0.6732404967010606,Epithelial cells
0.35511953955194553,-0.011303723099743307,-0.008338812906571567,intermediate,1.627240835982562,Epithelial cells
-0.251631541424487,0.0,-0.005119435700327761,permissive_high_CD8,-0.9868592162383927,Monocytes
-0.19383890849040694,-0.01593821927120811,-0.006983925681686916,intermediate,-0.5156459798420131,Fibroblasts
-0.28496386056923007,0.0,-0.007566016888328893,permissive_high_CD8,-1.1211813602338339,DCs
0.39220574390457336,0.0,-0.001935424753207105,intermediate,1.607667860442478,Fibroblasts
0.030065430216042355,0.0,-0.001935424753207105,intermediate,0.14831955795579593,Fibroblasts
-0.24282289987587066,-0.015229113188832395,-0.005937557954054613,intermediate,-0.7236441599083552,Endothelial cells
0.017571350178086587,0.0,-0.00441112730667176,intermediate,0.09797107753169854,DCs
0.2420619185191082,-0.025570514231075644,-0.009299404836698421,hypoxic_CD8_low,1.3849713968823616,MAST cells
-0.16542644720958422,0.0,0.16639212297167014,permissive_high_CD8,-0.6394710543768454,Pericytes
-0.25563121320732146,0.0,0.18695285033922285,permissive_high_CD8,-1.0029770413082728,Pericytes
-0.1443965406302946,0.0,0.18451786678329657,permissive_high_CD8,-0.5547250117301393,DCs
-0.13407789176726437,0.0,-0.0074644331346478375,permissive_high_CD8,-0.5131430554192193,Fibroblasts
-0.19403275332776418,0.0,0.18451786678329657,permissive_high_CD8,-0.7547483728525941,Monocytes
-0.11505113212937806,-0.036524753338894864,0.16558927104719431,intermediate,0.10967860098397136,Endothelial cells
-0.13432012935240106,-0.051858338267214386,0.1646965679869979,intermediate,0.26130890216432673,Pericytes
-0.3879863018970413,-0.01089194911694237,0.010328521348132705,intermediate,-1.373474550657837,MAST cells
-0.2540380945167388,0.0,0.011202395582578047,permissive_high_CD8,-0.9965571124329663,Monocytes
0.20799647469118415,0.0,-0.010861415386843456,intermediate,0.8653437552060675,Fibroblasts
0.6462285939948147,0.0,0.005310189475504099,intermediate,2.6313258213478203,Monocytes
-0.06125276059989465,-0.025129851059392395,-0.008505305458820462,intermediate,0.15608871290415305,Monocytes
0.039069259023091885,-0.014658696255703204,-0.0059899059223581744,intermediate,0.40379183863824886,MAST cells
-0.06681567119307308,0.0,-0.005847216424671744,intermediate,-0.24209063814856097,Endothelial cells
-0.3159174785077811,0.0,-0.00895983204346115,permissive_high_CD8,-1.245917845201087,MAST cells
-0.2755914404689069,-0.015114521690708423,-0.012592567992113862,intermediate,-0.8574078619045429,Pericytes
-0.06623015848987077,-0.03129874549896611,-0.011676204349347937,intermediate,0.2282731954872694,Endothelial cells
0.24996648543331038,-0.015762708447722772,-0.011676204349347937,intermediate,1.2701708146905557,Monocytes
-0.18583542850601625,-0.015381619997835352,-0.010196663397043821,intermediate,-0.49171638662033224,Endothelial cells
0.1812335051685931,-0.01725382360852199,-0.005211419583010448,hypoxic_CD8_low,1.0154879179589302,Pericytes
0.12286135494469638,-0.015781822474861918,-0.0063094335368126826,intermediate,0.758250029772772,Endothelial cells
-0.23454967943061308,0.0,-0.007240787498381457,permissive_high_CD8,-0.9180229520562391,MAST cells
-0.14008741876686434,-0.020174534214652984,-0.006263541081334575,intermediate,-0.235694096736001,MAST cells
-0.011541765856455607,0.0,-0.004964464589169151,intermediate,-0.019348576920383234,Fibroblasts
-0.04993257943884915,0.0,-0.007934390710272125,intermediate,-0.1740553756799796,Fibroblasts
-0.04307761058271171,0.0,-0.00496446458916915,intermediate,-0.14643131178631633,Macrophages
-0.0540291813003969,0.0,-0.006888088748844367,intermediate,-0.1905638083140645,Fibroblasts
0.04129422620597134,-0.015613084862589353,-0.006065522321322669,intermediate,0.4270287783118245,MAST cells
0.0,0.0,-0.005847216424671745,intermediate,0.02716228026301206,Epithelial cells
-0.0879817181322948,0.0,-0.006888088748844367,permissive_high_CD8,-0.3273852974382011,MAST cells
-0.013346767808538842,0.0,0.013642178720075844,intermediate,-0.02662235019331239,Fibroblasts
-0.022840859899559175,0.0,0.012491923812841043,intermediate,-0.0648815184023489,Monocytes
0.21581480685008103,-0.012811541074683309,0.015996923130622853,intermediate,1.0884185678235883,Monocytes
0.4137136203696929,0.0,0.015412024698044372,intermediate,1.6943400198874525,MAST cells
-0.03587253218195046,0.0,0.013299317616611286,intermediate,-0.11739638102608657,Macrophages
-0.32299314445281124,-0.012945824789132183,0.013785743899280332,intermediate,-1.0808547519589218,MAST cells
-0.4281869298482994,-0.05038546357560254,0.012482971565211118,intermediate,-0.9449353116359832,MAST cells
-0.08905174837533729,0.0,0.0116288688268989,permissive_high_CD8,-0.3316972913250141,MAST cells
-0.3463033040364583,-0.013494612234324096,0.011628868826898899,intermediate,-1.166583811372083,MAST cells
-0.13071599447104826,0.0,-0.005253253903305321,permissive_high_CD8,-0.49959532563902365,Macrophages
-0.07205586261059864,0.0,-0.006928577307264815,permissive_high_CD8,-0.2632074930272157,MAST cells
-0.03171254927853504,0.0,-0.006074474568952593,intermediate,-0.1006325362979508,Endothelial cells
-0.060798794390207314,0.0,-0.006928577307264814,intermediate,-0.21784390665628708,Fibroblasts
0.2709765597040873,-0.013094595086719342,0.166938979966402,intermediate,1.3149411326390774,Pericytes
-0.13017623778806633,0.0,-0.007761857191078093,permissive_high_CD8,-0.4974202212132209,Fibroblasts
0.06146490286631756,0.3164052714434927,0.1941083029339313,intermediate,-4.456296655723268,Monocytes
-0.09312634582979135,-0.019085789499012566,0.040239331546725675,intermediate,-0.06273077685546871,Pericytes
-0.011881927888556177,0.0,-0.015004367545226969,intermediate,-0.020719357431009684,Fibroblasts
-0.07536203315459102,0.0,-0.013519753393052237,permissive_high_CD8,-0.2765306558697168,Fibroblasts
0.5719828232225166,-0.0389172403435958,-0.006315278427803565,hypoxic_CD8_low,2.914053468774465,Fibroblasts
-0.19916810185076242,-0.02499937142437769,-0.006315278427803565,intermediate,-0.40163176435316567,Fibroblasts
-0.05835480287850621,0.0,-0.006315278427803565,intermediate,-0.2079951416083823,Fibroblasts
-0.13249810273388785,0.40753984451293945,0.03804176527621917,permissive_high_CD8,-6.600644625420969,DCs
-0.08239029114504895,-0.03322297069225234,0.018713756579297434,intermediate,0.19192388692751206,Monocytes
-0.042645316526114196,-0.012356978196364183,0.03980744134219694,intermediate,0.04008234653613088,Fibroblasts
-0.10601892433013303,0.0,0.03804176527621917,permissive_high_CD8,-0.4000713952059767,Fibroblasts
-0.038960918843985615,-0.011690457340194147,0.038958128918985105,intermediate,0.044963321291290756,Pericytes
-0.13045967439092307,0.0,0.0394155330003014,permissive_high_CD8,-0.49856241033055104,Endothelial cells
-0.17500133591004643,-0.021552259622797793,0.038958128918985105,intermediate,-0.3557888709186486,Endothelial cells
0.5213890774661758,-0.015179585831368018,0.038958128918985105,intermediate,2.3552267038030883,Endothelial cells
-0.3482226329634946,0.3235374033263392,0.18466819854561298,permissive_high_CD8,-6.213895579048171,Monocytes
0.055692655494414184,-0.01330931659652154,0.16161119006602084,intermediate,0.4506035604289871,Fibroblasts
-0.0590455005446591,-0.02380944070545768,0.16240069932318427,intermediate,0.14523964925554575,Fibroblasts
-0.12796936647959023,-0.016830813064266315,0.1875488078545945,intermediate,-0.23685897084039204,Fibroblasts
-0.05071828834503051,-0.019893312261172153,0.18466819854561298,intermediate,0.12023939711077783,Pericytes
-0.4093557457368537,2.3080345708080845,0.18451786678329654,permissive_high_CD8,-36.134067441801,NK cells
-0.2683693453011264,-0.013390545902947183,0.18796128319342612,intermediate,-0.8540826477232357,Monocytes
-0.040380584906382744,0.0,0.1893981005016126,intermediate,-0.1355628729692592,Endothelial cells
-0.0350562966013529,-0.026361909472507987,0.18928801868608605,intermediate,0.28007762227276445,Endothelial cells
0.007785062234564488,0.0,0.15785869463109634,intermediate,0.058534422295606396,Monocytes
-0.33189689299188946,-0.010181212714809155,-0.016082367144132918,intermediate,-1.1580736935397429,Fibroblasts
-0.26486092686174384,-0.011842638857451527,-0.015530092416987244,intermediate,-0.8630900361998827,Fibroblasts
0.12315584378070144,-0.031299907668882056,-0.013952872370257875,hypoxic_low_neighbor_CD8,0.9914758096427224,Monocytes
0.2773143388181326,-0.02114978975612625,-0.01395287237025787,hypoxic_low_neighbor_CD8,1.460928865439775,Fibroblasts
0.17880489117649184,0.0,0.01860812691702695,intermediate,0.7477078935281425,Fibroblasts
-0.3108343101409544,-0.013745454641488882,0.01968391472511446,intermediate,-1.019900523358452,Fibroblasts
0.06403611606383416,0.0,0.01860812691702695,intermediate,0.28521418374695195,DCs
-0.06151262919108073,-0.020670234433069885,-0.010426829733185762,intermediate,0.08835767674742728,Monocytes
-0.07791314642113376,0.0,-0.010426829733185762,permissive_high_CD8,-0.2868110987650705,Monocytes
0.12043902912293095,0.0,-0.008787763520934484,intermediate,0.5125059055376696,DCs
-0.06487117139211142,0.0,-0.006315278427803565,intermediate,-0.23425471826762845,Fibroblasts
-0.17160677622599774,0.0,-0.007271448899859841,permissive_high_CD8,-0.6643764634627544,Fibroblasts
-0.0311488186020449,0.0,-0.005604824138234662,intermediate,-0.09836082178647797,Fibroblasts
-0.08436838785807292,-0.017010306539805793,-0.006315278427803565,intermediate,-0.05847238442739486,Endothelial cells
-0.0652990839088777,-0.026331129344368754,-0.010677995565931806,intermediate,0.1577453837380872,Fibroblasts
-0.025294694077058977,-0.03654697742539379,-0.008687792519326153,intermediate,0.4717102344687315,Fibroblasts
-0.05811998451569952,-0.019530195938913447,-0.008711396602162143,intermediate,0.08498252754537891,Fibroblasts
-0.13255280950462003,0.0,-0.007584192170466167,permissive_high_CD8,-0.5069972988518995,Fibroblasts
0.28284840411450485,-0.017170963982338847,-0.011765638922872813,hypoxic_CD8_low,1.423735324863053,Fibroblasts
-0.18210120756463352,0.0,-0.011765638922872813,permissive_high_CD8,-0.7066667856961782,Endothelial cells
-0.09866762735757482,0.0,-0.00880011720695959,permissive_high_CD8,-0.37044723475637453,Endothelial cells
0.028426349641807624,0.0,-0.010886700240223998,intermediate,0.141714412482526,MAST cells
-0.2726625496125126,0.0,-0.009242072793957997,permissive_high_CD8,-1.0716096981335836,Fibroblasts
-0.10750394461145363,0.0,-0.01029852701102191,permissive_high_CD8,-0.4060557105246171,Fibroblasts
-0.13785945172290726,-0.017198390806252174,-0.011385185161904605,intermediate,-0.27121758520987427,Schwann cells
-0.09529210381718528,-0.03749905713656653,-0.011857636640911643,intermediate,0.2038718591626918,Schwann cells
-0.036108200808605516,0.0,-0.011857636640911641,intermediate,-0.11834607537730488,Schwann cells
-0.11004398912789831,0.0,-0.00548565989402946,permissive_high_CD8,-0.4162915487155076,Schwann cells
-0.2567193364522543,0.0,-0.011628710660535474,permissive_high_CD8,-1.007361946137606,Schwann cells
-0.33731710288419303,0.0,-0.011841578618717579,permissive_high_CD8,-1.3321537717939742,Schwann cells
0.008555607862740622,-0.05389427076949764,-0.010889768214360907,intermediate,0.8675106019088245,Schwann cells
-0.07004371704346683,0.0,-0.012240775361878346,permissive_high_CD8,-0.2550989751219834,DCs
-0.24434750721636547,-0.014463173715691818,-0.0071157552613581405,intermediate,-0.7412409536639085,Schwann cells
-0.03126851430379722,-0.0210144664594519,-0.00902177306161075,intermediate,0.21538225330154992,Schwann cells
-0.0019171326514707543,0.0,-0.012614724446243926,intermediate,0.019436644163376003,Fibroblasts
-0.1540439406551989,0.0,-0.00902177306161075,permissive_high_CD8,-0.5936019782472198,Schwann cells
-0.2912491641370168,0.3642252022438204,0.010897405137899914,permissive_high_CD8,-6.59270175738,T cells
0.29948620767478484,-0.0566694939184768,0.06929828900771799,hypoxic_CD8_low,2.081396327747938,DCs
-0.3464368950411019,-0.01091796376927179,0.0714888682303212,intermediate,-1.2056503017350628,Epithelial cells
0.29572200966647355,0.0,0.011872283521129694,intermediate,1.2188589693698064,Epithelial cells
-0.17259403213439697,0.0,-0.01122500075985063,permissive_high_CD8,-0.6683548944177834,Epithelial cells
0.0013789907995476747,0.0,-0.009365291505368294,intermediate,0.0327193193619385,Epithelial cells
-0.1846697397500157,-0.014673050598576966,-0.009365291505368294,intermediate,-0.4976140162468419,Epithelial cells
-0.032993144299610554,0.0,0.0547909120370073,intermediate,-0.10579306137494289,Fibroblasts
-0.26387541744124937,0.0,-0.009142414921851938,permissive_high_CD8,-1.0361994277683564,Epithelial cells
-0.13513413394790097,-0.01906291289850768,0.0516167252223555,intermediate,-0.23235528188944204,Fibroblasts
0.43794223199407745,-0.026354090887525303,0.0714888682303212,hypoxic_CD8_low,2.1860440002866963,Epithelial cells
-0.24099325463474994,-0.025296253714001612,0.0736497441659465,intermediate,-0.5657389924680045,Fibroblasts
-0.053246034675812626,0.0,0.0736497441659465,intermediate,-0.18740789428299587,Fibroblasts
0.03849564307186015,0.0,-0.004123264961397117,intermediate,0.18229151952901176,Schwann cells
-0.16492865076026764,-0.017063133147081383,-0.00848658274703341,intermediate,-0.3823231723793051,Endothelial cells
-0.1788246583747098,0.0,-0.00848658274703341,permissive_high_CD8,-0.6934629905991156,Endothelial cells
-0.1655263785856316,0.0,-0.00848658274703341,permissive_high_CD8,-0.6398737565298163,Monocytes
-0.13420060552267665,0.0,0.05588351507954806,permissive_high_CD8,-0.5136375657067614,Fibroblasts
0.19659351728048668,0.0,-0.0028878707473899024,intermediate,0.8193922664829928,Macrophages
-0.0967198873619478,0.0,-0.0012014538331231285,permissive_high_CD8,-0.3625982575813328,Macrophages
0.2755994868565755,0.3325316732229009,0.009312546751920671,intermediate,-3.834515005955522,T cells
0.08465139693524465,-0.03467064444352741,0.011024553347856571,hypoxic_CD8_low,0.8867130954827899,Epithelial cells
-0.1395861499280815,-0.03208608665929632,0.008559352859311744,intermediate,-0.05556285347180323,Epithelial cells
-0.1185262748994023,0.0,0.011777747240465498,permissive_high_CD8,-0.45047335304369923,Monocytes
0.13091336005184065,0.0,0.009413360680645777,intermediate,0.5547152274027162,Epithelial cells
-0.1009172263394398,0.0,0.056541972304055464,permissive_high_CD8,-0.37951263932849294,DCs
-0.06588149932493646,0.0,0.020482361300593284,intermediate,-0.23832612456510913,Macrophages
-0.10967433117479684,0.0,0.02096732438173693,permissive_high_CD8,-0.4148019059279794,DCs
0.2791206597324356,0.0,0.018655948085501767,intermediate,1.1519590664055015,Endothelial cells
-0.12797049250468673,0.0,0.01988830707977336,permissive_high_CD8,-0.4885315377020375,Endothelial cells
0.1709975798924764,-0.015212532962382081,-0.01609926088618846,hypoxic_low_neighbor_CD8,0.9437162792699867,Schwann cells
-0.22534754190100245,0.0,-0.011857636640911641,permissive_high_CD8,-0.8809402985225694,Schwann cells
-0.12838465525922046,-0.01848917161887474,-0.011857636640911644,intermediate,-0.21373536794130743,Schwann cells
-0.15921694590863453,0.0,-0.011857636640911643,permissive_high_CD8,-0.61444808720003,Schwann cells
-0.05458966077092181,-0.03825149072809258,-0.011857636640911641,intermediate,0.37914503219796114,Schwann cells
-0.2829789617454192,-0.014277156065350119,-0.008988341693131707,intermediate,-0.8996989716238071,Schwann cells
-0.16917664554703188,-0.05254022698653372,-0.008316908963778723,intermediate,0.13104072449528148,Schwann cells
-0.042758298207478354,0.0,-0.009584846766854106,intermediate,-0.14514455095040296,Schwann cells
0.1416577481361757,0.0,-0.008740351685949988,intermediate,0.5980128220627196,Fibroblasts
-0.2535820466926299,-0.012909539798010699,-0.008740351685949988,intermediate,-0.8016853802417103,Monocytes
-0.09921382612971417,0.0,-0.00848658274703341,permissive_high_CD8,-0.3726482994288579,Fibroblasts
-0.0968666383061543,0.0,-0.010867008345651562,permissive_high_CD8,-0.36318963261808246,Schwann cells
-0.21248976006565323,-0.01529615224614317,-0.00848658274703341,intermediate,-0.6004056469897479,Fibroblasts
-0.17133466115438314,0.0,-0.008316908963778723,permissive_high_CD8,-0.6632798977040376,Schwann cells
-0.1538259360684927,0.0,-0.009956210119682446,permissive_high_CD8,-0.5927234662132969,Schwann cells
-0.13087883148806162,0.0,-0.011486566018479074,permissive_high_CD8,-0.5002515241217057,Schwann cells
0.03301701224951381,-0.014518026398261066,-0.011486566018479074,intermediate,0.3772991633862797,Schwann cells
-0.1505349094130428,0.0,-0.011767367055380713,permissive_high_CD8,-0.5794613300148951,Schwann cells
-0.1283525060937108,-0.017888443672705277,-0.011756463572081283,intermediate,-0.22258838732640526,Fibroblasts
-0.13325262692079967,-0.03587809265383825,-0.009712674775426042,intermediate,0.02666105778334188,Endothelial cells
-0.17946448575061966,0.0,-0.006490698517092808,permissive_high_CD8,-0.6960413585952335,Fibroblasts
-0.17582953885855923,-0.033762530276649876,-0.011276212813239673,intermediate,-0.17654843765135697,Schwann cells
0.06946245805326715,-0.02771985482590401,-0.009715600470621415,hypoxic_CD8_low,0.7215710388522336,Fibroblasts
0.5825550288081649,0.0,0.014720818420492526,intermediate,2.374734920649776,Fibroblasts
0.06139739091137808,0.0,0.011254254108176702,intermediate,0.2745806836189389,Epithelial cells
-0.05625617934996823,0.0,0.0112542541081767,intermediate,-0.19953813594464778,Fibroblasts
-0.17123495814311934,0.0,0.011845984825721153,permissive_high_CD8,-0.6628781158124866,Schwann cells
-0.16089348237677273,0.0,-0.015008761396935756,permissive_high_CD8,-0.6212041719449579,Schwann cells
-0.09912532974917247,0.0,-0.004216814620292138,permissive_high_CD8,-0.3722916778713065,Schwann cells
-0.10575656814268794,0.0,-0.004642708195365874,permissive_high_CD8,-0.39901415567112564,Schwann cells
-0.2964069412415286,0.0,-0.010590504184264724,permissive_high_CD8,-1.1672945371520487,Schwann cells
0.12055006324048023,0.0,-0.015166987935219376,hypoxic_low_neighbor_CD8,0.5129533493732185,Schwann cells
-0.2259900809291855,0.0,-0.010083649901725984,permissive_high_CD8,-0.883529593899573,Schwann cells
-0.09368173377102158,0.0,0.020089763950811797,permissive_high_CD8,-0.3503551459529894,Fibroblasts
-0.06487117139211142,0.0,0.018415185146414725,intermediate,-0.23425471826762845,Fibroblasts
0.3051306574220159,-0.012698958277219704,-0.009121980165180406,intermediate,1.4466589852809724,NK cells
0.33689375574809005,-0.06260030182749636,-0.007777011217536875,hypoxic_CD8_low,2.320823047773917,NK cells
0.38495034146979157,-0.029851332367190467,-0.00810015339922165,hypoxic_CD8_low,2.024791576372862,NK cells
-0.197736686492062,-0.01661148534612617,-0.0072535561807403354,intermediate,-0.5212859718135214,NK cells
0.09271642529820823,0.0,-0.00808153776665609,intermediate,0.4007897190130287,NK cells
-0.06003747120439767,-0.020174534214652984,-0.014221719981205127,intermediate,0.0868901356008292,Schwann cells
-0.14341953384828376,0.0,-0.01043529806510318,permissive_high_CD8,-0.5507878825706616,NK cells
0.23555037199732765,-0.012855767238477946,-0.008928134985137403,intermediate,1.1686099959187595,NK cells
-0.05853642517304325,-0.01241972378873632,-0.012297746527050188,intermediate,-0.02301721215629915,NK cells
-0.1881335614675499,0.0,-0.015395267707937966,permissive_high_CD8,-0.7309758866039314,NK cells
-0.1497586261795228,0.0,-0.013790389175518,permissive_high_CD8,-0.5763330739874243,NK cells
0.29585348267153083,0.0,-0.009042263867562277,intermediate,1.2193887775670738,DCs
-0.33301308260385293,0.0,-0.0067998933084258825,permissive_high_CD8,-1.3148094871270515,Epithelial cells
-0.09764180102022776,-0.011575663138015068,-0.008022520384486066,intermediate,-0.1932246271071854,Epithelial cells
-0.05475332267791871,0.0,-0.004723323276329298,intermediate,-0.19348194377179134,Fibroblasts
0.21278022283531095,0.0,-0.004723323276329298,intermediate,0.8846212409478499,Epithelial cells
0.5415095449930214,-0.011513431062582534,-0.004723323276329298,intermediate,2.381488567876615,Epithelial cells
-0.17218365343699016,0.0,-0.002482097769877528,permissive_high_CD8,-0.6667011557071233,Fibroblasts
0.0032076151016725563,0.0,-0.006159662524698234,intermediate,0.04008828567229256,Epithelial cells
-0.05904005042999145,0.0,-0.0055394657871179415,intermediate,-0.2107565432343367,Fibroblasts
-0.2702782505966095,-0.010301693248362677,-0.004352442037399641,intermediate,-0.9079621707512563,Epithelial cells
-0.07026443328244619,0.0,-0.002865068149952753,permissive_high_CD8,-0.2559884145367921,Fibroblasts
-0.20363767080038905,0.0,-0.0053801981865474885,permissive_high_CD8,-0.7934541437357977,Epithelial cells
-0.2923375325030591,0.0,-0.004352442037399641,permissive_high_CD8,-1.1508956870098972,Epithelial cells
0.06647747778988267,-0.04347150625004942,-0.006803971649664135,intermediate,0.9450737295744183,Epithelial cells
-0.16916955235492753,0.0,-0.005124152913267313,permissive_high_CD8,-0.6545549705646027,Epithelial cells
-0.31357966656665726,0.0,-0.005124152913267313,permissive_high_CD8,-1.236496961198798,Epithelial cells
0.12602822943384867,0.0,-0.005124152913267314,intermediate,0.5350291918929444,Epithelial cells
0.21494233129493684,-0.015416342237217707,0.019606376941959477,intermediate,1.1238517863835749,Epithelial cells
-0.05453127215665032,-0.009302951063704394,0.020373939012798308,intermediate,-0.05348182394324946,Epithelial cells
0.4648294831854273,-0.01224213766182965,0.02037393901279831,intermediate,2.083380471864995,Epithelial cells
0.10663963728640455,0.37618889875150296,0.016200585557631885,intermediate,-5.16818560345845,Epithelial cells
0.07070295686223899,-0.04763649542804672,-0.013570737066539194,hypoxic_low_neighbor_CD8,1.0243798213686066,Epithelial cells
-0.16743878068694149,-0.022607446199486615,-0.01349542646112069,intermediate,-0.30953537536344083,Epithelial cells
0.09677922677802275,-0.022389639727017175,-0.014323408047036442,hypoxic_low_neighbor_CD8,0.7519500776412797,Epithelial cells
-0.24303857581203722,-0.038277467735383194,-0.01272413984805788,intermediate,-0.3798755130008643,Epithelial cells
-0.09638036613962259,0.0,0.013818359882653891,permissive_high_CD8,-0.361230059397563,Epithelial cells
0.3564305592732257,0.0,0.012913988083087087,intermediate,1.4635014890403473,Epithelial cells
-0.15798516637350182,0.0,0.010672762576635322,permissive_high_CD8,-0.6094842781302123,Epithelial cells
-0.08376732025759287,0.0,0.012011087464506897,permissive_high_CD8,-0.310402171970045,Epithelial cells
0.5353566278894264,0.0,-0.01592030447986927,hypoxic_low_neighbor_CD8,2.18453542156808,Epithelial cells
0.6415505868842803,-0.06710732803653609,-0.016310923302221877,hypoxic_low_neighbor_CD8,3.6159178914611263,Schwann cells
0.5215672307225117,-0.017665366894803067,-0.014731904787895005,hypoxic_low_neighbor_CD8,2.393114047125613,Fibroblasts
0.5404456849079056,0.0,-0.015907538242829148,hypoxic_low_neighbor_CD8,2.205043237020968,DCs
-0.21172145858825928,0.0,-0.016310923302221877,permissive_high_CD8,-0.8260300860983965,Monocytes
-0.4300539560586094,-0.023076391413144253,-0.013793850588573298,intermediate,-1.3608065254853026,Macrophages
0.5892350616225277,-0.017634501824012168,-0.006948329369548843,hypoxic_CD8_low,2.665339467900816,MAST cells
-0.03775783140496557,-0.025375707912058964,-0.012381864205384866,intermediate,0.2544445234303764,Fibroblasts
-0.28699285055260104,-0.02703155100586926,-0.01666119790431137,intermediate,-0.7251599839495639,Endothelial cells
-0.253159718341138,0.0,-0.014619209441417948,permissive_high_CD8,-0.9930174436019775,Monocytes
0.0,0.0,-0.010832135783515964,intermediate,0.02716228026301206,NK cells
-0.15166769066010136,0.0,-0.01648456828314283,permissive_high_CD8,-0.5840261970774598,Fibroblasts
0.3919125733126598,-0.023685277714903055,-0.01518908499384377,hypoxic_low_neighbor_CD8,1.9606480145220273,MAST cells
-0.025171886964974154,0.0,-0.0024412462103222065,intermediate,-0.07427506080119284,Fibroblasts
-0.05285424688254973,0.0,-0.0024412462103222065,intermediate,-0.1858290729548491,Fibroblasts
-0.1953558557962318,0.0,-0.0024412462103222065,permissive_high_CD8,-0.7600801938854628,Fibroblasts
-0.13301510791701965,0.0,-0.009456052342568012,permissive_high_CD8,-0.5088602629513836,Pericytes
-0.08372836898129628,-0.016881265138324938,-0.009195217204640914,intermediate,-0.0578227768902464,Fibroblasts
-0.18402611299690952,-0.016984155786182235,-0.009195217204640914,intermediate,-0.4604628099174656,Pericytes
-0.047309255025472986,0.0,-0.0026990039789403174,intermediate,-0.16348393724900434,Fibroblasts
-0.011251236061494514,0.0,-0.005978102561755057,intermediate,-0.018177803750227605,Fibroblasts
-0.014291385809580448,0.0,-0.010059641890841136,intermediate,-0.03042895946660106,NK cells
-0.13829958199497208,0.0,-0.011221749129404745,permissive_high_CD8,-0.5301555675161983,NK cells
-0.1886172141416006,0.0,-0.011196904433401008,permissive_high_CD8,-0.732924903827891,NK cells
0.24698844779447382,-0.013229806413534682,-0.006755184451578118,intermediate,1.2202959427365612,NK cells
0.2499223119283776,0.0,-0.007880602127466446,intermediate,1.0342959460827081,NK cells
0.27378633103696215,-0.01608041713112279,-0.006755184451578117,intermediate,1.370910356225349,NK cells
-0.013507295325099224,0.0,-0.008928652234405641,intermediate,-0.027269241881257088,Fibroblasts
0.343008959628492,0.0,-0.0024283711565972663,intermediate,1.4094153022286682,Fibroblasts
-0.022724844844465755,0.0,-0.0036040046115314106,intermediate,-0.06441400244979163,Fibroblasts
-0.03587253218195046,0.0,-0.0054148605156202215,intermediate,-0.11739638102608657,Fibroblasts
-0.013059817164777273,0.0,-0.0065160480427195015,intermediate,-0.025466000239876732,Fibroblasts
-0.10045732551789188,0.0,-0.0075479672827057824,permissive_high_CD8,-0.37765933700928356,Fibroblasts
-0.05247732721658117,-0.02116089793834609,-0.006434172142533316,intermediate,0.13210481902271903,DCs
-0.27022144976389934,-0.01327930288276209,-0.0075479672827057824,intermediate,-0.863209630347006,Fibroblasts
-0.12445595369760291,0.0,-0.00875629181803962,permissive_high_CD8,-0.47436869515655766,Fibroblasts
-0.17117980589349585,0.0,-0.006276450948676599,permissive_high_CD8,-0.662655863997861,Fibroblasts
-0.18149629462674918,0.0,-0.009422839894468484,permissive_high_CD8,-0.7042291154460414,Fibroblasts
-0.13070680242944435,-0.03439678161250435,-0.009422839894468486,intermediate,0.014770418508073258,Fibroblasts
-0.19803938042207894,-0.014162188116838092,-0.008012113365245412,intermediate,-0.5591296515029256,NK cells
-0.13307211389503326,0.0,-0.008479889973937742,permissive_high_CD8,-0.5090899848964453,Monocytes
-0.010352772402476115,0.0,-0.006326946394967969,intermediate,-0.014557186641130537,Fibroblasts
-0.026693535617077685,0.0,-0.007487985737088881,intermediate,-0.08040698064963683,Fibroblasts
-0.11529789966751773,0.0,-0.007282031660298747,permissive_high_CD8,-0.4374636887330505,Fibroblasts
-0.12398980994779901,-0.015279283407728682,-0.004224663643058334,intermediate,-0.24402194142228795,Fibroblasts
-0.042923115343453895,0.0,0.020059309243119123,intermediate,-0.1458087288905963,Fibroblasts
-0.12384918703132844,0.0,-0.005019950673647738,permissive_high_CD8,-0.4719235547759848,Fibroblasts
-0.013507295325099224,0.0,-0.0073714217676324875,intermediate,-0.027269241881257088,Fibroblasts
-0.06888105400116089,-0.0231462644661969,-0.007750961108085436,intermediate,0.09568811307142597,Fibroblasts
0.36411375357922776,0.0,-0.006150654871293246,intermediate,1.4944631250259588,MAST cells
-0.03917945340934049,0.0,-0.008912471238418146,intermediate,-0.1307225689627312,Schwann cells
-0.0654282091133087,0.0,-0.002105616429234967,intermediate,-0.23649946159534718,Schwann cells
-0.09085416985324109,0.0,-0.002105616429234967,permissive_high_CD8,-0.3389606658368249,Schwann cells
-0.24166502435523343,-0.015066433532035302,-0.002105616429234967,intermediate,-0.7214106870358099,Schwann cells
-0.03959447408775728,0.0,-0.0032812498841691116,intermediate,-0.132395013867789,Schwann cells
-0.13245591006604543,-0.0165178129064892,-0.004972963744973043,intermediate,-0.2596190189049007,Fibroblasts
0.0,0.0,-0.004972963744973042,intermediate,0.02716228026301206,Fibroblasts
-0.047236400435727285,0.0,-0.014466909068798729,intermediate,-0.16319034877554542,Fibroblasts
0.12362224007227335,-0.01608041713112279,-0.014608812975658256,hypoxic_low_neighbor_CD8,0.7657810652835697,NK cells
0.04079534346798819,0.0,-0.01432104818573204,intermediate,0.19155882212544095,NK cells
-0.21052508373337098,0.0,-0.013297774112819821,permissive_high_CD8,-0.8212089503462453,NK cells
-0.1381283649000298,-0.057368876963009234,-0.013297774112819821,intermediate,0.32836058842024135,T cells
0.18371451619159745,-0.055777596076007796,-0.01329777411281982,hypoxic_low_neighbor_CD8,1.6015246955046933,NK cells
0.28753337994158035,0.0,-0.013297774112819821,hypoxic_low_neighbor_CD8,1.1858605363398045,NK cells
-0.1763206583907805,-0.011788979233035192,-0.008569878733914231,intermediate,-0.5070939820663077,NK cells
-0.23277690228688191,0.0,-0.013568183832001268,permissive_high_CD8,-0.9108790378947895,NK cells
-0.2660345260397976,-0.028369266494565646,-0.0088098215831597,intermediate,-0.620699789937427,Epithelial cells
-0.27452657308923195,0.0,-0.007858196250822864,permissive_high_CD8,-1.0791213155750081,Epithelial cells
-0.14881936804836535,0.0,-0.009199308415977901,permissive_high_CD8,-0.5725480638477348,Epithelial cells
-0.23621237325859837,-0.020303479090393314,0.009550470411375305,intermediate,-0.6211290930413103,Epithelial cells
-0.000743877456848896,-0.0111332557462005,-0.008198693245850434,intermediate,0.1906381229370368,Epithelial cells
0.2570757506841637,0.0,-0.008198693245850434,intermediate,1.06312278007661,Epithelial cells
0.15302111537580987,-0.011716469096751348,-0.008198693245850434,intermediate,0.8189989623271648,Epithelial cells
-0.18956344481931633,-0.01618525952945354,-0.01075785755306764,intermediate,-0.4947228250175594,Fibroblasts
-0.18011347620362736,0.0,-0.01075785755306764,permissive_high_CD8,-0.6986566518396676,Epithelial cells
-0.06984286327438662,-0.02011668247732556,-0.012398133297198214,intermediate,0.046511448496528524,Fibroblasts
-0.0013234050398370778,0.0,-0.012957486321247219,intermediate,0.02182923993199374,NK cells
-0.11242925498380239,0.0,-0.008518202906517204,permissive_high_CD8,-0.4259036618832974,Monocytes
0.36338161560426274,0.0,-0.00630740881287939,intermediate,1.4915127649843807,Monocytes
-0.23562723182770143,0.0,-0.007768036254182679,permissive_high_CD8,-0.9223652586211023,Macrophages
-0.1823410279300797,-0.01802180749684693,-0.006098073439398597,intermediate,-0.4381564623749929,Schwann cells
-0.06956288900720067,0.0,-0.002280471135086698,permissive_high_CD8,-0.25316134058644657,Monocytes
-0.06737394217985222,0.0,-0.002280471135086698,intermediate,-0.24434035127380122,DCs
-0.09538799883371377,0.0,-0.002280471135086698,permissive_high_CD8,-0.357231030599662,Fibroblasts
-0.21053298888915034,-0.014864716935254301,-0.014283963511025535,intermediate,-0.5989714483444618,Fibroblasts
-0.3348538195751757,-0.024760765585339503,-0.014283963511025535,intermediate,-0.951984124961867,NK cells
-0.1440529267950709,-0.03267387436469074,-0.013498031562156522,intermediate,-0.06477393185479013,Macrophages
0.49587059403997824,0.0,-0.009279674331829777,intermediate,2.025415118492171,NK cells
0.5768289680940559,-0.011122175556445412,-0.008958343230439262,intermediate,2.517967946332509,Epithelial cells
-0.21277748628792514,-0.014075105489506896,-0.008958343230439262,intermediate,-0.6198232082673141,Epithelial cells
0.021762675549610533,0.0,-0.01081127695709105,intermediate,0.11486122572813379,Epithelial cells
-0.1973144198995996,-0.011452255944008768,-0.00917253384866856,intermediate,-0.5967293287308825,Epithelial cells
-0.03979707051472491,0.0,-0.009118288313007228,intermediate,-0.1332114343010009,Fibroblasts
-0.12735994944131998,0.0,-0.010009415751365837,permissive_high_CD8,-0.48607117924582427,Macrophages
-0.1517329388354198,-0.01529615224614317,-0.008763129958900523,intermediate,-0.35556860296187115,DCs
0.2580289998686457,0.0,-0.009701470324867649,intermediate,1.0669641711801068,Fibroblasts
-0.09369315488271446,-0.018890359623712084,-0.009225024095913659,intermediate,-0.06793712328282109,Fibroblasts
-0.2885476537497647,-0.01438234113005974,-0.007162531570867005,intermediate,-0.9205668010901397,Fibroblasts
0.1017492822853916,-0.015196024164979756,-0.010654414391871566,intermediate,0.6644135417439292,Fibroblasts
0.07409718907980556,0.0,-0.008790010447122468,intermediate,0.32575816427622445,NK cells
-0.1867424838514213,-0.016249544707387084,-0.009122805653313392,intermediate,-0.48239370902809714,Endothelial cells
-0.1547519882998792,0.0,-0.010738681427702087,permissive_high_CD8,-0.5964552593907066,Pericytes
-0.052979189708050954,0.0,-0.014211710261912482,intermediate,-0.1863325659198989,Fibroblasts
-0.15412188916800013,0.0,-0.008408049082788218,permissive_high_CD8,-0.5939160941452241,Fibroblasts
0.5875892428509202,0.0,-0.006276450948676599,intermediate,2.395021730595957,NK cells
0.26642905181670284,-0.039242404675194124,-0.013317634863087685,hypoxic_low_neighbor_CD8,1.68759899672528,Epithelial cells
-0.30952820744380416,-0.009042883691517447,-0.010292107405771932,intermediate,-1.0849538798718572,Epithelial cells
0.17802539216466695,-0.012597981734797058,-0.009571111411379094,intermediate,0.9329419652384567,Epithelial cells
0.09743345406160775,0.0,-0.008591021989521226,intermediate,0.4197983398664599,Epithelial cells
-0.1529279655242062,-0.01429014746476764,-0.011766860166541961,intermediate,-0.37542690898826603,NK cells
0.031417706884054764,0.0,-0.012757841295558911,intermediate,0.15376894479664782,Schwann cells
-0.12077598112175264,0.0,-0.010149598218168807,permissive_high_CD8,-0.4595391897721238,Fibroblasts
-0.10882888548824203,0.0,-0.006432673290834414,permissive_high_CD8,-0.41139493995130655,NK cells
-0.14158893876286396,0.0,-0.008970936107249394,permissive_high_CD8,-0.5434109744235461,NK cells
0.5098192318376288,-0.014941055282407445,-0.00872579206500137,intermediate,2.3050359880191396,NK cells
-0.15186309814453125,0.0,-0.006811152070800947,permissive_high_CD8,-0.5848136476040015,NK cells
-0.1725438435872396,0.0,-0.01051353636058236,permissive_high_CD8,-0.6681526452664741,NK cells
-0.060424425515783836,-0.01983936981633607,-0.013317634863087683,intermediate,0.08031914102831664,Endothelial cells
0.2521646707412229,-0.027334666927816414,-0.012567444014967535,hypoxic_low_neighbor_CD8,1.4520623841316942,NK cells
0.00521749138353339,-0.012918578468353642,-0.013520120512618713,intermediate,0.24135676903505582,NK cells
0.15352616683546316,0.0,-0.01564269670751574,hypoxic_low_neighbor_CD8,0.6458400206024077,NK cells
0.048757146879372326,-0.013494612234324096,-0.009849240036628508,intermediate,0.42542562980684684,NK cells
-0.19826991682550515,0.0,-0.014323702193143073,permissive_high_CD8,-0.7718232389308985,NK cells
-0.1889541503416008,0.0,-0.005394961734210593,permissive_high_CD8,-0.7342826849224848,Fibroblasts
-0.11211701665058672,0.0,-0.007207859994267967,permissive_high_CD8,-0.4246454079294406,Fibroblasts
-0.02898667232099786,0.0,-0.004957024642491309,intermediate,-0.08964783296500223,Fibroblasts
-0.22348515767170243,0.0,-0.005394961734210593,permissive_high_CD8,-0.8734352868989683,Fibroblasts
-0.13503744899029713,0.0,-0.005394961734210593,permissive_high_CD8,-0.5170098665740142,Endothelial cells
-0.1757700203891739,0.0,-0.011452619717349568,permissive_high_CD8,-0.6811534503728452,Pericytes
-0.07982041079356489,0.0,-0.011409452440928511,permissive_high_CD8,-0.2944969678028231,Pericytes
-0.09129169858603114,-0.026057556090567275,-0.009158617089151853,intermediate,0.04890999469270646,NK cells
-0.06815528869628906,0.0,-0.010916510863825378,permissive_high_CD8,-0.24748901125258693,Fibroblasts
0.2900206008589411,-0.0397822654199021,-0.008403651949204253,hypoxic_CD8_low,1.7907403503718697,Epithelial cells
0.28632844643420485,-0.019019067046130718,-0.012222907675100885,hypoxic_CD8_low,1.4653934965981368,Schwann cells
-0.3089616461451274,-0.02532998559928616,-0.011441807997854134,intermediate,-0.8391327415162082,Endothelial cells
-0.07048001681944449,0.0,-0.013343440183261144,permissive_high_CD8,-0.2568571702562482,Epithelial cells
-0.12559256496199642,-0.033762530276649876,-0.014863261005334688,intermediate,0.025895863098522598,Pericytes
-0.2575594430946442,-0.01354774386293975,-0.008762772813660573,intermediate,-0.8081704931411104,Fibroblasts
-0.15000940039454694,0.0,-0.014863261005334688,permissive_high_CD8,-0.5773436406412039,Endothelial cells
-0.16420758105664846,-0.017424965676991082,-0.014450708059807698,intermediate,-0.37400700033601647,Endothelial cells
-0.12011876546714201,0.0,-0.0042323181342821216,permissive_high_CD8,-0.4568907507177837,Monocytes
-0.17892883484622082,-0.014687459961122829,-0.015383086867338892,intermediate,-0.474263932177873,Fibroblasts
-0.05504095314975723,0.0,-0.009670455446127456,intermediate,-0.19464103328752533,Endothelial cells
0.019143056199253772,-0.010739763738655369,-0.01032513548970705,intermediate,0.26489441515803414,Epithelial cells
0.16636241870711607,0.0,-0.01154729267846235,intermediate,0.6975673806093349,Fibroblasts
-0.47933524870968247,-0.010228044108340615,-0.012291739601516211,intermediate,-1.7515185910620328,Epithelial cells
-0.24822506272649192,0.0,-0.01229173960151621,permissive_high_CD8,-0.9731318329080412,Epithelial cells
-0.1695919113465581,0.0,-0.008219103613684857,permissive_high_CD8,-0.6562569873083287,Epithelial cells
-0.3662073865951784,-0.008875555355056578,-0.0088862377944102,intermediate,-1.3158609247614468,Epithelial cells
0.01178110172470892,-0.011166703845807898,-0.009487545795929737,intermediate,0.24161126356206625,Epithelial cells
-0.14800011202034702,-0.017226008751131745,-0.00915991220718775,intermediate,-0.31166931951316496,Fibroblasts
0.2244813413505094,-0.012272412960345928,-0.010465559142160352,intermediate,1.1152813724709458,Pericytes
-0.1362643261032411,0.0,-0.010502431846340659,permissive_high_CD8,-0.5219539199269763,Monocytes
-0.22200183791807857,-0.015631475911931952,-0.00938216761538857,intermediate,-0.6337232613415487,Fibroblasts
-0.1677168420998447,-0.014342557080844153,-0.005380718717690904,intermediate,-0.43423925922575346,Monocytes
-0.21450753575826745,0.0,-0.009955715328736505,permissive_high_CD8,-0.8372573834606704,Fibroblasts
-0.09587785805085576,-0.017573489833939897,-0.009105689129848712,intermediate,-0.09643192152077704,Macrophages
-0.13534167492724805,-0.016881265138324938,-0.009850136052902572,intermediate,-0.2658134025424159,Fibroblasts
-0.05078149512110944,0.0,-0.005380718717690904,intermediate,-0.1774763249999893,Macrophages
-0.07153756168472719,0.0,-0.01306528092717674,permissive_high_CD8,-0.26111885073096386,Fibroblasts
0.09257810565841251,-0.02211281934730437,-0.010462997477707755,hypoxic_CD8_low,0.7308812108205993,Epithelial cells
0.26038779025096964,0.0,-0.01684932547864,hypoxic_low_neighbor_CD8,1.0764695938305302,Epithelial cells
0.2326911290486654,-0.009556940210010358,-0.00992487194406198,intermediate,1.107761106730861,Epithelial cells
0.0727321460065114,-0.02042188142475329,-0.010824209411456358,hypoxic_CD8_low,0.62562194057903,Epithelial cells
-0.0016500013899132804,0.0,-0.011425287295610476,intermediate,0.020513126229469082,Fibroblasts
-0.15835132201512653,-0.03326742272627981,-0.02136756308809144,intermediate,-0.11351819934102209,Schwann cells
-0.12582176851939006,0.0,-0.019982394258342133,permissive_high_CD8,-0.4798726378725308,Schwann cells
0.09386941036546087,-0.026603930392246015,-0.020168359334330487,hypoxic_low_neighbor_CD8,0.8032396449610075,Epithelial cells
0.633922057936948,-0.017872408816688938,-0.015149381575796766,hypoxic_low_neighbor_CD8,2.848975920715592,Epithelial cells
0.3596574254782803,-0.011600860217322222,-0.01613656583263485,hypoxic_low_neighbor_CD8,1.6499705856363407,Schwann cells
-0.1563467337903249,-0.023698806762695312,-0.017517873053608635,intermediate,-0.2485178774792095,Schwann cells
-0.03365292223581828,-0.01314232706540992,-0.015248473356609886,intermediate,0.08806295562957639,Schwann cells
-0.3406914400767131,-0.024792136451010763,-0.017264025220986804,intermediate,-0.975039409012375,Schwann cells
-0.118482536101437,-0.017063133147081383,-0.021268203223121635,intermediate,-0.1951552266344872,Schwann cells
-0.15057662596185523,-0.015179585831368018,-0.02258681388679947,intermediate,-0.35265190446030015,Schwann cells
0.8315153390049456,-0.04718257348064469,-0.02084086330635184,hypoxic_low_neighbor_CD8,4.083504203408295,Schwann cells
-0.12010814865908949,0.0,-0.011295012230815193,permissive_high_CD8,-0.45684796724346827,Fibroblasts
-0.23789619537721196,-0.014834600904209894,-0.005502076863277296,intermediate,-0.7096896596116875,MAST cells
-0.13439852549847828,0.0,-0.006141616265300797,permissive_high_CD8,-0.5144351410381914,Fibroblasts
-0.22436509649437594,-0.03191643687877578,-0.011577898288062709,intermediate,-0.39974068591471484,Endothelial cells
0.189727430362778,0.0,-0.009697927186685374,intermediate,0.7917233991701363,Endothelial cells
-0.25952047325042354,0.0,-0.0088943598563211,permissive_high_CD8,-1.0186499305925958,Schwann cells
0.2594585916603426,-0.03300755612763316,-0.012886344212108618,hypoxic_low_neighbor_CD8,1.566280992403807,Schwann cells
-0.20105516671176896,0.0,-0.011306423761262263,permissive_high_CD8,-0.7830472025159531,Schwann cells
0.12681752060311868,0.0,-0.009652989949935522,intermediate,0.538209867129871,Schwann cells
-0.15568078282367753,-0.018911523857580024,-0.010358899936341403,intermediate,-0.3174175912378805,Schwann cells
0.09582374086341708,0.0,-0.010962350551898665,intermediate,0.413311538661305,Schwann cells
-0.2872288715408509,0.0,-0.009810591966677936,permissive_high_CD8,-1.130308871840817,Schwann cells
-0.3061535387154085,-0.02819956652066003,-0.01388607436989644,intermediate,-0.7849083550798268,Schwann cells
-0.17083991483512173,0.0,-0.010730102992089976,permissive_high_CD8,-0.6612861754536155,Schwann cells
-0.012585943482487077,0.0,-0.011113580389704943,intermediate,-0.023556390269090396,Epithelial cells
0.10537724992836336,0.0,-0.018922941630024982,hypoxic_low_neighbor_CD8,0.451810144615216,Schwann cells
0.423014943379475,-0.030558566815457364,-0.025947634700821478,hypoxic_low_neighbor_CD8,2.1887589572613964,Schwann cells
-0.09183668420017962,-0.0227952022784152,-0.013361210379040674,intermediate,-0.002067553293177038,Monocytes
-0.24015391399582706,-0.01686859130859375,-0.005502076863277296,intermediate,-0.6883739029449172,Schwann cells
-0.1550365585878671,0.0,-0.013852088621914307,permissive_high_CD8,-0.5976020170175597,Fibroblasts
-0.1688323116685492,0.0,-0.012910899716993737,permissive_high_CD8,-0.6531959624547822,Fibroblasts
-0.05452350631775148,-0.021985996107340824,-0.009834783826923241,intermediate,0.13619669326795647,Schwann cells
-0.07691386425830274,0.0,-0.009626370853418924,permissive_high_CD8,-0.2827842045671301,Schwann cells
-0.1632992541454882,-0.01618525952945354,-0.011006373110731282,intermediate,-0.38888373274515575,Schwann cells
-0.27139015657355986,-0.025605518325620334,-0.006878842097705836,intermediate,-0.6836076541416107,Fibroblasts
-0.2703604334329506,-0.015212532962382081,-0.006878842097705836,intermediate,-0.8348624737415555,Fibroblasts
-0.2275438270415647,0.0,-0.01957590885651417,permissive_high_CD8,-0.8897908596738829,Epithelial cells
0.1284417162937333,-0.041202583776311835,-0.012158162712889968,hypoxic_CD8_low,1.1608496306009648,Epithelial cells
0.2007012252348015,-0.023051584297828828,-0.013319342210386125,hypoxic_low_neighbor_CD8,1.1806315231528774,Epithelial cells
-0.09212472663825777,-0.037994979364186644,-0.015931629716304307,intermediate,0.2240511474985536,Epithelial cells
-0.27664006857508155,-0.04477699758552829,-0.017486410617184863,intermediate,-0.418096103753568,Fibroblasts
0.2586888156262746,0.0,-0.00968609731367886,intermediate,1.0696230880956035,Schwann cells
0.35342292038791145,-0.024205852616653752,-0.011421102196903201,hypoxic_CD8_low,1.8133269743227174,Epithelial cells
0.34124142673599667,-0.053601392367590775,-0.01358361662479869,hypoxic_low_neighbor_CD8,2.203784209717889,Epithelial cells
-0.23871600580023952,-0.011194819863508588,-0.012266516331558123,intermediate,-0.7674182924362638,Endothelial cells
-0.3018727130200489,-0.026323181414893763,-0.011026800724498013,intermediate,-0.7957147784651797,Fibroblasts
0.0460458606122488,-0.04881520213385825,-0.012521706837230686,intermediate,0.9426419601717648,Schwann cells
0.0036914137951341575,0.0,-0.011075758193990318,intermediate,0.04203789132336543,Schwann cells
-0.1685440186037117,0.0,-0.019917998333208956,permissive_high_CD8,-0.6520342028304419,Schwann cells
-0.10740250277231975,-0.01943224933948594,-0.016654336404221263,intermediate,-0.11508009769557434,Schwann cells
0.29463694564788695,-0.039312277728246775,-0.022019571170472263,hypoxic_low_neighbor_CD8,1.8023155973903604,Schwann cells
1.0613698250797379,0.0,-0.020757388682500554,hypoxic_low_neighbor_CD8,4.304256527971883,Schwann cells
-0.10925612392195735,0.0,-0.013607015043456867,permissive_high_CD8,-0.41311661980696546,Schwann cells
0.2559557181285567,-0.018765688907762288,-0.013184852703058445,hypoxic_low_neighbor_CD8,1.3392091567252522,Fibroblasts
0.08669362202226877,-0.050103036980879936,-0.013375899473182585,hypoxic_low_neighbor_CD8,1.1257005336346313,Fibroblasts
0.31113886258688317,0.0,-0.013773353540623878,hypoxic_low_neighbor_CD8,1.2809856017514119,Fibroblasts
-0.08423868815104167,0.0,-0.01475835702358148,permissive_high_CD8,-0.31230168414571197,Fibroblasts
-0.08470477828060288,0.0,-0.01656406572473194,permissive_high_CD8,-0.3141799280574516,Fibroblasts
-0.11082671445057574,0.0,-0.012655909405707025,permissive_high_CD8,-0.41944576498965896,Schwann cells
0.13599705887606822,-0.016142984150874954,-0.018202610569283385,hypoxic_low_neighbor_CD8,0.8165845013986388,Schwann cells
0.017544160885025695,-0.026020368583771863,-0.017888923727388165,intermediate,0.4869392606730606,Schwann cells
-0.3061206312064665,-0.027663311977618135,-0.019535081299692995,intermediate,-0.7927942596515853,Schwann cells
-0.054197211820916476,0.0,-0.017824672462164792,intermediate,-0.19124093550929055,Fibroblasts
-0.1766565315215942,0.0,-0.021980105656200417,permissive_high_CD8,-0.6847259013464915,Fibroblasts
-0.07232877719833186,-0.03543373447680763,-0.02067905083680764,intermediate,0.26552678555857867,Epithelial cells
-0.29491504224907444,-0.05840723138106497,-0.02255256044076361,intermediate,-0.28792999334824443,Fibroblasts
0.02384797851723358,-0.01347356769237441,-0.007302830769465519,intermediate,0.3247323135978004,Schwann cells
-0.06317134075854199,0.0,-0.01900596728048183,intermediate,-0.22740476299932888,Schwann cells
-0.2649807910842589,0.0,-0.013871822151256152,permissive_high_CD8,-1.0406538480263752,Schwann cells
0.30176348092565575,0.0,-0.008621451085717411,intermediate,1.2432048112806648,Schwann cells
-0.1207789225750659,0.0,-0.013184614091427864,permissive_high_CD8,-0.45955104320223716,Schwann cells
-0.04004030342561653,0.0,-0.01439117806160498,intermediate,-0.13419161110596128,Fibroblasts
-0.10740250277231975,-0.01943224933948594,-0.015662016077080235,intermediate,-0.11508009769557434,Schwann cells
-0.1143053200350229,-0.017727826770983245,-0.012321813611688243,intermediate,-0.16838289533218878,Schwann cells
-0.16980479903010479,-0.03207851324969458,-0.017888923727388165,intermediate,-0.17745081441907645,Schwann cells
-0.19085062172518197,0.0,-0.011026330322389177,permissive_high_CD8,-0.7419250605148475,Fibroblasts
-0.08338270225678103,-0.0210144664594519,-0.015746251838570823,intermediate,0.005373179884581136,Schwann cells
-0.08201684147478586,0.0,-0.011580287879295194,permissive_high_CD8,-0.30334811545198087,Fibroblasts
-0.12905643263973865,0.0,-0.007773643563150878,permissive_high_CD8,-0.4929076450637084,Endothelial cells
-0.14455122737041917,-0.03428745655878353,-0.007773643563150878,intermediate,-0.04265438142734107,Fibroblasts
0.021949473633823657,-0.014212857373812903,-0.011502027897699642,intermediate,0.3281362050602487,Fibroblasts
-0.13096863773453188,0.0,-0.008706090839607352,permissive_high_CD8,-0.5006134241598544,Fibroblasts
-0.1930977082156752,0.0,-0.007891039841892588,permissive_high_CD8,-0.7509803402820774,Fibroblasts
-0.1532398668158964,0.0,-0.007426781145989009,permissive_high_CD8,-0.5903617319998239,Fibroblasts
0.5227893471239082,-0.02520271641040138,-0.022490891110398346,hypoxic_low_neighbor_CD8,2.5107435065598613,Epithelial cells
-0.006827577769038196,-0.0414411683796871,-0.021834457129762883,intermediate,0.6193107088890427,Epithelial cells
-0.11471451908709054,0.0,-0.020243390272503436,permissive_high_CD8,-0.4351127892955404,Fibroblasts
-0.13123359833376474,0.0,-0.01535203041817978,permissive_high_CD8,-0.501681158919285,Endothelial cells
0.1715172012168241,-0.016471802947009624,-0.01407105082925032,hypoxic_low_neighbor_CD8,0.9646398732446354,Endothelial cells
-0.11239322218071504,0.0,-0.016094119153042073,permissive_high_CD8,-0.4257584573644087,Schwann cells
0.08647206988200606,-0.029147352766894136,-0.014628259823550739,hypoxic_low_neighbor_CD8,0.8114612624782498,Epithelial cells
-0.20977755627000189,-0.015196024164979756,-0.016798792129907855,intermediate,-0.5909732402310546,Endothelial cells
0.2101332418411132,-0.011607186514356358,-0.014338206408316628,hypoxic_low_neighbor_CD8,1.047514580826011,Fibroblasts
0.09471965745749722,-0.025170386078869282,-0.020432496939593484,hypoxic_low_neighbor_CD8,0.7852304370778205,Epithelial cells
0.3030039383225651,-0.030346024856876264,-0.02005547042156842,hypoxic_low_neighbor_CD8,1.701962077247776,Epithelial cells
-0.1079370812718648,0.0,-0.015828267057575836,permissive_high_CD8,-0.40780115897711783,Endothelial cells
-0.11004398912789831,0.0,-0.009381009370852738,permissive_high_CD8,-0.4162915487155076,Fibroblasts
0.29318563143412274,-0.018765688907762288,-0.0152624990615124,hypoxic_low_neighbor_CD8,1.489237774723671,Schwann cells
-0.08217184993636656,0.0,-0.014071005140399804,permissive_high_CD8,-0.3039727665243092,Fibroblasts
0.3587385870845442,-0.026358928757640513,-0.01608023476182369,hypoxic_low_neighbor_CD8,1.8669425270938889,Epithelial cells
-0.18009243983341508,-0.010799851012133394,-0.014464731319391456,intermediate,-0.5370837086366764,Epithelial cells
0.10031042544238536,-0.01481963072711157,-0.009626370853418924,intermediate,0.6529871139099341,Schwann cells
0.24856261555928302,0.0,-0.015712545114329308,hypoxic_low_neighbor_CD8,1.02881665942742,Schwann cells
0.31185413364425724,0.0,-0.013151384333045536,hypoxic_low_neighbor_CD8,1.2838679917089533,Schwann cells
-0.20951656356872803,-0.016564369201660156,-0.00846470647495285,intermediate,-0.5694608854579117,Schwann cells
-0.1663954401590738,-0.017424965676991082,-0.010361272539043558,intermediate,-0.38282360634898455,Schwann cells
-0.04460890130345601,-0.0179880427928106,-0.00730283076946552,intermediate,0.1163697838148833,Schwann cells
0.45712641731323483,0.0,-0.010941826862844862,intermediate,1.8692843415523601,Schwann cells
-0.2947049428181476,-0.01405058602089824,-0.007302830769465519,intermediate,-0.9503400367720439,Schwann cells
0.13053312646337303,-0.03160206412496837,-0.012834091096432746,hypoxic_low_neighbor_CD8,1.0257227764694936,Schwann cells
-0.23744311964655496,0.0,-0.018882399725045265,permissive_high_CD8,-0.9296828996176508,Schwann cells
0.04004683552018129,-0.06844744508565678,-0.017512417676156026,intermediate,1.212024458530701,Schwann cells
-0.19120479108818084,-0.013768073518266562,-0.016867399730502188,intermediate,-0.5374808353097563,Schwann cells
-0.23390626715847765,-0.014124622229139815,-0.011762279440999513,intermediate,-0.7042272786076171,Schwann cells
-0.08707762722030701,0.0,-0.010825573706272965,permissive_high_CD8,-0.3237420036986431,Schwann cells
0.3127319592548662,0.0,-0.011147880296797245,intermediate,1.2874054418803345,Schwann cells
-0.30474819811472453,-0.027536147036533124,-0.022958885609862294,intermediate,-0.789165120519901,Schwann cells
-0.27325457837208206,-0.04029548506022465,-0.024436867864508376,intermediate,-0.47146452601120914,Schwann cells
-0.18448424435044866,-0.0167810038516396,-0.024204082849376436,intermediate,-0.4653466748934418,Schwann cells
-0.004297071671390151,-0.012673455211315078,-0.01624617139015764,intermediate,0.19934982455889871,Schwann cells
0.22617659654962013,0.0,-0.01599835210483567,hypoxic_low_neighbor_CD8,0.938605772634838,Schwann cells
-0.05740087578095585,0.0,-0.01522496142368085,intermediate,-0.20415101865966392,Fibroblasts
-0.008724259085444552,-0.04609312605761323,-0.014347446431354311,intermediate,0.6812273485232363,Endothelial cells
-0.29864952363163594,-0.013494612234324096,-0.010919167059153197,intermediate,-0.974549229989731,Schwann cells
0.1702812043538534,0.0,-0.011854248651769643,intermediate,0.7133592517852515,Schwann cells
-0.374694058215283,-0.0583353583146686,-0.015253069912373775,intermediate,-0.6104971337245656,Schwann cells
-0.20090293118273878,0.0,-0.014344396990159583,permissive_high_CD8,-0.7824337257709713,Fibroblasts
0.24690444929053984,0.0,-0.017215411190079292,hypoxic_low_neighbor_CD8,1.0221346026718932,Schwann cells
0.20856951470355914,-0.016881265138324938,-0.016315770374457684,hypoxic_low_neighbor_CD8,1.120075414093324,Epithelial cells
-0.08228077562937296,-0.020736752251381815,-0.011917687942463699,intermediate,0.0056611003077246536,Endothelial cells
-0.2156836637052666,0.0,-0.011793036531662008,permissive_high_CD8,-0.8419969284880615,Epithelial cells
0.08954135529008733,-0.03366947560175228,-0.010113581439905,hypoxic_CD8_low,0.8914482935558475,Epithelial cells
-0.18438760535305285,0.0,-0.010623029111689724,permissive_high_CD8,-0.7158804816179442,Epithelial cells
-0.22152257779515888,0.0,-0.010623029111689724,permissive_high_CD8,-0.8655265081657846,Epithelial cells
-0.1030511951829535,-0.0111332557462005,-0.011006284500101477,intermediate,-0.22163856875426105,Epithelial cells
0.0374577026290587,-0.013802258109274181,-0.008603449614263577,intermediate,0.38449144882981523,Epithelial cells
-0.15504650681851856,-0.011144370685222178,-0.009985899764355701,intermediate,-0.4310023963174159,Epithelial cells
0.1864845781441194,-0.03123878756998039,-0.0099858997643557,hypoxic_CD8_low,1.2457631980825448,Epithelial cells
-0.10129406174502699,0.0,-0.008824018396024924,permissive_high_CD8,-0.3810312057202301,Epithelial cells
-0.3104476315908164,0.0,-0.008094430645467781,permissive_high_CD8,-1.2238755275926696,Epithelial cells
0.26132275206018163,-0.038691316056348055,-0.012409401454745356,hypoxic_low_neighbor_CD8,1.658781370703922,Schwann cells
-0.19584030702889685,-0.030132867064070604,-0.012191067694330667,intermediate,-0.3114612511476238,Fibroblasts
-0.14090362610108403,0.0,-0.01349239375105432,permissive_high_CD8,-0.5406493104169773,Schwann cells
-0.17191388233598456,0.0,-0.010456099104784762,permissive_high_CD8,-0.665614035650528,Fibroblasts
-0.11243179045527814,-0.018890359623712084,-0.01584614658484414,intermediate,-0.14344983197632827,Monocytes
0.06055170034308993,-0.013942165413366155,-0.01381673323802459,intermediate,0.4796473469462094,Endothelial cells
-0.20117178307958397,-0.01471644084945864,0.013172636340986863,intermediate,-0.5634649283727257,Fibroblasts
-0.2610845604096072,-0.029091501042910434,-0.013688464879024368,intermediate,-0.5899530437621874,Schwann cells
-0.19065348307291666,0.0,-0.01839590883448056,permissive_high_CD8,-0.7411306337507912,Schwann cells
-0.18039522592322416,-0.03241313903437935,0.010445517309603258,intermediate,-0.21512438092656966,Schwann cells
-0.3318103346001192,-0.024002940065947623,-0.01724013535760836,intermediate,-0.9510511535677522,Schwann cells
-0.028664289468742277,-0.013390545902947183,-0.008453172356815312,intermediate,0.11187765303281808,Schwann cells
0.025955381403007655,0.0,-0.014085995137450182,intermediate,0.13175693697237695,Schwann cells
-0.22083103225891848,0.0,-0.012508846455418306,permissive_high_CD8,-0.8627397270031861,Schwann cells
0.02187801915478993,-0.015762708447722772,-0.01481207855317274,intermediate,0.35102289467567527,Schwann cells
-0.04394498910291128,-0.042948788476859026,-0.01587729988149625,intermediate,0.4922786138363391,Schwann cells
-0.24863161140656376,-0.0157247593528346,-0.013695052632114341,intermediate,-0.7396407244542286,Schwann cells
-0.21268371214349585,0.0,-0.0076469077755082476,permissive_high_CD8,-0.8299077628974618,Epithelial cells
-0.17589700844393197,0.0,-0.009870044165133787,permissive_high_CD8,-0.6816651851760207,Fibroblasts
-0.3044013823850088,-0.026598571283131957,-0.008544379979492681,intermediate,-0.801786923545679,Endothelial cells
-0.24904015169564978,-0.014026223889246642,-0.008539610835704725,intermediate,-0.7666849408416909,Schwann cells
-0.1293567519590079,0.0,-0.010443218903020326,permissive_high_CD8,-0.49411786793095996,Fibroblasts
-0.12155481514681774,0.0,-0.007109921503002666,permissive_high_CD8,-0.462677724946021,Fibroblasts
-0.2687951819484971,-0.013085121085286623,0.04634853132233339,intermediate,-0.8603656393858601,Epithelial cells
0.42282005103237663,-0.028482583852914665,0.045636965764089044,hypoxic_CD8_low,2.1569317940421318,Epithelial cells
-0.14501213165650884,0.0,-0.010443218903020326,permissive_high_CD8,-0.5572057124010522,Schwann cells
-0.22268056295004235,-0.013390545902947183,0.04929067701356025,intermediate,-0.6699665898129186,Macrophages
0.17707552967301338,0.0,-0.017386412910121656,hypoxic_low_neighbor_CD8,0.740738935146288,Epithelial cells
-0.10794971266903551,-0.019786147453524323,-0.010443218903020328,intermediate,-0.11199346405813537,Epithelial cells
0.3022700461996607,0.0,-0.005078886330690783,intermediate,1.2452461614004242,Schwann cells
0.662896629318176,-0.029550133446450175,-0.01049742376916965,hypoxic_CD8_low,3.1403521223938653,Pericytes
-0.26253702554358055,-0.01347356769237441,-0.014386447656814226,intermediate,-0.829338232365353,Fibroblasts
-0.4019004791137205,-0.0112689728678962,-0.012681053975011337,intermediate,-1.4239081538399103,Schwann cells
-0.17845120104441203,0.0,0.008817942872864675,permissive_high_CD8,-0.6919580371310243,Schwann cells
-0.12657410648453188,0.0,-0.013608446648889867,permissive_high_CD8,-0.482904399570485,Endothelial cells
0.1690148998455829,-0.015978319924852626,-0.016594270881210103,hypoxic_low_neighbor_CD8,0.9471771716925735,Schwann cells
-0.08127744130820155,-0.022577113950783424,-0.013745308630218714,intermediate,0.03722291133657646,Schwann cells
-0.15992145461729732,-0.017513408352006304,-0.013770259954990484,intermediate,-0.3554123571033851,Schwann cells
-0.12529509517562437,0.0,-0.0127194127251423,permissive_high_CD8,-0.4777502565160865,Schwann cells
-0.2849554958113705,-0.04083751184255005,-0.012494665151022063,intermediate,-0.5105119041171612,Schwann cells
-0.26677884634240084,-0.014941055282407445,-0.015593298951945646,intermediate,-0.8244887963471645,Schwann cells
-0.1701881837653348,0.0,-0.013615066834628663,permissive_high_CD8,-0.6586598381075076,Schwann cells
-0.052646292261330475,-0.020670234433069885,-0.012899187283638196,intermediate,0.12408712541310282,Schwann cells
-0.022960350695384074,0.0,-0.011915165531812247,intermediate,-0.06536304084947372,Monocytes
-0.017124019712808136,-0.013883242240318885,-0.016257844955814997,intermediate,0.16574967829241916,Schwann cells
-0.12651292578762316,0.0,-0.017362120920508175,permissive_high_CD8,-0.4826578543977885,Fibroblasts
0.04211074281409083,-0.014760326277389218,-0.01497024807691896,intermediate,0.41756802514687263,Fibroblasts
-0.3176518635577466,-0.025909902595798014,-0.011385185161904605,intermediate,-0.8654810746560395,Schwann cells
-0.08166794987567458,0.0,-0.015553288775095249,permissive_high_CD8,-0.30194215664632074,Macrophages
-0.10589032766809425,-0.017791292445379712,-0.010470483692390554,intermediate,-0.13352327861625715,Fibroblasts
-0.15311870038748746,0.0,-0.012784387482966168,permissive_high_CD8,-0.5898734571104144,Fibroblasts
-0.10828270969620671,-0.024348641214100457,-0.01314063825105366,intermediate,-0.04511324729408245,Fibroblasts
-0.04544968968893151,0.0,-0.011881280942806188,intermediate,-0.15599028516259533,Fibroblasts
0.2391486196632845,0.0,-0.011939536994285429,intermediate,0.9908802618181272,Schwann cells
-0.11739658064631574,0.0,-0.007269320507281222,permissive_high_CD8,-0.445920925909092,Fibroblasts
-0.023763855777112354,-0.023956275661947274,-0.009896992157023606,intermediate,0.28961275606349096,Fibroblasts
-0.22691614848064132,-0.015066433532035302,-0.01683659585703079,intermediate,-0.6619758598221656,Schwann cells
-0.3763516284375784,-0.01288255602724639,-0.016894851908510033,intermediate,-1.2968241193339094,Schwann cells
-0.1185262748994023,0.0,-0.011735164974382532,permissive_high_CD8,-0.45047335304369923,Schwann cells
-0.05725537031051148,-0.01284688011354763,-0.015421554498505175,intermediate,-0.011467644637794344,Schwann cells
-0.13117734303914877,0.0,-0.015708765745484715,permissive_high_CD8,-0.5014544620683669,Endothelial cells
0.12710641569880599,-0.03752333529082387,-0.016122760785575178,hypoxic_low_neighbor_CD8,1.1004535328306582,Schwann cells
0.6304887978427381,-0.018159827722711602,-0.012594002042865622,hypoxic_low_neighbor_CD8,2.839438335711632,Schwann cells
-0.12211680891044648,0.0,-0.011295012230815193,permissive_high_CD8,-0.4649424400687485,Endothelial cells
-0.1898039545878828,-0.0165178129064892,-0.00812577918151773,intermediate,-0.49071941911014993,Endothelial cells
-0.012930422901628486,0.0,-0.008125779181517731,intermediate,-0.024944568929580507,NK cells
0.15572632268729464,-0.07432972371336902,-0.021961607527636325,hypoxic_low_neighbor_CD8,1.766144766255701,Schwann cells
-0.38033086324791354,0.0,-0.02064927077969076,permissive_high_CD8,-1.505490061065412,Schwann cells
-0.22409020849021086,0.0,-0.019297613434785133,permissive_high_CD8,-0.8758735127786418,Schwann cells
-0.18108767773731646,-0.03450764721704398,-0.019297613434785133,intermediate,-0.186596021425399,Schwann cells
-0.21114554654163528,-0.061595770028921276,-0.009232033216036281,intermediate,0.09732085309105176,Endothelial cells
0.6996689953478464,-0.015003235233940093,-0.009358759544156341,intermediate,3.0710198487389087,Schwann cells
-0.2406550947442112,-0.01693237358741915,-0.011372877550832978,intermediate,-0.6894398299764581,Schwann cells
0.3854362093301183,0.0,-0.009232033216036281,intermediate,1.580388078500408,Pericytes
0.05968549237193832,0.0,-0.009183699302827782,intermediate,0.2676820972613053,Endothelial cells
-0.08320030151122067,0.0,-0.009183699302827782,permissive_high_CD8,-0.3081172072375405,Macrophages
0.08221734671228864,0.0,-0.0054338099341965235,intermediate,0.3584806693632458,Pericytes
0.22874381168779118,0.0,-0.0064713776674669606,intermediate,0.9489511026420083,Endothelial cells
0.16255028228683166,0.0,-0.006324851400295571,intermediate,0.6822052830921429,Fibroblasts
-0.1654805715783054,0.0,-0.0073631450714852645,permissive_high_CD8,-0.6396891640504465,Endothelial cells
0.18982933898527465,0.0,-0.010941738895719994,intermediate,0.7921340692050034,Epithelial cells
0.19493856822630484,0.0,-0.008391803993709012,intermediate,0.8127231744166524,Epithelial cells
0.20705895538789681,-0.06366618538675038,-0.010193907394100298,hypoxic_CD8_low,1.813554425748766,Epithelial cells
-0.35808716433115273,0.0,-0.010996393893572645,permissive_high_CD8,-1.4158526939229101,Epithelial cells
-0.3132907915785609,-0.00936880864595112,-0.010996393893572645,intermediate,-1.0952427967825233,Epithelial cells
-0.3280758872089615,0.0,-0.010193907394100298,permissive_high_CD8,-1.2949136416598805,Epithelial cells
0.4738119811896818,-0.0200975838943049,-0.011166836472175383,hypoxic_CD8_low,2.237039056913092,Fibroblasts
0.4666629220587184,-0.024634432696137833,-0.010438705745496248,hypoxic_CD8_low,2.276068531389112,Epithelial cells
0.21094779508659645,0.0,-0.01107583509283027,intermediate,0.8772369475581446,Epithelial cells
0.15569177664906145,0.0,-0.012223539146495412,intermediate,0.6545669667220859,Epithelial cells
-0.10882657431215642,0.0,-0.012223539146495413,permissive_high_CD8,-0.4113856264041267,Epithelial cells
0.08582621358005876,0.0,-0.011373938433071863,intermediate,0.3730236338946965,Epithelial cells
-0.49597177160791606,-0.009980026044343648,-0.011373938433071863,intermediate,-1.8222688017341429,Epithelial cells
-0.16122035137620797,0.0,-0.014508032637890855,permissive_high_CD8,-0.6225213843663057,Fibroblasts
-0.1201493366655097,0.0,-0.01382616303066815,permissive_high_CD8,-0.45701394613336294,Fibroblasts
-0.09873784210787234,0.0,-0.016376097932679128,permissive_high_CD8,-0.3707301852393311,Epithelial cells
0.011372167901341657,-0.018521359092310855,-0.015255864139510552,intermediate,0.3499361445654516,Epithelial cells
0.019407865512801936,0.0,-0.01248640016666469,intermediate,0.10537184302204025,Epithelial cells
-0.14737532991003316,-0.010799851012133394,-0.01261727066657804,intermediate,-0.4052407267199418,Epithelial cells
-0.07603811738960234,-0.011217472524295452,-0.01261727066657804,intermediate,-0.11152234307788488,Epithelial cells
-0.4944270183762393,-0.06521213392497074,-0.014387352424755433,intermediate,-0.9901683000011766,Epithelial cells
-0.15558382545609073,-0.020137794587293617,-0.010505194284333552,intermediate,-0.29869067469585164,Epithelial cells
0.08765498294409022,-0.03118956137282646,-0.017057967539901835,hypoxic_low_neighbor_CD8,0.8467649169636805,Epithelial cells
-0.2711532001035759,-0.009693388031561848,-0.015095730509996094,intermediate,-0.9205839060335945,Epithelial cells
-0.07038918532520891,-0.03592003501861202,-0.015255864139510553,intermediate,0.2806144894325299,Epithelial cells
-0.09923863985452308,-0.011428074315491959,-0.013868485578158608,intermediate,-0.20186641568590794,Epithelial cells
0.25581695468550225,-0.01819509822830015,-0.015549536240406527,hypoxic_low_neighbor_CD8,1.3301180329092321,Endothelial cells
-0.4255758385102912,-0.022423591690990122,-0.016530602567109018,intermediate,-1.3525218592136647,Schwann cells
-0.2944792475566328,-0.024871156283235742,-0.013397289512932864,intermediate,-0.787632550734727,Schwann cells
0.02866625354950686,-0.014062825484797058,-0.015884908812570507,intermediate,0.35295999793046035,Epithelial cells
-0.10173866547733905,0.0,-0.014877043014917619,permissive_high_CD8,-0.38282286402918847,Schwann cells
-0.19294453816241527,0.0,-0.013480156603773275,permissive_high_CD8,-0.7503630976035699,Schwann cells
-0.21781250367681665,0.0,-0.013026113934845094,permissive_high_CD8,-0.8505756999788804,Schwann cells
-0.22316481502180596,0.0,-0.012185678983989513,permissive_high_CD8,-0.8721443742756845,Schwann cells
-0.062116638244874026,-0.020873201038190712,-0.013480156603773273,intermediate,0.08895857099689988,Schwann cells
-0.10150737839051518,0.0,-0.008841972055061948,permissive_high_CD8,-0.38189082634990984,Schwann cells
-0.1602215900957345,-0.016855958019673583,-0.011075758193990318,intermediate,-0.36645257213367755,Schwann cells
-0.1951946580266378,0.0,-0.009351404282728187,permissive_high_CD8,-0.7594306012206042,Schwann cells
-0.04833431320496831,-0.037865600122613946,-0.017865386376014123,intermediate,0.3985825993309829,Fibroblasts
0.14832672440862082,0.0,-0.008700816801845947,intermediate,0.6248873754737693,Pericytes
0.31830395081914575,-0.020967290469026758,-0.017674121522066887,hypoxic_low_neighbor_CD8,1.6233793900719937,Epithelial cells
0.1931567919780931,-0.023618018578903877,-0.01665237982746078,hypoxic_low_neighbor_CD8,1.1586988514819845,Epithelial cells
0.17116884199012233,0.0,-0.010077021736525974,intermediate,0.716936242329382,Pericytes
-0.2571132920353288,0.0,-0.014321434095642667,permissive_high_CD8,-1.0089495031967999,Pericytes
0.2705084267390301,-0.01591832242031329,-0.014387352424755433,hypoxic_low_neighbor_CD8,1.355277328155043,Monocytes
0.22423731945604686,0.0,-0.016973136343293182,hypoxic_low_neighbor_CD8,0.9307908991518721,Macrophages
-0.10129406174502699,0.0,-0.015445639408229978,permissive_high_CD8,-0.3810312057202301,Fibroblasts
-0.05368046205206568,0.0,-0.01135072199760983,intermediate,-0.18915854404532506,Fibroblasts
-0.027746003315630687,-0.027970667310089233,-0.016483568726924427,intermediate,0.3335920044646878,Epithelial cells
0.35220906533390645,0.0,-0.006273022869177033,intermediate,1.4464897679437505,MAST cells
-0.043263362593440165,0.0,-0.00626944189290447,intermediate,-0.14717985281114465,MAST cells
-0.19801509811217527,-0.034233355811732986,-0.009208119542975174,intermediate,-0.2589113473509909,DCs
-0.08658052161036725,0.0,-0.010819133122762043,permissive_high_CD8,-0.32173877400948414,Schwann cells
0.16356113995892935,0.0,-0.011649542395402546,intermediate,0.6862788241260201,Monocytes
-0.22864532470703125,-0.026189190173438685,-0.010819133122762043,intermediate,-0.5026275524192658,MAST cells
0.0,0.0,-0.01100876450377759,intermediate,0.02716228026301206,Epithelial cells
-0.11239322218071504,-0.01983936981633607,-0.007934390710272125,intermediate,-0.12910403647649915,Endothelial cells
-0.07426749846063943,-0.02418708029063607,-0.009680336721834706,intermediate,0.08954501576929333,Schwann cells
-0.14107056889668046,0.0,-0.007934390710272127,permissive_high_CD8,-0.541322054312526,Schwann cells
-0.20963029976350717,0.0,-0.009680336721834706,permissive_high_CD8,-0.8176031616004054,Endothelial cells
0.49938654037843266,0.0,-0.009206661103386306,intermediate,2.03958363308917,Endothelial cells
-0.22178656030371485,-0.04454889181654463,-0.010533974206077585,intermediate,-0.2004589764224326,Endothelial cells
0.05824784102688835,-0.028926347431383635,-0.011755737119358078,intermediate,0.6944189821304836,Monocytes
-0.2173988924447791,0.0,-0.011435397530374257,permissive_high_CD8,-0.8489089348424186,MAST cells
0.0,0.0,-0.011435397530374258,intermediate,0.02716228026301206,MAST cells
0.05515417277094828,0.0,-0.015282293144668807,intermediate,0.24942184476310666,MAST cells
0.02319970906498925,0.0,-0.009942894393776752,intermediate,0.1206521646046271,Monocytes
-0.35557013821889116,-0.015460188089594666,-0.013353869982576564,intermediate,-1.1745362870632705,Macrophages
-0.24329509505306382,0.0,-0.011184949076931806,permissive_high_CD8,-0.9532651136183479,MAST cells
-0.011145925904852319,0.0,-0.015750709268567375,intermediate,-0.017753426257523013,MAST cells
-0.3914930964090738,-0.020944425451610734,-0.02332331789971685,intermediate,-1.2372933693044468,MAST cells
0.13542243275776447,-0.03183664484062658,-0.02021282900039323,hypoxic_low_neighbor_CD8,1.0489332810419372,MAST cells
0.4055292994143015,0.0,-0.013885998114561423,hypoxic_low_neighbor_CD8,1.661358950280468,MAST cells
-0.3124766522143261,-0.036931833274933976,-0.014769026399784887,intermediate,-0.6798171884051323,Monocytes
0.40913070828081616,0.0,-0.0126731258654884,hypoxic_low_neighbor_CD8,1.6758718606559446,Macrophages
-0.022724844844465755,0.0,-0.0028684087127809105,intermediate,-0.06441400244979163,Fibroblasts
-0.03775783140496557,0.0,0.0,intermediate,-0.12499373519183374,Epithelial cells
-0.027746003315630687,0.0,-0.004349872522186815,intermediate,-0.08464820122422992,Macrophages
-0.02678901747048623,-0.02786061445228484,-0.015218581136582513,intermediate,0.3358028535230855,Endothelial cells
0.26309782577805724,0.0,-0.02094088012551167,hypoxic_low_neighbor_CD8,1.0873904595741197,Endothelial cells
-0.21616959476087946,-0.01438234113005974,-0.022418364886491078,intermediate,-0.628898645046192,Macrophages
0.19850555959954314,-0.03691368257468529,-0.022377521628149447,hypoxic_low_neighbor_CD8,1.379060845544255,MAST cells
-0.15057481819367313,-0.015978319924852626,-0.017686994773978004,intermediate,-0.34070129663481585,MAST cells
-0.03328586103446991,0.0,0.0,intermediate,-0.10697264744691458,Fibroblasts
-0.03687647930589546,0.0,-0.011300295148944728,intermediate,-0.12144207402334736,MAST cells
-0.013873001657815343,-0.027970667310089233,-0.01312039628846121,intermediate,0.3894972452083088,Epithelial cells
-0.057708828324773705,0.0,-0.0010208730272918578,intermediate,-0.20539200179542594,MAST cells
0.47968328046990205,0.0,-0.002628656598398721,intermediate,1.960183693855399,MAST cells
-0.024770746269379276,0.0,-0.0010208730272918578,intermediate,-0.0726585492694825,Fibroblasts
0.0,0.0,-0.0010208730272918578,intermediate,0.02716228026301206,Fibroblasts
0.023569114715698725,-0.027931985584830465,-0.01100876450377759,intermediate,0.5398025956856151,Monocytes
-0.3332804790941108,0.0,-0.008978823933363281,permissive_high_CD8,-1.3158870380082945,MAST cells
-0.11041059431780773,-0.024116753566602946,-0.007232877921800703,intermediate,-0.0571555419554462,MAST cells
0.14296314084386252,0.0,-0.004490788970720752,intermediate,0.6032732765330819,Endothelial cells
-0.012117838763807672,0.0,-0.0062928923711120365,intermediate,-0.021670027992455435,Fibroblasts
0.0,0.0,-0.0062928923711120365,intermediate,0.02716228026301206,MAST cells
-0.18638777828599554,-0.015313095409377867,-0.006236734982283331,intermediate,-0.4949668740183024,Endothelial cells
0.24797315434758443,0.0,-0.002628656598398721,intermediate,1.0264412563414935,MAST cells
-0.19920604966251726,0.0,-0.004349872522186815,permissive_high_CD8,-0.7755956548010926,MAST cells
0.2558169623455369,0.0,-0.003568642149087388,intermediate,1.05805013128351,Endothelial cells
-0.07002576192220052,0.0,-0.004490788970720752,permissive_high_CD8,-0.2550266198089997,Schwann cells
-0.03343777867206129,-0.022472352634074717,-0.010283368351327586,intermediate,0.22844008194714244,MAST cells
-0.044381149322632325,0.0,-0.011225009833270239,intermediate,-0.15168429516160803,Epithelial cells
-0.06598628859922111,0.0,-0.013815526601917509,intermediate,-0.23874840301289782,Fibroblasts
-0.013873001657815343,0.0,-0.009847060614108396,intermediate,-0.028742960480608926,Fibroblasts
-0.013873001657815343,0.0,-0.009847060614108396,intermediate,-0.028742960480608926,Fibroblasts
-0.036609297296608306,0.0,-0.009847060614108396,intermediate,-0.12036538745471656,Macrophages
-0.012117838763807672,0.0,-0.004096419994647687,intermediate,-0.021670027992455435,Fibroblasts
-0.12292867204750402,-0.025346910422630157,-0.009847060614108396,intermediate,-0.08920642042784277,DCs
0.0,0.0,-0.009847060614108396,intermediate,0.02716228026301206,MAST cells
-0.07937106549979214,0.0,0.11823237148570344,permissive_high_CD8,-0.29268620201146844,MAST cells
-0.011605318291599014,0.0,-0.01122500983327024,intermediate,-0.019604679692816335,Fibroblasts
-0.012694310950466907,0.0,0.11630576043351334,intermediate,-0.023993088075060603,MAST cells
-0.030955938929056067,0.0,-0.008290619084387817,intermediate,-0.09758355780144003,MAST cells
-0.025388621900933814,-0.025594197786771335,-0.010283368351327586,intermediate,0.30755684082233464,MAST cells
-0.012694310950466907,0.0,-0.005913017442834522,intermediate,-0.023993088075060603,Macrophages
-0.043802659674341896,0.0,0.12072062103407623,intermediate,-0.14935310513849218,MAST cells
0.2550100274832852,0.0,0.1213817419829192,intermediate,1.0547983557232306,Monocytes
-0.06598628859922111,0.0,0.12072062103407623,intermediate,-0.23874840301289782,NK cells
-0.12485016924310399,-0.022820086614323047,-0.011924492363665912,intermediate,-0.13473277292857166,MAST cells
-0.3091497459564822,0.0,-0.013467576661412373,permissive_high_CD8,-1.218645325028377,Monocytes
-0.07852791159986011,-0.03653810477932455,-0.01192449236366591,intermediate,0.25705903928570534,Monocytes
0.20596432637976836,0.0,-0.013467576661412373,hypoxic_low_neighbor_CD8,0.8571546305033798,MAST cells
0.22432268527616936,0.0,-0.0050085381779432624,intermediate,0.9311349052179664,MAST cells
-0.27105976395817644,-0.01391848668395749,-0.015802002918382404,intermediate,-0.8570302609824395,Fibroblasts
-0.29981936412642757,0.0,-0.007637453851429557,permissive_high_CD8,-1.1810458742890875,Monocytes
-0.061460801396503985,0.0,0.1213817419829192,intermediate,-0.22051165383702281,Fibroblasts
0.13016406120545415,0.0,-0.003699411039571209,intermediate,0.5516957127057972,MAST cells
0.03882919856343406,0.0,-0.003809335325089222,intermediate,0.1836356770889794,MAST cells
-0.18613184120760384,0.0,0.1213817419829192,permissive_high_CD8,-0.7229093804653248,MAST cells
0.3734700794679573,0.0,-0.0072414283649480625,intermediate,1.532167124793776,Fibroblasts
-0.06131791110977112,0.0,0.11755352551512749,intermediate,-0.21993583642729694,Fibroblasts
-0.07633291190886593,1.206786897447374,0.12072062103407623,permissive_high_CD8,-18.32530396608421,NK cells
-0.09849796524967055,0.6139392322964139,0.11993865133815486,permissive_high_CD8,-9.549883118229385,Endothelial cells
-0.2769798983531783,-0.013370073758638822,-0.012237361053384428,intermediate,-0.889087458042592,MAST cells
-0.08947223065847373,0.0,0.12072062103407623,permissive_high_CD8,-0.3333917453333813,Endothelial cells
-0.13987675249337192,0.0,0.11589905836357314,permissive_high_CD8,-0.5365112285751089,MAST cells
-0.02586084580325697,0.0,0.11511708866765179,intermediate,-0.07705141812217306,Fibroblasts
-0.012694310950466907,0.0,0.1198292827835003,intermediate,-0.023993088075060603,MAST cells
-0.15632523686052804,0.0,0.12072062103407623,permissive_high_CD8,-0.6027951158761328,DCs
-0.09907620211681689,-0.011729545438820535,-0.01431819835976872,intermediate,-0.19670398436528305,Monocytes
0.3364651011654651,0.0,-0.015412021165917278,hypoxic_low_neighbor_CD8,1.3830449469305695,Macrophages
-0.3850336342930315,-0.009916814232644764,0.11755352551512747,intermediate,-1.3761569405873242,MAST cells
-0.2618894462125847,-0.044395894656779795,-0.024643222394420714,intermediate,-0.3643528000459816,MAST cells
-0.1914060508390986,0.0,0.027293708360540157,permissive_high_CD8,-0.744163321497973,MAST cells
-0.14333781659842496,-0.035776887345410555,-0.01821605506052694,intermediate,-0.015493411978728444,MAST cells
-0.33625058093702936,-0.023176478953496647,-0.02253577319877512,intermediate,-0.9813023200988443,Monocytes
-0.011073752579440044,-0.07395803783586634,-0.02101011688088277,intermediate,1.0884182531683664,Endothelial cells
-0.2115285635952011,-0.014124622229139815,-0.021313141103376423,intermediate,-0.6140499012921901,MAST cells
-0.19963433752098236,0.0,-0.01994489555255926,permissive_high_CD8,-0.7773215636148908,MAST cells
-0.00622237542546894,-0.03980805323674129,-0.02123735475475811,intermediate,0.5973298772448348,Endothelial cells
-0.37136102392970316,-0.025747210390654654,-0.019841059724650726,intermediate,-1.0843502534775216,Endothelial cells
-0.2281923102566516,0.0,-0.021313141103376423,permissive_high_CD8,-0.892404108857574,Pericytes
-0.15277016881000566,0.0,-0.007671903373419675,permissive_high_CD8,-0.5884689491152109,MAST cells
-0.13709749275422,0.0,-0.006049090937564247,permissive_high_CD8,-0.5253114040065873,Fibroblasts
-0.18513102703783885,-0.014490502083349807,-0.006738252485329323,intermediate,-0.5022025198540637,Fibroblasts
-0.012694310950466907,-0.025594197786771335,-0.005897277698182223,intermediate,0.3587122091604073,Fibroblasts
-0.12605236620309362,0.0,-0.006137544938266358,permissive_high_CD8,-0.4808018974041266,MAST cells
-0.1019831737840032,0.0,-0.01563261317820684,permissive_high_CD8,-0.3838081804073621,Endothelial cells
0.20277029826459156,0.0,-0.014087514581307066,hypoxic_low_neighbor_CD8,0.8442833777546814,Endothelial cells
-0.22675223905877415,-0.040420702111865825,-0.020222568254560917,intermediate,-0.28219765951659515,Monocytes
-0.2460403595583506,-0.011089140587007468,-0.006605013308093936,intermediate,-0.7985140801130011,Fibroblasts
-0.12865608858774943,0.0,-0.009813088186678455,permissive_high_CD8,-0.491294343835987,Fibroblasts
0.4408000003860657,-0.022916652895661017,-0.007857650751687897,hypoxic_CD8_low,2.1461608246181716,Macrophages
-0.18093112194873243,-0.015878831809348907,-0.00694669602531814,intermediate,-0.46451836007033886,MAST cells
-0.09549900039611571,0.0,-0.005185337427013156,permissive_high_CD8,-0.3576783432449036,Endothelial cells
-0.1539700213206341,0.0,-0.004261844521752896,permissive_high_CD8,-0.5933040990790063,Fibroblasts
-0.19824689076128735,0.0,-0.015339172352985174,permissive_high_CD8,-0.7717304487982923,MAST cells
-0.08560829636562306,0.0,-0.015458522119663667,permissive_high_CD8,-0.3178209134263831,Schwann cells
0.5328031103295016,-0.015364374709032808,-0.012630385361541461,hypoxic_low_neighbor_CD8,2.4039859380891544,Monocytes
-0.13692757786517162,0.0,-0.013776985546837935,permissive_high_CD8,-0.5246266832076949,Monocytes
0.4803290405426638,-0.012648126857000806,-0.017795427672454383,hypoxic_low_neighbor_CD8,2.151911066715984,MAST cells
-0.10216022782536395,0.0,-0.011865618354395816,permissive_high_CD8,-0.38452167046892544,Fibroblasts
-0.05434428065656177,0.0,-0.01621525561117772,intermediate,-0.191833591580805,Endothelial cells
0.09980993481524975,-0.015018938041409018,-0.01373781771794987,hypoxic_low_neighbor_CD8,0.6539504486643766,MAST cells
-0.23032889308699642,-0.015631475911931952,-0.014938450052670622,intermediate,-0.6672795194164918,Pericytes
-0.14762596528692898,-0.016227998231586657,-0.014568977317346736,intermediate,-0.3250846542778515,DCs
-0.16836468187201933,0.0,-0.005394961734210593,permissive_high_CD8,-0.6513115140132176,Macrophages
0.16236047189398461,0.0,-0.006408030011875909,intermediate,0.6814403876521011,Schwann cells
-0.14009474176000877,-0.018644815514444822,-0.0065625222910110125,intermediate,-0.25859720712539747,Schwann cells
-0.11973060087027798,0.0,-0.009700686471504077,permissive_high_CD8,-0.4553265300991255,Schwann cells
-0.057102149748897935,-0.0460516122671274,-0.011772127897954985,intermediate,0.48565400906848477,Schwann cells
-0.05247732721658117,0.0,-0.011517204189429238,intermediate,-0.1843101670117285,MAST cells
-0.13493318059837003,-0.01943224933948594,-0.011517204189429241,intermediate,-0.22602286333947183,Schwann cells
-0.09835597884702874,-0.017226008751131745,-0.0103180013365752,intermediate,-0.11161404056066526,Schwann cells
-0.06787686175610645,-0.019152083377606474,-0.0103180013365752,intermediate,0.040010544106355905,Schwann cells
0.2065362719646898,-0.01661148534612617,-0.0103180013365752,hypoxic_CD8_low,1.1078479118351086,Schwann cells
0.21934098555859788,-0.0267567171258965,-0.014810722302167846,hypoxic_low_neighbor_CD8,1.3111479503267618,Macrophages
0.28776761709925636,-0.0179880427928106,-0.015067994160208143,hypoxic_low_neighbor_CD8,1.4557763331078606,MAST cells
-0.1938389238104763,-0.03187643854241622,-0.016028979529253383,intermediate,-0.2773248019598411,Endothelial cells
-0.22747770562229386,-0.015196024164979756,-0.015012067146146828,intermediate,-0.6623010707283917,Endothelial cells
-0.08686369777204521,-0.017513408352006304,-0.014785991828290396,intermediate,-0.06100516352232982,Fibroblasts
0.29485697392000254,-0.02642037897457478,-0.012833297912247592,hypoxic_low_neighbor_CD8,1.610432091081873,Endothelial cells
-0.1700573632994809,-0.011111130115956913,-0.011941959661671669,intermediate,-0.4919899896273857,Macrophages
-0.12394022654338055,0.0,-0.0029609537317685274,permissive_high_CD8,-0.472290424611655,Macrophages
-0.3127821956772402,-0.009730233837235794,-0.005662808952383023,intermediate,-1.087788939749431,Fibroblasts
-0.01229216008779993,0.0,-0.001242987700962988,intermediate,-0.022372505785287232,Schwann cells
0.6139277157534557,0.0,-0.0018916699567787076,intermediate,2.501160164422646,Schwann cells
-0.04814426774480735,0.0,-0.0018916699567787076,intermediate,-0.16684886059074383,Fibroblasts
-0.040521885975297676,0.0,-0.0018916699567787076,intermediate,-0.1361322861697954,Fibroblasts
-0.09354094233378828,0.0,-0.010122160004218096,permissive_high_CD8,-0.34978778645954234,Fibroblasts
-0.07201281321575365,0.0,-0.00864487434366615,permissive_high_CD8,-0.2630340131385774,Fibroblasts
-0.08989642805842511,0.0,-0.013272070852529343,permissive_high_CD8,-0.33510117047092824,Fibroblasts
-0.25565532699646243,-0.01603925662484729,-0.010719479047335112,intermediate,-0.763242182293703,Macrophages
0.016868831163429354,-0.014099783260330016,-0.008652635721059947,intermediate,0.30597152217548906,MAST cells
-0.05368046205206568,0.0,-0.013621686312512026,intermediate,-0.18915854404532506,Monocytes
-0.23665056649939603,0.0,-0.007885826937100182,permissive_high_CD8,-0.9264890793048656,Fibroblasts
0.8603763953748955,0.0,-0.007885826937100182,intermediate,3.4942958321764532,Monocytes
-0.08253298993091507,0.0,-0.004018647661093275,permissive_high_CD8,-0.3054280837538008,Fibroblasts
-0.11253296347507033,0.0,-0.005565124902969751,permissive_high_CD8,-0.4263215850058126,Fibroblasts
-0.2464687546573011,-0.012152781853309045,-0.003369965405277556,intermediate,-0.7843359903069141,Fibroblasts
-0.35205375334345196,0.0,-0.003369965405277556,permissive_high_CD8,-1.39153933318871,Fibroblasts
-0.18247676374443084,-0.015451379150514179,-0.007689264300059371,intermediate,-0.4771385875813902,Fibroblasts
-0.06040679020096498,-0.011856179488332648,-0.00653996364629542,intermediate,-0.03898095820441458,Fibroblasts
-0.057865548804103134,0.0,-0.004018647661093275,intermediate,-0.20602355193449998,Fibroblasts
-0.03426128984933876,0.0,-0.009357324914250136,intermediate,-0.11090341773502937,Fibroblasts
-0.19815353025873023,0.0,-0.006949054277860201,permissive_high_CD8,-0.7713542258654232,Fibroblasts
0.20150623647084676,0.0,-0.006654222259315564,intermediate,0.8391894780610772,Fibroblasts
-0.21076433725625157,-0.01360163321861854,-0.01014773688013898,intermediate,-0.6187903897521618,Fibroblasts
-0.1163942727697901,0.0,-0.007619792601035836,permissive_high_CD8,-0.44188183872965475,Macrophages
-0.07321197632326179,0.0,-0.0051796862953587585,permissive_high_CD8,-0.2678663849546901,Fibroblasts
0.348556066612642,-0.04945905198935072,-0.012276372317521355,hypoxic_low_neighbor_CD8,2.1713210017272084,Monocytes
-0.23734513248305722,-0.03791916418654716,-0.009230133074658762,intermediate,-0.36228979607076905,Fibroblasts
0.21402259380463137,-0.0361397546312587,-0.0077104529227644165,hypoxic_CD8_low,1.4300187860180353,MAST cells
-0.025320585712371613,-0.012614621807206497,-0.00845983050934538,intermediate,0.11374981748893317,Fibroblasts
0.11184717613051692,-0.015082395993746243,-0.010474268917130073,intermediate,0.7034068413785924,Endothelial cells
-0.22386886412838855,-0.0464070509319846,-0.011676204349347939,intermediate,-0.18106550819626221,Macrophages
-0.1739840526657411,0.0,-0.011676204349347939,permissive_high_CD8,-0.6739563809857312,MAST cells
0.1259365809490403,-0.012403936038615733,-0.012719534604977342,hypoxic_low_neighbor_CD8,0.7201336253251154,Endothelial cells
-0.1663618892072195,0.0,-0.015421699480167443,permissive_high_CD8,-0.6432406863115488,Fibroblasts
-0.0629727926598974,0.0,-0.009013685684615944,intermediate,-0.22660465646667663,Fibroblasts
-0.14926525866650195,0.0,-0.008039082464097161,permissive_high_CD8,-0.5743449080323677,Fibroblasts
-0.13721973422061967,-0.010228044108340615,-0.009052020818115729,intermediate,-0.3728659626408314,Fibroblasts
-0.06000059196747929,0.0,-0.009510466090419835,intermediate,-0.21462732096665638,Fibroblasts
-0.15097148542902078,0.0,-0.011676204349347937,permissive_high_CD8,-0.5812206383375024,Fibroblasts
-0.13489520214647654,0.0,-0.010812479153014067,permissive_high_CD8,-0.5164366421021256,Fibroblasts
0.1497006588671581,-0.01631490421681269,-0.01084927528010689,intermediate,0.8743777784114031,Macrophages
-0.01093338244411357,-0.02703155100586926,-0.007255335150138247,intermediate,0.3873008522002455,Endothelial cells
0.5173104029582687,0.0,-0.008929157192729584,intermediate,2.1118129802266594,Fibroblasts
-0.11235214907481489,0.0,-0.011071091238786334,permissive_high_CD8,-0.42559294149912785,Fibroblasts
0.02775061776839105,0.0,-0.008756667045768296,intermediate,0.13899135701167123,Fibroblasts
-0.09840009298669286,0.0,-0.011873935977457025,permissive_high_CD8,-0.36936912824559476,Fibroblasts
-0.04783691268369376,0.0,-0.009299523048555322,intermediate,-0.16561028518297358,Macrophages
0.08724791792980638,-0.05982602849180399,-0.011073808374031675,hypoxic_CD8_low,1.2733203185571829,MAST cells
-0.21635155122442898,-0.015381619997835352,-0.014075485736574076,intermediate,-0.6146898590680677,Monocytes
-0.20884601945379172,-0.01357998539079056,-0.012161468655152522,intermediate,-0.6113836737050137,Fibroblasts
-0.19198586950340424,-0.015262486963619587,-0.011073808374031675,intermediate,-0.51828272754468,Monocytes
-0.21312591062492156,-0.015649953834441028,-0.008678263755623307,intermediate,-0.5976788686032135,Monocytes
-0.024235677527615344,0.0,-0.007980004978566034,intermediate,-0.07050233624792293,Fibroblasts
0.6998343716663529,0.0,-0.007980004978566034,intermediate,2.8473456835157234,MAST cells
-0.24499237489508816,-0.014238447312884003,-0.0071761039265415116,intermediate,-0.7471999252687402,Endothelial cells
-0.20451266124066578,-0.015540381674824456,-0.00897837154939268,intermediate,-0.5646077210206673,Pericytes
-0.03845074258176201,0.0,-0.00897837154939268,intermediate,-0.1277860195948943,Endothelial cells
0.37152583244813975,0.0,-0.00897837154939268,intermediate,1.524332223566994,Endothelial cells
-0.013873001657815343,-0.027970667310089233,-0.004057046694633288,intermediate,0.3894972452083088,MAST cells
-0.022502472122989028,0.0,-0.004057046694633288,intermediate,-0.06351788776346727,Fibroblasts
-0.012694310950466907,-0.025594197786771335,-0.017406518900120953,intermediate,0.3587122091604073,MAST cells
-0.08175721225968327,0.0,-0.014948219873322809,permissive_high_CD8,-0.3023018650346308,Endothelial cells
-0.21243608189395155,-0.07132534845637889,-0.01916719602669781,intermediate,0.23760485405929432,Endothelial cells
-0.12899400335717873,0.0,-0.018685541590537463,permissive_high_CD8,-0.4926560683568752,Endothelial cells
-0.18256817859818178,0.0,-0.021554338980300222,permissive_high_CD8,-0.7085485794632903,Pericytes
-0.10559794414474304,-0.01884836513503843,-0.02016737927631167,intermediate,-0.11653882324894349,Pericytes
-0.19759108455305596,-0.01618525952945354,-0.018343397480273537,intermediate,-0.5270725026855461,Endothelial cells
-0.1259266343940214,0.0,-0.004916295348873987,permissive_high_CD8,-0.48029522500339544,Endothelial cells
-0.012585943482487077,0.0,-0.00901747084500497,intermediate,-0.023556390269090396,Epithelial cells
-0.2490681721024724,0.0,-0.0060760234209850895,permissive_high_CD8,-0.9765293840509,Endothelial cells
0.3530270823513169,-0.03445086305440679,-0.007782303273436512,hypoxic_CD8_low,1.9649235741862077,Endothelial cells
-0.14672531373050796,-0.01848917161887474,-0.0060760234209850895,intermediate,-0.2876443137141377,Endothelial cells
-0.08201684147478586,0.0,-0.007782303273436512,permissive_high_CD8,-0.30334811545198087,Endothelial cells
-0.025388621900933814,0.0,-0.010940113788352484,intermediate,-0.07514845641313327,Fibroblasts
0.41891446171036684,-0.025179380347371584,-0.024147480219481935,hypoxic_low_neighbor_CD8,2.0918009112651337,Endothelial cells
-0.10522733634734249,-0.018527513573526853,-0.01737523548677061,intermediate,-0.11984298674095892,Endothelial cells
-0.4992631965851688,-0.05443384193698404,-0.017244833458451285,intermediate,-1.1708228707525965,Endothelial cells
-0.2042203236775226,-0.016359093700825927,-0.0189408902697235,intermediate,-0.5511876137017523,Endothelial cells
-0.010689574551869589,0.0,-0.006847835906282288,intermediate,-0.015914427540341697,Fibroblasts
-0.10156299790225355,0.0,-0.004916295348873987,permissive_high_CD8,-0.3821149611312983,Endothelial cells
-0.040878609959858966,0.0,-0.003529335644885435,intermediate,-0.13756980781996314,Fibroblasts
-0.14012378861147715,0.0,-0.003529335644885435,permissive_high_CD8,-0.5375067314947861,Pericytes
0.0,0.0,-0.007782303273436511,intermediate,0.02716228026301206,Fibroblasts
-0.12354964137556083,-0.017395921081666522,-0.012646393640803904,intermediate,-0.21059846491030898,Endothelial cells
-0.12382376337625894,-0.02080439555982829,-0.00887290952015824,intermediate,-0.16073683083940465,Pericytes
-0.06463713435284105,0.0,-0.009975873056532721,intermediate,-0.23331159886592612,Fibroblasts
-0.06489504006014292,-0.021806836610863568,-0.004057046694633288,intermediate,0.09172268340654385,Fibroblasts
0.0,0.0,-0.005839185869162864,intermediate,0.02716228026301206,Fibroblasts
-0.16467328052444152,0.0,-0.004057046694633288,permissive_high_CD8,-0.6364359531138641,Endothelial cells
-0.2577826859481842,-0.011078196498546524,-0.004057046694633288,intermediate,-0.8459967984391924,Endothelial cells
-0.06438467493018951,0.0,-0.004057046694633288,intermediate,-0.23229424118447736,Fibroblasts
-0.10954501446949909,0.0,-0.011284823488449116,permissive_high_CD8,-0.4142807871592975,Fibroblasts
0.5605527559916178,0.0,-0.008831403001278196,intermediate,2.2860704492501815,Fibroblasts
-0.05563347215154563,0.0,-0.011185608540791089,intermediate,-0.19702875861598657,DCs
0.1592801531634656,-0.016206569517189674,-0.010098217502135819,intermediate,0.9113611906205348,DCs
-0.1000565678240305,0.0,-0.004057046694633288,permissive_high_CD8,-0.3760443688929525,Endothelial cells
-0.036609297296608306,0.0,0.012830316818427211,intermediate,-0.12036538745471656,Fibroblasts
-0.10046098701446411,-0.017759433159461387,0.010367428700522445,intermediate,-0.11212057861758704,Fibroblasts
0.2793152188680258,-0.027604516218548363,-0.009448895151959418,hypoxic_CD8_low,1.5655083145270936,Epithelial cells
0.12100390784711723,0.0,-0.010134800564744053,intermediate,0.514782246436742,Epithelial cells
-0.18407308169636857,-0.010110068417753767,-0.012698346625777231,intermediate,-0.5634390385102297,Epithelial cells
-0.020759920518561015,-0.013463089823240211,-0.01269834662577723,intermediate,0.14481531150722265,Epithelial cells
-0.0556958286637762,-0.010288581191769496,-0.012112890467469993,intermediate,-0.04343679385290718,Epithelial cells
-0.06253702477757711,-0.0210144664594519,-0.01395319154870655,intermediate,0.08937681851186088,Epithelial cells
0.03633167513881819,-0.01405058602089824,-0.01395319154870655,intermediate,0.3836669992187961,Epithelial cells
-0.16640665444983058,0.0,-0.01395319154870655,permissive_high_CD8,-0.6434210807010867,Epithelial cells
0.046763080190942,-0.03217470115012968,-0.014112894930820234,intermediate,0.6967098743125595,Epithelial cells
0.35288405035394266,-0.021962382050178312,-0.012112890467469991,hypoxic_CD8_low,1.7776092432087662,Epithelial cells
-0.14256083582299778,-0.019002217512864333,-0.013271480243698307,intermediate,-0.2631908748851241,Epithelial cells
-0.2819846057030092,-0.029773955403069253,0.006385610821830185,intermediate,-0.6639711594988819,Epithelial cells
-0.3092402011515146,-0.009722832243452188,-0.012437897976915201,intermediate,-1.073626131168276,Epithelial cells
0.17636389617460319,-0.012918578468353642,-0.010854831173030632,intermediate,0.9310403139699654,Epithelial cells
-0.08723421077651672,-0.030000066950253628,-0.013676467501682789,intermediate,0.1242124404203645,Epithelial cells
-0.24836510348032756,0.0,-0.014087079185866795,permissive_high_CD8,-0.9736961673073447,Epithelial cells
-0.347646874117564,0.0,-0.01317102558377944,permissive_high_CD8,-1.3737805488875103,Epithelial cells
-0.2684894852848896,-0.013151946820710836,-0.013171025583779443,intermediate,-0.8581345141268193,Epithelial cells
0.4881645359667429,-0.01627120894459095,-0.01482134051972877,hypoxic_low_neighbor_CD8,2.2376617189024692,DCs
-0.07199567771819701,-0.020736752251381815,-0.012437897976915201,intermediate,0.04710785343141394,Fibroblasts
-0.08808736533046248,0.0,-0.008831403001278196,permissive_high_CD8,-0.32781103313643956,Fibroblasts
-0.16792798329548664,0.0,0.04010608617754278,permissive_high_CD8,-0.6495517117976889,DCs
-0.45073059572273466,-0.009247985446018729,0.018774171453988756,intermediate,-1.6509025699385615,Epithelial cells
-0.10717838475981867,-0.011550641735555672,0.020856785027050226,intermediate,-0.23202916800105064,Epithelial cells
-0.27993104879157127,-0.03023127698705264,0.018785380216030222,intermediate,-0.6488575177900664,Epithelial cells
-0.16181359042125534,-0.0362497360600151,0.007148414945866968,intermediate,-0.082876424612285,Fibroblasts
-0.42353514399394454,-0.011309548428184107,0.004931135094671666,intermediate,-1.5104845247479295,Epithelial cells
-0.2280145055318932,0.0,0.004931135094671668,permissive_high_CD8,-0.8916875937018671,Epithelial cells
0.2964667397809316,-0.03795139992285354,0.007248655511693342,hypoxic_CD8_low,1.7893403241988781,Endothelial cells
-0.05973176017822507,-0.05265919689224799,-0.018117409164284563,intermediate,0.5738592279330086,Epithelial cells
-0.20446971382003234,-0.010617787056123679,0.020729039001007237,intermediate,-0.6380412973074023,Epithelial cells
-0.3906904779763586,-0.012802759162810167,0.004525384575481587,intermediate,-1.355799815507642,Epithelial cells
-0.18313116385754813,-0.010855846559470481,0.004525384575481588,intermediate,-0.5484918279452117,Epithelial cells
-0.21890258860875325,-0.009276971160641566,-0.017347366381914187,intermediate,-0.7162516791252163,Epithelial cells
-0.012585943482487077,0.0,0.03908244363370372,intermediate,-0.023556390269090396,Epithelial cells
-0.0015025076617198874,0.32710785529016106,0.008415229446724593,intermediate,-4.870075656818754,DCs
-0.09454313530979386,0.0,0.047388263012555276,permissive_high_CD8,-0.3538264106143657,Pericytes
-0.02586084580325697,0.0,-0.003986314047686001,intermediate,-0.07705141812217306,Fibroblasts
-0.06438467493018951,0.0,-0.008213132853128326,intermediate,-0.23229424118447736,Fibroblasts
-0.15179218154355703,0.0,-0.004749526861708173,permissive_high_CD8,-0.584527868812362,Epithelial cells
-0.024966289719424575,0.0,-0.004749526861708173,intermediate,-0.07344654770848377,Epithelial cells
0.27021336555480957,-0.013113614518632773,-0.008047930721329291,intermediate,1.3121500168735454,Epithelial cells
0.2568525209963082,0.0,-0.008047930721329291,intermediate,1.062223211998374,Epithelial cells
-0.05229409918727645,0.0,0.020729741572547238,intermediate,-0.18357179709425006,Fibroblasts
-0.022840859899559175,0.0,0.02265884884473784,intermediate,-0.0648815184023489,Fibroblasts
-0.011095287330658081,0.0,-0.003774250792427423,intermediate,-0.01754936359314297,Fibroblasts
-0.011362422422232878,0.0,-0.003774250792427423,intermediate,-0.01862586109338979,Fibroblasts
-0.09366112827775948,-0.018605326833995246,-0.003774250792427423,intermediate,-0.07207010538058792,Endothelial cells
-0.033593656547577025,0.0,-0.005447385121292753,intermediate,-0.10821299778237105,Fibroblasts
-0.09840567715196724,0.0,-0.011048530020050996,permissive_high_CD8,-0.3693916312418256,Pericytes
-0.013507295325099224,0.0,-0.011048530020050995,intermediate,-0.027269241881257088,Fibroblasts
-0.1410787191735693,0.0,-0.011380362607206896,permissive_high_CD8,-0.5413548981917985,Fibroblasts
-0.16821967741571756,0.0,-0.009889561155064385,permissive_high_CD8,-0.6507271769505977,Epithelial cells
-0.09946887584096456,0.0,-0.012156986192813931,permissive_high_CD8,-0.37367609542144403,Epithelial cells
-0.1337111039334033,0.0,-0.011625490368780016,permissive_high_CD8,-0.5116649786006902,Epithelial cells
0.048129442226455876,-0.027572297856875278,-0.010809347857991373,intermediate,0.633397138504362,Epithelial cells
0.0875149984436342,-0.014162188116838092,-0.011625490368780017,intermediate,0.5915936519062939,Epithelial cells
-0.3686485443728037,-0.026801647927596983,-0.008968008996343164,intermediate,-1.0576527296981293,Epithelial cells
0.0794356472520944,-0.017884080709233457,-0.009734747059110366,hypoxic_CD8_low,0.6146883583976619,Epithelial cells
-0.10137612273894164,0.0,-0.010504781282865085,permissive_high_CD8,-0.3813618940408702,Epithelial cells
0.2740828239295377,0.0,-0.012856022195133926,hypoxic_low_neighbor_CD8,1.1316576615376388,Epithelial cells
0.1042059542663605,-0.026038938205734437,-0.010504781282865085,hypoxic_CD8_low,0.8364454909823791,Epithelial cells
-0.37589839950622805,-0.011476601666284477,-0.010503878381088193,intermediate,-1.316020678365116,Epithelial cells
-0.37797776187758847,0.0,-0.009768946515082026,permissive_high_CD8,-1.4960075639211796,Epithelial cells
-0.023477671136817778,0.0,-0.008105446935182642,intermediate,-0.06744773200235446,Fibroblasts
0.3677046231955409,-0.01224213766182965,-0.012540399561687678,hypoxic_low_neighbor_CD8,1.6919879806180695,Epithelial cells
-0.27705980783485507,-0.06081302349384014,-0.012201942412959419,intermediate,-0.18000383939499087,Epithelial cells
-0.05304954090271613,0.0,-0.011596253687231807,intermediate,-0.18661606624458477,Epithelial cells
0.15804458813494948,-0.026703392445799792,-0.013280432555678725,hypoxic_low_neighbor_CD8,1.0633391751464596,Epithelial cells
0.3385440642575183,-0.022977672607792533,-0.012751490674038165,hypoxic_low_neighbor_CD8,1.735003606266438,Epithelial cells
-0.024966289719424575,0.0,-0.012415649758981148,intermediate,-0.07344654770848377,Fibroblasts
-0.11564247100707517,0.0,-0.009933826830062146,permissive_high_CD8,-0.4388522378132317,Fibroblasts
0.1758733370217932,-0.023051584297828828,-0.011105291660015401,hypoxic_CD8_low,1.0805804237628616,Epithelial cells
-0.33012007134985255,0.0,-0.009768946515082024,permissive_high_CD8,-1.3031512681908646,Epithelial cells
-0.31482923270229357,-0.026361909472507987,0.021564637497458464,intermediate,-0.8473476986534796,Epithelial cells
-0.22306065387036428,-0.043595588158982006,0.02156463749745847,intermediate,-0.2198478749801942,DCs
-0.06984286327438662,0.5520911746554904,0.021564637497458464,permissive_high_CD8,-8.50960661657799,Epithelial cells
-0.011362422422232878,0.0,0.018206579071378973,intermediate,-0.01862586109338979,Fibroblasts
-0.012203099737205658,0.0,-0.001235167571568457,intermediate,-0.02201361154858978,Fibroblasts
-0.21155376510926518,0.0,0.022807210009036204,permissive_high_CD8,-0.8253543171087042,Endothelial cells
-0.257242807901528,0.0,-0.011075975763009468,permissive_high_CD8,-1.009471424541479,Epithelial cells
0.6671997150742864,0.0,0.02306128319708691,intermediate,2.7158349709557585,Epithelial cells
-0.31288079277099856,-0.018638587673666024,0.02378961643476968,intermediate,-0.9549813007143937,Epithelial cells
-0.023915022731306083,0.0,-0.002475522693834807,intermediate,-0.06921016574110495,Fibroblasts
-0.03426128984933876,0.0,-0.003995202845729153,intermediate,-0.11090341773502937,Fibroblasts
0.38952799685987605,0.0,-0.008394234318804003,intermediate,1.596877110403175,DCs
-0.14644487986124186,-0.03526861368403261,-0.008452161346209032,intermediate,-0.03561433678424575,DCs
0.0,0.0,-0.005033365885416667,intermediate,0.02716228026301206,Fibroblasts
-0.012808886876546714,0.0,0.0,intermediate,-0.024454804644329985,Fibroblasts
0.0,0.0,0.019309302494611356,intermediate,0.02716228026301206,Epithelial cells
0.0,0.0,0.01977357110049096,intermediate,0.02716228026301206,Fibroblasts
0.16029247222655268,0.0,0.01977357110049096,intermediate,0.6731067896235605,Endothelial cells
0.43965603548838916,-0.015613084862589353,0.021702678372681566,intermediate,2.032341990283649,Endothelial cells
-0.07838519605766817,-0.022577113950783424,0.019309302494611356,intermediate,0.04887804344200475,Endothelial cells
-0.17097283175671435,0.0,0.019309302494611356,permissive_high_CD8,-0.6618218023268632,Fibroblasts
-0.03635351724892735,0.0,0.019309302494611356,intermediate,-0.11933464836192889,Fibroblasts
-0.012483144859712287,0.0,-0.004390418674299109,intermediate,-0.023142133722735863,Fibroblasts
-0.06984286327438662,0.0,0.019309302494611356,permissive_high_CD8,-0.2542895772287475,Fibroblasts
-0.2133616098917153,0.3980030818292272,0.01826843017043873,permissive_high_CD8,-6.783905884208822,DCs
-0.1869401127459055,-0.01680583027210313,0.019309302494611356,intermediate,-0.4748720763870799,Endothelial cells
-0.2522075607115964,-0.014342557080844153,0.019309302494611356,intermediate,-0.7747188526907013,Pericytes
-0.013681816767497235,0.0,-0.004669415773811289,intermediate,-0.027972526108624593,Macrophages
0.0,0.0,-0.005625586245867566,intermediate,0.02716228026301206,Fibroblasts
-0.013059817164777273,0.0,-0.004390418674299109,intermediate,-0.025466000239876732,Fibroblasts
-0.037156120361573244,0.0,0.019309302494611356,intermediate,-0.12256896789426822,Endothelial cells
-0.2304946562372537,-0.04250726429557028,0.01826843017043873,intermediate,-0.2660788256242288,Endothelial cells
0.15364695983718202,-0.012130778810755926,0.019309302494611356,intermediate,0.8277160785443911,Pericytes
0.0,0.0,0.01826843017043873,intermediate,0.02716228026301206,Fibroblasts
-0.037156120361573244,0.0,0.01826843017043873,intermediate,-0.12256896789426822,Macrophages
0.26970431124828903,-0.018527513573526853,-0.002475522693834807,hypoxic_CD8_low,1.3910516659262298,Endothelial cells
0.0,0.0,-0.003774250792427423,intermediate,0.02716228026301206,Fibroblasts
-0.013681816767497235,0.0,-0.00440462996602541,intermediate,-0.027972526108624593,MAST cells
-0.08217184993636656,0.0,-0.003460131643915627,permissive_high_CD8,-0.3039727665243092,Fibroblasts
-0.08201684147478586,0.0,-0.0010408723241726236,permissive_high_CD8,-0.30334811545198087,MAST cells
-0.02586084580325697,0.0,0.02265884884473784,intermediate,-0.07705141812217306,Fibroblasts
0.0,0.0,-0.0010408723241726236,intermediate,0.02716228026301206,Fibroblasts
0.09553102364980551,0.0,-0.0048645134718633696,intermediate,0.41213195066006386,Endothelial cells
-0.06529513899102268,-0.018806812734256387,-0.006615239116344374,intermediate,0.04525156880294762,Endothelial cells
0.3372189639562584,0.0,-0.007791435316345792,intermediate,1.3860828533510028,Pericytes
-0.09097113858265092,-0.022577113950783424,-0.006537647800728699,intermediate,-0.001840623231559313,MAST cells
-0.30820710209000063,-0.013711775845361625,-0.006537647800728699,intermediate,-1.0098170274937806,Endothelial cells
-0.11696721272296216,0.0,-0.007791435316345792,permissive_high_CD8,-0.44419066466392393,Fibroblasts
0.0,0.0,-0.003460131643915627,intermediate,0.02716228026301206,Fibroblasts
-0.024406199474411316,0.0,-0.0048645134718633696,intermediate,-0.07118950336019161,Fibroblasts
0.2328569113490093,-0.0179880427928106,-0.005424852795929079,hypoxic_CD8_low,1.2344978888253775,Pericytes
-0.11733035964659419,-0.01948092147888925,-0.005424852795929079,intermediate,-0.154359460076147,Endothelial cells
-0.37035501625643197,-0.02509701493297994,-0.005424852795929079,intermediate,-1.090018509111415,Endothelial cells
-0.10066646744448497,0.0,-0.0048645134718633696,permissive_high_CD8,-0.37850213441132846,Monocytes
-0.04309142162522159,0.0,-0.007836375899321315,intermediate,-0.14648696734489547,Macrophages
-0.06531109484324014,0.0,-0.006118300987480462,intermediate,-0.23602751604065123,MAST cells
-0.1378657635914753,0.0,-0.005316511017751758,permissive_high_CD8,-0.5284073717843223,Endothelial cells
-0.03426128984933876,0.0,-0.008990638169199832,intermediate,-0.11090341773502937,MAST cells
-0.12734472895243082,-0.036678812281805494,-0.006537647800728699,intermediate,0.062441640026965506,Endothelial cells
0.17339061350228793,0.0,-0.006155760117709717,intermediate,0.7258895081278449,MAST cells
-0.05572962856675726,0.0,-0.002906038822271885,intermediate,-0.19741624848112482,Fibroblasts
-0.04114038398466915,-0.023530925333741223,-0.003794669461475532,intermediate,0.21322886517927273,Endothelial cells
-0.039150245697144044,0.0,-0.005083779606581056,intermediate,-0.13060486810590238,Fibroblasts
0.07172810456838952,0.0,-0.0062039604392933306,intermediate,0.3162112584789426,Fibroblasts
-0.05625617934996823,0.0,-0.003794669461475532,intermediate,-0.19953813594464778,Fibroblasts
0.0,0.0,-0.002906038822271885,intermediate,0.02716228026301206,Fibroblasts
0.32261726703030996,-0.01906291289850768,0.011290219098593202,hypoxic_CD8_low,1.6122853304037283,MAST cells
0.07764466555721788,-0.017076451768759292,0.007960807631837674,hypoxic_CD8_low,0.5953947578701327,Fibroblasts
0.39748949410924944,-0.013329459588054704,0.0112902190985932,intermediate,1.828273187397871,MAST cells
-0.17539478593083271,-0.016707453167872872,-0.008545337128735746,intermediate,-0.42981788391075937,Epithelial cells
0.061967037767770294,0.0,-0.008545337128735748,intermediate,0.2768762390748494,Epithelial cells
-0.0017835926339329622,-0.02203720301269037,-0.00695983794054039,intermediate,0.3494929954237668,Epithelial cells
0.5195170195705919,-0.012483554330431981,-0.008545337128735748,intermediate,2.3073694498714246,Epithelial cells
0.1957772654223155,0.0,-0.002946479439574536,intermediate,0.8161029454143414,Epithelial cells
-0.07581510888524802,0.0,-0.002946479439574536,permissive_high_CD8,-0.2783564545268663,Epithelial cells
-0.011738835568408889,0.0,-0.003778716394936668,intermediate,-0.0201427258696712,Epithelial cells
-0.044381149322632325,0.0,-0.005661021488719945,intermediate,-0.15168429516160803,Epithelial cells
-0.09761850134914658,0.0,-0.003778716394936668,permissive_high_CD8,-0.36621948048096625,Epithelial cells
-0.09112828419390452,-0.020414703770687704,-0.005738500255322166,intermediate,-0.034808005318349655,Epithelial cells
-0.2648780546992658,-0.014834600904209894,-0.005000713222261704,intermediate,-0.818420803621907,Epithelial cells
0.31671156844939574,0.0,-0.004892546606128193,intermediate,1.303442418994106,Epithelial cells
0.4170678983251732,0.0,-0.007797126538357753,intermediate,1.7078570453479451,Epithelial cells
-0.2627448240915934,-0.008947886918720446,-0.0059301909164861145,intermediate,-0.897847282296943,Epithelial cells
0.29035009677151596,0.0,-0.007797126538357754,intermediate,1.1972113050031565,Epithelial cells
-0.15158975746736947,0.0,-0.007797126538357754,permissive_high_CD8,-0.5837121429160708,Epithelial cells
-0.02701459065019845,0.0,-0.007917773482287943,intermediate,-0.08170076402552623,Epithelial cells
0.28691142869282915,-0.013942165413366155,-0.007917773482287943,intermediate,1.3918288214523993,Epithelial cells
0.9382460213090521,-0.02800403432807459,-0.007917773482287943,hypoxic_CD8_low,4.226832969441362,Epithelial cells
-0.08707762722030701,0.0,-0.007917773482287943,permissive_high_CD8,-0.3237420036986431,Epithelial cells
1.0030586336511207,-0.01436903312621329,-0.009683384811669063,intermediate,4.284132340893547,Epithelial cells
-0.07482701803306978,0.0,-0.008957254870539574,permissive_high_CD8,-0.2743746589263104,Epithelial cells
0.10740003336864301,0.0,-0.0085574987928877,intermediate,0.4599615308826095,Epithelial cells
0.6097621716648699,-0.008188356754750858,-0.01525194332828084,hypoxic_low_neighbor_CD8,2.606812890661574,Epithelial cells
-0.23304455873956648,-0.03573104147968987,-0.017359384415764234,intermediate,-0.37767799361810755,Epithelial cells
0.6490961011633816,-0.011223158855669895,-0.00867566161471018,intermediate,2.810699079118171,Epithelial cells
-0.03271410072663702,0.0,-0.009355930825154953,intermediate,-0.1046685752320138,Epithelial cells
-0.09900257769358685,0.0,-0.00856955460047754,permissive_high_CD8,-0.3717970132422266,Epithelial cells
-0.015263860005451494,0.7676394250657823,0.04830512256882577,intermediate,-11.512717912732219,Epithelial cells
-0.012694310950466907,0.0,0.04723726029624144,intermediate,-0.023993088075060603,Fibroblasts
-0.04098493124107759,0.0,0.04723726029624143,intermediate,-0.1379982599292692,Fibroblasts
-0.012585943482487077,0.0,0.047592241493439026,intermediate,-0.023556390269090396,Fibroblasts
-0.045224216568422126,0.0,-0.002102803604805518,intermediate,-0.15508167652877516,Fibroblasts
-0.02239577167005424,0.0,0.04819519583798899,intermediate,-0.06308790767293565,Macrophages
-0.036609297296608306,0.0,-0.003969739226677157,intermediate,-0.12036538745471656,Fibroblasts
-0.013507295325099224,0.0,-0.004801976182039289,intermediate,-0.027269241881257088,Fibroblasts
-0.03879126966238979,0.0,0.047206222444374994,intermediate,-0.12915827117330408,Fibroblasts
-0.011881927888556177,0.0,-0.002906038822271885,intermediate,-0.020719357431009684,Fibroblasts
0.0,0.0,-0.002608171326589649,intermediate,0.02716228026301206,Fibroblasts
-0.013198157390916204,0.0,-0.002569921907947452,intermediate,-0.026023481874896,Fibroblasts
-0.013346767808538842,-0.026909677605879933,-0.011038578731006617,intermediate,0.37575307303607997,Fibroblasts
0.02887473647374228,0.0,0.0422070385759462,intermediate,0.1435213158768938,Fibroblasts
-0.17970078250011765,0.0,-0.011038578731006617,permissive_high_CD8,-0.696993584147674,Endothelial cells
-0.012808886876546714,0.0,-0.004689063716996537,intermediate,-0.024454804644329985,Fibroblasts
-0.03231856717642052,0.0,-0.003529335644885435,intermediate,-0.10307465930145704,Fibroblasts
-0.0345254691250353,0.0,-0.01560559459382545,intermediate,-0.11196800392708611,Epithelial cells
-0.10498802920421922,-0.019243298271889628,-0.016729325128470356,intermediate,-0.10817563397456167,Endothelial cells
-0.13503253124803904,0.0,-0.006403790086548016,permissive_high_CD8,-0.5169900491205434,MAST cells
-0.0869909084465609,0.0,-0.004188925373731193,permissive_high_CD8,-0.32339254551772106,Fibroblasts
-0.013346767808538842,0.0,-0.002906038822271885,intermediate,-0.02662235019331239,Fibroblasts
-0.08288735079478068,0.0,-0.002906038822271885,permissive_high_CD8,-0.30685608253107804,Schwann cells
-0.04974633718590181,-0.02005965700033705,-0.002906038822271885,intermediate,0.12664347525047626,Endothelial cells
-0.02701459065019845,0.0,-0.003985335212326565,intermediate,-0.08170076402552623,Fibroblasts
-0.0434390991088377,0.0,-0.011291414330362792,intermediate,-0.14788803352380314,Fibroblasts
-0.12235133619193571,0.0,-0.004188925373731193,permissive_high_CD8,-0.46588753504213637,Endothelial cells
-0.02677867881744262,0.0,-0.017352813844256073,intermediate,-0.08075008960554203,Fibroblasts
-0.14777881361873274,-0.03407326207952461,-0.005416296625587783,intermediate,-0.05886367666323106,NK cells
0.07179222719736367,-0.014834600904209894,-0.008988725608177033,intermediate,0.5382886976741346,NK cells
-0.09170332299657614,0.0,-0.00903237705771257,permissive_high_CD8,-0.34238257207436973,Fibroblasts
-0.1705125862336063,0.0,-0.004634763226013596,permissive_high_CD8,-0.6599671109338124,Endothelial cells
-0.08029602234622082,0.0,-0.007147878577352053,permissive_high_CD8,-0.2964135810208932,Endothelial cells
0.2791831866804376,-0.031611616312250915,-0.014914052399546511,hypoxic_low_neighbor_CD8,1.624893678181265,Epithelial cells
-0.23912802087255272,0.0,-0.012884199474504605,permissive_high_CD8,-0.9364726925544636,Epithelial cells
0.1669097214817522,-0.019043872230931333,-0.012884199474504603,hypoxic_low_neighbor_CD8,0.9845323870653006,Epithelial cells
0.3731334147204357,-0.013537057498206011,-0.011650707074987743,intermediate,1.7332275501257925,Epithelial cells
-0.12180110824155999,0.0,-0.012884199474504603,permissive_high_CD8,-0.4636702336398623,Epithelial cells
-0.032444684141611,-0.02816722653655388,-0.01665646248018211,intermediate,0.3175964355831104,Epithelial cells
-0.28876875299047755,-0.014422544100989214,-0.01129825079811086,intermediate,-0.920856636345104,Endothelial cells
-0.12659328721134538,0.0,-0.011650707074987743,permissive_high_CD8,-0.4829816938126826,Endothelial cells
-0.15409920014530779,0.0,-0.008163726024138621,permissive_high_CD8,-0.5938246622181517,Fibroblasts
-0.1710417261085357,-0.01884836513503843,-0.0128841994745046,intermediate,-0.3802633203766269,Endothelial cells
-0.01013131553389457,0.0,-0.007151011867240052,intermediate,-0.013664762646831863,Schwann cells
-0.06504461755714264,0.0,-0.007982691225574406,intermediate,-0.23495366935631845,Endothelial cells
-0.037156120361573244,0.0,-0.007982691225574406,intermediate,-0.12256896789426822,Epithelial cells
-0.1833096393140923,0.0,-0.008796831921205507,permissive_high_CD8,-0.7115365081644711,Fibroblasts
0.24488438995008965,0.0,-0.0053537958224936216,intermediate,1.013994193946385,Fibroblasts
-0.09096051411456373,0.0,-0.006342769216107614,permissive_high_CD8,-0.3393892105510537,Schwann cells
0.11431601679468728,-0.011945435875340513,-0.0053537958224936216,intermediate,0.6664493598034724,NK cells
1.0726453731337706,-0.028541016675200058,-0.006342769216107614,hypoxic_CD8_low,4.776463118202007,NK cells
0.3199384389632198,0.0,-0.006135329222067809,intermediate,1.3164460196115828,NK cells
-0.3524423928624655,-0.011795643370161172,-0.011816929033410695,intermediate,-1.2167273979068691,Epithelial cells
0.21042240910740742,-0.017543335192599277,-0.013374128225843916,hypoxic_low_neighbor_CD8,1.137441994591005,Epithelial cells
0.8746728265141867,-0.01006072252868158,-0.013374128225843916,hypoxic_low_neighbor_CD8,3.7023435233608524,Epithelial cells
0.29064901382568853,-0.01089194911694237,-0.00943485960143137,intermediate,1.3612811740507658,Epithelial cells
-0.15882153491897277,-0.016707453167872872,-0.008888969151114645,intermediate,-0.3630312136157602,Epithelial cells
0.43992424106980904,-0.01136832198633356,-0.007860118850522678,intermediate,1.9699516488402753,Epithelial cells
-0.1340779836876804,0.0,-0.009166437411597866,permissive_high_CD8,-0.5131434258389104,Fibroblasts
0.6651941513919448,-0.048950179868381516,-0.017503966783222403,hypoxic_low_neighbor_CD8,3.43969594638758,Epithelial cells
1.0541161495040219,0.0,-0.01614722188828606,hypoxic_low_neighbor_CD8,4.275025760951245,Epithelial cells
0.6023124671844114,0.0,-0.015476507053040623,hypoxic_low_neighbor_CD8,2.45435318756457,Epithelial cells
-0.25177630075967933,-0.029374919922245658,-0.01525194332828084,intermediate,-0.5482048307063208,Fibroblasts
-0.04705821270923538,0.0,0.04366181404770431,intermediate,-0.16247229020445914,Fibroblasts
-0.025388621900933814,0.0,0.04559562341046844,intermediate,-0.07514845641313327,Fibroblasts
-0.2895496169247302,-0.011736101467117125,-0.007124302615681802,intermediate,-0.9641732305621149,NK cells
0.019586116913332063,0.0,-0.008410848972768437,intermediate,0.10609015818593348,NK cells
-0.26811028292858935,-0.01330931659652154,-0.007124302615681801,intermediate,-0.8542532883289016,NK cells
-0.012203099737205658,0.0,0.04481483094247854,intermediate,-0.02201361154858978,Fibroblasts
0.3722842543958182,-0.014775066723225087,-0.006281694934757454,intermediate,1.7483173375040013,NK cells
-0.041619005930950366,0.0,-0.008159949036262297,intermediate,-0.14055344582638934,Fibroblasts
-0.010296308371915364,-0.012927638374359502,-0.011505344779546123,intermediate,0.17897493266064657,NK cells
0.3493251024958599,0.0,-0.004252339117279259,intermediate,1.4348680121959005,Macrophages
0.0,0.0,-0.005072812995447321,intermediate,0.02716228026301206,Epithelial cells
-0.011881927888556177,0.0,-0.005925473446144589,intermediate,-0.020719357431009684,Fibroblasts
0.07176978425328512,0.0,-0.0034454673247137856,intermediate,0.31637921872833064,Fibroblasts
-0.06329783474106386,0.0,-0.005072812995447321,intermediate,-0.227914506796665,Schwann cells
-0.1361686982304217,-0.018302834468331898,-0.008159435905425654,intermediate,-0.2478896674459535,Schwann cells
0.14797425653082297,0.0,-0.009214677115683613,intermediate,0.6234670050270044,Schwann cells
-0.04004030342561653,0.0,-0.008304991316698823,intermediate,-0.13419161110596128,Schwann cells
-0.24005120825097265,-0.013019469102867219,-0.008304991316698823,intermediate,-0.7455152318270158,Schwann cells
-0.020845675564195257,0.0,-0.010840968789681087,intermediate,-0.05684135064719084,Schwann cells
-0.17957874282775635,-0.015163216996289457,-0.006823478793969199,intermediate,-0.4697690160714852,Schwann cells
-0.2724104425514558,-0.016719615411179268,-0.0076487979425592465,intermediate,-0.8205884490769932,Schwann cells
-0.09433151153196771,0.0,-0.005566387009202387,permissive_high_CD8,-0.3529736118806627,Schwann cells
-0.03178190706245393,0.0,-0.007626800241097104,intermediate,-0.10091203338899635,Schwann cells
0.14723027805726688,0.0,-0.004837320047190637,intermediate,0.6204689302989737,Schwann cells
-0.09521616127596323,0.0,-0.005036653873891483,permissive_high_CD8,-0.35653856185556526,Endothelial cells
0.15297061372473536,0.0,-0.004602309341533625,intermediate,0.6436012599385532,Schwann cells
-0.24055667861877197,-0.02778990934734885,-0.005595314100525479,intermediate,-0.5266925135017324,Endothelial cells
-0.15142362663544803,0.0,-0.00185266062315659,permissive_high_CD8,-0.5830426710611262,Schwann cells
-0.18156511237822384,0.0,0.0,permissive_high_CD8,-0.7045064363214021,Fibroblasts
0.438581410182049,-0.012443530897379887,-0.005166470119666796,intermediate,1.9806177261059428,Schwann cells
-0.23909143654696913,0.0,-0.005290527575411777,permissive_high_CD8,-0.9363252655174286,Schwann cells
-0.33843038168298195,0.0,-0.002653354768328338,permissive_high_CD8,-1.3366400481454228,Schwann cells
0.23329945357449083,0.0,-0.006540709146764758,intermediate,0.9673093687692378,Fibroblasts
-0.13087883148806162,-0.03769673027007686,-0.007151011867240052,intermediate,0.0634206988956399,Schwann cells
-0.023192587387130925,-0.027356790627545192,-0.005166470119666796,intermediate,0.342762116163899,Schwann cells
0.7306817889692314,0.0,-0.003771051607633892,intermediate,2.9716542025495154,Fibroblasts
0.15056693601799778,0.0,-0.004294101558072686,intermediate,0.63391495093494,Endothelial cells
0.0654160497657745,0.0,-0.004043649114899629,intermediate,0.29077502254161547,Schwann cells
-0.22182285354798098,0.0,-0.0056237122307904825,permissive_high_CD8,-0.8667365554695369,Fibroblasts
-0.0919693560006628,0.0,-0.005830324806182491,permissive_high_CD8,-0.3434546283968625,Schwann cells
-0.1736538898513978,0.0,-0.0029093407748038307,permissive_high_CD8,-0.6726258951921209,Schwann cells
-0.2618467032191265,0.0,-0.0018404498595779562,permissive_high_CD8,-1.0280241417138136,Schwann cells
-0.20151993165533227,0.0,0.0,permissive_high_CD8,-0.7849201062104801,Schwann cells
0.26803781421309014,0.0,-0.0029550908869899074,intermediate,1.1072975603979445,Schwann cells
-0.23394185567955417,0.0,-0.0029846594240340463,permissive_high_CD8,-0.9155735518492192,Schwann cells
-0.2661052841738046,0.0,-0.004837320047190637,permissive_high_CD8,-1.0451853155801307,Schwann cells
0.21062776984938655,0.0,-0.0029846594240340463,intermediate,0.8759473140403562,Schwann cells
-0.10104011627564947,0.0,-0.006187454022859273,permissive_high_CD8,-0.3800078595871095,Schwann cells
-0.28222873794984626,-0.028476894625768006,-0.004837320047190636,intermediate,-0.6843496699106664,Schwann cells
0.15620694103011165,-0.016292996734742694,-0.005072812995447321,intermediate,0.9002691307064112,Schwann cells
4.675780912960503e-05,0.0,-0.006187454022859273,intermediate,0.027350704271060976,Schwann cells
-0.06619841793933547,0.0,-0.005072812995447321,intermediate,-0.2396032390549016,Schwann cells
-0.04831111861998776,0.0,-0.0012708608599005119,intermediate,-0.16752123406660152,Fibroblasts
-0.036609297296608306,0.0,-0.0022252783601583257,intermediate,-0.12036538745471656,Fibroblasts
-0.03781959426450921,-0.01906291289850768,-0.0022252783601583257,intermediate,0.15980157810702694,Fibroblasts
0.0,0.0,-0.0022252783601583257,intermediate,0.02716228026301206,Fibroblasts
-0.025008457252778227,-0.06582212255068635,-0.020642414685042118,intermediate,0.9106095286387279,Epithelial cells
0.10293862953722238,-0.011488836303896266,-0.012575710093283298,hypoxic_low_neighbor_CD8,0.6137734645597844,NK cells
-0.26471140585749986,-0.020096991226258066,-0.01227259828976774,intermediate,-0.7390616968641798,Epithelial cells
-0.11645226832853262,-0.012767836149887517,-0.011178388286698685,intermediate,-0.2512004602379929,Pericytes
0.32435248367278924,-0.033911168333972515,-0.019392423398098966,hypoxic_low_neighbor_CD8,1.8413010960871565,Epithelial cells
-0.2295658310733167,-0.015262486963619587,-0.015426720234385708,intermediate,-0.6697219654632045,Endothelial cells
0.2279465380442669,0.0,-0.015893486282925213,hypoxic_low_neighbor_CD8,0.9457382597346726,NK cells
0.35522169138054294,0.0,-0.015426720234385708,hypoxic_low_neighbor_CD8,1.4586300090077913,Pericytes
0.6704795494615792,0.0,-0.017647079192353324,hypoxic_low_neighbor_CD8,2.729052004698237,Pericytes
-0.20291068755000471,-0.03104483453850997,-0.019838067684096364,intermediate,-0.32631689748344617,NK cells
0.14539235088241154,-0.06551555679877277,-0.015893486282925213,hypoxic_low_neighbor_CD8,1.5927044570298903,NK cells
-0.3289721998344942,-0.02630389364142167,-0.015508788478197515,intermediate,-0.9052083427096596,Pericytes
-0.012694310950466907,0.0,-0.0040174585283204774,intermediate,-0.023993088075060603,Fibroblasts
-0.012585943482487077,0.0,-0.01851315858714815,intermediate,-0.023556390269090396,Fibroblasts
0.12790454463307635,-0.014895071384877811,-0.008688706425037461,intermediate,0.7653135849132162,Pericytes
-0.053653893221813034,0.0,-0.012823248295648858,intermediate,-0.18905147732045993,Fibroblasts
0.07683692543382142,0.0,-0.007222748317538325,intermediate,0.33679871802394357,Endothelial cells
-0.03481595295978837,0.0,-0.003827865307147687,intermediate,-0.1131385918873962,MAST cells
-0.22459155775935774,-0.014910338861256959,-0.005894990038131735,intermediate,-0.6549423092086191,Monocytes
-0.13279102126278552,-0.018724987864011694,-0.007602569899256574,intermediate,-0.22796596744603198,Schwann cells
-0.1610425619715189,-0.019129602532637745,-0.006543981111966647,intermediate,-0.3357635287418502,Schwann cells
-0.02736363353499447,0.0,-0.01001157773490216,intermediate,-0.08310733248026124,Epithelial cells
-0.24886800007647777,0.0,-0.0035176619505270933,permissive_high_CD8,-0.9757227334370393,MAST cells
-0.2569537181930848,0.0,-0.005974415793270878,permissive_high_CD8,-1.0083064546131497,Endothelial cells
0.27764346082526514,0.0,-0.008498055153047506,intermediate,1.1460062695581765,Endothelial cells
-0.08862506912415286,0.0,-0.007222748317538325,permissive_high_CD8,-0.329977864855809,Endothelial cells
-0.023618200217863643,0.0,-0.007951681752275681,intermediate,-0.06801403425626668,Schwann cells
-0.17621266315261044,0.0,-0.005974415793270878,permissive_high_CD8,-0.6829372063950614,Endothelial cells
-0.12273172585360975,0.0,-0.004259868446792829,permissive_high_CD8,-0.4674204243285938,Endothelial cells
-0.013198157390916204,0.0,-0.0013042259473710568,intermediate,-0.026023481874896,Macrophages
0.0,0.0,-0.0043297597753856835,intermediate,0.02716228026301206,Fibroblasts
-0.31101425967542046,-0.04351271888022481,-0.016730382342731102,intermediate,-0.5755212949632262,Endothelial cells
-0.04954149253875855,0.0,-0.013119209729708158,intermediate,-0.17247937880197706,Macrophages
-0.27998223362198793,-0.020078576045480336,-0.015096475688712961,intermediate,-0.8008752377672566,Endothelial cells
-0.21436826100789877,-0.01461595079676825,-0.0167303823427311,intermediate,-0.618146531772582,Pericytes
-0.015263860005451494,0.0,-0.019094196504909497,intermediate,-0.034347823269698985,Epithelial cells
-0.16321272639385667,0.0,-0.011587891662329958,permissive_high_CD8,-0.6305502311696563,MAST cells
-0.08036123222136593,-0.0462925289323938,-0.008660995944147971,intermediate,0.3955272448025159,Macrophages
-0.012585943482487077,0.0,-0.008488315255374882,intermediate,-0.023556390269090396,Fibroblasts
-0.011670960958702976,0.0,-0.012118160193748319,intermediate,-0.0198692056546822,Fibroblasts
-0.21693984188707957,-0.014342557080844153,-0.019154995687899155,intermediate,-0.632597460363741,MAST cells
-0.18476208912799635,-0.03245599646317331,-0.019726705358095974,intermediate,-0.23208106999710015,Pericytes
-0.09319905416075008,-0.05089855194091797,-0.019726705358095977,intermediate,0.4126665663678049,Endothelial cells
-0.1467782905302852,0.0,-0.019926706563766827,permissive_high_CD8,-0.5643229563447467,Pericytes
-0.012808886876546714,0.0,-0.014926862201870854,intermediate,-0.024454804644329985,Fibroblasts
-0.15450440065927773,-0.016249544707387084,-0.016715984434573113,intermediate,-0.35248110277144346,Schwann cells
-0.05211418795298381,0.0,-0.012984631354348701,intermediate,-0.18284679315395674,Endothelial cells
-0.22684098822045998,0.0,-0.014926862201870856,permissive_high_CD8,-0.8869585689795553,Endothelial cells
-0.012117838763807672,0.0,-0.013940801826404977,intermediate,-0.021670027992455435,Macrophages
-0.13571148608104291,-0.05416758919534413,-0.012984631354348701,intermediate,0.29023183226030236,Endothelial cells
-0.18458284431672,0.0,-0.014926862201870856,permissive_high_CD8,-0.7166672530417189,Pericytes
-0.20827252797812343,-0.01534720567556528,-0.015096475688712963,intermediate,-0.5826477077771686,Endothelial cells
0.0905556836760188,-0.030797885014460638,-0.015096475688712958,hypoxic_low_neighbor_CD8,0.8525974588433743,Endothelial cells
-0.011480175347692037,0.0,-0.007602569899256574,intermediate,-0.019100380293230832,Fibroblasts
-0.04814426774480735,0.0,-0.008450975945764867,intermediate,-0.16684886059074383,MAST cells
-0.013507295325099224,0.0,-0.00869391784976851,intermediate,-0.027269241881257088,Fibroblasts
0.17549495907672436,-0.03104483453850997,-0.009755201893135926,hypoxic_CD8_low,1.198577231069857,Endothelial cells
-0.012273184266913817,-0.029658989385072037,-0.014739298530918385,intermediate,0.4211893355818178,Endothelial cells
-0.012385373134689638,0.0,-0.016638284945777557,intermediate,-0.02274813450323522,Fibroblasts
0.3131947263656371,0.0,-0.017697009898712122,hypoxic_low_neighbor_CD8,1.2892702947343888,MAST cells
-0.22551551114124466,-0.016471802947009624,-0.01321871168056802,intermediate,-0.6353173613143642,MAST cells
-0.15064052597107178,-0.015839736953920682,-0.008501723066837037,intermediate,-0.34303829046402945,MAST cells
-0.12323829926640155,0.0,-0.007592035980842375,permissive_high_CD8,-0.4694618072459302,MAST cells
0.3541949235770597,-0.029260291744340288,-0.009017555144151696,hypoxic_CD8_low,1.8920160744381533,Monocytes
0.1435200583982659,-0.015878831809348907,-0.007742248308642512,intermediate,0.8429507655195517,Monocytes
-0.19456144892068272,0.0,-0.01007238586261044,permissive_high_CD8,-0.7568789034422414,Pericytes
-0.22172552514746485,0.0,-0.01278073572115055,permissive_high_CD8,-0.8663443427533378,Endothelial cells
-0.22197173398182574,-0.019563389210565853,-0.008733814126245083,intermediate,-0.5748087778703713,Endothelial cells
-0.28002883727291983,-0.027052802112903673,-0.015125991200950305,intermediate,-0.6967787303973142,Endothelial cells
-0.03879126966238979,0.0,-0.013400726794553027,intermediate,-0.12915827117330408,Fibroblasts
-0.11919709812685186,-0.03900801314998735,-0.009755201893135924,intermediate,0.13010296523988063,Endothelial cells
-0.012117838763807672,0.0,-0.013449038957294664,intermediate,-0.021670027992455435,Fibroblasts
-0.30424321798914405,-0.02810117204179648,-0.01640070163608402,intermediate,-0.7786814439985834,Pericytes
-0.11418516473119039,-0.01728183537842291,-0.014423435677079214,intermediate,-0.17456752171596326,Pericytes
-0.013507295325099224,0.0,-0.010548191031946345,intermediate,-0.027269241881257088,Fibroblasts
-0.22413632189892382,0.0,-0.0071761039265415116,permissive_high_CD8,-0.8760593399903148,Pericytes
-0.012117838763807672,0.0,-0.010011577734902159,intermediate,-0.021670027992455435,MAST cells
0.2575235424271549,-0.03682716462293617,-0.018407950484961792,hypoxic_low_neighbor_CD8,1.615597054404125,MAST cells
-0.07247956210829647,-0.020477072912671788,-0.018443420090977804,intermediate,0.04127496540460432,Endothelial cells
-0.43856008751804093,0.0,-0.02329527292496119,permissive_high_CD8,-1.7401414279022271,Endothelial cells
-0.3384830214412337,-0.05135205689712092,-0.019498556731683523,intermediate,-0.5689943832370615,Endothelial cells
-0.1470623246158462,-0.016855958019673583,-0.023295272924961193,intermediate,-0.31342353611046503,Endothelial cells
-0.02091763967491058,0.0,-0.009998306410837108,intermediate,-0.0571313506798928,Macrophages
-0.013346767808538842,0.0,-0.018667116113680736,intermediate,-0.02662235019331239,Fibroblasts
-0.02701459065019845,0.0,-0.024438843746416965,intermediate,-0.08170076402552623,Epithelial cells
-0.012930422901628486,0.0,-0.00857861675875068,intermediate,-0.024944568929580507,Fibroblasts
-0.25360375523088446,-0.013645306289919957,-0.00857861675875068,intermediate,-0.7907710809998008,MAST cells
-0.19821303340804625,0.0,-0.008721757996902776,permissive_high_CD8,-0.7715940108787582,MAST cells
-0.11127769133173321,0.0,-0.011838400540885976,permissive_high_CD8,-0.4212631057305298,MAST cells
-0.06108037726467393,-0.02005965700033705,-0.008501723066837037,intermediate,0.08096970869076076,Monocytes
-0.24133249746269012,0.0,-0.008736270899392976,permissive_high_CD8,-0.9453562635022029,MAST cells
-0.04749427215162527,-0.016370219257679064,-0.008840368505109822,intermediate,0.08055133852696614,Monocytes
0.04281053150514044,-0.027074114996412022,-0.017567280847855745,intermediate,0.6045138255985136,MAST cells
-0.046421273166396056,0.0,-0.007176103926541512,intermediate,-0.1599055595603015,MAST cells
-0.04062519686289102,0.0,-0.015668123260683377,intermediate,-0.13654860703421978,Pericytes
-0.14529996511926613,0.0,-0.01688060059077666,permissive_high_CD8,-0.5583656199269373,Pericytes
-0.3821283057032819,-0.05410812933917953,-0.017594935343815732,intermediate,-0.7036645386972696,Endothelial cells
0.3402360237267123,-0.020477072912671788,-0.01588865549136431,hypoxic_low_neighbor_CD8,1.7044308385067026,Endothelial cells
0.33767086339284136,0.0,-0.00897837154939268,intermediate,1.3879039117936682,Endothelial cells
0.20451250037993773,-0.012356978196364183,-0.010913100030258117,intermediate,1.036075686450179,Endothelial cells
0.20789169690695153,-0.017954563804966236,-0.00897837154939268,hypoxic_CD8_low,1.1333927888905408,Endothelial cells
-0.013059817164777273,0.0,-0.00537116292678071,intermediate,-0.025466000239876732,Fibroblasts
-0.1487219936876412,0.0,-0.00897837154939268,permissive_high_CD8,-0.5721556659216902,Pericytes
-0.012930422901628486,0.0,-0.00897837154939268,intermediate,-0.024944568929580507,Fibroblasts
0.33883949455965956,0.0,-0.003369852084058177,intermediate,1.3926132463942784,MAST cells
-0.011670960958702976,0.0,-0.002900736598994246,intermediate,-0.0198692056546822,Fibroblasts
0.0,0.0,-0.0019852552658472305,intermediate,0.02716228026301206,Macrophages
-0.061710579807021056,0.0,-0.007757408898851651,intermediate,-0.2215182076108162,Schwann cells
-0.09127684290629313,0.0,-0.00838041408502782,permissive_high_CD8,-0.34066394818116197,Endothelial cells
0.10180155053196183,-0.034846070324361086,-0.01438321488106299,hypoxic_low_neighbor_CD8,0.9584476709654112,Endothelial cells
-0.13856812749043046,-0.020670234433069885,-0.012712189832679657,intermediate,-0.22215956308999646,Endothelial cells
-0.1943739465920322,-0.015522417269254985,-0.014383214881062988,intermediate,-0.5240194796828744,Endothelial cells
0.18532482064871425,-0.011994418827628316,-0.01327735782473998,hypoxic_low_neighbor_CD8,0.953332142412461,Endothelial cells
0.23778609386888375,-0.017855794806229442,-0.01438321488106299,hypoxic_low_neighbor_CD8,1.2523839644740171,Endothelial cells
-0.036609297296608306,0.0,-0.01327735782473998,intermediate,-0.12036538745471656,Epithelial cells
-0.013507295325099224,0.0,-0.012218769037450053,intermediate,-0.027269241881257088,Fibroblasts
-0.0803185734882891,-0.019893312261172153,-0.006975933157319803,intermediate,0.0009565549522848882,Endothelial cells
0.0,0.0,-0.005275866988538569,intermediate,0.02716228026301206,MAST cells
-0.13255280950462003,0.0,-0.0010289214078874885,permissive_high_CD8,-0.5069972988518995,Schwann cells
-0.013507295325099224,0.0,-0.0010289214078874885,intermediate,-0.027269241881257088,Fibroblasts
-0.025171886964974154,0.0,-0.0010289214078874885,intermediate,-0.07427506080119284,Fibroblasts
0.22001649912102633,0.0,-0.000994022590750464,intermediate,0.9137818925370734,Monocytes
0.5470454606665186,0.0,-0.0010289214078874885,intermediate,2.2316389271059127,Schwann cells
-0.09988981652930079,0.0,-0.002304228243396671,permissive_high_CD8,-0.3753723967050935,MAST cells
-0.026119634329554546,0.0,-0.002304228243396671,intermediate,-0.07809428074276552,Fibroblasts
-0.011420429949779588,0.0,-0.002398283311069092,intermediate,-0.018859619069668425,Fibroblasts
-0.06438467493018951,0.0,-0.0035525607676641178,intermediate,-0.23229424118447736,Macrophages
-0.013198157390916204,0.0,-0.0015513628600580007,intermediate,-0.026023481874896,Fibroblasts
0.0,0.0,-0.0028775836774694776,intermediate,0.02716228026301206,Fibroblasts
-0.013873001657815343,0.0,-0.005275866988538569,intermediate,-0.028742960480608926,Fibroblasts
-0.057708828324773705,-0.02327044290087001,-0.00527586698853857,intermediate,0.14256661919254923,Schwann cells
0.0,0.0,-0.0028775836774694776,intermediate,0.02716228026301206,Fibroblasts
0.17295147161407165,0.0,-0.0028775836774694776,intermediate,0.7241198598868307,Monocytes
-0.06509738753598378,0.0,-0.005218738164657202,intermediate,-0.23516632112728453,Pericytes
-0.12363823733655324,0.0,-0.002398283311069092,permissive_high_CD8,-0.47107347245334935,Schwann cells
0.41224545455840694,0.0,-0.002398283311069092,intermediate,1.6884236244918491,Fibroblasts
0.11190958195422068,-0.015433821118312326,-0.004098349479850326,intermediate,0.7089131183243907,Pericytes
-0.32099387540395957,0.0,-0.006239611191949059,permissive_high_CD8,-1.2663746430586111,Pericytes
-0.09447683770972562,0.0,-0.007945891044400482,permissive_high_CD8,-0.3535592454122012,Pericytes
-0.08427291318594692,-0.020540428547724057,-0.006239611191949059,intermediate,-0.005302381542670431,Pericytes
-0.035645783665668535,0.0,-0.0027911210671449317,intermediate,-0.11648263281905319,Macrophages
-0.10170984842691076,0.0,-0.0012859801370927037,permissive_high_CD8,-0.38270673745604655,MAST cells
-0.23634447151398563,0.0,-0.002280002727843168,permissive_high_CD8,-0.9252555817336933,MAST cells
-0.04616706342582243,0.0,-0.0029769050608440613,intermediate,-0.1588811484705691,Fibroblasts
-0.1857669171559284,0.0,-0.0012859801370927037,permissive_high_CD8,-0.7214388142918854,MAST cells
-0.23727623813123588,0.0,-0.0012859801370927037,permissive_high_CD8,-0.9290104026685628,MAST cells
0.29998925459911546,-0.019289702056390554,-0.002280002727843168,hypoxic_CD8_low,1.5244903979409652,Fibroblasts
-0.023915022731306083,0.0,-0.004972102542316061,intermediate,-0.06921016574110495,Macrophages
-0.11736315991505082,0.0,-0.0027117979510432157,permissive_high_CD8,-0.4457862474830903,MAST cells
-0.02639631478183241,0.0,0.0,intermediate,-0.07920924401280405,Fibroblasts
-0.10025796545557229,0.0,-0.0016909249237513574,permissive_high_CD8,-0.3768559584360271,MAST cells
-0.08070482307648563,0.0,-0.005218738164657202,permissive_high_CD8,-0.29806096086019046,Pericytes
-0.32368971736555596,0.0,-0.006239611191949059,permissive_high_CD8,-1.2772383117575117,Pericytes
-0.03959447408775728,0.0,-0.0010289214078874885,intermediate,-0.132395013867789,Fibroblasts
-0.0377429709377059,0.0,-0.00810735595692829,intermediate,-0.12493385067511517,Fibroblasts
-0.012694310950466907,-0.025594197786771335,-0.012665239068982414,intermediate,0.3587122091604073,Macrophages
-0.32734909976821347,0.0,-0.007051564356897845,permissive_high_CD8,-1.2919848431311518,MAST cells
-0.3497938286348519,-0.025363873856270362,-0.007051564356897845,intermediate,-1.0031710119592656,Monocytes
-0.12705059894117485,0.0,-0.007051564356897845,permissive_high_CD8,-0.4848245626439276,MAST cells
0.36263426192793025,0.0,-0.00981725147056837,intermediate,1.4885010889083194,Macrophages
0.14695278995008357,-0.03262980843362538,-0.012042465608934,hypoxic_CD8_low,1.1072581919829907,MAST cells
-0.1825117547828031,-0.015878831809348907,-0.012042465608934,intermediate,-0.4708879736042789,MAST cells
-0.14830081434134978,0.0,-0.011958513182667102,permissive_high_CD8,-0.5704584028973326,MAST cells
-0.19060320260534325,-0.016587855844845175,-0.013063338636225857,intermediate,-0.4928928792445698,MAST cells
0.0,0.0,-0.00809632184212668,intermediate,0.02716228026301206,Fibroblasts
-0.20579580896829505,-0.01680583027210313,-0.007945891044400482,intermediate,-0.55085651455713,Pericytes
0.9737621004801676,0.0,-0.006239611191949059,intermediate,3.9512160645202923,Pericytes
-0.18896502759083209,0.0,-0.005210689784061571,permissive_high_CD8,-0.7343265179192583,Fibroblasts
-0.008371769185047062,-0.025500992531718513,-0.006239611191949059,intermediate,0.374737450556716,Endothelial cells
0.12879537075877667,-0.015313095409377867,-0.006916969636512993,intermediate,0.7751540601743445,Pericytes
0.4218289248914604,0.0,-0.009902020182847656,intermediate,1.7270429679723482,MAST cells
-0.21739267249662714,-0.017198390806252174,-0.010830140017304828,intermediate,-0.5917195186876617,Pericytes
0.11329021224056379,-0.016059782823570345,-0.011037212312623718,intermediate,0.723836653601981,Endothelial cells
-0.17449465525676927,0.0,-0.011252059177187612,permissive_high_CD8,-0.6760140006328581,MAST cells
0.3325138752719006,0.0,-0.00884817775927092,intermediate,1.3671223484720225,Fibroblasts
0.3914907591409951,0.0,-0.009745717080820265,intermediate,1.6047866241879327,MAST cells
-0.20711866631565323,-0.013249526622324337,-0.016393046501355295,intermediate,-0.6093640973427419,MAST cells
-0.23923307058801613,-0.013463089823240211,-0.010836076607749209,intermediate,-0.7355849329322706,Monocytes
-0.1716451223595554,-0.020703356275674302,-0.019033792498301557,intermediate,-0.3549575398815317,Endothelial cells
0.0,-0.023956275661947274,-0.01903694863261481,intermediate,0.38537603145153443,MAST cells
-0.3939189681087632,-0.011575663138015068,-0.017767598722306023,intermediate,-1.3871584823368206,Endothelial cells
-0.2806205902712412,-0.04609312605761323,-0.019726705358095974,intermediate,-0.4144569328727884,Endothelial cells
-0.14465368129163383,-0.033500111537423695,-0.007167897308081912,intermediate,-0.05484027311951234,Fibroblasts
-0.1062998561016527,0.0,-0.012118160193748319,permissive_high_CD8,-0.4012034903867259,MAST cells
0.8215584352792027,0.0,-0.013252541829056424,hypoxic_low_neighbor_CD8,3.3378677239808887,MAST cells
-0.1428221890246533,-0.03322297069225234,-0.01437627236370133,intermediate,-0.05160378522914394,Endothelial cells
-0.13872780857315983,0.0,-0.013252541829056424,permissive_high_CD8,-0.5318812293835359,MAST cells
-0.02458432017559986,0.0,-0.01317651377998383,intermediate,-0.07190729183358652,Fibroblasts
-0.11125760791770906,-0.037665564038975516,-0.010267215219103855,intermediate,0.14202402628717226,Monocytes
-0.31236990197116593,-0.01429014746476764,-0.0077875053673459775,intermediate,-1.0179439403817503,MAST cells
-0.12687342999929405,-0.019336652176582862,-0.011087942445165555,intermediate,-0.19497323239006656,MAST cells
-0.036605463449256005,0.0,0.010001108953487678,intermediate,-0.12034993786676931,DCs
-0.01899019446238931,0.0,-0.005017329999792431,intermediate,-0.049364157156533126,Macrophages
-0.18209389989155841,0.0,0.005019266384798003,permissive_high_CD8,-0.7066373373307403,Fibroblasts
-0.06039113763824522,-0.02509701493297994,0.00707014905117605,intermediate,0.15906987733840477,Fibroblasts
-0.13379692169557134,-0.017395921081666522,0.005019266384798004,intermediate,-0.25189282119944173,Endothelial cells
-0.15136067647053056,0.0,0.0048633289866262235,permissive_high_CD8,-0.5827889953093772,Fibroblasts
0.4969272422024523,0.28484597208260737,0.003974698347422576,intermediate,-2.229575856872244,Monocytes
0.8187521480652223,-0.030763239995670703,0.005357905902825366,hypoxic_CD8_low,3.786556012076806,Monocytes
0.3239287003934623,0.0,-0.01318442541578038,hypoxic_low_neighbor_CD8,1.332525922965593,MAST cells
-0.13829958199497208,-0.01725382360852199,-0.01318442541578038,intermediate,-0.27216234000583467,MAST cells
-0.12176449734523115,0.0,-0.01187908620486858,permissive_high_CD8,-0.46352269952838543,MAST cells
-0.05369771843454446,-0.016256753249689636,-0.0069274045195174124,intermediate,0.053856135588964904,Monocytes
-0.2446967612308671,-0.020464665493984454,-0.012342672824216114,intermediate,-0.6529091783634995,MAST cells
-0.18826673260654314,-0.010860981728866516,-0.013648012035127915,intermediate,-0.5691102905252686,MAST cells
-0.23239791441155247,0.0,-0.011597129368749869,permissive_high_CD8,-0.9093517975086205,MAST cells
-0.04653739929199219,0.0,-0.00785640975241719,intermediate,-0.1603735231033188,MAST cells
-0.30296031538262425,0.0,-0.008809086250068366,permissive_high_CD8,-1.193703238605247,Monocytes
0.36613735616446497,0.0,-0.009871835425475992,intermediate,1.502617812272995,Monocytes
-0.240665284744707,-0.02143992103545772,-0.009121158924180004,intermediate,-0.6220803717063311,Monocytes
-0.015072574577178342,0.0,-0.007067555583279464,intermediate,-0.03357698375117756,Epithelial cells
-0.11874317644111602,0.0,-0.007437539776327157,permissive_high_CD8,-0.4513474200413296,MAST cells
-0.07625419284445217,0.0,-0.008110089887652482,permissive_high_CD8,-0.2801258693263046,Monocytes
-0.02616734724925701,0.0,-0.0054641286049455454,intermediate,-0.07828655364291649,MAST cells
0.0,0.0,-0.005290412774131044,intermediate,0.02716228026301206,Fibroblasts
-0.07914237516472139,0.0,-0.005762216372367664,permissive_high_CD8,-0.2917646286884618,Macrophages
-0.11370357069145723,0.0,-0.005290412774131044,permissive_high_CD8,-0.4310388826651452,Fibroblasts
-0.19643368395456828,0.0,-0.005290412774131044,permissive_high_CD8,-0.7644236117093992,Endothelial cells
0.4576162401452122,0.0,-0.005290412774131044,intermediate,1.871258223198081,Fibroblasts
-0.196138818579984,-0.015486735564011794,-0.00637708019148483,intermediate,-0.5316650796780424,Monocytes
-0.09347748660658257,0.0,-0.00924433921834557,permissive_high_CD8,-0.3495320733994925,Monocytes
0.3303873773559509,0.0,-0.008817355224156347,intermediate,1.3585530149662486,Pericytes
0.01923729162139587,-0.012945824789132183,-0.007556206784267657,intermediate,0.2982609859639289,MAST cells
-0.38475496223173944,-0.012287643756943675,-0.008225070513211764,intermediate,-1.339583376964176,Endothelial cells
-0.14412850069712443,0.0,0.0048633289866262235,permissive_high_CD8,-0.5536448679110588,Fibroblasts
-0.23733790141032882,-0.013359878709924366,0.00823118955160585,intermediate,-0.7294911016059401,Fibroblasts
-0.1539457236906611,-0.015668520560631387,0.007340034957338903,intermediate,-0.3589177000361635,Monocytes
-0.14939837474899598,-0.016426329670647378,-0.010005582585508524,intermediate,-0.3292614735004836,Endothelial cells
-0.08978078451501317,-0.01782341042028265,-0.010693902493166698,intermediate,-0.06812499806165515,Macrophages
-0.2009243945998839,0.0,-0.0106939024931667,permissive_high_CD8,-0.7825202187688296,MAST cells
0.0695611358167656,-0.023658300700940584,-0.007548798433682213,hypoxic_CD8_low,0.6612370229360244,Endothelial cells
-0.18828567443602534,0.0,-0.006658817656770569,permissive_high_CD8,-0.7315888694559919,Fibroblasts
0.20713575537424966,0.0,-0.010230974372421039,intermediate,0.8618752397533357,Pericytes
-0.12073247978486211,0.0,-0.007954300238214201,permissive_high_CD8,-0.4593638886533379,Monocytes
0.379421155615504,0.0,-0.009142527599566378,intermediate,1.55614869366534,Monocytes
0.16847398553986145,-0.01618525952945354,-0.009767943355235975,intermediate,0.9480917318581817,MAST cells
-0.048557044033065856,-0.019580088163677015,-0.010492008803827077,intermediate,0.12426516929551928,MAST cells
0.004763683162061105,-0.05381055978628305,-0.010294142104031746,intermediate,0.8509782384936473,MAST cells
-0.24785090067300453,-0.03968941924060405,-0.01308050374431327,intermediate,-0.37815550758121863,Monocytes
-0.0876282228523469,0.0,-0.009023041474191766,permissive_high_CD8,-0.32596078677968127,Macrophages
-0.13476416959341272,0.0,-0.009023041474191766,permissive_high_CD8,-0.5159086088325442,Endothelial cells
0.025533978000702118,0.0,-0.009023041474191766,intermediate,0.13005877105002228,Monocytes
0.42631277693323344,-0.0514554938806696,-0.00637708019148483,hypoxic_CD8_low,2.5145164022884545,Schwann cells
-0.3822494568116215,0.0,-0.009885840859972995,permissive_high_CD8,-1.5132215843300858,Endothelial cells
-0.1042283835660023,0.0,-0.01832962151963701,permissive_high_CD8,-0.39285589743923316,MAST cells
-0.18186062119572038,-0.029729433870508602,-0.018711133588824355,intermediate,-0.2611585577010628,Pericytes
-0.024748568314625075,-0.01347356769237441,-0.018843403583274354,intermediate,0.12889858439088425,Endothelial cells
-0.1777016549225313,-0.03484057221818067,-0.012417436064335338,intermediate,-0.1679729050904754,Endothelial cells
0.0,0.0,-0.010265501436756048,intermediate,0.02716228026301206,Macrophages
-0.20054479392178087,-0.016731816264781874,-0.012417436064335338,intermediate,-0.5308027604975021,Pericytes
0.0,-0.02380944070545768,-0.016388548981001182,intermediate,0.3831804355537426,MAST cells
0.14626380789232066,0.0,-0.01331567391049363,hypoxic_low_neighbor_CD8,0.6165742614612165,Pericytes
-0.026119634329554546,0.0,-0.01254396303462596,intermediate,-0.07809428074276552,MAST cells
-0.22175665552836346,-0.015613084862589353,-0.01638854898100118,intermediate,-0.6330102265055064,Endothelial cells
0.3249987440415655,-0.018932800061306973,-0.016992029326486524,hypoxic_low_neighbor_CD8,1.6199366221884233,Schwann cells
-0.10932085887495294,0.0,-0.009734813082716887,permissive_high_CD8,-0.4133774878743823,Monocytes
-0.10634112070841961,-0.02116089793834609,-0.01478344676626517,intermediate,-0.08495479192524896,Schwann cells
-0.013346767808538842,0.0,-0.009767943355235977,intermediate,-0.02662235019331239,Fibroblasts
-0.013198157390916204,0.0,-0.009734813082716887,intermediate,-0.026023481874896,Fibroblasts
-0.0345254691250353,0.0,-0.009734813082716887,intermediate,-0.11196800392708611,Schwann cells
-0.29384524180707206,-0.06514216434617758,-0.016992029326486524,intermediate,-0.182912720778328,Schwann cells
-0.05362962623197869,0.0,-0.016992029326486524,intermediate,-0.18895368652202463,Schwann cells
-0.06192686471594385,0.0,-0.016563370353297184,intermediate,-0.22238978970968587,Fibroblasts
-0.21023999256302553,-0.03439678161250435,-0.016992029326486524,intermediate,-0.30573139149648376,Schwann cells
-0.19804273551726437,-0.016059782823570345,-0.016992029326486524,intermediate,-0.5307687897713632,Schwann cells
-0.024406199474411316,0.0,-0.016992029326486524,intermediate,-0.07118950336019161,Fibroblasts
-0.20431824956074296,-0.017439568091017998,-0.016992029326486524,intermediate,-0.5354261007871749,Schwann cells
0.17512312711003314,-0.048619706621054214,-0.016992029326486524,hypoxic_low_neighbor_CD8,1.4598726333271168,Schwann cells
-0.2661888091918455,0.0,-0.016992029326486524,permissive_high_CD8,-1.0455219036060583,Schwann cells
-0.0973425639202317,0.0,-0.016992029326486524,permissive_high_CD8,-0.3651075114367636,Macrophages
-0.1251393666707847,0.0,-0.016992029326486524,permissive_high_CD8,-0.477122703822845,Pericytes
-0.22507038652657504,-0.03312873840332031,-0.016992029326486524,intermediate,-0.38445553439457364,Schwann cells
0.0,0.0,-0.016563370353297184,intermediate,0.02716228026301206,Macrophages
0.06589584752737757,-0.014731013340505994,-0.013877243551648096,intermediate,0.5129786183062511,Endothelial cells
-0.023618200217863643,-0.02380944070545768,-0.0053439927969866925,intermediate,0.2880041210344638,MAST cells
-0.027746003315630687,0.0,-0.009543497134477663,intermediate,-0.08464820122422992,Epithelial cells
0.0,0.0,-0.010081618356640362,intermediate,0.02716228026301206,Epithelial cells
-0.10388420288821301,0.0,-0.011369468776481517,permissive_high_CD8,-0.3914689226427389,Schwann cells
0.22920349659211187,-0.035086670385198554,-0.012452771756973988,hypoxic_low_neighbor_CD8,1.47544801602952,Schwann cells
-0.0514254818958451,0.0,-0.012440120964719541,intermediate,-0.1800714544871269,Schwann cells
-0.06552441148872835,0.0,-0.012045454753716146,intermediate,-0.236887136670331,MAST cells
-0.3335350986465393,-0.03796297142862791,-0.011338301901875236,intermediate,-0.7492598228223283,Fibroblasts
-0.34061940511067706,0.0,-0.007978831354262216,permissive_high_CD8,-1.345461346141144,Fibroblasts
0.0675549217496052,0.0,-0.007241834030460249,intermediate,0.29939422090439227,Fibroblasts
-0.19293952849974116,-0.013038110153877784,0.014459181296662743,intermediate,-0.5553864643907702,Fibroblasts
-0.27794739137212915,0.0,-0.006512852075450655,permissive_high_CD8,-1.0929064843771623,Fibroblasts
-0.13256690396841272,0.0,-0.007943668571400097,permissive_high_CD8,-0.5070540965378595,Schwann cells
-0.07525455520813723,0.0,-0.009526786212174678,permissive_high_CD8,-0.27609754264596514,Fibroblasts
0.3760822149644415,-0.027627444942953133,-0.006013853894232416,hypoxic_CD8_low,1.9558015395014603,Macrophages
-0.1566838950038435,0.0,-0.010585289284607018,permissive_high_CD8,-0.6042404317739662,DCs
-0.1707765203881934,-0.014731013340505994,-0.007374747658548086,intermediate,-0.44076059632355713,Fibroblasts
-0.12253466380169115,0.0,-0.0063171739359455395,permissive_high_CD8,-0.4666263062476135,Fibroblasts
-0.09383137254829867,0.0,0.014978778135259928,permissive_high_CD8,-0.35095815834169936,Fibroblasts
-0.11962617927765751,-0.01812486803000755,-0.0063171739359455395,intermediate,-0.1838879399784034,Endothelial cells
-0.04500626177194128,0.0,-0.007374747658548086,intermediate,-0.15420336513885152,Pericytes
-0.0861064420646453,0.0,-0.005532917995684543,permissive_high_CD8,-0.31982833445293135,Macrophages
0.06839770581348834,0.0,-0.01008978494909289,intermediate,0.3027904611088134,Epithelial cells
-0.0918366918602143,-0.0227952022784152,-0.011153666178385417,intermediate,-0.00206758416148467,Epithelial cells
-0.4062477326297377,-0.03426616298042328,-0.011710155862867432,intermediate,-1.097553936560802,Epithelial cells
-0.3354338067602441,-0.03613220245731987,-0.013729816441915618,intermediate,-0.7842863611709281,Epithelial cells
0.29627210021497735,0.0,0.008157570999518459,intermediate,1.221075717071813,Epithelial cells
0.03294167149976557,0.0,-0.013426688164673677,intermediate,0.15991019748496393,Epithelial cells
0.7042321057683493,-0.014409096134819,0.008448075640414287,intermediate,3.080524159603083,Epithelial cells
0.24365161891921938,-0.021867329292451804,-0.013729816441915618,hypoxic_low_neighbor_CD8,1.3360045125399034,Epithelial cells
-0.18947665662650603,-0.031009071751644735,-0.011140651419738688,intermediate,-0.272715369592711,DCs
0.6334123477399589,-0.011815710106359319,-0.013047660925449468,hypoxic_low_neighbor_CD8,2.7563572036378003,Epithelial cells
0.42902986017096956,-0.038837475332653956,-0.014735247860392419,hypoxic_low_neighbor_CD8,2.3367907754096318,Epithelial cells
0.8087424197828912,-0.02430556370661809,-0.011891763252124451,hypoxic_CD8_low,3.6496585028567767,Epithelial cells
-0.12657410648453188,0.0,-0.011891763252124453,permissive_high_CD8,-0.482904399570485,Epithelial cells
-0.0410084169073756,0.0,-0.010629232563631416,intermediate,-0.1380929021603306,Fibroblasts
0.4998574323922276,0.0,-0.009503509094197097,intermediate,2.0414812275712277,Epithelial cells
-0.35572312443131904,0.0,-0.013215567708498072,permissive_high_CD8,-1.4063261168354435,Epithelial cells
0.6056550133180427,0.0,-0.011210154457452649,intermediate,2.4678229362827246,Epithelial cells
0.03897966151256638,-0.010532522008486605,-0.011153666178385417,intermediate,0.3417328607689771,Epithelial cells
0.954504970565857,-0.04491541163641431,-0.00976582307081956,hypoxic_CD8_low,4.545225762066706,Epithelial cells
0.8422190922809891,0.0,-0.008564501156208486,intermediate,3.4211257695067148,Epithelial cells
-0.012788324470979662,0.0,-0.008564501156208486,intermediate,-0.024371942531151585,Epithelial cells
0.5024683437194211,-0.018019828719166128,-0.013000985324463222,hypoxic_low_neighbor_CD8,2.3214498039088545,Epithelial cells
1.0006422900770564,0.0,-0.009639365212959156,intermediate,4.059537501200989,Epithelial cells
0.17647584662379986,0.0,-0.009639365212959156,intermediate,0.7383223402331558,Epithelial cells
1.0575767731570815,0.0,-0.010210431699971599,intermediate,4.288971336913775,Epithelial cells
0.2884922295689104,0.0,-0.011246193822739737,intermediate,1.1897244960346858,Epithelial cells
0.14287569915434442,-0.01595821843938789,-0.01082545137598447,intermediate,0.8415411886306264,Monocytes
0.8232566687955436,-0.032369295112517196,-0.011590168961950965,hypoxic_CD8_low,3.8287233154174745,Epithelial cells
-0.16159777660446473,0.0,-0.010790483703819204,permissive_high_CD8,-0.6240423276177269,DCs
0.27523809791090015,-0.017791292445379712,-0.00894274331940974,hypoxic_CD8_low,1.4023430689688448,T cells
-0.1137226594978547,0.0,-0.008700783403939726,permissive_high_CD8,-0.43111580648765174,DCs
-0.022291851809704638,0.0,0.015844580887282408,intermediate,-0.06266913277805808,Fibroblasts
-0.25821621446724397,0.0,0.016117410506778864,permissive_high_CD8,-1.013394045596391,Fibroblasts
-0.08065971313231442,-0.022420979704451463,0.016364177725879593,intermediate,0.03737757780953832,Monocytes
0.19090393700274122,0.3360427480209426,0.016986617850370717,intermediate,-4.228320476581296,DCs
-0.26805525323952056,0.0,0.016117410506778864,permissive_high_CD8,-1.0530432754326804,Fibroblasts
-0.14649243335647277,0.0,0.01625478671290274,permissive_high_CD8,-0.5631710128422192,Monocytes
-0.365055191469001,0.0,-0.008715795087106477,permissive_high_CD8,-1.443932358602402,Epithelial cells
-0.07903102124072461,0.0,-0.005092080691565385,permissive_high_CD8,-0.2913158961010711,Fibroblasts
-0.11914759563154964,0.0,0.016608601042598346,permissive_high_CD8,-0.4529771432086872,Monocytes
-0.22984408949273658,-0.017143728279391764,0.017310769176497452,intermediate,-0.642713434779277,DCs
-0.024770746269379276,-0.024971319113665746,0.017310769176497452,intermediate,0.3007329585783095,Fibroblasts
-0.11307184763222813,0.0,0.01625478671290274,permissive_high_CD8,-0.42849317333845427,Fibroblasts
-0.12382893389966114,0.0,0.009597359527299598,permissive_high_CD8,-0.471841938970725,Monocytes
-0.2291182858876914,-0.014264210033030645,-0.012557287705250275,intermediate,-0.6828455036995695,DCs
0.06117718095281516,-0.011736101467117125,0.007538638198584839,intermediate,0.4491810350980222,Fibroblasts
0.19538538475113224,0.46329694324069554,0.020394828405707725,intermediate,-6.113069599605662,Monocytes
-0.11063653876982539,0.0,0.018757060207264555,permissive_high_CD8,-0.41867939751719924,Monocytes
-0.16168183782493253,-0.016381377633283976,0.018757060207264555,intermediate,-0.3794333719297267,Pericytes
0.6934028456967519,-0.013667333463908207,0.020394828405707725,intermediate,3.025793109138983,Fibroblasts
-0.26014654320406627,-0.026801647927596983,0.012594894970315991,intermediate,-0.6204127836417739,Fibroblasts
-0.09227943420410156,0.0,0.012223217651428963,permissive_high_CD8,-0.3447041774879799,Fibroblasts
0.24542985096513986,-0.01330931659652154,0.010489863551419114,intermediate,1.215204030640477,DCs
-0.15856565912085843,0.0,0.010489863551419112,permissive_high_CD8,-0.6118235402157621,Pericytes
0.10087959019534559,0.3090338040942605,0.009904097095031325,intermediate,-4.187239678486187,DCs
0.12307347207663052,-0.03294360589401925,0.010489863551419116,hypoxic_CD8_low,1.015721784231048,T cells
0.17623193579983998,-0.016059782823570345,0.010489863551419114,intermediate,0.9774783884760974,Pericytes
-0.13096863773453188,0.0,0.011226721749453732,permissive_high_CD8,-0.5006134241598544,Fibroblasts
0.17718667486106537,-0.010068897293646809,-0.0136381568857211,hypoxic_low_neighbor_CD8,0.891745182169212,Epithelial cells
-0.051339718232671916,-0.017443817154115995,-0.010820855656776995,intermediate,0.08110832059600431,Epithelial cells
0.17083464281626015,-0.02478887581149576,-0.012558870469992942,hypoxic_low_neighbor_CD8,1.086252957821745,Epithelial cells
-0.06665130982916039,-0.019197429239991223,-0.010069791636808038,intermediate,0.04562730552034941,Epithelial cells
-0.1958762325914988,0.0,-0.008138194450965296,permissive_high_CD8,-0.7621772014930707,Epithelial cells
0.24947636625374175,-0.01284688011354763,-0.008582389049040965,intermediate,1.224595898011121,Epithelial cells
-0.031162487933913387,0.0,-0.01269571520538948,intermediate,-0.09841590628136677,Monocytes
0.3113120205431099,-0.011613524394479357,-0.007416881916494022,intermediate,1.4553382698564923,Epithelial cells
0.1705465465185633,-0.01612201682951769,-0.007416881916494022,intermediate,0.9554980546251604,Epithelial cells
-0.30265890833843184,-0.013745454641488882,-0.007440046935911604,intermediate,-0.9869553960371139,Epithelial cells
0.5791341071147995,0.0,-0.011514738793315193,intermediate,2.360949335125469,Epithelial cells
-0.3006676670059143,-0.01288255602724639,-0.019072682397407396,intermediate,-0.9918338808382263,NK cells
0.4415453006943546,-0.028685114161688306,-0.01822033192303821,hypoxic_low_neighbor_CD8,2.235418958549005,NK cells
-0.17009915979990514,-0.06853024872691042,-0.012999219160813551,intermediate,0.3664190209593836,Epithelial cells
0.20758555308882015,0.0,-0.010709834388393142,intermediate,0.8636878287041073,Epithelial cells
0.4665367914490911,0.0,-0.011484069348025098,intermediate,1.9072061442399724,Epithelial cells
0.2601663577987487,0.0,-0.0106320430070926,intermediate,1.0755772682289622,Epithelial cells
-0.25039023663624227,-0.00871101564723953,-0.011418459901282017,intermediate,-0.851602819492193,Epithelial cells
0.02302581191541675,-0.018195121394477876,-0.008622101218755108,intermediate,0.39201967503792023,Epithelial cells
-0.006616679061368758,-0.012909539798010699,-0.014414749454390184,intermediate,0.19353243010033244,Epithelial cells
-0.15141812673055502,0.0,-0.009704963913169789,permissive_high_CD8,-0.5830205076162788,Macrophages
0.08675525130995787,0.0,-0.009704963913169789,intermediate,0.3767674579949883,Fibroblasts
-0.08398103139486657,0.0,-0.01643151529083046,permissive_high_CD8,-0.31126338231756545,NK cells
-0.3097363207713667,-0.013219984919436064,-0.01689566085856614,intermediate,-1.0233331115401352,NK cells
-0.06851806793825693,0.0,0.019067937478005285,permissive_high_CD8,-0.24895093429990212,Fibroblasts
-0.09024476813504016,-0.0363901964566003,0.015613207221478067,intermediate,0.20763095822961697,Monocytes
-0.12832254003808202,0.41709881026198936,0.017717743205924067,permissive_high_CD8,-6.72675144114331,T cells
0.6829185485839844,0.0,-0.009210229402611613,intermediate,2.7791785207688235,Epithelial cells
-0.4391869234751506,-0.010472212725805367,-0.008094774984959486,intermediate,-1.5860783867237702,Epithelial cells
-0.18058154860653552,0.0,-0.009169576106927334,permissive_high_CD8,-0.70054288389063,Epithelial cells
-0.2983040517592527,-0.010215209080622746,-0.010069791636808038,intermediate,-1.02219335968092,Epithelial cells
-0.11967538734037714,-0.017036631039762305,0.014921112449509857,intermediate,-0.20035844406539663,Fibroblasts
0.017327510209447422,-0.012785257115537822,-0.01503230164408201,intermediate,0.2881640351210637,NK cells
-0.08645145218056371,-0.038173914920945885,0.014247750234954235,intermediate,0.24958882497735846,NK cells
-0.1370337682076726,-0.02231103881650608,-0.008288596162268347,intermediate,-0.1914417781823572,Epithelial cells
0.27796215800396407,-0.017791292445379712,-0.009145054836504855,hypoxic_CD8_low,1.4133204507250876,Epithelial cells
-0.1590512287185853,-0.016731816264781874,0.01888686857367942,intermediate,-0.36359253381314366,Macrophages
0.3594287140781143,0.0,-0.008029600418852732,intermediate,1.475583414083549,Epithelial cells
-0.021098702547540593,-0.030251487546604172,-0.01879224384683668,intermediate,0.39448389260206,NK cells
-0.06598628859922111,0.0,-0.012193380129321224,intermediate,-0.23874840301289782,Macrophages
-0.05904005042999145,-0.01983936981633607,-0.01687279307407889,intermediate,0.08589787765357282,Monocytes
-0.24321412848660265,-0.05639913304132006,-0.015423682633681822,intermediate,-0.10961304926204896,NK cells
0.0962179166724883,0.0,-0.018035146324579854,hypoxic_low_neighbor_CD8,0.41489998318434185,Macrophages
0.14802339708948709,-0.016731816264781874,-0.016905668261241014,hypoxic_low_neighbor_CD8,0.8738527794285336,Endothelial cells
-0.03993591247313473,0.0,-0.01782325269722263,intermediate,-0.13377093781016713,DCs
-0.1873430523527674,-0.02210196792355433,-0.018586451354136186,intermediate,-0.3973036721507932,NK cells
0.09843312927996778,0.0,-0.01861247475813275,hypoxic_low_neighbor_CD8,0.42382681799443345,NK cells
0.3660326482780487,0.0,-0.01792633202072741,hypoxic_low_neighbor_CD8,1.5021958618009745,Epithelial cells
-0.10194040781044099,0.0,-0.01626601824071887,permissive_high_CD8,-0.38363584264610445,NK cells
-0.04752771155422471,0.0,-0.0068101585635289485,intermediate,-0.1643642705130749,Fibroblasts
-0.20302933693889633,-0.024201507027815226,-0.009834845152943722,intermediate,-0.4291220375282386,Fibroblasts
-0.07665464868507232,0.0,-0.009022102922241376,permissive_high_CD8,-0.2817396210383897,Macrophages
-0.11780064747515452,0.0,0.04368341634398298,permissive_high_CD8,-0.4475492291343005,DCs
0.26589345932006836,-0.010368005466847284,0.046250473367951586,intermediate,1.253687131769327,Epithelial cells
0.6191416361245765,-0.04038926946972063,0.010335602905461058,hypoxic_CD8_low,3.126104415359212,Epithelial cells
0.20979643634045458,-0.016587855844845175,0.0461691802901867,hypoxic_CD8_low,1.1206323520678256,Epithelial cells
-0.04969479664262519,-0.01948092147888925,0.009179705232136043,intermediate,0.11819744763798895,Monocytes
0.6368464552255041,0.0,0.023809356492111612,intermediate,2.5935178011712434,Epithelial cells
0.13381972394315117,0.0,0.028246480111222088,intermediate,0.5664272546222002,DCs
-0.04096011272874702,0.0,0.028937680475678573,intermediate,-0.13789824661268768,DCs
0.08825730607212787,0.5073233339307118,0.025724980469710966,intermediate,-7.203091393245138,DCs
-0.16595000914301739,0.0,0.027062587141722536,permissive_high_CD8,-0.6415808974126017,Fibroblasts
0.29126010553903847,0.0,0.025108084590704224,intermediate,1.2008784464395947,Epithelial cells
-0.046336549352929295,0.0,-0.012177254024304841,intermediate,-0.15956414064423668,Fibroblasts
-0.1460697679634554,0.0,-0.010075377324010358,permissive_high_CD8,-0.5614677613661896,Epithelial cells
0.17975398910093499,-0.01953497203255472,-0.012991330498143246,hypoxic_low_neighbor_CD8,1.0436353731661518,Epithelial cells
-0.1388595458494133,-0.016142984150874954,-0.010074286840544377,intermediate,-0.29102905161322407,Fibroblasts
0.5907791369411362,-0.04375565486398303,-0.012032578026878368,hypoxic_CD8_low,3.0621465239354415,Epithelial cells
0.1701068724973135,-0.025702439821683444,-0.013374587366616357,hypoxic_low_neighbor_CD8,1.0969805518761722,Epithelial cells
-0.19961198553981552,-0.029403844825651965,-0.012169387176451895,intermediate,-0.33756124636327534,Epithelial cells
0.5905435506598539,0.0,-0.009765868180515636,intermediate,2.406926961587993,Epithelial cells
-0.1592684467154813,0.0,-0.010867055707614915,permissive_high_CD8,-0.6146556244782827,Epithelial cells
-0.3832079109896618,-0.011742669078502578,-0.009765868180515634,intermediate,-1.3414979954807462,Fibroblasts
0.6967784458374882,-0.008977277076196092,-0.012169387176451895,intermediate,2.969266514303565,Epithelial cells
-0.199371337890625,-0.0165178129064892,-0.01628822270031722,intermediate,-0.5292739352861778,Epithelial cells
0.5514636461035793,0.0,-0.01555007195826645,hypoxic_low_neighbor_CD8,2.2494432730291103,Epithelial cells
-0.10489213993271673,0.0,-0.01688670783873029,permissive_high_CD8,-0.39553069416971415,Epithelial cells
-0.09343760846609092,-0.019947994093180668,0.012759867470953345,intermediate,-0.05109271341728622,T cells
-0.1547928009646006,-0.01733846509987526,0.008893232020968566,intermediate,-0.33736086968592194,Fibroblasts
0.9777960844308019,0.0,0.009183680805635879,intermediate,3.96747216031547,Epithelial cells
0.5281803110038421,0.0,0.010016156243927606,intermediate,2.155616393585762,Epithelial cells
0.08656514217575867,-0.010232332746992227,0.007820929113866544,intermediate,0.5290035343392877,Epithelial cells
0.14999576984160395,0.0,0.010016156243927606,intermediate,0.6316132729431463,Epithelial cells
-0.08916740723881855,0.0,-0.01033054022332113,permissive_high_CD8,-0.3321633719012685,Fibroblasts
-0.08125039372578204,0.0,-0.00871016930954659,permissive_high_CD8,-0.30025949433145166,Pericytes
-0.1952774476813504,0.0,-0.009221183401048584,permissive_high_CD8,-0.7597642258890034,Endothelial cells
-0.09112828419390452,0.0,-0.0042095359359514695,permissive_high_CD8,-0.34006528822382176,Fibroblasts
-0.15550470926675453,0.0,-0.006595384672424893,permissive_high_CD8,-0.5994885645040402,Fibroblasts
1.08841040814258,0.30381589336970133,0.00891029918760459,intermediate,-0.1296784443003256,Epithelial cells
0.8875132698610605,-0.01743291360646607,0.009548965096026815,hypoxic_CD8_low,3.8643227813353573,Epithelial cells
0.07735778768378565,-0.014342557080844153,0.011346022516806319,intermediate,0.5533592804521552,Epithelial cells
0.530297844285467,-0.008912966801570011,-0.010530211568361352,intermediate,2.2974235426530063,Epithelial cells
0.6677849694906948,-0.024871156283235742,-0.008628714905094039,hypoxic_CD8_low,3.090087213156247,Epithelial cells
0.07830143453605681,0.0,-0.01053021156836135,intermediate,0.34270037766121253,Epithelial cells
0.07974025236076138,0.0,-0.011533703656009978,intermediate,0.348498506924104,Epithelial cells
0.7614243423124872,0.0,-0.010820712798681015,intermediate,3.0955401421695194,Epithelial cells
-0.05284526142250581,0.0,-0.010242148706948387,intermediate,-0.18579286346541504,Fibroblasts
-0.11579934995337185,-0.022940998617936727,-0.010503808239050078,intermediate,-0.09645192487342802,Epithelial cells
0.20386241286633966,-0.01120612785401132,-0.01050380823905008,intermediate,1.0162475203536327,Epithelial cells
0.015013227501068815,-0.018146292883374913,-0.010598593942227794,intermediate,0.35900054341998877,Epithelial cells
0.15045359958127802,0.0,-0.012031888189586067,intermediate,0.633458229243692,Epithelial cells
0.5108883993692666,-0.028126400009340604,-0.012031888189586067,hypoxic_CD8_low,2.506502521992705,Epithelial cells
0.3649645196386131,-0.01505238131472939,-0.009277167751399772,intermediate,1.7229669997612693,Epithelial cells
0.22925144122786306,0.0,0.027140623054899074,intermediate,0.9509967415272531,Epithelial cells
0.8635806003248836,-0.0214994137103741,0.027062587141722536,hypoxic_CD8_low,3.8286848450520874,Epithelial cells
0.5380713125788064,-0.013123160914370888,0.027140623054899074,intermediate,2.3917032160476026,Epithelial cells
0.7165021101633706,0.0,0.02510808459070423,intermediate,2.914513118243345,Epithelial cells
-0.047698110461713794,-0.009901192506797883,-0.01124868849832841,intermediate,-0.01700024481048598,Epithelial cells
0.18474267668513406,-0.028734359663990346,-0.007968721312549916,hypoxic_CD8_low,1.2012954599113694,Epithelial cells
-0.17587471774304247,0.0,-0.008972213400198542,permissive_high_CD8,-0.6815753584009429,Fibroblasts
0.7925649531873833,0.0,-0.010373811104037017,intermediate,3.22103016882743,Epithelial cells
0.3729365427331274,0.0,0.013053349058637734,intermediate,1.530017085433734,Fibroblasts
-0.18840104987822384,0.0,0.012856270909792014,permissive_high_CD8,-0.7320538079048657,Fibroblasts
-0.3178343255835843,0.0,0.029440455987975768,permissive_high_CD8,-1.2536423304916307,Fibroblasts
-0.16017806577873997,0.0,0.031141676862015678,permissive_high_CD8,-0.6183211954895725,Monocytes
-0.14603152907038308,0.0,0.014724034593816389,permissive_high_CD8,-0.5613136667747158,Pericytes
-0.08051368223136687,0.0,0.01259919422679906,permissive_high_CD8,-0.29729070398097474,Fibroblasts
-0.16160108573944215,-0.017855794806229442,-0.01165411417622637,intermediate,-0.3570612714343117,Pericytes
0.14788710257135723,-0.028841155743309362,-0.01007537732401036,hypoxic_CD8_low,1.0543722510810938,Epithelial cells
0.4123806953430176,-0.03287996840380464,-0.01007537732401036,hypoxic_CD8_low,2.1806166913518674,Epithelial cells
-0.11564247100707517,0.0,-0.006954417955859309,permissive_high_CD8,-0.4388522378132317,Pericytes
-0.11228778180348346,0.0,-0.008913125747289414,permissive_high_CD8,-0.42533355511047516,Fibroblasts
-0.08320698106145284,0.0,-0.010085458021897536,permissive_high_CD8,-0.30814412440175626,Fibroblasts
0.017794770888056644,-0.031544507756406964,-0.012405222662386464,intermediate,0.5705505950851663,Macrophages
0.3350436227867402,-0.019580088163677015,-0.007930547248335824,hypoxic_CD8_low,1.6700941223176373,Fibroblasts
-0.03243826335692501,0.0,-0.010632266882460129,intermediate,-0.10355700940507903,Epithelial cells
0.3395511711457647,-0.01149496954944935,-0.010632266882460129,intermediate,1.5673633012038766,Epithelial cells
0.31703254017963944,0.0,-0.01053021156836135,intermediate,1.3047358666771505,Fibroblasts
-0.15440017822755867,-0.015801032062484184,-0.007930547248335824,intermediate,-0.35876763505412196,Pericytes
0.16116475005705197,-0.01680583027210313,-0.0121436453702157,hypoxic_CD8_low,0.9279163495813707,Monocytes
-0.08010444487912588,0.0,-0.006084928692754624,permissive_high_CD8,-0.29564156464814506,MAST cells
0.3691605793903152,-0.030558566815457364,-0.005290412774131044,hypoxic_CD8_low,1.9717373452000675,Endothelial cells
-0.2775162539807668,0.0,-0.005290412774131044,permissive_high_CD8,-1.0911690925529416,Pericytes
-0.048344298060160565,-0.0236677737371159,-0.006084928692754624,intermediate,0.18624489522123827,Fibroblasts
-0.06363478626113339,-0.025129851059392395,-0.007279129131281103,intermediate,0.14648965703047231,MAST cells
0.2944290111342587,-0.059257522768337234,-0.01063656041174926,hypoxic_CD8_low,2.0997152190967134,Endothelial cells
-0.32239989008769454,-0.026381347826135302,-0.009580577948154546,intermediate,-0.8775651767273309,Pericytes
-0.24902640959345193,-0.01354774386293975,-0.009580577948154546,intermediate,-0.7737841862751559,Endothelial cells
-0.14051506318241716,0.0,-0.009580577948154546,permissive_high_CD8,-0.5390834846463246,Fibroblasts
-0.030555055323374797,0.0,0.029251819980396537,intermediate,-0.09596808228730305,Fibroblasts
-0.1798140744128859,-0.015522417269254985,0.031088053080824327,intermediate,-0.465346297090629,Macrophages
-0.17703057101452685,0.0,0.029912419625890183,permissive_high_CD8,-0.6862332008059593,Fibroblasts
-0.2747673432989772,0.0,-0.010335961430661591,permissive_high_CD8,-1.0800915682190793,Fibroblasts
-0.2039930657689351,0.0,-0.010728597319238743,permissive_high_CD8,-0.7948863097345992,Fibroblasts
0.16010095460347862,0.0,0.008823124567667645,intermediate,0.6723350144094654,Fibroblasts
0.0294103646374132,-0.02551831311059867,0.012030129040140213,intermediate,0.5272503909826378,Fibroblasts
-0.1781820274261107,-0.0356468208405653,-0.009395012617432958,intermediate,-0.15785301766315352,Monocytes
-0.29425002867916983,-0.009908994682404677,-0.008531957631490813,intermediate,-1.0104352776228573,Fibroblasts
-0.08221842677717706,-0.025855276748719003,-0.009395012617432957,intermediate,0.08244870131036292,Monocytes
-0.1509553993562139,0.0,-0.01194252157018252,permissive_high_CD8,-0.5811558148915699,Fibroblasts
0.5014252825434428,-0.025594197786771335,-0.009997240895362679,hypoxic_CD8_low,2.43050462685235,Schwann cells
0.10709844248361855,0.0,-0.015254457115966137,hypoxic_low_neighbor_CD8,0.4587461838762985,Fibroblasts
-0.11608591807415208,0.0,-0.011942521570182522,permissive_high_CD8,-0.44063923500774443,Schwann cells
-0.09392682304344024,-0.011917738779353709,-0.013266500352043532,intermediate,-0.1731390637328238,MAST cells
-0.02639631478183241,0.0,-0.0117727411581598,intermediate,-0.07920924401280405,Macrophages
0.48958396720120223,-0.014355772419979698,-0.01067186502309946,intermediate,2.214740556890222,MAST cells
-0.03098498697740487,0.0,-0.013266500352043532,intermediate,-0.09770061524698265,MAST cells
0.5459765583635814,-0.0350519481458162,-0.015798051218915723,hypoxic_low_neighbor_CD8,2.7514567645342067,Monocytes
0.07885814431201982,-0.0286063646015368,-0.01587761442670938,hypoxic_low_neighbor_CD8,0.7726894689410517,Monocytes
-0.12609708069797498,0.0,-0.01668600952416136,permissive_high_CD8,-0.48098208729112657,Monocytes
-0.15075959354998117,0.0,-0.015971347806263872,permissive_high_CD8,-0.5803667592130337,MAST cells
0.5347970958694397,-0.0675258945356979,-0.013338972907639062,hypoxic_low_neighbor_CD8,3.1919828160748533,Monocytes
0.341273743943517,-0.017791292445379712,-0.013338972907639062,hypoxic_low_neighbor_CD8,1.668452652184691,Monocytes
-0.20781844112289,0.0,-0.015971347806263872,permissive_high_CD8,-0.8103017573336474,Monocytes
0.00822702756368493,-0.02722500789503337,-0.01547565280023696,intermediate,0.46740594701839544,MAST cells
-0.1221883842744023,0.0,-0.010132309428432533,permissive_high_CD8,-0.46523087353484044,Monocytes
-0.3163214687362732,0.0,-0.008325873759754916,permissive_high_CD8,-1.2475458397432195,MAST cells
-0.11712923777630052,-0.01574368708529453,-0.013972698371259145,intermediate,-0.2094311552189106,Fibroblasts
-0.07535552978515625,-0.016881265138324938,-0.01063656041174926,intermediate,-0.024082018940856376,Endothelial cells
0.07553099101805782,0.0,-0.01063656041174926,intermediate,0.3315360805854542,Pericytes
-0.08306413769243234,0.0,-0.009885840859972995,permissive_high_CD8,-0.3075684960604144,Fibroblasts
-0.29200870253474837,0.0,-0.007488023510828675,permissive_high_CD8,-1.149570572301807,Monocytes
-0.21302332744062186,-0.02771985482590401,-0.006963649870734788,intermediate,-0.41678648709746496,Monocytes
0.33135362609802005,-0.02232221456674429,-0.009462768603593874,hypoxic_CD8_low,1.6962267299190923,Fibroblasts
-0.044583703619409276,0.0,-0.012124708049532211,intermediate,-0.15250054581912822,Epithelial cells
-0.12585638421606346,0.0,-0.011221525125336229,permissive_high_CD8,-0.48001213175451596,DCs
-0.20193928791337223,0.0,-0.012124708049532213,permissive_high_CD8,-0.7866100225776321,DCs
0.11684945644623784,-0.015839736953920682,-0.009462768603593874,intermediate,0.7348893442610961,Monocytes
-0.27615950864002886,-0.018073002819107613,-0.0073589799857815275,intermediate,-0.8154594354500952,Endothelial cells
-0.04266054467503804,0.0,-0.008108357829764466,intermediate,-0.1447506250431328,Macrophages
-0.20295801124419552,0.0,-0.008108357829764466,permissive_high_CD8,-0.790715260540228,Fibroblasts
0.5144027552930227,-0.015381619997835352,-0.007358979985781527,intermediate,2.3300942934863604,MAST cells
-0.38828050850864393,-0.04803413900769191,-0.008996316135010096,intermediate,-0.8192798571412898,Monocytes
0.4776724600887682,-0.015576563383403578,-0.010866523722083623,intermediate,2.1849939823059312,Monocytes
0.16209126595991205,0.0,-0.006766105116459362,intermediate,0.6803555450978253,Fibroblasts
0.33365300956021354,0.0,-0.0026627774824175914,intermediate,1.3717128169371922,Fibroblasts
-0.03426128984933876,0.0,-0.006672265944693253,intermediate,-0.11090341773502937,Fibroblasts
0.1894757637537148,0.0,-0.006772242287392558,intermediate,0.7907092363585229,Schwann cells
-0.22357747640954442,0.0,-0.009301147769819869,permissive_high_CD8,-0.8738073117420055,Monocytes
0.35482220573118894,0.0,-0.00782822475098727,intermediate,1.457020166959789,MAST cells
-0.32474165460670806,-0.011897102541286453,-0.00841318946457424,intermediate,-1.1035822247794562,Fibroblasts
0.01127846820287437,0.0,-0.0052506699092314145,intermediate,0.07261210400362697,Fibroblasts
0.33007469186821137,0.0,-0.004967389126055636,intermediate,1.357292959074936,Fibroblasts
-0.1373862913813457,-0.015082395993746243,-0.009713234560370607,intermediate,-0.3009509282154678,Fibroblasts
-0.22195097528787022,-0.013180954736253993,-0.006668408003895872,intermediate,-0.6701604848695587,Fibroblasts
-0.16938859870634884,-0.01344221999288088,0.014239709883870204,intermediate,-0.4544386558023743,Fibroblasts
-0.1875452401647606,-0.013700615539241899,0.015734441864166965,intermediate,-0.5237423114946237,Fibroblasts
-0.148514176947046,-0.015839736953920682,-0.0055818762373827735,intermediate,-0.3344695569609841,Fibroblasts
-0.11701762341112497,0.0,-0.004549084726454598,permissive_high_CD8,-0.4443938089961533,Fibroblasts
0.016766643189043418,-0.012072743674521505,0.015734441864166965,intermediate,0.2752497790693606,Fibroblasts
-0.30111130557385796,0.0,0.015075180322838999,permissive_high_CD8,-1.186252123046693,Fibroblasts
-0.19415235710910048,-0.016707453167872872,0.015231334582174495,intermediate,-0.5054068990606214,Endothelial cells
-0.15428414402237858,0.0,0.015034487387250613,permissive_high_CD8,-0.5945699466365296,Fibroblasts
-0.3227863541568618,0.0,0.016110064897924763,permissive_high_CD8,-1.2735979505071742,Fibroblasts
-0.1414371781559833,0.0,0.030384399994932955,permissive_high_CD8,-0.5427994115136346,Monocytes
0.2603555051198446,0.0,-0.00606321529177358,intermediate,1.0763394916311284,Macrophages
-0.20139781538262425,0.0,0.03565141068242768,permissive_high_CD8,-0.7844280036509299,Fibroblasts
-0.04002497952625934,0.0,0.03565141068242768,intermediate,-0.13412985905663372,Monocytes
-0.1218569192541651,0.0,-0.009416128202327673,permissive_high_CD8,-0.46389514012894045,Schwann cells
-0.25033016281434334,0.0,-0.008530998809134912,permissive_high_CD8,-0.9816149377258405,Fibroblasts
0.6733567944492203,0.0,-0.008498829675589495,intermediate,2.7406466889403336,MAST cells
-0.007184870511173724,-0.024560042238428524,-0.0069248351330055725,intermediate,0.36545054392869636,Macrophages
-0.06392988718178377,0.0,-0.010990122744911594,intermediate,-0.2304615434605822,Schwann cells
-0.0241831316047883,-0.024713956392728366,0.02862737701113997,intermediate,0.29925262339260794,Fibroblasts
-0.2852759610218217,0.0,0.029817763331555266,permissive_high_CD8,-1.122439058558154,Fibroblasts
-0.174907194083953,0.0,0.02862737701113997,permissive_high_CD8,-0.6776764442062577,Fibroblasts
-0.19922622619383784,0.0,0.02862737701113997,permissive_high_CD8,-0.7756769619232764,Fibroblasts
0.0,0.0,0.030539168530737446,intermediate,0.02716228026301206,Fibroblasts
-0.15420097136593247,0.0,0.031141676862015678,permissive_high_CD8,-0.5942347785527511,Fibroblasts
0.16438226814729623,-0.07900516031242093,0.03114167686201568,hypoxic_CD8_low,1.8709373192950238,T cells
-0.01099771476653685,0.5863666869046394,0.03114167686201568,intermediate,-8.78498859015625,Fibroblasts
0.06654132824824996,0.0,0.03217650467996601,intermediate,0.29530965506153356,Fibroblasts
-0.3126471033058013,-0.04137248838478737,-0.008661435586720827,intermediate,-0.6141037769232339,Pericytes
-0.027530318283172983,-0.01351577550293463,-0.008661435586720827,intermediate,0.11831985029924469,MAST cells
-0.17160677622599774,0.0,-0.007778792053099103,permissive_high_CD8,-0.6643764634627544,MAST cells
-0.2352802322571536,-0.012785257115537822,-0.007916391104982611,intermediate,-0.7297913435797144,Fibroblasts
-0.14320624784293423,0.0,-0.005083528768356673,permissive_high_CD8,-0.5499283854142122,Monocytes
-0.3042582929373745,0.0,-0.004725486739926976,permissive_high_CD8,-1.1989338115892307,Fibroblasts
-0.19471680974385824,-0.013066245476726579,-0.00768094397427743,intermediate,-0.5621278268476301,Fibroblasts
-0.2515330333786317,0.0,-0.009513786061090015,permissive_high_CD8,-0.9864622498028252,Macrophages
-0.13017982268429185,-0.013239653004325835,-0.009513786061090013,intermediate,-0.2994645893420381,Fibroblasts
-0.20330265152406501,0.0,-0.010469078535010458,permissive_high_CD8,-0.7921040874351775,Monocytes
-0.20388081562088198,-0.03736939603983149,-0.008661435586720827,intermediate,-0.23565631063198245,Pericytes
-0.2287848598985787,0.0,-0.010525164108688211,permissive_high_CD8,-0.8947919576592657,Pericytes
-0.08876229098522999,0.0,-0.011480456582608656,permissive_high_CD8,-0.3305308397179206,Pericytes
0.14480341557996818,0.0,-0.008661435586720827,intermediate,0.6106891916100063,Endothelial cells
0.036528976566820276,-0.024424220868933057,-0.008661435586720827,intermediate,0.5395771217181845,Endothelial cells
-0.1026066469858928,0.0,-0.010298771735949395,permissive_high_CD8,-0.38632064456678195,Pericytes
-0.12595946530261673,0.0,-0.014119166208182269,permissive_high_CD8,-0.4804275265697128,MAST cells
0.002716940330214246,0.0,-0.014840999724250414,intermediate,0.03811097089198728,MAST cells
-0.08423759372358824,-0.03444814102852393,-0.014598588454417694,intermediate,0.20279939617323972,DCs
0.11944943163768357,0.0,-0.014220756847366149,hypoxic_low_neighbor_CD8,0.5085180385268652,MAST cells
-0.1028333610320187,0.0,-0.014020700428971716,permissive_high_CD8,-0.3872342538664312,MAST cells
0.16194968194846648,-0.01196634721176827,-0.013025999197914855,hypoxic_low_neighbor_CD8,0.8587155643491085,Monocytes
-0.17593086579717307,0.0,-0.009208102618795335,permissive_high_CD8,-0.6818016230955548,Fibroblasts
0.2924150616289621,-0.013319374578684448,-0.012603341230014076,hypoxic_low_neighbor_CD8,1.4046948135632376,Monocytes
-0.40907413222224837,0.0,-0.008697587307969889,permissive_high_CD8,-1.6213193106686221,MAST cells
-0.19322903185005647,0.0,-0.01055496160478888,permissive_high_CD8,-0.751509546547347,MAST cells
0.2877219383975109,0.0,-0.012254952676543984,hypoxic_low_neighbor_CD8,1.1866203867408247,Fibroblasts
0.24921322012522135,0.0,-0.013911366430532274,hypoxic_low_neighbor_CD8,1.0314384572030433,Monocytes
-0.17746487966024252,0.0,-0.007698246856771822,permissive_high_CD8,-0.6879833721095209,MAST cells
-0.023763855777112354,0.0,-0.006089506393823868,intermediate,-0.06860099512503143,Endothelial cells
0.05228899521042543,0.0,-0.008852250051562762,intermediate,0.23787578968107517,Fibroblasts
-0.04986080874400924,0.0,-0.007698246856771822,intermediate,-0.1737661550720442,Epithelial cells
0.20585729941785574,-0.04934700104871742,-0.007698246856771822,hypoxic_CD8_low,1.5945998979787843,Monocytes
0.40497798661151563,0.0,-0.00791639110498261,intermediate,1.659137277154132,Fibroblasts
-0.27552151967243976,-0.014329387108806657,-0.009808051730939734,intermediate,-0.868866067920897,Monocytes
0.27110561644695846,0.0,-0.008951123491150808,intermediate,1.1196601497400722,Macrophages
-0.06718731309515405,0.0,-0.006579101230451453,intermediate,-0.24358827582775414,DCs
-0.29048931933789846,-0.02795592782951077,-0.01083122361526798,intermediate,-0.7254279727884709,Monocytes
0.13548544085169412,0.0,-0.010831223615267982,intermediate,0.5731397388472961,Fibroblasts
-0.09567382536738751,0.0,-0.008871564723541218,permissive_high_CD8,-0.35838285062895925,Macrophages
-0.3512844713816202,-0.024131106944219303,-0.008871564723541218,intermediate,-1.0276113198359875,Monocytes
-0.1631246053550138,-0.01731004792186413,-0.008871564723541218,intermediate,-0.37136118290903797,Monocytes
-0.24569510647570753,0.0,-0.011127796765120246,permissive_high_CD8,-0.9629366482782425,MAST cells
-0.23689184227142948,-0.029820677722513917,-0.011127796765120244,intermediate,-0.481558300654068,Macrophages
-0.10495465443316233,-0.02116089793834609,-0.012446793210007724,intermediate,-0.07936762825202154,Fibroblasts
-0.1535920139297424,0.0,-0.012023344438890055,permissive_high_CD8,-0.5917808098362084,MAST cells
-0.10427077419786568,0.0,-0.01123005690684042,permissive_high_CD8,-0.393026722653419,MAST cells
-0.36018530910752383,-0.06324063428500404,-0.012446793210007722,intermediate,-0.47868228351621434,Monocytes
-0.22741224296600465,0.0,-0.012513354529253385,permissive_high_CD8,-0.8892606038861554,Pericytes
0.012692327958991723,-0.026459612827069365,-0.009757205124004329,intermediate,0.47395534555091356,Monocytes
0.09194179998344204,-0.017921364741769398,-0.00789983082718534,hypoxic_CD8_low,0.6656429904340514,MAST cells
0.06721077865386105,-0.025605518325620334,-0.00789983082718534,hypoxic_CD8_low,0.6808819687108614,Monocytes
0.03907077140118703,-0.014062825484797058,-0.00789983082718534,intermediate,0.39488798796942937,MAST cells
-0.24297432344122585,-0.02786061445228484,-0.006265904739318107,intermediate,-0.5353778666723155,MAST cells
-0.02458432017559986,0.0,-0.004558870184276751,intermediate,-0.07190729183358652,Macrophages
-0.05418308671698513,0.0,-0.012316122325325784,intermediate,-0.19118401435010035,Fibroblasts
-0.21182640106323733,0.0,-0.008910620325168294,permissive_high_CD8,-0.8264529819123368,MAST cells
-0.013873001657815343,0.0,-0.005969596713499823,intermediate,-0.028742960480608926,Fibroblasts
0.12235977491700509,0.0,-0.009757205124004329,intermediate,0.5202461018321406,MAST cells
-0.21521363775414157,0.0,-0.01316024391596456,permissive_high_CD8,-0.8401028240540301,MAST cells
0.07669471712955031,0.0,-0.011892673554208115,intermediate,0.33622564885822775,MAST cells
-0.027007930250052947,0.0,-0.013087431203659407,intermediate,-0.08167392403207943,Monocytes
0.017357428629235616,-0.013349711653674661,0.008135275269469892,intermediate,0.2967247841007723,Fibroblasts
0.18940205746386424,0.0,0.008185072512904784,intermediate,0.7904122157151141,Macrophages
-0.16848374945092873,-0.06012238568139945,0.008135275269469893,intermediate,0.2472075622158434,MAST cells
-0.03744943457913686,0.0,-0.004819327520455426,intermediate,-0.12375096169423169,Fibroblasts
-0.02701459065019845,0.0,0.03878636996523339,intermediate,-0.08170076402552623,Fibroblasts
-0.16820611915435177,-0.014316262503867208,0.038843192480764815,intermediate,-0.4366041194420536,Fibroblasts
-0.2644280123423381,-0.013813722471476567,-0.007779587296500059,intermediate,-0.831872234863801,Fibroblasts
-0.08122028978952921,0.0,0.017982466429279816,permissive_high_CD8,-0.30013818188263514,Endothelial cells
-0.21086529651320124,-0.02014550506344691,0.019985713835759294,intermediate,-0.5213479308443092,Schwann cells
-0.27956675334149095,-0.014804718465457561,-0.010900749046953742,intermediate,-0.878059955980987,Schwann cells
-0.08124899959947211,0.0,-0.012776081378643327,permissive_high_CD8,-0.30025387629947087,Fibroblasts
-0.12376232223817143,-0.016635257705503146,0.019074558271498745,intermediate,-0.22282958199325453,Pericytes
-0.21124331922416228,0.0,-0.011250576220060649,permissive_high_CD8,-0.8241032863388227,Macrophages
0.1647961534649493,0.0,-0.008226735839637829,intermediate,0.6912556654094473,Fibroblasts
-0.12316718541953456,0.0,-0.005820744690785684,permissive_high_CD8,-0.4691752335953703,Fibroblasts
-0.24873552743689603,0.0,-0.012345664864770477,permissive_high_CD8,-0.9751888969256316,Fibroblasts
-0.32628959441280747,-0.02477643557405665,-0.005362600257039553,intermediate,-0.917237811909575,Fibroblasts
-0.13112422835874749,-0.040155569068816024,0.020301922573502017,intermediate,0.09919836276066069,MAST cells
-0.13391025956854763,-0.03697834323774948,0.017982466429279816,intermediate,0.040462781454688235,Schwann cells
-0.1117192999904893,0.0,0.020301922573502017,permissive_high_CD8,-0.42304269453122156,Schwann cells
-0.13828004890656376,0.0,-0.009765408911042207,permissive_high_CD8,-0.5300768533318517,Endothelial cells
-0.033918162426316595,0.0,-0.006797434862165153,intermediate,-0.10952068733082834,Monocytes
0.22378624586695167,0.0,-0.012541292231736074,hypoxic_low_neighbor_CD8,0.928973168698618,Schwann cells
-0.15026063421165128,0.0,0.0373624950857387,permissive_high_CD8,-0.5783560593934388,Schwann cells
-0.2217429440663043,-0.029579728238495737,0.03702834395029534,intermediate,-0.4241143416713568,Endothelial cells
-0.24685609197042074,-0.030660225794865534,0.03741468101949916,intermediate,-0.5091584970775771,Schwann cells
-0.06925059705374231,0.0,0.034569693441100696,permissive_high_CD8,-0.2519028705544366,Schwann cells
-0.2491246418780591,-0.013802258109274181,0.03902611944124534,intermediate,-0.7703743370843725,Endothelial cells
0.5932856745509258,-0.025801048587690962,-0.007432462458024944,hypoxic_CD8_low,2.8037754355362035,NK cells
0.3227074634597962,-0.012356978196364183,-0.008181097053805828,intermediate,1.5123762037171418,NK cells
-0.011605318291599014,0.0,0.03902611944124534,intermediate,-0.019604679692816335,Fibroblasts
-0.32934095390350465,-0.012507778430274624,-0.011942176651536374,intermediate,-1.112985097549454,Schwann cells
-0.1369974373813614,-0.034179629584555685,-0.008898844249174502,intermediate,-0.013826534033380189,Fibroblasts
-0.18376737234582863,0.0,0.03590125940356911,permissive_high_CD8,-0.7133810747526335,Fibroblasts
-0.11892835777926158,0.0,-0.009081400357759917,permissive_high_CD8,-0.4520936613772428,Fibroblasts
-0.07021066749909795,0.0,0.037975227873906996,permissive_high_CD8,-0.25577174988583967,Fibroblasts
0.1172379935122877,-0.033635386571227784,0.03584397440103956,hypoxic_CD8_low,1.0025501172776647,Fibroblasts
-0.3107399997940983,0.6784820989933948,0.037219781456617126,permissive_high_CD8,-11.37027082154526,Pericytes
-0.23722753563080448,0.0,-0.005490588176588298,permissive_high_CD8,-0.9288141419689254,Fibroblasts
0.13327827774377232,0.0,0.01830810193519289,intermediate,0.5642453418053053,Fibroblasts
0.02589146918561086,-0.02807677033459127,-0.008040028030251363,intermediate,0.5513261289089157,Pericytes
0.19221023239763865,0.0,-0.010888814668745488,intermediate,0.8017285623569685,Endothelial cells
-0.21589663708545118,-0.016635257705503146,-0.012326779088832429,intermediate,-0.5941112396570127,Fibroblasts
-0.045004944245978055,0.0,-0.00852111997874642,intermediate,-0.15419805578994658,Monocytes
-0.30790100710459023,-0.011613524394479357,-0.00593437987622301,intermediate,-1.0399582950890984,Fibroblasts
-0.15006824478088135,-0.017634501824012168,-0.01095209218229842,intermediate,-0.313895332648193,Macrophages
-0.14302190144856772,-0.013339572589889711,-0.010897574701450774,intermediate,-0.34972135143554856,Fibroblasts
-0.05892162150647268,-0.011742669078502578,-0.00593437987622301,intermediate,-0.034693344938509396,Fibroblasts
-0.15466936716592936,0.0,-0.006797434862165155,permissive_high_CD8,-0.5961223138250744,Fibroblasts
-0.19564224917247114,0.0,-0.007588645224629144,permissive_high_CD8,-0.7612342981695215,Fibroblasts
-0.04814426774480735,0.0,-0.007849220000458793,intermediate,-0.16684886059074383,Epithelial cells
0.7618888669224627,-0.022916652895661017,-0.008304075930926158,hypoxic_CD8_low,3.4400805419636415,NK cells
-0.1323685703507389,0.0,-0.00977159370134073,permissive_high_CD8,-0.5062548543178197,Epithelial cells
0.48885531837202933,0.0,-0.008279080268664236,intermediate,1.9971450523036747,Epithelial cells
-0.19631427741912477,-0.01850238599275288,-0.008675382333567589,intermediate,-0.4872796793141707,Epithelial cells
0.32374490839410497,0.0,0.012673750372729498,intermediate,1.3317852803689685,NK cells
-0.16334590232037158,0.2963448379471985,0.07301781609741569,permissive_high_CD8,-5.062276354779199,NK cells
0.2926756742010155,0.0,0.0395508707329365,intermediate,1.2065828865304216,Epithelial cells
-0.2728394044929719,-0.014644395001986731,0.0395508707329365,intermediate,-0.8533474605693137,NK cells
0.4284788260019448,-0.029008479253483203,-0.012884199474504603,hypoxic_low_neighbor_CD8,2.1875990679305715,Epithelial cells
0.24968410974525546,-0.02012144505736316,-0.010044881432001728,hypoxic_CD8_low,1.33420828174089,Epithelial cells
-0.04544968968893151,0.0,-0.007665450885067424,intermediate,-0.15599028516259533,Endothelial cells
-0.23526578543176613,-0.014775066723225087,-0.009701345742311877,intermediate,-0.699979871573555,Schwann cells
-0.20362045104245105,0.0,-0.009905442213400817,permissive_high_CD8,-0.7933847517803424,Schwann cells
-0.14467403304624749,0.0,-0.009909725382260464,permissive_high_CD8,-0.555843247040782,Fibroblasts
-0.2187102290999937,-0.031299907668882056,-0.008821331634212603,intermediate,-0.3861716222455849,Fibroblasts
-0.18029561483237638,0.0,-0.010969106581529626,permissive_high_CD8,-0.6993906317050265,Fibroblasts
-0.33436970538403615,-0.016325906220717952,-0.010390736442184963,intermediate,-1.076158137132434,Schwann cells
-0.24012558718761765,-0.01344221999288088,-0.007849220000458793,intermediate,-0.7394936473655213,Schwann cells
-0.15042535559719347,0.0,-0.010390736442184963,permissive_high_CD8,-0.5790198514797874,Fibroblasts
-0.08175721225968327,0.0,-0.010337764660195623,permissive_high_CD8,-0.3023018650346308,Fibroblasts
-0.29297898380631904,0.0,-0.009816585764711203,permissive_high_CD8,-1.1534805990872237,Schwann cells
-0.18866982517472233,-0.015504535875822368,-0.0075263026593989524,intermediate,-0.5013004629180291,NK cells
-0.16765969824120702,0.0,-0.007891878586227273,permissive_high_CD8,-0.6484705801927656,NK cells
-0.17363158383043895,0.0,-0.007891878586227273,permissive_high_CD8,-0.6725360066804279,NK cells
-0.09519180236571285,0.0,0.018358107474025786,permissive_high_CD8,-0.3564404006374389,Epithelial cells
0.38808022924216395,-0.015504535875822368,0.05418628871950329,intermediate,1.8228793675448518,Epithelial cells
0.35732276755643183,-0.014573676383447068,0.05323474266697467,intermediate,1.685014380967809,Epithelial cells
0.7385839764851643,0.0,0.02475885174445688,intermediate,3.003498334509998,Epithelial cells
0.41602007643764755,-0.03149975456206905,0.05445736974303485,hypoxic_CD8_low,2.174644539875962,Epithelial cells
-0.04422362477903863,0.0,0.054457369743034854,intermediate,-0.15104950481487198,Epithelial cells
-0.02239577167005424,0.0,0.020090268322831242,intermediate,-0.06308790767293565,NK cells
-0.16319400526912337,0.49742693371242946,0.054249502218615124,permissive_high_CD8,-8.068407562122504,Schwann cells
-0.10143757249456811,-0.018339406140902747,0.0542856996287147,intermediate,-0.1073837814900632,Schwann cells
-0.17318112783163905,0.0,0.053054956797092004,permissive_high_CD8,-0.6707207649844731,NK cells
-0.2327113323901073,-0.013558460150653052,0.053054956797092004,intermediate,-0.7078776627544763,NK cells
0.06660639018897549,0.0,0.01897754822200627,intermediate,0.29557184081983046,NK cells
-0.22447981963674707,0.0,-0.007316760077328495,permissive_high_CD8,-0.8774435626842607,Epithelial cells
0.7409955823277854,0.0,0.026718324920658874,intermediate,3.0132165922119643,Epithelial cells
-0.19602865531262623,-0.01367286052781078,0.02595977095367848,intermediate,-0.558343682512204,Epithelial cells
-0.042923115343453895,0.0,0.038952123173210174,intermediate,-0.1458087288905963,NK cells
-0.1976907262840424,0.0,0.05333388922435803,permissive_high_CD8,-0.7694892244576385,NK cells
-0.24490932479919678,0.3897145854102241,0.05333388922435803,permissive_high_CD8,-6.787100102172532,NK cells
-0.21561146931475902,-0.014124622229139815,0.07309021175417126,intermediate,-0.6305031413923097,NK cells
-0.28280789785117033,-0.013734194913856414,0.0721139187540388,intermediate,-0.9071284180734618,NK cells
-0.16255916816642485,-0.013099341257381053,0.07211391875403879,intermediate,-0.43204450808255446,NK cells
-0.2834658948293173,-0.029790142769755622,-0.007526302659398953,intermediate,-0.6696983923630696,NK cells
-0.057102149748897935,-0.0230258061335637,-0.007526302659398953,intermediate,0.14135339633404723,Fibroblasts
-0.029285551553749175,0.0,0.025269916994601356,intermediate,-0.09085225259042756,Fibroblasts
0.18817144608401865,0.0,-0.007567391479224489,intermediate,0.7854531140622032,NK cells
-0.2624180498850872,-0.018159827722711602,-0.006622405316022083,intermediate,-0.7587860078809772,NK cells
0.19174149141732946,0.0,-0.0075263026593989524,intermediate,0.7998396360815346,NK cells
0.24192661549671585,-0.012855767238477946,-0.006622405316022083,intermediate,1.1943048986273188,NK cells
-0.10400387560986132,0.0,-0.008646408781188058,permissive_high_CD8,-0.39195117821216896,Schwann cells
0.027488811906561772,0.0,-0.00711135503895048,intermediate,0.13793633517179335,NK cells
-0.10306247266899629,0.0,0.03605222089981672,permissive_high_CD8,-0.3881575249463551,Endothelial cells
0.17419133655517455,0.0,0.03878713425604688,intermediate,0.729116251419941,Fibroblasts
-0.16910173040795998,-0.015631475911931952,-0.006658148733388718,intermediate,-0.42054709956616476,Pericytes
-0.02176101140707851,0.0,0.03857399119950427,intermediate,-0.06052995906228648,Fibroblasts
-0.12575925497644877,-0.019289702056390554,-0.006316319811842863,intermediate,-0.19118538089462275,Pericytes
-0.2462941977872427,0.0,-0.008556709855835126,permissive_high_CD8,-0.9653508586146132,Fibroblasts
-0.15933083530410705,0.0,-0.009219908682119188,permissive_high_CD8,-0.6149070371972318,Fibroblasts
-0.1800512903665443,-0.017513408352006304,-0.006920274870920117,intermediate,-0.4365313060842085,Fibroblasts
-0.20200525613194967,-0.015558430057788186,-0.007432462458024947,intermediate,-0.5542335385620771,NK cells
-0.13425791790207706,0.0,-0.007996886751429755,permissive_high_CD8,-0.5138685223841265,Endothelial cells
-0.12291262523237481,0.0,-0.007544758509688693,permissive_high_CD8,-0.4681494102805659,Fibroblasts
0.20484925178160152,-0.025031777045987396,-0.008542367610854175,hypoxic_CD8_low,1.2269566415708049,NK cells
-0.06489504006014292,0.0,-0.008743035230237624,intermediate,-0.2343509039140692,Fibroblasts
-0.11191644630278928,0.0,-0.008598503699669472,permissive_high_CD8,-0.4238371521635854,NK cells
-0.19418397773221793,0.0,-0.009785133624366421,permissive_high_CD8,-0.7553577749809746,Macrophages
0.19381042273647817,-0.017367088842971123,-0.012310896421733657,hypoxic_low_neighbor_CD8,1.0678638500425006,Fibroblasts
0.5077324909378725,0.0,0.01990933788646767,intermediate,2.073216035561853,Epithelial cells
0.4741645587017258,-0.025018163055543476,-0.009448553836940914,hypoxic_CD8_low,2.312036377641543,Epithelial cells
-0.1452051798502604,0.0,-0.012603249723612058,permissive_high_CD8,-0.5579836554888571,Fibroblasts
-0.14805580047239741,0.0,-0.013459535745474009,permissive_high_CD8,-0.5694710492108582,DCs
-0.07915107696410642,-0.019947994093180668,-0.015182348076309434,intermediate,0.006478964487028477,DCs
0.1370251236191715,0.0,0.01640683015545084,intermediate,0.5793443323381458,Schwann cells
0.5778031243856652,0.0,0.018582150717692533,intermediate,2.35558575832117,Epithelial cells
0.1793205422091197,-0.03262980843362538,-0.011296635600719373,hypoxic_CD8_low,1.2376933369504752,Endothelial cells
0.190855172025152,-0.01599852662337454,0.019478392218485248,intermediate,1.035490962061781,Fibroblasts
-0.06131791110977112,0.0,-0.008797725878263775,intermediate,-0.21993583642729694,Fibroblasts
0.6984886270929053,-0.01817676799017408,0.021140529755835306,hypoxic_CD8_low,3.11371646346385,Epithelial cells
-0.07045437150212176,0.0,0.018330967381612204,permissive_high_CD8,-0.2567538250917166,Epithelial cells
0.17119186949059673,-0.010210940712376645,0.019472652218799073,intermediate,0.869711342768191,Epithelial cells
-0.23942284028692898,0.42307214848479335,0.021140529755835306,permissive_high_CD8,-7.26378019853389,Epithelial cells
-0.13102035828862324,0.0,-0.014630476311955215,permissive_high_CD8,-0.5008218469726812,Fibroblasts
-0.024235677527615344,0.0,-0.014075535286454215,intermediate,-0.07050233624792293,Fibroblasts
-0.1689690279673381,0.0,-0.009876743180227346,permissive_high_CD8,-0.6537469000085929,Fibroblasts
0.3353559918192974,-0.02080439555982829,-0.01575416064294565,hypoxic_low_neighbor_CD8,1.6896597446084936,Fibroblasts
0.8766602454894039,0.0,-0.012771802006462806,hypoxic_low_neighbor_CD8,3.5599162785181275,Epithelial cells
0.06567643732430944,-0.011619872892433816,-0.012771802006462806,intermediate,0.4655741352714997,Epithelial cells
0.06556428053292884,-0.033618382596776554,-0.012771802006462808,intermediate,0.7940618068725098,Epithelial cells
-0.12741877874696114,-0.01149496954944935,-0.010981030148854943,intermediate,-0.31442609900733415,Epithelial cells
0.6587589208380764,-0.014545750521455217,-0.012771802006462806,hypoxic_low_neighbor_CD8,2.8993202810841296,Epithelial cells
-0.12354925837382734,0.0,-0.013838370448021109,permissive_high_CD8,-0.47071490619242007,Epithelial cells
0.12695091364374123,0.0,-0.012310896421733657,hypoxic_low_neighbor_CD8,0.538747412661362,Epithelial cells
-0.24559324333466678,0.0,-0.007443518580695396,permissive_high_CD8,-0.962526161523952,Epithelial cells
-0.02694739586856948,0.0,-0.00806963948907479,intermediate,-0.08142998337283552,Epithelial cells
0.07007580397119484,-0.014842107711050675,-0.00806963948907479,intermediate,0.5314841256848405,Epithelial cells
-0.36351864979449044,-0.012767836149887517,0.0203630687701039,intermediate,-1.2468253348107223,Epithelial cells
-0.05077724380186763,0.0,-0.009785955380170774,intermediate,-0.17745919308927857,Epithelial cells
0.2553464715260578,-0.04286010448749249,-0.014461439662938499,hypoxic_low_neighbor_CD8,1.6970333545137084,Epithelial cells
0.035504029936579806,-0.012065553472109651,-0.011219580260365597,intermediate,0.35064994149968254,Epithelial cells
-0.13436133531202754,-0.01026250669348095,-0.013363980474742318,intermediate,-0.36083191143160787,Epithelial cells
0.7651872587012478,-0.012724637985229492,-0.014246624008364041,hypoxic_low_neighbor_CD8,3.300973047531176,Epithelial cells
-0.25761312461761104,-0.013452639946570763,-0.014601891500908033,intermediate,-0.8098088894806329,NK cells
-0.21382992909136547,0.0,-0.01226703300167192,permissive_high_CD8,-0.834526772971534,Epithelial cells
-0.23525314637456074,0.0,-0.014126053770222325,permissive_high_CD8,-0.9208577739517888,NK cells
-0.004231910628966051,0.0,-0.013136579922818945,intermediate,0.010108582126635415,Epithelial cells
-0.31787599617218876,-0.013229806413534682,-0.01525628376907987,intermediate,-1.0559874100934257,NK cells
-0.29475470240336343,-0.04386111116602353,-0.012866979411095582,intermediate,-0.5047892983035113,NK cells
-0.12430200926271306,0.0,-0.011604578453197815,permissive_high_CD8,-0.47374833188508,NK cells
-0.2722906460723724,-0.010486038107621042,-0.01586833547162302,intermediate,-0.9133152212112247,NK cells
-0.20948016308397654,0.0,-0.0114200639016876,permissive_high_CD8,-0.8169981427717024,Epithelial cells
0.1970373607543578,-0.010381421579523126,-0.013265134898918039,hypoxic_low_neighbor_CD8,0.9764123344493844,NK cells
-0.1950450728696034,-0.015018938041409018,0.017773744673506574,intermediate,-0.5342524071896566,NK cells
0.1592812073757371,0.0,0.016609662389590798,intermediate,0.6690316077462082,NK cells
-0.2739071826858214,0.0,0.01809706497735787,permissive_high_CD8,-1.076625304223532,Epithelial cells
-0.07840059655737203,-0.012189749281416055,0.018208454781019054,intermediate,-0.10650435654862359,NK cells
-0.028772005594399082,0.0,-0.010949902721101296,intermediate,-0.08878277179611027,Fibroblasts
-0.1894608922751553,-0.015801032062484184,-0.010384225330532964,intermediate,-0.5000548422368543,Fibroblasts
0.17614148802546611,0.0,0.018134288198677274,intermediate,0.7369749463240649,DCs
-0.11802225993819027,0.0,0.01886530337188533,permissive_high_CD8,-0.4484422801410969,Fibroblasts
-0.15144717358202342,0.0,-0.007923082269315939,permissive_high_CD8,-0.5831375602386484,Fibroblasts
-0.17692811039078188,0.0,0.016658290255854448,permissive_high_CD8,-0.6858203063236771,Epithelial cells
-0.10368476766180323,0.0,0.017773744673506574,permissive_high_CD8,-0.39066524117421436,NK cells
-0.20696302207119494,-0.03023127698705264,-0.010185022714488741,intermediate,-0.35481191749335345,NK cells
-0.10329402019699893,0.0,-0.009181653600633548,permissive_high_CD8,-0.38909061214809165,Schwann cells
-0.13377228702407284,0.0,-0.013156046397612003,permissive_high_CD8,-0.5119115334197327,Fibroblasts
-0.061442158547749925,-0.050626202633506374,-0.01457211665618114,intermediate,0.5365677004767739,DCs
-0.32311944310444907,-0.013239653004325835,-0.01460189150090803,intermediate,-1.0769701497551494,NK cells
0.007846716896118433,-0.013537057498206011,-0.011744551201741865,intermediate,0.2611999899757953,NK cells
0.12655230339272433,0.0,-0.012210888933395407,intermediate,0.537141098282136,NK cells
-0.0885203147987764,-0.023252467877469082,-0.011238424851987687,intermediate,0.018134116548924273,NK cells
0.26243137307913905,-0.013171260656132873,-0.011984335877473861,intermediate,1.2816522173281801,NK cells
0.407830688369322,-0.01505053670782792,-0.016311396728803915,hypoxic_low_neighbor_CD8,1.8956809441339835,NK cells
-0.1399428585925734,0.0,-0.015310134192709983,permissive_high_CD8,-0.5367776220695838,NK cells
-0.3108237392931099,0.0,-0.012106469060406189,permissive_high_CD8,-1.225391161495186,NK cells
0.12050586005291306,0.0,0.018180482872673952,intermediate,0.5127752199457498,Fibroblasts
-0.29039776660352346,-0.028451261250113668,-0.013208686774558867,intermediate,-0.7176524059167222,NK cells
0.16166473009500154,0.0,0.023753915939182337,intermediate,0.6786366964447526,Epithelial cells
0.2148785811351485,0.0,-0.013276729956973099,hypoxic_low_neighbor_CD8,0.8930771777964343,Schwann cells
-0.14649243335647277,0.0,-0.014130160296976809,permissive_high_CD8,-0.5631710128422192,NK cells
-0.14399791242607146,0.0,-0.006878222466802146,permissive_high_CD8,-0.5531186250033174,Fibroblasts
-0.1632992541454882,-0.01618525952945354,-0.011598104600481659,intermediate,-0.38888373274515575,NK cells
0.023711154020454983,-0.01341113098237196,0.023319196243446298,intermediate,0.3232473354731842,NK cells
-0.06311660502330368,0.0,-0.013157425621743147,intermediate,-0.22718418964892836,NK cells
-0.040750890371789895,0.0,-0.010370912950852944,intermediate,-0.1370551250934131,NK cells
-0.1798638033579631,-0.014395694501004239,-0.011424315088351891,intermediate,-0.4823943709301431,Fibroblasts
-0.26981381335890436,-0.025179380347371584,-0.012129669472595299,intermediate,-0.6836272890908788,NK cells
-0.07709832603194144,0.0,-0.007256387473761472,permissive_high_CD8,-0.2835275462113991,NK cells
-0.11349953034795432,0.0,-0.009844626363633294,permissive_high_CD8,-0.4302166435559532,Pericytes
-0.15081209542760887,-0.034791842163333045,-0.009844626363633294,intermediate,-0.06034236119825348,Monocytes
-0.06711504066804326,-0.018932800061306973,-0.007256387473761473,intermediate,0.03980161797080689,NK cells
-0.2672767179558076,0.0,-0.007122706723438422,permissive_high_CD8,-1.0499059441227792,NK cells
0.0017229498150836964,-0.012459487567546397,-0.011005537455220293,intermediate,0.22040980992420459,Fibroblasts
-0.20366618144943052,0.0,-0.013945326180914956,permissive_high_CD8,-0.7935690355766362,DCs
-0.3021970082478351,-0.012467492447208297,-0.01449104719638181,intermediate,-1.0042031689910207,Fibroblasts
0.45110698301629365,-0.0230258061335637,-0.012426920812300502,hypoxic_low_neighbor_CD8,2.1893279166383284,T cells
-0.2156177965033964,0.0,-0.010659160047729327,permissive_high_CD8,-0.8417314976989297,Fibroblasts
-0.15505779220397214,0.0,-0.008905302722122666,permissive_high_CD8,-0.5976875839661905,Fibroblasts
-0.021461557671726948,-0.021635335466639715,-0.011784276756358692,intermediate,0.26418593817416075,Fibroblasts
-0.3672758048796749,-0.05747484678198934,-0.01592939668982296,intermediate,-0.5934702229049663,Epithelial cells
-0.23226858597682662,0.0,-0.01412229447873176,permissive_high_CD8,-0.9088306314728425,Epithelial cells
0.34675101391282903,0.0,-0.01392778603815035,hypoxic_low_neighbor_CD8,1.4244949836704783,Epithelial cells
0.16456948801216828,0.0,-0.013244770026882648,hypoxic_low_neighbor_CD8,0.6903422519306242,DCs
-0.06741475484457361,0.0,-0.011784276756358692,intermediate,-0.24450481761662418,DCs
0.06052716980018771,0.0,-0.007199499899880928,intermediate,0.27107387795991467,Fibroblasts
-0.2674075207078313,0.0,-0.0074363374517031535,permissive_high_CD8,-1.0504330513431328,DCs
-0.05344787275934794,0.0,-0.008981270410432184,intermediate,-0.18822125875375667,Monocytes
-0.21786086913572258,-0.013505178907139582,-0.008981270410432184,intermediate,-0.6488301646075539,Fibroblasts
-0.34313306080768385,0.0,-0.004580275153341564,permissive_high_CD8,-1.3555908430123977,Fibroblasts
-0.17145809495305442,0.0,-0.0062991546394049565,permissive_high_CD8,-0.6637773096124929,Fibroblasts
0.21174131722814107,0.0,-0.01802091547030347,hypoxic_low_neighbor_CD8,0.8804346727118395,Epithelial cells
-0.37703223783807105,-0.015469017299080668,-0.010878789119231395,intermediate,-1.2608919540393295,Epithelial cells
-0.08734465794390944,-0.015371857384438456,-0.016050734822405814,intermediate,-0.09496554535282795,Epithelial cells
-0.36343665678338355,-0.014580689943753757,-0.01098469516687226,intermediate,-1.21938765356473,DCs
0.15708869384474544,-0.029975192266919835,-0.017364360768141858,hypoxic_low_neighbor_CD8,1.1084097413339893,Fibroblasts
-0.10562369718130334,0.0,-0.009737542380205532,permissive_high_CD8,-0.3984787140077234,Fibroblasts
-0.164736230689359,-0.014972019774711083,-0.013736951174201912,intermediate,-0.41281579129381557,Fibroblasts
-0.18994358169984626,0.0,0.005041803565048926,permissive_high_CD8,-0.7382698824768685,DCs
-0.21591894310641002,-0.017791292445379712,0.0021482784684799428,intermediate,-0.57691515490145,Endothelial cells
-0.290354652816512,0.24658994024742634,0.00376094907347919,permissive_high_CD8,-4.830118790996495,Epithelial cells
-0.029211960164418627,0.0,0.003634091727753991,intermediate,-0.09055569497163249,Epithelial cells
-0.27348450197273466,0.0,0.009032065000718532,permissive_high_CD8,-1.0749219910108871,Epithelial cells
0.193310802720158,-0.04340287644853476,0.0010038687096380011,hypoxic_CD8_low,1.4551587958064272,Epithelial cells
-0.3479740509546426,-0.01783752055303288,-2.092178265789881e-05,intermediate,-1.1083778620587448,Epithelial cells
0.03254049800964723,0.0,0.0010038687096379983,intermediate,0.1582935537983116,Epithelial cells
-0.13018382888242425,-0.031460082482712474,0.004264990595938975,intermediate,-0.027034027483882728,Epithelial cells
0.10066913265779795,0.0,0.0010038687096380007,intermediate,0.43283743517912354,Epithelial cells
0.13398077880522336,-0.03417630909908156,5.734057990595953e-06,hypoxic_CD8_low,1.0781082889356504,Epithelial cells
-0.20431823424067364,0.0,0.00922729230066489,permissive_high_CD8,-0.7961966693916628,Monocytes
-0.1360518128038889,0.0,-0.008123192613424077,permissive_high_CD8,-0.5210975366110546,Epithelial cells
0.07704639243313582,-0.03490947615279842,0.007129953468484061,hypoxic_CD8_low,0.8596377540432085,Epithelial cells
-0.05244157807415273,-0.013494612234324096,0.007129953468484061,intermediate,0.017616330779831157,Epithelial cells
-0.3968877217855798,-0.011762444306964335,-0.015958263227331494,intermediate,-1.396329022887236,Epithelial cells
-0.36775838706388053,-0.011386142568549647,-0.01705746740786492,intermediate,-1.2845707807523707,Epithelial cells
-0.06769892058698052,-0.02067380395495457,-0.01705746740786492,intermediate,0.06348161494195612,Epithelial cells
0.3091118953314172,-0.013066245476726579,-0.01730356744104712,hypoxic_low_neighbor_CD8,1.4681945032093566,Epithelial cells
-0.15893571539576273,0.0,-0.007333810126733201,permissive_high_CD8,-0.6133147881552848,Fibroblasts
-0.06413744731121752,0.0,0.012204026518098276,intermediate,-0.2312979665571104,Monocytes
-0.25635933014283696,0.0,0.012409213987457146,permissive_high_CD8,-1.0059111974176373,Fibroblasts
-0.28402127798302584,-0.011380192721903565,-0.006508972512887396,intermediate,-0.9472170400789064,Fibroblasts
-0.23055101877235504,0.0,-0.007333810126733201,permissive_high_CD8,-0.9019092016029601,Fibroblasts
-0.11427883163513429,0.0,0.011639171205086766,permissive_high_CD8,-0.4333570616966132,Fibroblasts
0.021373609701792418,-0.014162188116838092,0.00959594689096213,intermediate,0.3250579481029991,DCs
-0.11922909840043769,0.0,-0.007821071357057806,permissive_high_CD8,-0.4533055820014117,Fibroblasts
0.0823077147744267,0.0,-0.004442783888534978,intermediate,0.35884483339882894,Fibroblasts
-0.28728981477668486,-0.011050983961777165,-0.006959268889124737,intermediate,-0.9653111445183254,Fibroblasts
-0.25572483415105735,0.0,-0.006959268889124737,permissive_high_CD8,-1.0033543137635998,Fibroblasts
-0.2255631871970303,-0.011664630913058756,-0.008976693545919357,intermediate,-0.7073902383783437,Fibroblasts
-0.16327224486324204,-0.012556707328147733,-0.008976693545919357,intermediate,-0.4430319598354621,Fibroblasts
-0.18184569944818335,-0.012802759162810167,-0.009589469255866952,intermediate,-0.5141998568506453,Fibroblasts
-0.15409305679750251,0.0,-0.007659227420122194,permissive_high_CD8,-0.593799905835467,Endothelial cells
-0.17894345019237104,0.0,-0.005477611706485311,permissive_high_CD8,-0.6939416963131732,Fibroblasts
-0.11488425013530686,-0.02895362753617136,-0.0043449614212097915,intermediate,-0.002858541435201589,Fibroblasts
-0.16112006620230923,0.0,-0.01099760496986379,permissive_high_CD8,-0.6221172564833781,Macrophages
-0.15534743343491153,-0.015522417269254985,-0.010189320748312433,intermediate,-0.3667509470864111,Fibroblasts
-0.07142868195192881,0.0,-0.008257614681434374,permissive_high_CD8,-0.26068008860692377,Endothelial cells
-0.130772510206843,0.0,-0.008257614681434374,permissive_high_CD8,-0.4998230720123997,Fibroblasts
-0.1511948367199266,0.0,-0.007894292437595877,permissive_high_CD8,-0.582120696450121,Macrophages
0.13361385356949035,0.0,-0.01065950258540721,intermediate,0.5655976408813986,DCs
-0.21615110343718624,0.0,-0.007332451044306581,permissive_high_CD8,-0.8438806110097442,Fibroblasts
-0.2371749265126914,-0.023113762318846667,-0.007332451044306581,intermediate,-0.5829863331565757,Fibroblasts
-0.3123690440472829,0.0,-0.007332451044306581,permissive_high_CD8,-1.2316184103945353,Fibroblasts
-0.07776790665814198,-0.01071996051772886,-0.010436108173468175,intermediate,-0.1259322301135135,Fibroblasts
-0.15698761537850622,-0.014941055282407445,-0.010266478405951168,intermediate,-0.3820535289140897,Fibroblasts
0.07137753973045502,0.0,-0.010436108173468175,intermediate,0.3147985568773439,Schwann cells
-0.18407679178628578,0.0,-0.011673451113475642,permissive_high_CD8,-0.7146279691692984,Fibroblasts
-0.1011062376949203,0.0,0.012055072299650109,permissive_high_CD8,-0.3802743148181995,Fibroblasts
-0.04910501993324862,0.0,0.014433540871054326,intermediate,-0.17072048720152214,Macrophages
-0.16663526052451996,-0.01599852662337454,-0.010132533625552527,intermediate,-0.4051193101911418,Macrophages
-0.1348981306734813,-0.009854754938287774,-0.010132533625552529,intermediate,-0.3690921188069605,Fibroblasts
-0.25968081309613456,-0.028476894625768006,0.01584809586854867,intermediate,-0.5934863370640435,Monocytes
-0.04783691268369376,0.0,0.011122552886290216,intermediate,-0.16561028518297358,Macrophages
0.08890256920014042,0.0,0.012982218318086353,intermediate,0.38542069156078346,Monocytes
0.025401693271345865,-0.012197187554981061,-0.008094742359259189,intermediate,0.3119079773070802,Fibroblasts
-0.004901061096344611,-0.02418879844881745,-0.009017253533387797,intermediate,0.36910266965696625,Monocytes
-0.1941968006302554,0.0,-0.010751762274305828,permissive_high_CD8,-0.7554094485278751,Fibroblasts
-0.24544682943198576,0.0,-0.0038113206665203797,permissive_high_CD8,-0.9619361446927361,Fibroblasts
-0.12668231979431396,0.0,-0.00762878834959949,permissive_high_CD8,-0.48334047615176495,Fibroblasts
-0.15589405350895771,0.0,-0.006681736213797338,permissive_high_CD8,-0.6010575388420667,Fibroblasts
-0.2935400966659607,0.0,-0.012048344026532092,permissive_high_CD8,-1.1557417643545784,Fibroblasts
-0.16577045793035422,0.0,-0.004592730834899161,permissive_high_CD8,-0.6408573442827649,Monocytes
-0.1429061956673741,-0.011280519276978034,-0.009689621082362538,intermediate,-0.3800437244632282,Epithelial cells
-0.06746659029918502,0.0,-0.005453413475541129,intermediate,-0.24471370345406462,Epithelial cells
-0.1555372184538937,-0.016359093700825927,-0.00681900386063837,intermediate,-0.3550050726191041,Epithelial cells
-0.1965932731168816,-0.01534720567556528,0.014051620176232082,intermediate,-0.5355827991994347,Fibroblasts
-0.29146131645723516,-0.011292102365841267,-0.010842466611772093,intermediate,-0.9785160086441113,Fibroblasts
-0.2723342098864207,0.0,0.011215614768443108,permissive_high_CD8,-1.070286558997179,Fibroblasts
-0.14363614430868002,0.0,0.011215614768443108,permissive_high_CD8,-0.5516607765726037,Fibroblasts
-0.08548037737727643,0.0,-0.002654120732254667,permissive_high_CD8,-0.31730542715920096,Fibroblasts
-0.18720980724656439,-0.02694713538474882,-0.007849824122893504,intermediate,-0.32431783146241555,Fibroblasts
-0.056090917931981836,0.0,-0.003877975487033365,intermediate,-0.1988721676426144,Monocytes
-0.07893410648208067,0.0,-0.003877975487033365,permissive_high_CD8,-0.29092535027348176,Monocytes
-0.3386570574289345,0.31849865649554093,0.016813689762549638,permissive_high_CD8,-6.100004900045698,Monocytes
-0.17695266846193367,0.0,0.01684416622070917,permissive_high_CD8,-0.6859192701178006,Monocytes
-0.2655698477503765,0.0,-0.013033453044299334,permissive_high_CD8,-1.0430276208798073,Epithelial cells
0.33874222504565993,0.0,0.01330984804579872,intermediate,1.3922212709781938,Macrophages
-0.14847123479268637,0.0,0.015033127561218294,permissive_high_CD8,-0.5711451610045257,Fibroblasts
0.3902912293093272,-0.015003235233940093,-0.01176982743215625,intermediate,1.824293371101427,Epithelial cells
0.738074776637985,-0.012945824789132183,-0.011368569542682764,intermediate,3.1950228870015653,Epithelial cells
-0.268324688256505,0.0,-0.012414107341998019,permissive_high_CD8,-1.0541290411422801,Epithelial cells
0.2580442189212784,0.0,-0.012414107341998017,hypoxic_low_neighbor_CD8,1.0670255007194744,Epithelial cells
0.012643374831800946,-0.026400838303662504,-0.01332851537326087,intermediate,0.47287923032048496,DCs
0.2048117559118922,-0.012556707328147733,-0.011377874237966601,intermediate,1.040268135181578,Epithelial cells
0.1157384641677979,0.0,-0.010778797847217554,intermediate,0.4935636303235885,Epithelial cells
-0.15859326588580885,0.0,-0.0026453205448413184,permissive_high_CD8,-0.6119347895963052,Epithelial cells
0.19537402731347756,0.0,-0.005453413475541129,intermediate,0.8144779817541599,Epithelial cells
-0.05229409918727645,0.0,0.02525876296622979,intermediate,-0.18357179709425006,Epithelial cells
0.5245389947929535,-0.01136832198633356,0.026578402787353128,intermediate,2.310931077375824,Epithelial cells
-0.05285424688254973,0.0,-0.004428622983245232,intermediate,-0.1858290729548491,Epithelial cells
0.19389428000852288,0.0,-0.003888544798219091,intermediate,0.8085149154067547,Epithelial cells
-0.4871072424463479,-0.019794597316850054,0.020197108989892323,intermediate,-1.6397911722629694,Epithelial cells
-0.25444635904457674,0.4570042137835833,0.020197108989892323,permissive_high_CD8,-7.831701663292632,T cells
-0.27314102601813506,-0.015576563383403578,0.022875218234832247,intermediate,-0.8406243899601391,Macrophages
0.06572302278265896,0.0,0.02525876296622979,intermediate,0.2920120583925449,Epithelial cells
0.365204540122465,0.0,0.023657624999306726,intermediate,1.4988587623799865,DCs
-0.07210081935407642,-0.019430894118088942,0.02287521823483225,intermediate,0.02715790033278198,Epithelial cells
-0.41780320133071347,-0.01195239248546029,0.023657624999306726,intermediate,-1.4777736890492648,Epithelial cells
-0.07616735557954474,0.0,0.02287521823483225,permissive_high_CD8,-0.27977593365124953,Fibroblasts
-0.16482730850158447,0.0,-0.007127850387099622,permissive_high_CD8,-0.6370566530428213,Endothelial cells
-0.22350652916843153,0.0,-0.002775312789216859,permissive_high_CD8,-0.8735214094771357,Fibroblasts
0.09107156522781495,-0.03026136985191932,-0.007127850387099622,hypoxic_CD8_low,0.8466539397613644,Endothelial cells
-0.053246034675812626,0.0,-0.006290736565223107,intermediate,-0.18740789428299587,Monocytes
-0.21963522424659576,0.0,-0.006290736565223107,permissive_high_CD8,-0.8579208755057965,Fibroblasts
-0.12000116095485458,0.0,0.022880818079143182,permissive_high_CD8,-0.4564168295914021,Fibroblasts
0.23729616236016454,-0.048523115243023704,0.01989696380848612,hypoxic_CD8_low,1.7089724051221635,Fibroblasts
-0.2479981418594299,0.0,0.023657624999306726,permissive_high_CD8,-0.972217390164087,Pericytes
-0.3512304528171279,-0.024017069503845957,0.019319687627534096,intermediate,-1.0290988172471414,Epithelial cells
-0.16383723370042672,0.0,0.016291591105458976,permissive_high_CD8,-0.6330668625506004,Monocytes
0.059964294414443675,-0.04017163867409895,0.01510249153751539,intermediate,0.8694846799024388,Epithelial cells
-0.1433374087015788,-0.011736101467117125,0.018540755403615623,intermediate,-0.37496918503625815,Epithelial cells
-0.22713778392378106,0.0,-0.012764731753371183,permissive_high_CD8,-0.888154592425317,Fibroblasts
-0.18202871299651732,0.0,-0.010156640221393703,permissive_high_CD8,-0.706374648033176,Fibroblasts
-0.18735960688456954,-0.017855794806229442,-0.010156640221393705,intermediate,-0.46086262324967425,Fibroblasts
0.06745295783123337,0.0,-0.013988586508149882,hypoxic_low_neighbor_CD8,0.29898332803893013,Fibroblasts
-0.23555882771809897,-0.011470499308968363,-0.010337157127184747,intermediate,-0.7505733538008559,Fibroblasts
0.03777633182494994,0.0,-0.009159616387968283,intermediate,0.17939284846848785,Monocytes
-0.10055188098585749,-0.018357821321680477,-0.009159616387968283,intermediate,-0.10353927463925158,Fibroblasts
-0.08808394129496501,0.0,-0.007404737626975365,permissive_high_CD8,-0.32779723500294816,Fibroblasts
-0.033744131465513555,-0.01176906018122005,-0.0079301949293829,intermediate,0.06716119659706887,Fibroblasts
-0.29161381242744416,-0.012864675599071179,-0.005734701195226508,intermediate,-0.9556161387323181,Monocytes
-0.18486050525343561,0.0,-0.006519305207307843,permissive_high_CD8,-0.7177861674551285,Fibroblasts
-0.10428002512598614,-0.01074970685518705,-0.009849530450406508,intermediate,-0.2323256270971194,Fibroblasts
-0.10185032580272262,0.0,-0.015464849188903724,permissive_high_CD8,-0.3832728313488826,Monocytes
-0.3832100251592307,-0.0351299641103397,-0.006565460920655615,intermediate,-0.9918006258824854,Fibroblasts
-0.07131405719312799,0.0,-0.006565460920655615,permissive_high_CD8,-0.26021817525219354,Fibroblasts
0.07554525974763926,0.0,-0.006565460920655615,intermediate,0.3315935805254118,Fibroblasts
-0.1761611417594205,0.0,-0.01175136611207455,permissive_high_CD8,-0.682729586158232,Monocytes
-0.049990600132080426,0.0,-0.006826703654609711,intermediate,-0.1742891867111618,Fibroblasts
0.17741602826788722,-0.06336127987757385,-0.009548062094149157,hypoxic_CD8_low,1.6895405499260308,MAST cells
-0.03206872365560876,0.0,-0.0102002289291979,intermediate,-0.10206784314704918,Fibroblasts
-0.4219602102256683,-0.011987380170629091,-0.010272079086818514,intermediate,-1.4940023847834114,Epithelial cells
-0.1401433398924678,-0.04096483701636434,-0.01169082593982197,intermediate,0.07495409866577996,Epithelial cells
-0.5174036600503576,-0.010310461646632144,-0.010272079086818514,intermediate,-1.9036938033029616,Epithelial cells
-0.018811173946503168,-0.042597400032074344,-0.012633225148827762,intermediate,0.5883082873168474,Epithelial cells
0.3253309324563268,-0.037094289957270446,-0.009009130634920478,hypoxic_CD8_low,1.8928406640479047,NK cells
0.26019767010547074,-0.010965277791505882,-0.01018128510911455,intermediate,1.2396652172471194,Epithelial cells
-0.11917679640183967,-0.01100787170502821,-0.014134987034456611,intermediate,-0.28849615010048923,Epithelial cells
-0.13032249729317358,-0.02221123892286046,-0.01601025154072585,intermediate,-0.165889075693669,Epithelial cells
-0.2215539710109971,0.0,-0.01536421428325205,permissive_high_CD8,-0.8656530161366218,Epithelial cells
-0.009859757251050094,0.0,-0.01340827433525631,intermediate,-0.01257044062822299,Epithelial cells
-0.14383427876545243,0.0,-0.009144459143984816,permissive_high_CD8,-0.5524592162166463,Epithelial cells
0.10531851757003596,0.0,-0.008535111963990245,intermediate,0.45157346572533175,Epithelial cells
-0.4052406525516127,-0.031824629316445786,-0.008535111963990245,intermediate,-1.1300034189189365,Epithelial cells
-0.10144741563911898,0.0,-0.008535111963990245,permissive_high_CD8,-0.3816491892381197,Epithelial cells
-0.044583703619409276,0.0,-0.009543750224969326,intermediate,-0.15250054581912822,Epithelial cells
-0.024406199474411316,0.0,-0.010272079086818516,intermediate,-0.07118950336019161,Epithelial cells
-0.2053840361445783,0.0,-0.01454537490762358,permissive_high_CD8,-0.8004916239726877,DCs
0.21856373380944433,-0.03628319960374098,-0.016018839435860535,hypoxic_low_neighbor_CD8,1.4504635187462451,Fibroblasts
0.08147351497627164,-0.030293833388973346,-0.007847747854214769,hypoxic_CD8_low,0.8084612635704123,Schwann cells
0.057246800646724466,0.0,-0.007849158159634361,intermediate,0.2578546892237122,Fibroblasts
-0.16119537918443183,0.0,-0.009144459143984816,permissive_high_CD8,-0.6224207517543032,Epithelial cells
-0.35014321813621674,0.0,-0.008535111963990245,permissive_high_CD8,-1.3838402833836176,DCs
-0.279670163809535,0.0,-0.008535111963990245,permissive_high_CD8,-1.0998488902266845,Epithelial cells
-0.13782078386789345,0.0,-0.011266101098414534,permissive_high_CD8,-0.528226113082172,Epithelial cells
0.03628749349509852,-0.011286305995122623,-0.008535111963990245,intermediate,0.34215518956795676,Epithelial cells
-0.06506913086496685,0.0,-0.007312571954148018,intermediate,-0.23505245276376965,Fibroblasts
-0.23841952894586158,-0.011938491813567003,-0.01389859124877353,intermediate,-0.7551035650072685,Fibroblasts
0.23864576423982062,0.0,-0.008442180069834599,intermediate,0.988853861605586,Pericytes
-0.233823339623141,-0.012008534751922978,-0.0035725782757345965,intermediate,-0.7355345622731699,Fibroblasts
0.31853795673952523,-0.02327044290087001,-0.01296145166301856,hypoxic_low_neighbor_CD8,1.6587609956405238,Pericytes
-0.2846658545804311,0.0,-0.008831414970470021,permissive_high_CD8,-1.1199804595954732,Fibroblasts
-0.14995633167435365,0.0,-0.006697041850019241,permissive_high_CD8,-0.5771297850062419,Fibroblasts
-0.1392103907573654,0.0,-0.008831414970470021,permissive_high_CD8,-0.53382593276151,Fibroblasts
-0.14919461782677584,0.0,-0.006697041850019241,permissive_high_CD8,-0.5740602404998014,Fibroblasts
-0.24829640828940763,0.0,-0.001690549760373176,permissive_high_CD8,-0.9734193403249054,Pericytes
-0.18445415573426518,0.0,-0.001690549760373176,permissive_high_CD8,-0.716148665474259,Monocytes
-0.13259400517107492,-0.013349711653674661,-0.002491118743834708,intermediate,-0.3075475437796839,Fibroblasts
-0.2135750031375502,0.0,-0.006512002970686486,permissive_high_CD8,-0.8334994756950422,Monocytes
-0.05974810741033898,0.0,-0.008108471408385819,intermediate,-0.2136098619985733,Fibroblasts
-0.31700820616450176,0.0,-0.011357265220158175,permissive_high_CD8,-1.2503132452549997,Fibroblasts
-0.2963776799090895,0.0,-0.010198078400049455,permissive_high_CD8,-1.1671766202170668,Fibroblasts
0.007174432995807778,-0.01663060516480975,-0.01672683251209748,intermediate,0.3047480741666946,Epithelial cells
-0.3632298664874341,-0.011600860217322222,-0.015986457881335465,intermediate,-1.2631111745089671,Epithelial cells
-0.17677440174133424,-0.011683983358777003,-0.016383883956312007,intermediate,-0.5104924549428107,Epithelial cells
0.4023745490843991,-0.03489781584334277,-0.012660471019152849,hypoxic_low_neighbor_CD8,2.1704665528340894,Epithelial cells
-0.43207440103393,-0.02071090844961313,-0.013089953035156414,intermediate,-1.4043191166977946,Epithelial cells
0.16312443252548156,0.0,-0.013089953035156414,hypoxic_low_neighbor_CD8,0.6845189862190107,Epithelial cells
0.27090751406658126,0.0,-0.013170285810504041,hypoxic_low_neighbor_CD8,1.1188618393570677,Epithelial cells
-0.4579127667898155,-0.047949520682516365,-0.013170285810504041,intermediate,-1.1011483035219367,Epithelial cells
-0.361683014645634,-0.009193919448234774,-0.014172850478837687,intermediate,-1.292868230521639,Epithelial cells
-0.10555665631849606,-0.011594543572862138,-0.013747064755191366,intermediate,-0.22483749188736918,Epithelial cells
-0.13984872753840372,-0.01110561946143023,-0.01631280207923549,intermediate,-0.37033802389717685,Epithelial cells
-0.1365091226187097,0.0,-0.01708619276039031,permissive_high_CD8,-0.5229403977252228,Epithelial cells
-0.03797977660075724,-0.010032260948829806,-0.013155156623335823,intermediate,0.024122412080361394,Epithelial cells
0.09865454330023035,-0.013906701856296555,-0.012542228660120173,hypoxic_low_neighbor_CD8,0.6326634054463595,Epithelial cells
0.043160194373992544,0.0,-0.012542228660120173,intermediate,0.20108866739497314,Epithelial cells
0.3210740055903852,0.0,-0.01342403473641708,hypoxic_low_neighbor_CD8,1.321022111162494,Epithelial cells
0.6146049978263886,-0.022820086614323047,-0.012349578404394396,hypoxic_low_neighbor_CD8,2.8451139937476166,Epithelial cells
0.0787253169170824,-0.00937880099061047,-0.014092852133005736,hypoxic_low_neighbor_CD8,0.4846480067830426,Epithelial cells
-0.15879240931277297,-0.011575663138015068,-0.014094205809990885,intermediate,-0.4396485490914892,Epithelial cells
-0.3383057682389715,-0.028324376233676184,-0.013424034736417083,intermediate,-0.9126087328319237,Epithelial cells
-0.009292810796255047,-0.008950813579173223,-0.013167092352904449,intermediate,0.12355408976531031,Epithelial cells
-0.27227243936684237,-0.012310611091644658,-0.014425162844329709,intermediate,-0.8859593503066703,Fibroblasts
-0.10194040781044099,0.0,-0.012737312458465619,permissive_high_CD8,-0.38363584264610445,NK cells
0.022535147915882292,0.0,-0.012261940303601716,intermediate,0.11797412477258021,Fibroblasts
-0.22332411310280184,-0.044675541310175225,-0.012391889947950438,intermediate,-0.20476122018274057,Macrophages
0.18940414865332914,0.0,-0.008125619785344875,intermediate,0.7904206427630853,Pericytes
-0.37798536063198107,0.0,-0.007280500311600535,permissive_high_CD8,-1.496038185282306,Epithelial cells
-0.09479520407067724,0.0,-0.00871262968632213,permissive_high_CD8,-0.3548421940121276,Epithelial cells
0.27280371687019683,0.0,-0.007829327911500506,intermediate,1.1265031326293955,NK cells
-0.08254916792413795,0.0,-0.007829327911500506,permissive_high_CD8,-0.3054932776194243,NK cells
0.432942704503316,-0.050884934089444424,-0.011128260989581687,hypoxic_CD8_low,2.5327021229082156,Epithelial cells
-0.3892557534826807,0.0,-0.010825991147925497,permissive_high_CD8,-1.5414554670742817,Epithelial cells
0.07102064148010498,-0.02884508820197843,-0.011307268554543356,hypoxic_CD8_low,0.74467559223976,Epithelial cells
-0.24719106528653678,-0.012900524293845481,-0.010183274826379278,intermediate,-0.7760658940726816,Fibroblasts
-0.15276790143974334,0.0,-0.010821139313753158,permissive_high_CD8,-0.588459812096165,Epithelial cells
-0.12162998306703376,0.0,-0.007829327911500506,permissive_high_CD8,-0.4629806356483712,Epithelial cells
-0.43820273158061934,0.0,-0.008330838850796142,permissive_high_CD8,-1.7387013596166834,Epithelial cells
-0.17392639223351536,-0.011061844072843852,-0.007829327911500506,intermediate,-0.5083183169234435,Epithelial cells
-0.06817453070337992,0.0,-0.006214120095236259,permissive_high_CD8,-0.24756655244124517,DCs
0.017546105097575315,-0.011703439087037616,-0.006502602071414592,intermediate,0.27286870141050873,Epithelial cells
0.07280454051542476,-0.015451379150514179,-0.007829327911500506,intermediate,0.5515906754871334,Epithelial cells
-0.25801501360284274,-0.021322424112543887,-0.008310592254968146,intermediate,-0.6937529919944279,Epithelial cells
0.2178622335793981,-0.01978681734216358,-0.007829327911500506,hypoxic_CD8_low,1.2009692748951912,Epithelial cells
-0.22594093941301704,-0.01069046321668123,-0.007829327911500506,intermediate,-0.7234790483840445,Epithelial cells
-0.28235154362567455,-0.02742355169072325,-0.007829327911500506,intermediate,-0.7005949923549535,NK cells
-0.18231855338835812,-0.014264210033030645,-0.011093792419845436,intermediate,-0.4942525534033104,Macrophages
-0.27710916909826805,-0.012094399224408725,-0.009504662576796394,intermediate,-0.9086833165459633,Fibroblasts
-0.13545185686594033,-0.015018938041409018,-0.009504662576796394,intermediate,-0.2941044442940744,Macrophages
0.3960667642723604,-0.010052566103607054,-0.010427719121358979,intermediate,1.77354110819055,Epithelial cells
-0.18984438425087066,0.0,-0.009081208786340217,permissive_high_CD8,-0.7378701378936182,Epithelial cells
-0.15857036573341093,-0.008869838135445167,-0.009796743611736016,intermediate,-0.4792134606871984,Epithelial cells
-0.13937624582803873,0.0,-0.008310592254968146,permissive_high_CD8,-0.5344942933573814,Fibroblasts
-0.1414370991618758,-0.0377436495020322,-0.009181052953125496,intermediate,0.021574704415040835,Epithelial cells
-0.14802395004823984,-0.016426329670647378,-0.012020905876931876,intermediate,-0.3237228348067829,Macrophages
-0.07064176659028693,0.0,-0.007640421181394343,permissive_high_CD8,-0.25750898736852235,Schwann cells
-0.3326610580505616,-0.014804718465457561,-0.013849142656313426,intermediate,-1.0920186910903138,Pericytes
0.12612017977189824,-0.01534720567556528,-0.009504662576796392,intermediate,0.7648836549935433,Endothelial cells
-0.18831280627882624,-0.026499053244648674,-0.009160208348159688,intermediate,-0.3354627717622395,Monocytes
-0.23748858961235567,0.0,-0.010183355393197372,permissive_high_CD8,-0.9298661338914866,Fibroblasts
0.15184943958458652,0.0,-0.006880051629585132,intermediate,0.6390831670436943,Monocytes
-0.10871924741201133,0.0,-0.007291134745485869,permissive_high_CD8,-0.4109531218648154,Fibroblasts
-0.3954856290395959,-0.013249526622324337,-0.010378311134060385,intermediate,-1.368442821541858,DCs
-0.024072133872403676,0.0,-0.012451262094392146,intermediate,-0.06984329016386588,NK cells
-0.08667488557746611,0.0,-0.014262415297761781,permissive_high_CD8,-0.322119040690647,Fibroblasts
0.29170952120937976,-0.05218776131448476,-0.007179726215831021,hypoxic_CD8_low,1.9830434210593664,Endothelial cells
-0.18361047951571913,0.0,-0.014139917247530257,permissive_high_CD8,-0.7127488300766387,Fibroblasts
-0.051260523049228165,0.0,-0.014262415297761781,intermediate,-0.17940670548324317,Fibroblasts
-0.2416348438186339,-0.011869769347341437,-0.009161756106233791,intermediate,-0.7690881931575781,Fibroblasts
-0.15779815428707017,0.0,-0.007408724847914558,permissive_high_CD8,-0.6087306592687859,Pericytes
-0.1569242668917859,0.0,-0.007453198696759387,permissive_high_CD8,-0.605209079266043,Fibroblasts
-0.046437759954766566,0.0,-0.007453198696759387,intermediate,-0.15997199780457458,Fibroblasts
0.021884362860377066,-0.012589690173685792,-0.010869800770974514,intermediate,0.3036029041246442,Fibroblasts
-0.20544386101535048,-0.014187438285302537,-0.010869800770974512,intermediate,-0.5885905695215806,Monocytes
0.32890013518582384,-0.01393030722614242,-0.013581339325177686,hypoxic_low_neighbor_CD8,1.5608570487579005,DCs
-0.24549023118842558,-0.013906701856296555,-0.011629129453548376,intermediate,-0.7541667083963004,Fibroblasts
-0.13717403182064195,-0.020477072912671788,-0.013398037523071452,intermediate,-0.21942996300662176,Fibroblasts
0.06658952638327353,-0.02210196792355433,-0.0076023301936675985,intermediate,0.6259905144313489,NK cells
0.09517296897359642,-0.016731816264781874,-0.010598526824662882,hypoxic_CD8_low,0.6608768150266391,NK cells
-0.31065963071034136,0.0,-0.00853082988908899,permissive_high_CD8,-1.2247298388734444,NK cells
0.23162777979211158,0.0,-0.012782222217554666,hypoxic_low_neighbor_CD8,0.9605728796118198,NK cells
-0.07553042369674008,0.0,-0.014501055178211123,permissive_high_CD8,-0.2772092338753995,Epithelial cells
-0.06925719234359312,0.0,-0.013817464581385315,permissive_high_CD8,-0.2519294481672689,Epithelial cells
-0.17963692845110912,-0.04901081347755092,-0.01273252124245833,intermediate,0.036113346931425094,Epithelial cells
0.3271095819741368,0.0,-0.014679307139675949,hypoxic_low_neighbor_CD8,1.3453441979813954,Epithelial cells
-0.14830253018911585,-0.01661148534612617,-0.01204893064563252,intermediate,-0.3220768549085937,NK cells
0.270863540201302,0.0,-0.01374413564941983,hypoxic_low_neighbor_CD8,1.1186846340495573,NK cells
-0.338102716039941,0.0,-0.012267930304955856,permissive_high_CD8,-1.3353196254200859,NK cells
0.23343647771092302,0.0,-0.009870973193211112,intermediate,0.9678615468431595,NK cells
-0.1591330685289988,0.0,-0.008981653746323063,permissive_high_CD8,-0.6141100792319535,NK cells
-0.2552597321659686,-0.014490502083349807,-0.014368918196231569,intermediate,-0.784806259111736,Pericytes
0.34344980372003764,0.0,-0.010298258862514727,intermediate,1.4111918099864091,Pericytes
-0.18313554204611415,-0.014925666183595233,0.015612636268147824,intermediate,-0.48765421235707973,Fibroblasts
0.23328478508685013,-0.04221184919720237,-0.014368918196231569,hypoxic_low_neighbor_CD8,1.5984362176316438,Pericytes
-0.2247438023846791,0.0,-0.008597374605907279,permissive_high_CD8,-0.8785073569113009,NK cells
0.21086275338169086,-0.011194819863508588,0.01582151616883432,intermediate,1.0442883147726463,NK cells
-0.17626714131918297,0.0,0.01582151616883432,permissive_high_CD8,-0.6831567417986193,Epithelial cells
0.13756872180954038,0.0,-0.018843329194103656,hypoxic_low_neighbor_CD8,0.5815349172202032,Epithelial cells
-0.12210594698128452,-0.01899732558833443,-0.017680845312100513,intermediate,-0.1808351792422063,Epithelial cells
0.2218191499212181,-0.03903826431706849,-0.017680845312100513,hypoxic_low_neighbor_CD8,1.50477812422214,Epithelial cells
0.19290285895627185,-0.030891951279118958,-0.01758540928283362,hypoxic_low_neighbor_CD8,1.26644132341158,Epithelial cells
0.16516310575017973,-0.012864675599071179,-0.017625720555643966,hypoxic_low_neighbor_CD8,0.8850975155087248,Epithelial cells
0.5736771874638447,0.0,-0.017221074741378968,hypoxic_low_neighbor_CD8,2.338959111644643,Epithelial cells
-0.16743504665941597,-0.011189178899232193,-0.017860994068717186,intermediate,-0.4802555633132307,Epithelial cells
-0.4700412673643794,-0.04451084523065853,-0.017286034248135837,intermediate,-1.2014414534930673,Epithelial cells
0.6475203018111876,-0.013239653004325835,-0.018722836627007813,hypoxic_low_neighbor_CD8,2.834501206861177,Epithelial cells
-0.13163692979927522,0.0,-0.017221074741378968,permissive_high_CD8,-0.5033064987869652,DCs
-0.23508750578485818,0.0,-0.012951199921519168,permissive_high_CD8,-0.9201902776685299,Endothelial cells
-0.1347943807701509,0.0,-0.014879708476716531,permissive_high_CD8,-0.5160303534376669,DCs
-0.16483545877847328,-0.014731013340505994,-0.016246749708044385,intermediate,-0.41681938390562456,Fibroblasts
-0.12180938107900352,0.0,-0.011853411451846808,permissive_high_CD8,-0.4637035714120562,Monocytes
-0.20039484108308234,-0.014760326277389218,-0.013010046067025497,intermediate,-0.5596778069983525,Fibroblasts
-0.23193674968428402,-0.016206569517189674,-0.014113994487705821,intermediate,-0.6651595707935009,Endothelial cells
0.22577258908605002,-0.026323181414893763,-0.011720609600566497,hypoxic_CD8_low,1.3305833629946635,Monocytes
-0.002918900256176027,-0.015082078424059911,-0.009454535472730875,intermediate,0.24091925832734076,Fibroblasts
0.2786086266299328,-0.012716058777411457,-0.012000368095119954,intermediate,1.3400365528811777,Monocytes
-0.093290339990792,-0.021111997998195138,-0.014047451057897405,intermediate,-0.03309411812352436,Fibroblasts
-0.2390163988473425,0.0,-0.011313678249817306,permissive_high_CD8,-0.9360228795763074,Fibroblasts
-0.15932944117779713,-0.01447681376808568,-0.010974217490789539,intermediate,-0.39843230525532647,Fibroblasts
-0.32588024216004646,-0.029049383001288905,-0.01980101949611978,intermediate,-0.8516956183940037,Epithelial cells
0.08292450770795584,-0.011251723718064034,-0.017344637792280973,hypoxic_low_neighbor_CD8,0.529575317459088,Epithelial cells
0.3129842424967203,-0.031946039392880585,-0.016298647930747583,hypoxic_low_neighbor_CD8,1.7661052974491491,Epithelial cells
-0.409306348327652,-0.024106670487747502,-0.017957565755496625,intermediate,-1.2617925149423113,Epithelial cells
0.5562196409845926,0.0,-0.016691077382940997,hypoxic_low_neighbor_CD8,2.268608919033967,Epithelial cells
-0.05795854689126989,-0.019865014775079272,0.013580790537017492,intermediate,0.09063957079375495,DCs
-0.18267145214310612,-0.039670897881511735,-0.017363534186050477,intermediate,-0.11577316432102391,Fibroblasts
-0.34639470357013996,0.0,-0.015025127207541112,permissive_high_CD8,-1.3687345683828964,Fibroblasts
-0.08311357890745724,0.0,0.013280944521056427,permissive_high_CD8,-0.3077677336224648,Macrophages
0.1617409129698114,-0.03075416271503155,0.012572233100258479,hypoxic_CD8_low,1.138804993931583,T cells
0.016507048444096784,0.0,0.015481937841454591,intermediate,0.09368216831578752,NK cells
0.6199060309842886,0.35844667999260715,0.014825929539334847,intermediate,-2.8345352894515004,NK cells
0.8852859280674332,-0.011581945998465966,0.014157603523115975,intermediate,3.7678586339548223,NK cells
0.20958207888775565,-0.029257608328753636,0.015953276893477294,hypoxic_CD8_low,1.3092169985592983,NK cells
0.1951695618380504,0.0,0.012231672591293642,intermediate,0.8136540294538965,NK cells
-0.0671140946537615,-0.012927638374359502,-0.01566179245911468,intermediate,-0.04998863982020765,NK cells
-0.4417484697089138,-0.021825491175477805,0.013339104947702051,intermediate,-1.4266374032101217,Epithelial cells
-0.20789206937613736,-0.014075105489506896,0.012545000550485583,intermediate,-0.6001360190545462,Epithelial cells
0.03043199710577843,-0.014149624326451105,-0.017228026589562215,intermediate,0.3613734552296655,NK cells
-0.1897563829000695,-0.022526428284432725,-0.015699910924502233,intermediate,-0.400682002915878,Epithelial cells
-0.1139042099795667,0.0,-0.012939843088991728,permissive_high_CD8,-0.4318474162457686,NK cells
-0.3406526190210059,-0.05454269208406147,-0.016789876304657354,intermediate,-0.5300284224373926,Epithelial cells
0.18594265462883025,-0.010253858952387142,-0.016428389208197756,hypoxic_low_neighbor_CD8,0.9297956123981894,Epithelial cells
0.18428766535946642,0.0,0.01561263626814782,intermediate,0.7698023052641512,Epithelial cells
-0.19206651434840927,-0.015330112897432767,0.01561263626814782,intermediate,-0.5175965110288475,NK cells
-0.20673987760122522,0.0,-0.012294078420209176,permissive_high_CD8,-0.8059553761521828,Epithelial cells
-0.24672424242678417,-0.01006072252868158,-0.012294078420209176,intermediate,-0.8166477270307626,Epithelial cells
0.4388330528535038,-0.011755840981054885,-0.01034803171711251,intermediate,1.971348892555235,Epithelial cells
-0.5454134041047001,-0.009653317300896896,-0.012977093916672925,intermediate,-2.026393261413177,Epithelial cells
-0.1035280572362693,0.0,-0.01618910595151255,permissive_high_CD8,-0.390033731549794,DCs
0.1515983338336868,0.0,-0.011478274393017313,intermediate,0.6380712643709767,Fibroblasts
0.0154527456884882,-0.016945255912749875,-0.010348031717112512,intermediate,0.34281282478129993,Pericytes
0.32435593451840816,0.0,-0.011478274393017315,intermediate,1.334247585457829,Epithelial cells
0.33635705158892404,-0.014174792448036102,-0.011478274393017315,intermediate,1.594562575231188,Epithelial cells
0.0842086876252569,0.0,-0.010809447022102141,intermediate,0.36650534894507203,Epithelial cells
-0.07278190535235118,-0.01237256420768707,-0.01459745459871897,intermediate,-0.08112863045445848,Fibroblasts
0.0740148944548335,-0.029199577053548836,-0.013932534461079338,hypoxic_low_neighbor_CD8,0.7620423998541688,T cells
-0.24106790933264308,-0.0876161135160006,-0.015622835378093437,intermediate,0.3658174815705547,T cells
-0.08818827862720413,0.0,-0.013251758426146306,permissive_high_CD8,-0.3282176922205893,Fibroblasts
-0.2715819332015562,0.0,-0.016224557861142797,permissive_high_CD8,-1.0672550442456854,Fibroblasts
-0.04933381750880475,0.0,0.0158527130236206,intermediate,-0.17164249268083503,Macrophages
-0.14173098644578314,0.0,0.01158935458500322,permissive_high_CD8,-0.5439833963194375,DCs
-0.1679371140568132,-0.014941055282407445,0.010617308588752972,intermediate,-0.4261776755646356,T cells
-0.07589026052789044,-0.02853167298351705,-0.011859306085769303,intermediate,0.14796951994260638,Epithelial cells
0.020756062015472143,-0.013667333463908207,-0.01315518815507773,intermediate,0.3151698925736015,Epithelial cells
-0.3385794765977974,0.0,-0.01352398578937237,permissive_high_CD8,-1.3372408688842938,Epithelial cells
-0.26897678605045183,0.0,0.008291400478132522,permissive_high_CD8,-1.056756856308614,Epithelial cells
-0.003309832519316769,0.0,-0.013155188155077728,intermediate,0.013824360440215157,Epithelial cells
-0.3700067879684479,-0.01969415263125771,0.009227292300664892,intermediate,-1.1694032222261925,Epithelial cells
-0.38424507968397026,0.0,-0.008123192613424077,permissive_high_CD8,-1.5212635192958532,Epithelial cells
-0.1963718827948513,0.0,0.01387773292285246,permissive_high_CD8,-0.7641745662037881,DCs
0.38693685895467855,0.310540316826687,0.012509281643506986,intermediate,-3.0570164417079093,DCs
-0.07867490551079132,-0.011550641735555672,0.011550434512665898,intermediate,-0.11716621989854065,Fibroblasts
-0.20139528565617448,-0.0215093790278261,-0.010308930748387386,intermediate,-0.4627920501958955,Epithelial cells
0.10018628045737027,0.0,-0.01315518815507773,hypoxic_low_neighbor_CD8,0.43089164369330696,Epithelial cells
-0.09375652634953878,-0.0338647471748383,-0.01459754385285371,intermediate,0.15571674570232763,Monocytes
-0.07797572268060893,-0.03085266530272449,-0.014971219705023102,intermediate,0.17427091991870045,Epithelial cells
-0.16531198953528958,-0.034791842163333045,-0.012695432320619239,intermediate,-0.11877384494209348,DCs
-0.060747881969773626,-0.019947994093180668,-0.011751286446163366,intermediate,0.08063991912299812,DCs
-0.18022400882828188,0.0,-0.011751286446163366,permissive_high_CD8,-0.6991020747657042,DCs
0.1645684089047842,0.0,-0.013785687921500882,hypoxic_low_neighbor_CD8,0.690337903357793,Epithelial cells
0.09296633728057985,-0.01074970685518705,-0.012262121771993905,hypoxic_low_neighbor_CD8,0.5625351858784541,Epithelial cells
-0.2579876390326933,0.0,-0.015115554194379592,permissive_high_CD8,-1.0124729352979982,Epithelial cells
0.24596670832499923,-0.021130868780468156,-0.013635950629045124,hypoxic_low_neighbor_CD8,1.334321671987084,Epithelial cells
0.19486495577187896,-0.030024159775089154,-0.014208168475090571,hypoxic_low_neighbor_CD8,1.2613722299427752,Epithelial cells
0.12856213826252277,-0.022584204731682534,-0.014208168475090571,hypoxic_low_neighbor_CD8,0.8829377333645307,Epithelial cells
0.21454826942888128,-0.010245232446956248,-0.011805135003629164,intermediate,1.044941154471849,Epithelial cells
-0.05818028813863857,-0.019263319640989728,-0.010490865681657264,intermediate,0.08074896495973535,Epithelial cells
-0.31342015400469064,0.0,-0.011134420168383723,permissive_high_CD8,-1.2358541595616086,Epithelial cells
-0.22085100962933765,-0.03289799941213507,-0.017169344795216753,intermediate,-0.37090254190876143,Pericytes
-0.22833535374407787,-0.014673050598576966,-0.007953669474675105,intermediate,-0.6735771367573091,NK cells
-0.08152649967545965,0.0,-0.013171705575446207,permissive_high_CD8,-0.30137214247842115,Fibroblasts
-0.052646292261330475,0.0,-0.014282317232345602,intermediate,-0.18499106014048017,Endothelial cells
-0.17326422388773846,0.0,-0.007953669474675105,permissive_high_CD8,-0.6710556243851757,NK cells
-0.23383527395715675,0.0,-0.008449599553055447,permissive_high_CD8,-0.9151440502174552,NK cells
0.2116157448435404,-0.038817594891135024,-0.01591542104960453,hypoxic_low_neighbor_CD8,1.4603609467722327,NK cells
-0.32926181042529495,0.0,-0.008988424898320043,permissive_high_CD8,-1.2996926595355989,NK cells
0.4188614829955809,-0.014601807845266242,-0.00850615160346192,intermediate,1.9334229365946538,NK cells
0.3630417609310533,0.0,-0.011911746268330315,intermediate,1.490143223064596,DCs
-0.2722381836917984,0.0,-0.008546833277713915,permissive_high_CD8,-1.0698995938932696,NK cells
-0.11742375078928997,0.0,-0.0091385432743994,permissive_high_CD8,-0.4460304157961027,Schwann cells
0.26526833777446823,0.0,-0.008351373608134855,intermediate,1.096137160446019,Pericytes
-0.17977347622913528,-0.030797885014460638,-0.005365829815266104,intermediate,-0.23677145621075596,NK cells
-0.07142868961196348,0.0,-0.005365829815266104,permissive_high_CD8,-0.2606801194752314,Fibroblasts
-0.05504095314975723,0.0,-0.005365829815266104,intermediate,-0.19464103328752533,Fibroblasts
-0.09112828419390452,-0.020414703770687704,-0.008712571835228305,intermediate,-0.034808005318349655,Schwann cells
-0.18040365196136107,-0.014329387108806657,-0.014260329762611958,intermediate,-0.4855613279252748,NK cells
-0.2515548338373023,-0.02810117204179648,0.0026783222808243025,intermediate,-0.5663584822449013,Fibroblasts
-0.27171108138609124,-0.011775687638564632,0.0012827480405966814,intermediate,-0.8916958085330582,Fibroblasts
-0.03677292760596218,-0.01881118921133188,0.005933809895300226,intermediate,0.16025544407319803,Epithelial cells
-0.2348574749437202,0.0,0.004627467202789907,permissive_high_CD8,-0.9192633023916955,Fibroblasts
0.5719844672574577,-0.013104093219587195,0.0060793047527588386,intermediate,2.528080887778253,Epithelial cells
0.07347729694412419,-0.018444862442943247,0.010737784546271386,hypoxic_CD8_low,0.5990627415681469,Epithelial cells
0.4362521669472078,0.2552996237321958,0.008534509550418649,intermediate,-2.0322824097068617,Epithelial cells
-0.14937341596228054,0.0,0.009864178331632242,permissive_high_CD8,-0.5747807588891486,Epithelial cells
0.2740669949466445,-0.013104093219587195,0.00986417833163224,intermediate,1.3275369520046716,Epithelial cells
-0.23246927529453754,-0.0157247593528346,0.00886586845359053,intermediate,-0.6745099536514207,DCs
-0.2711931404818493,0.0,-0.012310599830308263,permissive_high_CD8,-1.0656882924258053,Pericytes
0.29728870650371875,-0.01745422648997442,-0.01033846408571148,hypoxic_CD8_low,1.4861622384705884,Fibroblasts
-0.07219581910405293,0.0,-0.01261822112336976,permissive_high_CD8,-0.2637714878751358,Fibroblasts
-0.09761850134914658,0.0,-0.01460872603814129,permissive_high_CD8,-0.36621948048096625,Monocytes
-0.07773811462892585,0.0,-0.014834972077857465,permissive_high_CD8,-0.28610575793670995,Fibroblasts
-0.040521885975297676,0.0,-0.007071880322558033,intermediate,-0.1361322861697954,Epithelial cells
0.22982840509299773,0.0,0.02601050794312292,intermediate,0.9533217829693517,Epithelial cells
0.13980444942612247,0.4991128248402625,0.022145062333766365,intermediate,-6.872597167611678,Epithelial cells
-0.07725350732305442,-0.01379082946159579,-0.009040798928573545,intermediate,-0.07794117607101567,NK cells
0.0007664769528860083,-0.014062825484797058,-0.005418203845519607,intermediate,0.24052984288548845,NK cells
-0.06888540154958822,0.0,0.0242177934728117,permissive_high_CD8,-0.2504312104853469,Endothelial cells
0.5075502453080143,0.0,0.02886540942292893,intermediate,2.0724816245048223,Epithelial cells
-0.20322197316640828,-0.00821612334927084,0.04588538433840865,intermediate,-0.6689248007426144,Epithelial cells
-0.18738212738649912,0.0,0.012611196015724486,permissive_high_CD8,-0.7279477673662725,Epithelial cells
0.18459182187735315,0.0,0.012611196015724486,intermediate,0.7710279912242346,Epithelial cells
-0.1775472250329443,0.0,0.012611196015724486,permissive_high_CD8,-0.6883152064160801,Epithelial cells
-0.23378510839010339,0.0,0.028340734686875087,permissive_high_CD8,-0.9149418936710686,Epithelial cells
-0.16145634172431916,0.0,0.030151018386374063,permissive_high_CD8,-0.6234723751864427,Monocytes
-0.26732193274670335,-0.010641845131692616,0.02912331474722906,intermediate,-0.8909626116366454,Epithelial cells
-0.38960076144421435,0.0,-0.007436981020990493,permissive_high_CD8,-1.5428457756479954,NK cells
-0.3230376032940355,-0.012264821210853484,-0.007281181912029642,intermediate,-1.0912168319411009,Fibroblasts
-0.04854844947416619,0.0,-0.009209928242301168,intermediate,-0.16847762684056616,Monocytes
-0.1784321735182919,-0.014760326277389218,-0.013517140763008643,intermediate,-0.4711729363245982,Fibroblasts
0.31703254017963944,0.0,-0.009209928242301168,intermediate,1.3047358666771505,NK cells
-0.29309691770009727,0.0,-0.009209928242301168,permissive_high_CD8,-1.1539558475508314,NK cells
-0.163019402438857,0.0,-0.014005249939788529,permissive_high_CD8,-0.6297711768227783,NK cells
-0.17805080528718875,-0.012318298401620223,-0.014631035131642371,intermediate,-0.5061512939623921,Schwann cells
1.0470651469556203,0.0,-0.011896319138376335,intermediate,4.246611723046896,Schwann cells
-0.3392276687315669,-0.02642037897457478,-0.013608304112546356,intermediate,-0.9447939136161732,Schwann cells
0.43778573940077936,-0.02988211056481489,-0.008557326140513143,hypoxic_CD8_low,2.238167193018378,NK cells
-0.31440860487849837,-0.06682175856370193,-0.011436993615669116,intermediate,-0.24066403136753967,Endothelial cells
-0.11082671445057574,0.0,-0.01232669530448965,permissive_high_CD8,-0.41944576498965896,Schwann cells
-0.0859561691801232,-0.012036932624786006,-0.01072055801206272,intermediate,-0.13923674349490275,Schwann cells
0.30146489564673484,0.0,-0.011233732864441659,intermediate,1.2420015762265428,Schwann cells
-0.23222720287889842,0.0,-0.012438541288800568,permissive_high_CD8,-0.908663866405739,Schwann cells
-0.04431017527139809,0.0,-0.01151748874731231,intermediate,-0.15139828485766169,Schwann cells
-0.17570040599409356,0.0,-0.01232669530448965,permissive_high_CD8,-0.6808729191934956,Schwann cells
-0.13646969163274192,-0.03237051905890708,-0.011621796199989062,intermediate,-0.03875112559937682,Fibroblasts
-0.3608449300130208,-0.012138098357660086,-0.01626305161860951,intermediate,-1.2454671663091326,Fibroblasts
-0.22501120509871517,-0.014316262503867208,-0.011621796199989062,intermediate,-0.6655165122689287,Fibroblasts
0.19661224510775033,-0.016292996734742694,-0.015019994998267786,hypoxic_low_neighbor_CD8,1.0630938969319,NK cells
-0.18222321659685617,-0.018230685338317624,-0.011436993615669116,intermediate,-0.4345583961431275,Endothelial cells
0.2863674029767753,-0.014112182956958107,-0.015052493670691362,hypoxic_low_neighbor_CD8,1.3921787545602282,Epithelial cells
-0.0027863601125387993,-0.04179091974791245,-0.011740508768079088,intermediate,0.6408257223822821,Schwann cells
-0.11706378278004596,0.0,-0.014237088101756397,permissive_high_CD8,-0.4445798214176719,Schwann cells
-0.0311828492635704,-0.042153076604310315,-0.015839725628233794,intermediate,0.5318091859489725,Macrophages
-0.21382628291486258,0.0,-0.015650509822706462,permissive_high_CD8,-0.8345120796571226,Fibroblasts
0.7186886201421898,-0.027319620495383074,-0.019429689798599638,hypoxic_low_neighbor_CD8,3.3318295108747162,Epithelial cells
0.1592713570499037,-0.015878831809348907,-0.018116863986902067,hypoxic_low_neighbor_CD8,0.906425142937247,Schwann cells
-0.21617985920733715,0.0,-0.017712298224651216,permissive_high_CD8,-0.8439964906364253,Schwann cells
-0.5054627384047911,-0.04449250533995841,-0.015295676889046324,intermediate,-1.3444566674774088,Epithelial cells
0.17347789145856496,-0.02394669065591295,-0.020558181883674243,hypoxic_low_neighbor_CD8,1.0843116480644883,Epithelial cells
0.2868734210370535,-0.05897262511465714,-0.0196028894097538,hypoxic_low_neighbor_CD8,2.0650077790561,Epithelial cells
-0.013919586637412662,0.0,-0.018388139541976045,intermediate,-0.02893068802246773,Fibroblasts
-0.10358219070128169,-0.06460818781061212,-0.02124314005719184,intermediate,0.5758223834003299,Schwann cells
-0.03775783140496557,0.0,-0.022010734625029987,intermediate,-0.12499373519183374,Fibroblasts
-0.1125896101495827,0.0,-0.019044567602366093,permissive_high_CD8,-0.42654985903432147,Fibroblasts
-0.09813958286760323,0.0,-0.006687274281634332,permissive_high_CD8,-0.36831932797287215,Monocytes
0.4778602257311105,-0.016659174853490916,-0.012196673587588002,hypoxic_CD8_low,2.2019387265555856,Schwann cells
-0.15698266699610944,0.0,-0.006921531249958816,permissive_high_CD8,-0.6054444192430853,Fibroblasts
0.22608461581080794,-0.018605326833995246,-0.006687274281634332,hypoxic_CD8_low,1.2164371146808657,Schwann cells
-0.2588559499227378,0.0,-0.005072333906021839,permissive_high_CD8,-1.0159720431728179,Fibroblasts
-0.20947824807530904,0.0,-0.007390814239357808,permissive_high_CD8,-0.8169904256948055,Fibroblasts
-0.08975057285952281,0.0,-0.009007605914323116,permissive_high_CD8,-0.334513405096897,Fibroblasts
-0.0008602903549929652,-0.012855767238477946,-0.005797505861351847,intermediate,0.2159253989469268,Fibroblasts
-0.2732653637008973,-0.026132490953453158,-0.010667486808560637,intermediate,-0.6832846152492642,Fibroblasts
-0.1738427250260809,-0.01487986375445779,-0.007539671924915391,intermediate,-0.45089101503449747,Fibroblasts
-0.1931467937178401,-0.015245763879073294,-0.006298181273837481,intermediate,-0.5232110619539708,Monocytes
-0.024567323994923757,0.0,-0.011826135658542155,intermediate,-0.07183880084685876,Fibroblasts
-0.11235214907481489,0.0,-0.005576662624734938,permissive_high_CD8,-0.42559294149912785,Schwann cells
-0.09612982723128843,0.0,-0.008170732827643473,permissive_high_CD8,-0.3602204409796069,Fibroblasts
0.15322461472936422,0.0,-0.00659009634885389,intermediate,0.6446248298669038,Monocytes
0.6145746171713833,0.0,-0.006687274281634332,intermediate,2.5037670393008207,Monocytes
-0.26791179611022214,0.0,-0.006687274281634332,permissive_high_CD8,-1.0524651737681932,Pericytes
-0.2564483397457016,-0.06456698676352558,-0.02006029580768786,intermediate,-0.040811697495026555,Endothelial cells
0.1827005966600165,-0.016494739393473637,0.021767018041183146,hypoxic_CD8_low,1.0100495384551536,Monocytes
-0.1740867890507342,-0.014395694501004239,0.021767018041183143,intermediate,-0.45911423418749137,Monocytes
-0.2487522416325458,0.0,0.01734787092553495,permissive_high_CD8,-0.9752562515727862,Fibroblasts
0.004851713956120496,0.0,0.01452933949390296,intermediate,0.046713653745570634,Fibroblasts
-0.4009268887071724,-0.011575663138015068,0.04607893741011065,intermediate,-1.415398909162225,Macrophages
-0.025287105615837968,0.3338074117858722,0.01650020515280589,intermediate,-5.066099745700738,DCs
-0.18485661395582328,0.0,0.017513342028097477,permissive_high_CD8,-0.7177704863548743,Monocytes
-0.05665725014774675,-0.012820344222219367,0.017513342028097477,intermediate,-0.009454134090322586,DCs
0.24825423836229316,-0.026170242170573246,-0.012551082773247228,hypoxic_low_neighbor_CD8,1.418892747202823,NK cells
-0.04974633718590181,0.0,-0.014694876612921955,intermediate,-0.17330485908346568,Fibroblasts
0.5171991543597486,-0.012556707328147733,-0.0143699592585184,hypoxic_low_neighbor_CD8,2.2991227901626416,NK cells
-0.331788641381934,0.0,-0.01506688778217022,permissive_high_CD8,-1.3098752498959019,Epithelial cells
-0.37108115690300264,-0.025212585202112853,0.009773471749048752,intermediate,-1.091216600376737,Endothelial cells
0.3584246759912576,-0.018281454016805178,0.010232759562366673,hypoxic_CD8_low,1.7448965491240829,Epithelial cells
0.3447123718070218,0.0,0.010309575647584933,intermediate,1.4162796903600339,Epithelial cells
-0.045747737329168925,-0.020603386496725353,0.010309575647584933,intermediate,0.15088726710009348,Epithelial cells
-0.40786789124270517,0.3078349897896874,0.01226170765511688,permissive_high_CD8,-6.2194579810638135,Epithelial cells
0.5401744497827736,-0.023780008076656204,0.00922207958892397,hypoxic_CD8_low,2.5595282719048282,Epithelial cells
-0.03451524680876833,-0.01609747612524612,0.00921745555549927,intermediate,0.12877576767839358,Epithelial cells
0.12269160546452165,0.0,0.00922207958892397,intermediate,0.5215833082350931,Epithelial cells
-0.2827435229198042,0.0,0.011166547517008577,permissive_high_CD8,-1.1122338725966971,DCs
-0.42346350734971133,-0.010232332746992227,0.014282834974967627,intermediate,-1.5263032508222611,Fibroblasts
0.26076022640289553,0.0,0.011166547517008577,intermediate,1.0779704321673667,Epithelial cells
-0.05802659337300373,0.0,0.009222079588923966,intermediate,-0.20667252723320678,Epithelial cells
-0.08979795831274316,0.0,0.021914042810178946,permissive_high_CD8,-0.3347043583768987,Monocytes
-0.025388621900933814,0.0,-0.0062758292585571125,intermediate,-0.07514845641313327,Fibroblasts
-0.0466838438348119,0.0,0.02191404281017894,intermediate,-0.16096366340776497,Fibroblasts
-0.2295769467411271,-0.024239152066620737,-0.011726303460948705,intermediate,-0.5355403492095203,Epithelial cells
0.3720518336238631,0.0,0.011288869632990363,intermediate,1.5264518962294475,Epithelial cells
0.4444411308411135,-0.009385478641340124,0.010455627265514902,intermediate,1.9585046630566754,Epithelial cells
0.6104783705439434,-0.017872408816688938,-0.011811339034725298,hypoxic_CD8_low,2.7545028556968347,Epithelial cells
-0.29184691254872386,-0.0214994137103741,-0.009753814303440604,intermediate,-0.8274418434798808,DCs
0.04075604868701185,-0.013906701856296555,-0.011504819164713707,intermediate,0.3993448086579162,Endothelial cells
0.024930904907395107,0.0,-0.009219016333823262,intermediate,0.12762851498151417,Epithelial cells
0.03145613296922434,-0.01052317542103138,-0.008291902876736824,intermediate,0.3112748859962893,Epithelial cells
0.13820563214849757,0.0,-0.008291902876736824,intermediate,0.5841015301789384,Epithelial cells
0.1323822320225727,-0.028277497542531865,-0.00743151805017963,hypoxic_CD8_low,0.983462649773428,Epithelial cells
0.26534872983832913,-0.01357998539079056,-0.016208824937642828,hypoxic_low_neighbor_CD8,1.2995201286889435,Schwann cells
-0.10479043860990839,0.0,0.015680614742565626,permissive_high_CD8,-0.39512085950842135,Fibroblasts
-0.09571332816618035,0.0,-0.0111303222002449,permissive_high_CD8,-0.3585420384911849,Endothelial cells
-0.1805047490989348,0.0,-0.013676969821636492,permissive_high_CD8,-0.7002333982387637,Schwann cells
0.18942330209126912,-0.01321018948728739,0.02052687084251194,intermediate,0.9880273427649989,Epithelial cells
-0.27322926961753263,-0.011856179488332648,0.020933684882311145,intermediate,-0.8966102039080557,Epithelial cells
-0.1408667315440963,-0.0259073543162481,0.018941536970734862,intermediate,-0.1531127644165604,Epithelial cells
-0.13151361903991088,0.0,0.018941536970734862,permissive_high_CD8,-0.5028095827007008,Epithelial cells
-0.40034699344252006,-0.010301693248362677,-0.015014806868415453,intermediate,-1.4321114905146797,Fibroblasts
0.498210390887586,-0.018170661771828345,0.006682435167409581,hypoxic_CD8_low,2.306546539932826,Epithelial cells
0.5291356523352934,0.0,0.008608115904512464,intermediate,2.1594662155957685,Epithelial cells
-0.17322261793067656,-0.05589611424125641,0.006189681300696524,intermediate,0.16491627818731047,Epithelial cells
-0.2568119309513444,-0.016744055728680693,0.00922207958892397,intermediate,-0.7573643193832984,Epithelial cells
-0.2590157382459526,0.0,-0.017400120723585367,permissive_high_CD8,-1.0166159560690806,NK cells
-0.29498542264762173,-0.012540325944722906,-0.00915204999257035,intermediate,-0.9740529498102547,Fibroblasts
-0.28928816462137613,-0.027490909282977764,0.02052687084251194,intermediate,-0.7275409113768386,Epithelial cells
-0.16447039540991723,-0.011632604637609319,0.02052687084251194,intermediate,-0.4616781875546435,Epithelial cells
-0.06958280174607734,-0.03819971432087393,-0.018041526032523746,intermediate,0.31795166565125965,Endothelial cells
-0.08251912622566682,0.0,-0.010709893462146342,permissive_high_CD8,-0.30537221597560693,Epithelial cells
-0.06055299369206871,0.0,-0.012771792032136287,intermediate,-0.21685338221584288,Epithelial cells
-0.174803301751853,0.0,-0.012771792032136287,permissive_high_CD8,-0.6772577802443606,Epithelial cells
0.49556924540355024,-0.009480409776633567,-0.012083452561928032,intermediate,2.1659595584901434,Epithelial cells
0.10739323700288206,-0.0656322834462772,-0.0137863388267445,hypoxic_low_neighbor_CD8,1.4413215165451152,Epithelial cells
-0.45452317080823296,-0.021909418376351176,-0.012125689973715345,intermediate,-1.476861778835195,Epithelial cells
0.22414642644215776,-0.02676059166912125,-0.013357670973187031,hypoxic_low_neighbor_CD8,1.3305707885132985,Epithelial cells
0.9317871231630623,-0.0094292173501451,-0.012391107638998712,hypoxic_low_neighbor_CD8,3.9230591895180056,Epithelial cells
0.4538467179340531,-0.020603386496725353,-0.013532504958179798,hypoxic_low_neighbor_CD8,2.1641464726112742,Epithelial cells
0.815531583196188,-0.019771286350512795,-0.01412786356350671,hypoxic_low_neighbor_CD8,3.6092171756734897,Epithelial cells
0.03922354121763544,0.0,-0.013475696728457966,intermediate,0.18522479396234093,Epithelial cells
-0.08203241073462858,0.0,-0.012880338123131056,permissive_high_CD8,-0.3034108562517859,Epithelial cells
0.30455049070488494,0.0,-0.014316317652240293,hypoxic_low_neighbor_CD8,1.2544358668593873,Epithelial cells
0.18122257238411044,0.0,-0.01385463542140286,hypoxic_low_neighbor_CD8,0.7574506336565633,Epithelial cells
-0.27480769636161834,-0.012280021119214262,-0.012076253929601507,intermediate,-0.896633301995149,Epithelial cells
-0.04611017306645715,0.0,-0.013831083076363793,intermediate,-0.15865189244402525,Epithelial cells
0.10052529827179199,0.0,-0.013980969983717367,hypoxic_low_neighbor_CD8,0.4322578132504875,Epithelial cells
-0.11636821141683434,-0.035651867206280045,-0.014633136818766108,intermediate,0.09131894748060715,Epithelial cells
0.07814307241554719,0.0,-0.009996144169898809,intermediate,0.3420622120579688,Epithelial cells
0.34072449025380086,-0.025205380520839923,-0.012334017296712569,hypoxic_low_neighbor_CD8,1.777100762104087,DCs
0.03401773761075183,0.0,-0.011142259023771918,intermediate,0.16424651463352052,Epithelial cells
0.34014198578983906,-0.014149624326451105,-0.012643848385727196,hypoxic_low_neighbor_CD8,1.6094387193415949,Epithelial cells
0.3004214289676712,0.0,-0.012733089843420524,hypoxic_low_neighbor_CD8,1.2377966278426338,Epithelial cells
0.6634562293209704,-0.009901192506797883,-0.010034580526725161,intermediate,2.8488002179916343,Epithelial cells
0.6763999893004635,-0.01008530666953639,-0.01366415602958154,hypoxic_low_neighbor_CD8,2.9037138377277567,Epithelial cells
-0.1446875606674746,0.0,-0.01354449647962645,permissive_high_CD8,-0.5558977604719806,Fibroblasts
0.46771789841862565,-0.02693581484589982,-0.01548614379687187,hypoxic_low_neighbor_CD8,2.3147320022038156,NK cells
0.04366518503212069,-0.013965992792415232,-0.014568216951913359,intermediate,0.411954574657425,Macrophages
0.9913478797698116,-0.031597566025459815,-0.0151656110920565,hypoxic_low_neighbor_CD8,4.494555558197082,NK cells
0.18940976250123784,0.0,0.011464309892584349,intermediate,0.790443265374008,Macrophages
0.1842430135811189,0.0,-0.017645887485560778,hypoxic_low_neighbor_CD8,0.7696223681114195,NK cells
-0.22626268624301896,0.0,-0.013889801035686706,permissive_high_CD8,-0.8846281352299753,NK cells
-0.06802332520963678,-0.011677520960448724,-0.006193712044019609,intermediate,-0.07234541928932245,Epithelial cells
0.04915301531672961,-0.011013232744657077,-0.014871147287036725,intermediate,0.3899172875194027,DCs
-0.1216269468207915,0.0,-0.011303293560197962,permissive_high_CD8,-0.4629684002229516,Epithelial cells
-0.11366732771616864,0.0,-0.01412786356350671,permissive_high_CD8,-0.43089283119706706,Epithelial cells
-0.19880209007416386,-0.013239653004325835,-0.01412786356350671,intermediate,-0.5759977054930568,Epithelial cells
0.7146787394481491,0.0,-0.01412786356350671,hypoxic_low_neighbor_CD8,2.9071653227688232,Epithelial cells
0.344728874872966,-0.015859235153507123,-0.014502481120800683,hypoxic_low_neighbor_CD8,1.653486398940989,Epithelial cells
0.19607692358484236,-0.009782502525731138,-0.012718441676192599,hypoxic_low_neighbor_CD8,0.9635864516582718,Epithelial cells
0.7185932220704105,-0.008930379079903667,-0.015236696637111153,hypoxic_low_neighbor_CD8,3.056474157372302,Epithelial cells
-0.16971480894280247,0.0,-0.006189665749327213,permissive_high_CD8,-0.6567522384352529,Fibroblasts
-0.0835767692351437,0.0,-0.0077267105601898905,permissive_high_CD8,-0.3096342919505135,NK cells
0.26168808975372926,-0.018765688907762288,-0.005121743180330304,hypoxic_CD8_low,1.3623093929712875,Pericytes
-0.09256926358464251,-0.010328066011189449,-0.009802377561808597,intermediate,-0.191438470727504,Epithelial cells
0.5855356631987545,0.0,-0.009843579381101043,intermediate,2.386746242156449,NK cells
0.7277777702454103,-0.051001985063437026,-0.010114566066808866,hypoxic_CD8_low,3.7225748585080813,NK cells
-0.3390263936605798,-0.015304614657815168,-0.011351198255613587,intermediate,-1.1101947821887728,NK cells
0.002831452342879792,0.0,-0.009778298894081681,intermediate,0.038572429903815285,NK cells
-0.24668196406230392,-0.01288255602724639,-0.004019631837543688,intermediate,-0.774283000775013,Fibroblasts
-0.028277802898223153,-0.012058376783301473,-0.008656065023218893,intermediate,0.09351543355029864,Fibroblasts
-0.17552370431432762,-0.016587855844845175,-0.010347158352212225,intermediate,-0.43212571413886003,Fibroblasts
-0.004350521478308278,0.0,-0.006967878792128261,intermediate,0.009630605676344502,Pericytes
-0.1640584708217636,0.0,-0.003484901371594222,permissive_high_CD8,-0.633958401010325,Monocytes
0.3429027115963549,0.0,-0.006967878792128261,intermediate,1.4089871452975533,Schwann cells
-0.21119150674965487,-0.016587855844845175,-0.012136123634060384,intermediate,-0.5758593581710838,Schwann cells
-0.204887175655748,-0.031563644949723836,-0.012267807974667363,intermediate,-0.3265240474667646,Macrophages
-0.23972332812696096,-0.03111686011557637,-0.012136123634060384,intermediate,-0.4735870101858999,Fibroblasts
-0.332859146547126,0.0,-0.015508371422647948,permissive_high_CD8,-1.3141891576177853,Schwann cells
-0.1361686982304217,-0.018302834468331898,-0.016614228478970962,intermediate,-0.2478896674459535,Schwann cells
-0.21207348314155058,-0.016881265138324938,-0.013879101414751268,intermediate,-0.5750262403061404,Schwann cells
-0.1624405642589891,-0.01819509822830015,-0.016614228478970962,intermediate,-0.3553706497976377,Schwann cells
-0.11619187167370655,0.0,-0.010007905252227577,permissive_high_CD8,-0.44106620543828634,Schwann cells
-0.07265149158646304,-0.020292814926579895,-0.009864545351097941,intermediate,0.037826950715379476,Schwann cells
-0.23793437299000691,0.0,-0.013879101414751268,permissive_high_CD8,-0.9316625459198135,Schwann cells
0.1728374177672298,0.0,-0.013180043855015889,hypoxic_low_neighbor_CD8,0.7236602471856503,Schwann cells
-0.2635491612445877,0.0,-0.008637130791359103,permissive_high_CD8,-1.0348846848116153,NK cells
-0.31562302677506904,-0.013229806413534682,-0.008637130791359103,intermediate,-1.0469084234659691,NK cells
0.34262825446914,0.0,-0.008637130791359103,intermediate,1.4078811415537922,NK cells
-0.2593583562766692,0.0,-0.00626392467462743,permissive_high_CD8,-1.017996633730827,Endothelial cells
0.15397756908792087,0.0,-0.00791148039010855,intermediate,0.6476590754989842,Macrophages
-0.29202403289725987,-0.020889450181351018,-0.007791403720253393,intermediate,-0.8372762723764497,Epithelial cells
0.09062983472663233,0.0,-0.006972735645639108,intermediate,0.39238120360197454,Epithelial cells
-0.19380123117362635,0.0,-0.007871208371099352,permissive_high_CD8,-0.7538153879021263,NK cells
-0.4159703695151701,0.0,-0.01208052911899994,permissive_high_CD8,-1.64910967756941,Schwann cells
-0.036552563249825476,-0.013123160914370888,-0.017672893972049356,intermediate,0.07609143226792349,Schwann cells
0.08959195077658655,0.0,-0.008557326140513143,intermediate,0.3881987524264885,NK cells
-0.09268147782628317,-0.027619684273414765,-0.008560276031494141,intermediate,0.06666769375264381,Epithelial cells
-0.14021793043757058,0.0,-0.008561807122790381,permissive_high_CD8,-0.537886102995029,Fibroblasts
0.30603283284658406,-0.01393030722614242,-0.009439676300234156,intermediate,1.4687066926947496,NK cells
-0.23378168435460592,-0.014200126593894804,-0.009486013288922639,intermediate,-0.702596233676814,NK cells
-0.3240785407254016,-0.012280021119214262,-0.009439676300234156,intermediate,-1.0951843065823241,NK cells
0.22948204465659267,0.0,-0.011681188809887761,intermediate,0.9519260242100798,NK cells
0.18632134184779892,-0.012733237463453038,-0.008557326140513143,intermediate,0.9683953286828417,NK cells
-0.2695875665748933,-0.013656303467538192,-0.008557326140513143,intermediate,-0.8550179962666964,NK cells
-0.2695486229586314,0.0,-0.009486013288922639,permissive_high_CD8,-1.0590612372065906,DCs
0.008764331599316,0.0,-0.013578675922594574,intermediate,0.06248066918143768,Fibroblasts
-0.1917676963959353,-0.016448999706067537,-0.011074556255469277,intermediate,-0.4996618312154597,Fibroblasts
-0.13643903617399283,-0.016018838534953624,-0.008357684074947549,intermediate,-0.28313123975453947,Fibroblasts
-0.1416989981410015,0.0,-0.010033104519451518,permissive_high_CD8,-0.5438544902669546,Schwann cells
0.15634112472993783,-0.032927632814476845,-0.010552893894725805,hypoxic_CD8_low,1.1495444935457766,Fibroblasts
-0.2958506695237983,-0.013836754478423701,-0.007634381823211546,intermediate,-0.9581544547088638,Endothelial cells
-0.14064850098636733,-0.0165178129064892,-0.009854367290913818,intermediate,-0.2926334147084636,Endothelial cells
-0.05802659337300373,0.0,-0.006283226733909123,intermediate,-0.20667252723320678,Schwann cells
-0.04772042270645083,-0.01314232706540992,-0.017236981797314848,intermediate,0.03137392611240124,NK cells
0.06444077917849683,-0.02943288169891728,-0.016151429059212668,intermediate,0.7269493163928398,Schwann cells
0.3239675846444555,0.0,-0.0167816579744079,hypoxic_low_neighbor_CD8,1.332682618211981,Schwann cells
-0.27146537811401855,0.0,-0.017088692326616504,permissive_high_CD8,-1.0667853520774433,Schwann cells
-0.11721972576585639,-0.016881265138324938,-0.011716157704712408,intermediate,-0.1927858086878066,Endothelial cells
0.46541759335851096,-0.015313095409377867,-0.01219517286972478,intermediate,2.1316698927439512,NK cells
-0.23374195941480766,-0.03211956564714069,-0.01587568577806316,intermediate,-0.4344900987081852,Schwann cells
-0.29539422337788657,0.0,-0.017826820545994482,permissive_high_CD8,-1.163213499942601,Schwann cells
-0.2653708094095131,-0.04515161012348376,-0.014532476044215975,intermediate,-0.367081878601871,Pericytes
0.2659698595483619,-0.0371716186585214,-0.020163386006426073,hypoxic_low_neighbor_CD8,1.6547844701067818,Epithelial cells
-0.3919557931432762,-0.012388217787028324,-0.015215234138704986,intermediate,-1.3670973264110455,Macrophages
0.03238352067978029,0.0,-0.01089222222043757,intermediate,0.15766096860629886,Schwann cells
0.2736586193483039,0.0,-0.017268083227469044,hypoxic_low_neighbor_CD8,1.1299482074610538,Schwann cells
0.24183909624934674,-0.040643232554076654,-0.016923089162540823,hypoxic_low_neighbor_CD8,1.6094530349184883,Schwann cells
-0.024792565638760478,0.0,-0.013521759712744337,intermediate,-0.0727464766790091,Schwann cells
-0.1404346634585216,0.0,-0.01289614698021357,permissive_high_CD8,-0.5387594908898926,DCs
-0.20022232178224617,-0.01731004792186413,-0.012896146980213572,intermediate,-0.520857075655122,Endothelial cells
0.2144907684211272,-0.015859235153507123,-0.017988052123632185,hypoxic_low_neighbor_CD8,1.1286545799321845,Epithelial cells
-0.2130349860133895,-0.013590793377957364,-0.014541006731761773,intermediate,-0.6281027065624548,Fibroblasts
0.29648836262254824,-0.010560713316264906,-0.01855147460855132,hypoxic_low_neighbor_CD8,1.3798595979510757,Epithelial cells
-0.04958361004251072,0.0,0.004002421719860971,intermediate,-0.1726491033680704,Epithelial cells
-0.2353449727157991,-0.0209077282955772,0.003343120152525932,intermediate,-0.6085984272662809,Epithelial cells
-0.1667016883451776,0.0,-0.013914013423739494,permissive_high_CD8,-0.6446100044361034,Monocytes
0.21551290573365234,-0.015286516081466367,-0.01584106842998551,hypoxic_low_neighbor_CD8,1.1242098133467462,Epithelial cells
-0.38315738540097893,-0.01110561946143023,-0.01587316761454429,intermediate,-1.3508200730110236,Epithelial cells
0.29512768959903335,-0.024054204886741485,-0.015243421328051694,hypoxic_low_neighbor_CD8,1.5761420548723892,Epithelial cells
-0.32921362784971675,-0.02897082263158883,-0.014182416372775388,intermediate,-0.8663031511267385,Epithelial cells
-0.062384188653953565,-0.013848323088425856,-0.015513812578641453,intermediate,-0.01716129850922138,Schwann cells
-0.20017982390989741,-0.0165178129064892,-0.011760343520747505,intermediate,-0.532531961678744,Schwann cells
-0.33349355061848956,0.0,-0.013358036226589187,permissive_high_CD8,-1.3167456708521317,Schwann cells
0.05603531613407364,0.0,-0.0141610417127931,intermediate,0.25297266477021135,Schwann cells
-0.052370373024997946,0.0,-0.00994178956015068,intermediate,-0.1838791644085081,Fibroblasts
-0.07401307040907773,0.0,-0.011411784695871124,permissive_high_CD8,-0.2710946234304349,Epithelial cells
0.5539605971799796,-0.00988952351002558,-0.013777219589583466,hypoxic_low_neighbor_CD8,2.407381666484637,Epithelial cells
0.1888502218637122,-0.0234984984764686,-0.012383371036544985,hypoxic_low_neighbor_CD8,1.1395571295809708,Epithelial cells
0.45772999836259104,-0.00944619429738898,-0.010038745998531861,intermediate,2.012963837648109,Epithelial cells
-0.16515062324493285,0.0,-0.010288558797797694,permissive_high_CD8,-0.6383595425694488,Fibroblasts
-0.16200585729147057,0.0,-0.010956326058679907,permissive_high_CD8,-0.6256868058361111,Schwann cells
-0.19018295778328156,0.0,-0.012081743734568237,permissive_high_CD8,-0.7392345170889588,Schwann cells
-0.25967296922063254,-0.014864716935254301,-0.01330112117504784,intermediate,-0.7969950987648227,Schwann cells
-0.31182463006322164,-0.028781964228703424,-0.01628447222484429,intermediate,-0.7990531598474728,Schwann cells
-0.3363013822869603,-0.05700522588814801,-0.015121355520086251,intermediate,-0.47567205382530653,Schwann cells
-0.2716780206764558,-0.028926347431383635,-0.01647420984852491,intermediate,-0.6351119428284502,Schwann cells
-0.28592292755004395,-0.013859927412952005,-0.012800173624324413,intermediate,-0.9178012692743585,Schwann cells
-0.25992596484571096,-0.014658696255703204,-0.009979986340089043,intermediate,-0.8010952062761925,Schwann cells
-0.12689219708423538,0.0,-0.009979986340089043,permissive_high_CD8,-0.4841862369113383,Schwann cells
0.020342787585584055,-0.013745454641488882,-0.014613806960071146,intermediate,0.3146726161715704,Monocytes
-0.0755625967998581,-0.025015556860549248,-0.00823774151152123,intermediate,0.09671410205446226,Schwann cells
-0.37815786461274786,-0.028150210979013792,-0.00750977764567222,intermediate,-1.0758084506659098,Schwann cells
-0.0913634395982367,0.0,-0.00750977764567222,permissive_high_CD8,-0.3410129143984318,Epithelial cells
-0.025171886964974154,0.0,-0.007509777645672221,intermediate,-0.07427506080119284,Epithelial cells
0.20469255954864993,0.0,-0.010413303195062758,intermediate,0.8520296811508816,Schwann cells
-0.1664248087319983,-0.015978319924852626,-0.012267807974667363,intermediate,-0.4045733813274607,Schwann cells
0.03963195320114071,0.0,-0.0065934140029062956,intermediate,0.186870607235028,Schwann cells
-0.20508229205886044,-0.015098426023475555,-0.007946268331344954,intermediate,-0.5735116928120768,Schwann cells
0.18057205351480995,0.0,-0.0065934140029062956,intermediate,0.7548291812201308,Schwann cells
0.06691811601799655,-0.027074114996412022,-0.01715915766161302,hypoxic_low_neighbor_CD8,0.7016622545529037,Fibroblasts
-0.3197548494760291,-0.04516920097443739,-0.0184747946246272,intermediate,-0.5859749396612628,Endothelial cells
-0.15814797370788086,-0.03752333529082387,-0.01419247075131065,intermediate,-0.049060876977804924,Endothelial cells
-0.23401704657987418,0.0,-0.02072268600566828,permissive_high_CD8,-0.9158765551564921,Schwann cells
-0.3520983960255083,-0.010912745587738902,-0.02034877475939299,intermediate,-1.2285429709009048,Fibroblasts
-0.2066825652218248,-0.015433821118312326,-0.022055553714273427,intermediate,-0.5749453519779,Endothelial cells
-0.2770118560178213,-0.025891649578264366,-0.022153715759153793,intermediate,-0.7019834374752236,Endothelial cells
-0.005966605431583505,-0.013151946820710836,-0.01901204338279652,intermediate,0.19977675561197034,Fibroblasts
-0.11161156926289141,-0.037398118239182696,-0.02006029580768786,intermediate,0.1365985699949696,Pericytes
-0.24236869046008253,0.0,-0.021593840016044582,permissive_high_CD8,-0.9495319004987892,Fibroblasts
0.3521613433179127,-0.04859455587410251,-0.017650463191764717,hypoxic_low_neighbor_CD8,2.1729228484372647,Epithelial cells
-0.07117218353662147,-0.015619205559796167,-0.01901204338279652,intermediate,-0.026095367944552306,Epithelial cells
-0.07321173886218703,0.0,-0.0162794445851232,permissive_high_CD8,-0.2678654280371549,Macrophages
0.016021213378293486,-0.021311408595034952,-0.017921330056853303,intermediate,0.4103899005143298,Epithelial cells
-0.3737156573069622,-0.0395646114581027,-0.015822171778814027,intermediate,-0.887229886305432,Epithelial cells
0.04425315445206729,-0.025601684323206603,-0.013410516306456285,intermediate,0.5883103056589053,Epithelial cells
0.2069910338604785,0.0,-0.01578539437771487,hypoxic_low_neighbor_CD8,0.8612920428888273,Schwann cells
0.31004968560843105,-0.01436903312621329,-0.019122118698923215,hypoxic_low_neighbor_CD8,1.4914539405428664,Epithelial cells
0.260025390180718,-0.01937213310828576,-0.017516713843815403,hypoxic_low_neighbor_CD8,1.3646771157297253,Epithelial cells
0.09623654611618165,-0.03148737417058906,-0.01241317509639601,hypoxic_low_neighbor_CD8,0.8857999276472104,NK cells
-0.1404963676709248,-0.011327078467921206,-0.01944242353864044,intermediate,-0.36963644014716235,Schwann cells
0.4264702720335689,0.0,-0.019102009169646765,hypoxic_low_neighbor_CD8,1.745746608017552,Epithelial cells
0.2647919396320021,0.0,-0.019643530671895757,hypoxic_low_neighbor_CD8,1.0942173774386135,NK cells
0.012028636941948112,-0.013645306289919957,-0.017166760479390378,intermediate,0.2796708608391001,NK cells
0.01595970904491989,-0.022378357798464386,-0.01936179713199013,intermediate,0.42609594490278413,NK cells
-0.2038508495652532,-0.016437648278981566,-0.018685595130148204,intermediate,-0.5485240997015809,Fibroblasts
-0.1235910438629518,-0.01748370545113135,-0.020163761942010177,intermediate,-0.2094526847015042,Macrophages
0.18680595394119198,-0.03986625439724942,-0.02120061107331764,hypoxic_low_neighbor_CD8,1.376063186980197,Epithelial cells
0.10775017211714905,-0.03715155288758065,-0.01982298675979841,hypoxic_low_neighbor_CD8,1.0168928020657177,Epithelial cells
-0.2261448289495874,-0.017727826770983245,-0.012846177534857582,intermediate,-0.6190722864773835,Pericytes
-0.06975060581682198,-0.018765688907762288,-0.01891139663665401,intermediate,0.026682069868865343,Pericytes
0.36650492101309295,0.0,-0.008938184344334158,intermediate,1.5040990202954754,Fibroblasts
0.31395336518804706,-0.01241972378873632,-0.016718196675845003,hypoxic_low_neighbor_CD8,1.4780372761451859,Epithelial cells
-0.15455231393676208,-0.0231262604717301,-0.021879182331636046,intermediate,-0.24984792641203996,Epithelial cells
0.09762008673694716,-0.030626190818755734,-0.021569146929803964,hypoxic_low_neighbor_CD8,0.8784981864622574,Epithelial cells
-0.14672323020107775,0.0,-0.018911396636654008,permissive_high_CD8,-0.5641010749498122,Pericytes
-0.12050284726552696,0.0,-0.017953461094906455,permissive_high_CD8,-0.45843851852849804,Pericytes
-0.07650251273649285,-0.021635335466639715,-0.017953461094906455,intermediate,0.04238261690654649,Pericytes
-0.13423178186378326,0.0,-0.012484136702399827,permissive_high_CD8,-0.51376319971864,DCs
0.36485878722255966,-0.028420919348836428,-0.016056491167117385,hypoxic_low_neighbor_CD8,1.92243819286185,Epithelial cells
-0.2066909452997537,0.0,-0.016652385876407185,permissive_high_CD8,-0.8057581894033177,Fibroblasts
0.9496590104926543,-0.020737603608413264,-0.012229970656586724,hypoxic_low_neighbor_CD8,4.164171291895245,NK cells
0.31878728272924467,-0.01341113098237196,-0.011518173629616598,intermediate,1.5123412619391556,NK cells
-0.1008860643608982,0.0,-0.009458773596244948,permissive_high_CD8,-0.37938706319469107,Epithelial cells
0.5676679965482658,0.0,-0.010201478358383283,intermediate,2.314743352640494,Epithelial cells
0.35450565958597574,0.0,-0.011034979543544342,intermediate,1.4557445534414528,Epithelial cells
0.6107706257617138,-0.011835887847159074,-0.010622989536136107,intermediate,2.665417602384283,NK cells
0.2608176656516202,0.0,-0.009245351515961724,intermediate,1.078201900101076,Schwann cells
0.22392087480629302,-0.0165178129064892,-0.015328431547733778,hypoxic_low_neighbor_CD8,1.176503490494636,Endothelial cells
0.19031120591374287,-0.034138374483054464,-0.011903772405606371,hypoxic_CD8_low,1.3045406785055467,T cells
0.2817886411904331,0.0,-0.009594073662391076,intermediate,1.16271046321117,Fibroblasts
-0.1120921368579788,0.0,-0.01153411762273585,permissive_high_CD8,-0.4245451476663984,Fibroblasts
0.6833584509700179,0.0,-0.010201478358383281,intermediate,2.780951233654001,Epithelial cells
0.13942788786677474,-0.021225991036727843,-0.011204117737640094,hypoxic_CD8_low,0.9064152713697295,Epithelial cells
0.003509053504131887,-0.027696646176851712,-0.011864457149737278,intermediate,0.45544583666250515,DCs
0.6415276019927489,-0.03297551730383746,-0.010379429996094081,hypoxic_CD8_low,3.105458625537777,Epithelial cells
0.6713468147568913,0.0,-0.01043257488091143,intermediate,2.7325468990490713,Schwann cells
0.8377219586966027,-0.025963279399794606,-0.009508561508858253,hypoxic_CD8_low,3.7912273855803815,Epithelial cells
0.055308628752528455,0.0,-0.008760625566387304,intermediate,0.25004426945875047,Epithelial cells
0.8790123759503344,0.0,-0.0111250226153375,intermediate,3.569394863104373,Epithelial cells
0.735855405110432,-0.015066433532035302,-0.0174044662480734,hypoxic_low_neighbor_CD8,3.2177883622412877,Epithelial cells
0.3330746644950775,-0.010024173057031053,-0.014335626790076293,hypoxic_low_neighbor_CD8,1.5192718119269981,Epithelial cells
0.4668423181556794,-0.013359878709924366,-0.015314790787484484,hypoxic_low_neighbor_CD8,2.1082051427072726,Epithelial cells
1.0329864475143005,-0.03484217068444379,-0.01013785212950507,hypoxic_CD8_low,4.710866086509961,Schwann cells
0.4425278581289881,0.0,-0.013975281464426139,hypoxic_low_neighbor_CD8,1.8104552585726472,Endothelial cells
0.3169935529969304,-0.014687459961122829,-0.014037038054060837,hypoxic_low_neighbor_CD8,1.5241976240423039,Schwann cells
-0.3199353198928527,-0.01387156745200215,-0.011340320190759163,intermediate,-1.0546899120068092,Macrophages
-0.22815699749682322,-0.015576563383403578,-0.013237410904424873,intermediate,-0.6593483398210463,Fibroblasts
0.3703906459501949,0.0,-0.013204593761408059,hypoxic_low_neighbor_CD8,1.519757663855847,NK cells
0.5805321467449388,-0.010830284612864135,-0.01256389727315761,hypoxic_low_neighbor_CD8,2.5285263760589807,NK cells
0.5576586570126943,-0.012302939225787577,-0.017135582343447708,hypoxic_low_neighbor_CD8,2.4583714176837805,NK cells
-0.24318656768186026,0.0,-0.015204491531639767,permissive_high_CD8,-0.9528277714364568,NK cells
-0.09883609952696837,-0.012945824789132183,-0.01520449153163977,intermediate,-0.1775496223225918,Pericytes
0.7203372204638868,0.0,-0.012647366427216937,hypoxic_low_neighbor_CD8,2.9299677956027983,NK cells
0.31021497527279523,-0.027312606935076384,-0.013206337981539378,hypoxic_low_neighbor_CD8,1.6856628835607657,NK cells
0.9692160872570482,-0.03804580981914814,-0.012306697165917773,hypoxic_low_neighbor_CD8,4.5017885446904335,NK cells
1.0442689259847004,-0.04039065944038422,-0.012736517536817132,hypoxic_low_neighbor_CD8,4.839297595079407,NK cells
0.24052683177243278,0.0,-0.010468662122965823,intermediate,0.9964341629606608,NK cells
0.5052443546463687,-0.013494612234324096,-0.011500443395493646,intermediate,2.2649718128220115,NK cells
-0.19440637917882467,0.37515391747907534,0.01522817234886445,permissive_high_CD8,-6.365861022373495,T cells
0.3459287738225546,-0.014587716052406713,0.013477467875695868,intermediate,1.639308946521005,NK cells
0.43727597845606053,-0.028184616613967216,-0.012352989237961659,hypoxic_low_neighbor_CD8,2.2107306525029506,NK cells
0.255714986697737,0.4964759084913466,0.019163180012487728,intermediate,-6.366073078027321,T cells
-0.1530779796431821,0.0,0.018906291297286826,permissive_high_CD8,-0.5897093611872825,Pericytes
-0.12235133619193571,0.0,0.023438101841567215,permissive_high_CD8,-0.46588753504213637,Fibroblasts
-0.0579185294338977,0.0,0.020759048510534436,intermediate,-0.2062370525839247,Macrophages
0.005868694150304221,-0.013349711653674661,-0.016521103340282776,intermediate,0.2504276320693393,NK cells
-0.3137812097388578,-0.04346691548582996,-0.011476290402946522,intermediate,-0.587356403831072,NK cells
0.30742551954874553,-0.021630069022236565,-0.016521103340282776,hypoxic_low_neighbor_CD8,1.5894520348348409,NK cells
-0.27879835994368096,-0.027010357814279164,-0.017243122314473718,intermediate,-0.692454830672745,NK cells
0.22267971364369832,0.0,-0.017046129751784597,hypoxic_low_neighbor_CD8,0.9245140796090767,NK cells
-0.28944210067810305,0.0,-0.017243122314473718,permissive_high_CD8,-1.139227713688513,Endothelial cells
1.1088976304693874,0.0,-0.013167982191531123,hypoxic_low_neighbor_CD8,4.495783456884739,NK cells
0.2462740217346743,-0.018055863708619647,-0.008592750443781598,hypoxic_CD8_low,1.2895800984673054,NK cells
0.48484393439618456,0.0,-0.011021597536630155,intermediate,1.980980029591494,NK cells
0.11535620880892958,-0.014277156065350119,-0.007932770171789666,intermediate,0.7055068919498454,NK cells
-0.12852116473707328,0.0,-0.010468662122965823,permissive_high_CD8,-0.4907506294661515,NK cells
0.9999008102110591,-0.010975878248330552,-0.00967960293315522,intermediate,4.220669769089631,NK cells
0.658771982154693,0.0,-0.009099279820677724,intermediate,2.681873002997124,NK cells
0.5600113399536255,-0.012483554330431981,-0.007932770171789665,intermediate,2.470552932840842,NK cells
0.4353040739235629,0.0,-0.007052389780680338,intermediate,1.7813449474052905,NK cells
0.7973351354101096,0.0,-0.01179003387327619,intermediate,3.2402529867964756,NK cells
0.5861110591505425,0.0,-0.012757616776686447,hypoxic_low_neighbor_CD8,2.389064965241838,NK cells
0.4479817372249313,0.0,-0.012525730673600789,hypoxic_low_neighbor_CD8,1.832433229264631,NK cells
0.4257823439487013,-0.0435540782295258,-0.012666830327990243,hypoxic_low_neighbor_CD8,2.3942304661782234,NK cells
0.3527727696790274,-0.014587716052406713,-0.007119512107529942,intermediate,1.66688879156405,NK cells
0.684751952029615,-0.010975878248330552,-0.009114127860539034,intermediate,2.9506870197698,NK cells
-0.16555344914815512,0.0,-0.008836437140399145,permissive_high_CD8,-0.6399828451288283,NK cells
-0.2108050120403489,0.0,-0.010543410819873476,permissive_high_CD8,-0.8223370017787007,NK cells
-0.03894587597215032,0.0,0.0670803237665645,intermediate,-0.12978130165948412,Fibroblasts
-0.0739802395004824,0.0,0.06630875986722441,permissive_high_CD8,-0.2709623218641174,Fibroblasts
-0.11351564706089985,0.0,0.06837341083653022,permissive_high_CD8,-0.430281590475116,Fibroblasts
-0.20470496784731088,-0.03437959616966093,-0.016160327445479378,intermediate,-0.283683391989217,Epithelial cells
0.32567761988046184,-0.047163032809732414,-0.018784854672698355,hypoxic_low_neighbor_CD8,2.0447937867645507,Epithelial cells
-0.42107676310711595,0.0,-0.0182545524859718,permissive_high_CD8,-1.6696873557194443,Epithelial cells
0.7979126895766661,0.0,-0.01616032744547938,hypoxic_low_neighbor_CD8,3.242580407027528,Epithelial cells
0.41879592746137134,-0.019423521482027493,-0.016885199784910786,hypoxic_low_neighbor_CD8,2.0052569523698,Epithelial cells
0.17579277452216094,-0.014760326277389218,-0.01640713436883471,hypoxic_low_neighbor_CD8,0.9562781291369365,Schwann cells
0.35922848938938123,-0.022928815138967412,-0.01775267494191364,hypoxic_low_neighbor_CD8,1.8176268756134755,Epithelial cells
0.6083701729295723,0.0,-0.016458991278520962,hypoxic_low_neighbor_CD8,2.47876445099482,Epithelial cells
0.003843521018583651,-0.012564925529696198,-0.018390891297786986,intermediate,0.23053185435336854,Epithelial cells
-0.14336279884399655,-0.025623082149366618,-0.014560531636803094,intermediate,-0.16742205283452016,Epithelial cells
-0.05843449213418617,-0.01330931659652154,-0.016071539658766523,intermediate,-0.009304527303802573,Epithelial cells
0.5733699808159028,-0.012160145802053846,0.04113551704828877,intermediate,2.519549541372459,NK cells
-0.21232146910395489,-0.014895071384877811,0.06497477479809709,intermediate,-0.6057247580755266,NK cells
0.8522299992511551,-0.05700922977586507,0.04264113069706761,hypoxic_CD8_low,4.313916041334142,T cells
-0.16273054253145394,0.7655847584187743,0.042641130697067604,permissive_high_CD8,-12.076254172736345,NK cells
-0.3914657960455102,0.0,-0.01456099161413195,permissive_high_CD8,-1.5503614677060216,Epithelial cells
0.269692115036838,0.0,-0.014748553676322083,hypoxic_low_neighbor_CD8,1.1139640402337552,Epithelial cells
0.05666931135108674,0.0,-0.015082468581103117,intermediate,0.2555275304086404,Epithelial cells
0.2638782123963996,-0.03479027458530688,-0.016564674737804173,hypoxic_low_neighbor_CD8,1.6107477810593185,Epithelial cells
-0.11677259494023154,0.0,-0.01784453038101093,permissive_high_CD8,-0.4434063964669677,Epithelial cells
-0.0277065026712226,0.0,-0.020564853292406003,intermediate,-0.08448902204371578,Epithelial cells
0.13753543800139525,-0.031226169725178707,-0.01834592407370707,hypoxic_low_neighbor_CD8,1.0483199206649292,Schwann cells
0.12821178455429388,-0.0371176916578038,-0.01673427175091989,hypoxic_low_neighbor_CD8,1.0988424197118958,Epithelial cells
-0.24751324610537795,-0.019364824179213057,-0.012196970372064877,intermediate,-0.6807047356894775,Epithelial cells
-0.02902479056852414,-0.01314232706540992,-0.01218145212181184,intermediate,0.1067133401271156,Epithelial cells
0.42471591248569723,-0.012403936038615733,-0.010514684952544139,intermediate,1.924150670141451,Epithelial cells
-0.01976604514332661,-0.012116184118788252,-0.0101083684707621,intermediate,0.1286803860685213,Fibroblasts
0.34526263566381,0.0,0.04958870963260928,intermediate,1.4184971364574994,Endothelial cells
-0.10544675038042796,-0.01725382360852199,0.00020563823741707546,intermediate,-0.1397724285921026,NK cells
0.5574754787736149,-0.011410043307161524,-0.014413022222789194,hypoxic_low_neighbor_CD8,2.444281941181022,Epithelial cells
0.07565997379371919,0.0,-0.014111735785377496,hypoxic_low_neighbor_CD8,0.33205585368885226,NK cells
0.31517789450036476,-0.012001470032973811,-0.01162651682350478,intermediate,1.4767177974489072,NK cells
0.05731779695993444,-0.025394874063097997,0.004487306121801005,intermediate,0.6378656357661371,Epithelial cells
0.1885041381460596,-0.03730673539011102,-0.013077595166349217,hypoxic_low_neighbor_CD8,1.3446344940232922,Epithelial cells
0.45310970386826854,-0.011883410364992705,-0.012328965268154378,hypoxic_low_neighbor_CD8,2.030788275562385,Epithelial cells
0.3894818011057904,0.0,-0.012277497164150962,hypoxic_low_neighbor_CD8,1.5966909513571952,Epithelial cells
0.3199830974440977,0.0,-0.012894195229740116,hypoxic_low_neighbor_CD8,1.316625983774084,Epithelial cells
0.6632291552532149,-0.010617787056123679,-0.010760550106424389,intermediate,2.8586002634019985,Epithelial cells
-0.11576726829191768,0.0,-0.009875304110137074,permissive_high_CD8,-0.43935514428043737,Epithelial cells
0.46876142877172755,-0.018339406140902747,-0.009067558502217857,hypoxic_CD8_low,2.190396700616818,Epithelial cells
-0.3106761151049511,-0.012954951297899007,-0.013001800645218208,intermediate,-1.0310832810969357,Epithelial cells
0.2518563155668328,-0.013661814122064877,-0.010300438928539775,intermediate,1.2463721438769209,NK cells
0.40144452129501895,-0.029336226613898026,-0.011382895635689802,hypoxic_CD8_low,2.083557325746903,NK cells
-0.10475616689666684,0.0,-0.010155776122964507,permissive_high_CD8,-0.3949827518063736,NK cells
0.2935033988761136,0.0,-0.007328612408657307,intermediate,1.2099184406067616,Epithelial cells
-0.2729319683519233,-0.014149624326451105,-0.010155776122964507,intermediate,-0.8611186874349424,Epithelial cells
0.3924850852613947,0.0,-0.017844406892413556,hypoxic_low_neighbor_CD8,1.6087935465908645,NK cells
0.26803781421309014,0.0,0.022888384789143533,intermediate,1.1072975603979445,Macrophages
-0.20451266124066578,-0.015540381674824456,0.045906951735269576,intermediate,-0.5646077210206673,NK cells
-0.023687904857727426,0.0,0.04631317291397046,intermediate,-0.06829492910286514,NK cells
-0.24329405328834872,0.4245910910513291,0.045906951735269576,permissive_high_CD8,-7.3020928288427545,NK cells
-0.2890212583733371,0.0,0.047978489494409526,permissive_high_CD8,-1.1375318088696889,Fibroblasts
0.2672330121917418,-0.017665366894803067,-0.014892822463824519,hypoxic_low_neighbor_CD8,1.3682013377485942,Monocytes
-0.16293451393464484,0.0,-0.013525926600261898,permissive_high_CD8,-0.6294290942381003,Schwann cells
0.3529733510381247,0.0,-0.017227285915379906,hypoxic_low_neighbor_CD8,1.4495696764844634,Schwann cells
-0.32092462869054345,-0.02642037897457478,0.04342170851326076,intermediate,-0.8710365621019021,NK cells
-0.3846250174035988,-0.028476894625768006,-0.019496136509616045,intermediate,-1.0969848584092017,Endothelial cells
-0.09369315488271446,0.0,0.04441471327225261,permissive_high_CD8,-0.3504011705996015,Epithelial cells
0.11080989253568843,0.0,0.04491394697627772,intermediate,0.47370253678295315,NK cells
-0.04949089872789192,0.36142504049001706,0.04581712990047371,intermediate,-5.576597159638281,NK cells
0.08880227349369404,0.0,0.0959529308708627,intermediate,0.385016521233933,NK cells
0.03286741201178611,-0.020862125674722648,0.09328084753485237,intermediate,0.47155844730604557,NK cells
-0.26663995459376566,0.0,0.012502541594248621,permissive_high_CD8,-1.0473399234496958,DCs
-0.16576704155489144,0.0,-0.005907976997365192,permissive_high_CD8,-0.6408435770175812,Fibroblasts
0.029227526791124503,0.3571369533221356,0.0100262854334868,intermediate,-5.19525970453267,NK cells
0.5776694500781445,0.0,0.009562615351548955,intermediate,2.3550470793440095,NK cells
0.8693670278572175,0.0,-0.012932171673588101,hypoxic_low_neighbor_CD8,3.530526165435188,NK cells
0.28852160580186953,-0.023835477558707418,-0.013596588654717613,hypoxic_low_neighbor_CD8,1.5462503555273668,NK cells
0.4144777207968225,-0.012072743674521505,-0.01524574476697667,hypoxic_low_neighbor_CD8,1.8779406810445822,NK cells
0.8570469775831844,-0.031157715600511806,-0.01168489526962301,hypoxic_CD8_low,3.9467745361362034,Epithelial cells
0.2479682121889658,-0.01995208099303458,-0.012566882363858655,hypoxic_low_neighbor_CD8,1.3247611107244674,Epithelial cells
-0.2224510376711926,-0.014238447312884003,-0.012566882363858655,intermediate,-0.656363139166642,Schwann cells
-0.3311431149402297,-0.01484962996200994,-0.015062758282289495,intermediate,-1.0852301504992303,Pericytes
0.6625143342228778,-0.011862967178406503,-0.016386034421109964,hypoxic_low_neighbor_CD8,2.8743386346104316,Epithelial cells
0.33364359154758677,0.0,-0.014813089113325566,hypoxic_low_neighbor_CD8,1.3716748643530137,Epithelial cells
1.2441309331411339,-0.01059865951538086,-0.016956199035953416,hypoxic_low_neighbor_CD8,5.199224644267715,NK cells
0.7414870798348423,0.0,-0.017548410516036183,hypoxic_low_neighbor_CD8,3.0151972224414303,Fibroblasts
0.9689530177288745,-0.02676059166912125,-0.015391868972263516,hypoxic_low_neighbor_CD8,4.331982654550419,NK cells
-0.2472805498115509,-0.014941055282407445,-0.016969393654229992,intermediate,-0.7459148158536503,NK cells
0.36112484730869887,-0.013151946820710836,-0.012529627031642898,hypoxic_low_neighbor_CD8,1.679077093531977,NK cells
0.06316471626480902,-0.03934084162538351,-0.009867751163992322,intermediate,0.869958943708012,NK cells
1.238732563922683,0.0,-0.013217764634352463,hypoxic_low_neighbor_CD8,5.018990574613976,NK cells
1.0675529246349411,-0.012001470032973811,-0.006690881448557825,intermediate,4.50862885942641,NK cells
0.3546560715480023,0.0,-0.015159584668322935,hypoxic_low_neighbor_CD8,1.4563506815999598,NK cells
0.35203634399965583,-0.04515161012348376,-0.01209408004596005,hypoxic_CD8_low,2.1209373979422645,NK cells
0.48767561701885664,-0.012197187554981061,-0.018065401223989634,hypoxic_low_neighbor_CD8,2.1747733927410895,NK cells
0.528016654363119,0.0,0.008757804576595214,intermediate,2.1549568921941678,NK cells
0.031090874987912465,0.0,0.011221931634554889,intermediate,0.15245188189366488,NK cells
0.9132765124600575,0.0,-0.016024580529505103,hypoxic_low_neighbor_CD8,3.7074720325372215,NK cells
1.3009508086974362,0.0,-0.017128280557279805,hypoxic_low_neighbor_CD8,5.269716844138972,NK cells
1.6658800443013508,-0.02153935799231896,-0.018610252156431372,hypoxic_low_neighbor_CD8,7.062377936803463,NK cells
1.1446977370235336,0.0,-0.011758137135370541,intermediate,4.640050258325602,NK cells
1.1953471482518208,-0.026113687739198508,-0.011574335458629367,hypoxic_CD8_low,5.234629727883224,NK cells
0.8820950065750673,-0.013768073518266562,-0.010672601257097705,intermediate,3.7876886599768596,NK cells
0.44705122828962335,-0.015540381674824456,-0.015367167198706254,hypoxic_low_neighbor_CD8,2.061055924274179,NK cells
0.5332654365095268,-0.012491611333993765,-0.015546324507266727,hypoxic_low_neighbor_CD8,2.3628931156247774,NK cells
1.225938862107365,0.0,-0.016432542067307692,hypoxic_low_neighbor_CD8,4.9674346822678865,NK cells
1.1420984517139603,-0.02210196792355433,-0.015098900865768452,hypoxic_low_neighbor_CD8,4.960062323516217,NK cells
0.4723966590850707,-0.021400536602807912,-0.01548614379687187,hypoxic_low_neighbor_CD8,2.2508184208260644,NK cells
0.9270871327105297,-0.0444004738379104,-0.01679360348525157,hypoxic_low_neighbor_CD8,4.427037947972082,NK cells
-0.1207430152050463,-0.047397613525390625,-0.015102195160591652,intermediate,0.2493213887353699,Endothelial cells
0.1585645287869924,-0.015734211153347,-0.014244926635392122,hypoxic_low_neighbor_CD8,0.9014142897695938,Endothelial cells
-0.045304508812456235,-0.013623406529909203,-0.013481038205536753,intermediate,0.04830303643840565,Endothelial cells
1.061795326600592,-0.028669809040270354,-0.010714318716896046,hypoxic_CD8_low,4.734665550877294,MAST cells
-0.27848917030426396,0.0,-0.013402384141517875,permissive_high_CD8,-1.095089738036168,Monocytes
-0.09965931076601327,0.0,-0.013753804890250387,permissive_high_CD8,-0.37444350759318873,Monocytes
-0.2523194125378467,0.0,-0.013270344650536253,permissive_high_CD8,-0.9896311902596954,Endothelial cells
-0.2328786735075066,-0.028658774217613314,-0.01101994340718999,intermediate,-0.4827598134494744,Endothelial cells
-0.3645627431601406,-0.024636596803240447,-0.013127783532084722,intermediate,-1.073561429684587,Monocytes
-0.26820955697791166,0.0,-0.016841889650393755,permissive_high_CD8,-1.053665086620711,Endothelial cells
-0.16499204712220464,-0.011217472524295452,-0.012690610216374984,intermediate,-0.46998772637802644,Fibroblasts
-0.032192337465094756,0.0,-0.009578571435410967,intermediate,-0.10256598046073266,Fibroblasts
-0.11331019727101767,-0.04351935599014344,-0.012690610216374984,intermediate,0.2212831949557767,MAST cells
-0.20952989202905373,0.0,-0.008233602487767435,permissive_high_CD8,-0.8171985398245564,Macrophages
-0.19548310429216867,-0.01471644084945864,-0.0093043163881289,intermediate,-0.5405407649531659,Monocytes
-0.2259509534720915,0.0,-0.0071894967443386385,permissive_high_CD8,-0.8833719185844191,Fibroblasts
-0.18304737504706325,-0.015262486963619587,-0.0071894967443386385,intermediate,-0.48226249942153593,Fibroblasts
-0.11931084629043517,0.0,-0.0071894967443386385,permissive_high_CD8,-0.45363500857997896,Fibroblasts
0.24144055278425713,0.0,-0.009758386663418873,intermediate,1.000116263950663,MAST cells
0.05883864585654325,-0.013349711653674661,-0.009758386663418873,intermediate,0.46388525107330053,Monocytes
0.24442938053943064,-0.01802180749684693,-0.012559675816421405,hypoxic_low_neighbor_CD8,1.2816373512659547,MAST cells
-0.21614313700112953,-0.014212857373812903,-0.009798929211903517,intermediate,-0.6313262851158223,Fibroblasts
-0.3067169189453125,0.0,-0.010696093241373697,permissive_high_CD8,-1.2088415505387802,Fibroblasts
-0.05314992422080902,0.0,-0.014052047420609818,intermediate,-0.18702058962770315,Fibroblasts
-0.0900562010615705,-0.020174534214652984,-0.011396186715356412,intermediate,-0.03407894959621288,Macrophages
-0.18077038378121862,0.0,-0.005929649149679783,permissive_high_CD8,-0.701303849409262,Monocytes
-0.0861064420646453,0.0,-0.003126956576760481,permissive_high_CD8,-0.31982833445293135,Fibroblasts
0.1497583154693665,0.0,0.012703563999353917,intermediate,0.6306563824177219,Macrophages
0.2291872716811766,0.0,-0.010780025268534095,intermediate,0.9507381519267902,Macrophages
-0.0667429851240901,0.0,-0.004948353477817798,intermediate,-0.2417977287778689,Fibroblasts
-0.2714533671796561,0.0,-0.005782817282013888,permissive_high_CD8,-1.066736950571147,Macrophages
-0.013873001657815343,0.0,-0.010038859255400746,intermediate,-0.028742960480608926,Fibroblasts
-0.18352300191978854,0.0,-0.007924130024054113,permissive_high_CD8,-0.7123963140039965,Fibroblasts
-0.1591330685289988,0.0,-0.008858034710491557,permissive_high_CD8,-0.6141100792319535,Fibroblasts
-0.1401113487151732,-0.03916017632735403,-0.010664362913844715,intermediate,0.04809825939113088,Monocytes
-0.024235677527615344,0.0,-0.004070177541570625,intermediate,-0.07050233624792293,Epithelial cells
-0.140999178091685,-0.022423591690990122,-0.005038045968121363,intermediate,-0.20573855282262493,Epithelial cells
0.3348722515336003,0.0,-0.004070177541570625,intermediate,1.3766261023045672,Epithelial cells
0.1585079982098805,0.0,-0.004070177541570625,intermediate,0.6659157395564257,Epithelial cells
-0.023763855777112354,0.0,-0.004601450133741947,intermediate,-0.06860099512503143,Epithelial cells
-0.18074455414431162,0.0,-0.004601450133741947,permissive_high_CD8,-0.701199761476079,Epithelial cells
0.013296552451260102,0.0,-0.004070177541570625,intermediate,0.08074455352895057,Epithelial cells
-0.23195683429518857,-0.01481963072711157,-0.004070177541570625,intermediate,-0.6859791462424123,Epithelial cells
-0.15849678008910642,0.0,-0.005086561800175511,permissive_high_CD8,-0.6115459723939407,Epithelial cells
-0.011809100108931821,-0.02380944070545768,-0.005086561800175511,intermediate,0.3355922782941032,Epithelial cells
-0.011738835568408889,0.0,-0.005104408573042525,intermediate,-0.0201427258696712,Fibroblasts
-0.026693535617077685,0.0,-0.004374257112160707,intermediate,-0.08040698064963683,Fibroblasts
-0.10845155457416211,-0.01233372128444162,-0.008147091485871638,intermediate,-0.22545052767691795,NK cells
0.4954520334680396,-0.013269351078913761,-0.00834141729975197,intermediate,2.2221425566162507,Epithelial cells
-0.024072133872403676,0.0,-0.010058094325818513,intermediate,-0.06984329016386588,Epithelial cells
-0.12097485094185335,0.0,-0.010058094325818513,permissive_high_CD8,-0.4603405927736947,Epithelial cells
-0.1565506104005867,0.0,-0.010058094325818513,permissive_high_CD8,-0.6037033232219543,Epithelial cells
-0.26711028072249937,-0.012945824789132183,-0.010058094325818513,intermediate,-0.855658718155663,Epithelial cells
0.3945426079164069,-0.028926347431383635,-0.010058094325818513,hypoxic_CD8_low,2.0496152379593084,Epithelial cells
-0.19007775486712475,0.0,-0.008288763602252914,permissive_high_CD8,-0.7388105717525605,Endothelial cells
-0.2617268083564728,-0.03280757795943905,-0.010269840461844213,intermediate,-0.5369753565511034,Schwann cells
-0.19219432968691172,0.0,-0.008147091485871637,permissive_high_CD8,-0.747339917295125,Epithelial cells
0.1320199851530144,-0.014834600904209894,-0.007007867475913765,intermediate,0.7809937294336,Epithelial cells
-0.15994026766244665,0.0,-0.008880716908155024,permissive_high_CD8,-0.6173629197488449,Epithelial cells
-0.368823402138599,-0.01743291360646607,-0.00787092246185591,intermediate,-1.1984463176370541,Epithelial cells
0.21797729783268815,0.0,-0.010058094325818511,intermediate,0.905564345840175,Epithelial cells
-0.3715797638797377,0.0,-0.004601450133741947,permissive_high_CD8,-1.4702249952190736,Epithelial cells
-0.2825181340596762,-0.015245763879073294,-0.003247583893790097,intermediate,-0.8833585210711371,Epithelial cells
-0.11623716067118817,0.0,-0.00361347475193451,permissive_high_CD8,-0.44124871044835534,Epithelial cells
-0.06151262919108073,0.0,-0.0033199191254321063,intermediate,-0.2207205088061557,NK cells
-0.012808886876546714,0.0,-0.004409248272256169,intermediate,-0.024454804644329985,Epithelial cells
-0.024072133872403676,0.0,-0.003368434957486255,intermediate,-0.06984329016386588,Epithelial cells
-0.11137901061031234,0.0,-0.0043947202473999525,permissive_high_CD8,-0.4216714008349815,Epithelial cells
0.2551344254888205,0.0,-0.0043947202473999525,intermediate,1.0552996531799028,Epithelial cells
-0.16461256708964767,0.0,-0.0043947202473999525,permissive_high_CD8,-0.6361912909079305,NK cells
0.17579301964327032,-0.017424965676991082,-0.0043947202473999525,hypoxic_CD8_low,0.9961229761421937,NK cells
0.14975895364600494,-0.02059463354257437,0.004412751827734774,hypoxic_CD8_low,0.9386066935794576,Epithelial cells
0.0940894032099161,0.0,0.0043427433168929195,intermediate,0.4063225274551341,Epithelial cells
0.26868414208592184,-0.020871222260509907,0.0026927539300911425,hypoxic_CD8_low,1.4219856433084663,NK cells
0.2656657360643747,0.24104891411098767,0.0037924204689216913,intermediate,-2.5066211586100953,Epithelial cells
0.12656837294858148,-0.03365241757288635,-0.011327228468921986,hypoxic_CD8_low,1.0404042197827867,NK cells
0.41066272766235845,-0.04190726029245477,0.005960286026470019,hypoxic_CD8_low,2.3086770706201385,Epithelial cells
0.288016980910397,-0.014087424104512945,0.006742692790944494,intermediate,1.3984559876220213,Epithelial cells
-0.10143757249456811,0.0,0.006742692790944494,permissive_high_CD8,-0.38160952346287047,Epithelial cells
0.6972453201630987,-0.014238447312884003,0.006742692790944497,intermediate,3.0498172220814497,Epithelial cells
0.1415837701544704,0.0,0.005960286026470022,intermediate,0.5977147065590259,Schwann cells
0.707638129651786,0.0,0.004675708150985199,intermediate,2.8787931654407917,Epithelial cells
0.5490471665638996,0.0,0.006067122968352525,intermediate,2.239705375366442,DCs
0.05134152719773444,-0.016587855844845175,0.007440098537857483,intermediate,0.4820928304033161,Fibroblasts
0.42432309537527546,0.0,-0.012309965205739544,hypoxic_low_neighbor_CD8,1.7370939435861774,NK cells
-0.011095287330658081,-0.022370255427804554,-0.017246293699853976,intermediate,0.3169489209030504,Fibroblasts
-0.09674601645833517,-0.11315951945810665,-0.01920204214078051,intermediate,1.3293497752056205,T cells
0.08414625283704702,-0.01357998539079056,-0.01931806601654341,hypoxic_low_neighbor_CD8,0.5693127554064428,Fibroblasts
0.08144430295530572,-0.014518026398261066,-0.005427560407301353,intermediate,0.572450826468756,Epithelial cells
-0.1255971763028677,0.0,-0.009327234816454682,permissive_high_CD8,-0.4789675790940831,Fibroblasts
-0.40096858993591555,0.0,-0.0069224665200340275,permissive_high_CD8,-1.5886557023124768,Epithelial cells
-0.0219954295330737,0.0,-0.005973236699175094,intermediate,-0.06147461416229123,Epithelial cells
-0.3024757722295432,-0.012483554330431981,-0.009327234816454682,intermediate,-1.0050863580769362,Epithelial cells
-0.11361369574405106,-0.026085953963430303,-0.008221377760131671,intermediate,-0.04061826954780168,Epithelial cells
0.0765739023446079,0.0,-0.00345074992109085,intermediate,0.33573879101706333,Epithelial cells
-0.06681056194994824,0.0,-0.0069224665200340275,intermediate,-0.2420700489874005,Epithelial cells
-0.21870396079787288,0.0,-0.005034075092207564,permissive_high_CD8,-0.8541680822328815,Epithelial cells
-0.2328231076160109,0.0,-0.004201838136845433,permissive_high_CD8,-0.9110652355261536,Epithelial cells
-0.013873001657815343,0.0,-0.005034075092207564,intermediate,-0.028742960480608926,Fibroblasts
-0.013059817164777273,0.0,-0.004988355932608951,intermediate,-0.025466000239876732,Fibroblasts
-0.0216577275689826,-0.015513465472078516,-0.011875226977061325,intermediate,0.17185622756015298,Fibroblasts
-0.17988301472491527,-0.017855794806229442,-0.0043947202473999525,intermediate,-0.4307335498928732,NK cells
-0.15330203565727754,-0.01612201682951769,-0.009510168791139013,intermediate,-0.34954272873129255,NK cells
-0.12401364797569182,0.0,-0.0043947202473999525,permissive_high_CD8,-0.47258629733987534,Epithelial cells
-0.10913521027469252,0.0,-0.0043947202473999525,permissive_high_CD8,-0.4126293635717064,Epithelial cells
0.022474782294537643,-0.014518026398261066,-0.005216968333029394,intermediate,0.33481622291351354,NK cells
-0.23063636687864741,-0.01832107783329149,-0.004927044519689562,intermediate,-0.6283014541010015,Epithelial cells
-0.1984781778481112,0.0,-0.007150305942324331,permissive_high_CD8,-0.772662486477571,Epithelial cells
-0.024770746269379276,0.0,-0.005959919621909035,intermediate,-0.0726585492694825,Epithelial cells
0.09469725305296811,0.0,-0.005943428778294449,intermediate,0.4087720328073266,Epithelial cells
-0.23425933347648406,-0.015146916694486673,-0.005121180692665008,intermediate,-0.6903638809183753,Epithelial cells
-0.16995806100378075,0.0,-0.00710562301872552,permissive_high_CD8,-0.6577324924109821,Epithelial cells
-0.10637121698463776,0.0,-0.00710562301872552,permissive_high_CD8,-0.4014910595402054,Epithelial cells
-0.013059817164777273,0.0,-0.005943428778294449,intermediate,-0.025466000239876732,Epithelial cells
-0.23571803651181572,0.0,-0.009251101618675405,permissive_high_CD8,-0.9227311821502181,Fibroblasts
-0.031017730274353644,0.0,-0.007023128967696999,intermediate,-0.097832563757032,Fibroblasts
-0.18685242066900415,0.0,-0.006188758149964284,permissive_high_CD8,-0.7258131621600238,Fibroblasts
0.0703277640553363,-0.03983791057880108,-0.00850327011705571,hypoxic_CD8_low,0.9062570800245888,Fibroblasts
-0.05761952572558299,-0.012318298401620223,0.021452212144202745,intermediate,-0.020838897768666514,Fibroblasts
-0.026968710154414655,-0.052003686727299867,0.021452212144202745,intermediate,0.6960856166269482,Schwann cells
-0.20279436226350717,-0.015098426023475555,-0.0081792693067337,intermediate,-0.5642918232287937,Fibroblasts
-0.29922163630106363,0.0,-0.007336640390146439,permissive_high_CD8,-1.1786371585114672,Fibroblasts
-0.2999367771378483,-0.022491985969697897,-0.006319141259238466,intermediate,-0.8452005249737323,Fibroblasts
-0.3611427828011264,-0.013038110153877784,-0.007336640390146439,intermediate,-1.2332097399529136,Macrophages
-0.23127971787050547,0.0,-0.00834742770021261,permissive_high_CD8,-0.9048457037037012,Fibroblasts
0.5554318437614594,0.0,0.04430029916698955,intermediate,2.2654342640816547,NK cells
0.022838805574011134,0.0,0.04153570929358684,intermediate,0.11919780043413206,NK cells
-0.43068915677357866,-0.022584204731682534,0.0420907250943615,intermediate,-1.37072582527578,Fibroblasts
0.5163072610954683,0.0,0.040232334124092786,intermediate,2.107770532260233,NK cells
0.08099046481182293,-0.010210940712376645,0.041737947772871625,intermediate,0.5062189012359858,NK cells
-0.09445918898984611,0.0,0.06686779718775142,permissive_high_CD8,-0.35348812483152103,Monocytes
-0.019511101475681192,-0.01354774386293975,0.02237806439596346,intermediate,0.1511136023329733,NK cells
-0.06065273045536024,0.0,0.04766831033357456,intermediate,-0.21725530012087402,NK cells
0.006777451220286446,-0.010830284612864135,0.0987072942281595,intermediate,0.21641720370703227,NK cells
0.2174955740511178,-0.016206569517189674,-0.0076666983193874995,intermediate,1.1459569327670782,Schwann cells
-0.006834857913863679,0.0,-0.006734834058403807,intermediate,-0.00038074081835096085,DCs
0.08684377019185135,0.0,0.04973984809271451,intermediate,0.37712417022819295,DCs
-0.02404913246392243,-0.012864675599071179,-0.0071804513815443526,intermediate,0.122612511188145,Macrophages
-0.12247882214894736,0.0,-0.004599310351125946,permissive_high_CD8,-0.46640127628530503,Fibroblasts
-0.18464709668753138,0.0,-0.008179269306733702,permissive_high_CD8,-0.7169261764057576,Fibroblasts
-0.18174100209431476,-0.016403788979719523,-0.00903691434667178,intermediate,-0.45993241719403216,Monocytes
-0.1890861123919966,0.0,-0.013151795403999196,permissive_high_CD8,-0.7348144638682651,Fibroblasts
-0.23286335343816672,-0.013977963914755386,-0.013151795403999194,intermediate,-0.7022175131307846,Fibroblasts
0.4743431552825682,-0.04868399276424516,-0.007857101327172818,hypoxic_CD8_low,2.6666268504740245,Pericytes
-0.13788388723350434,0.0,-0.0076666983193874995,permissive_high_CD8,-0.5284804062000729,Pericytes
-0.05835480287850621,0.0,-0.008215694453230431,intermediate,-0.2079951416083823,Fibroblasts
0.32849577536065894,0.0,-0.008215694453230431,intermediate,1.350930261971165,Fibroblasts
-0.004316650241254327,0.0,-0.00821569445323043,intermediate,0.009767099544686152,Fibroblasts
-0.1473357878535627,0.0,-0.007810047473984691,permissive_high_CD8,-0.5665695517709207,MAST cells
-0.15911373460149192,-0.030973471128023587,-0.008163829499732466,intermediate,-0.15089159282539033,Fibroblasts
-0.1030467772579576,0.0,-0.004288443927018427,permissive_high_CD8,-0.38809427578410954,Fibroblasts
-0.11508803003763099,-0.019336652176582862,-0.006161477079919153,intermediate,-0.14748058167410102,Macrophages
-0.37241936495983935,0.0,-0.004096193159157448,permissive_high_CD8,-1.4736084086770578,Fibroblasts
0.022672381745763553,0.0,-0.005077289215788024,intermediate,0.11852714786642227,MAST cells
0.013244603532385157,0.0,-0.00505405585614615,intermediate,0.08053521045470402,Fibroblasts
-0.3070986644331231,-0.02394669065591295,-0.008228608117251584,intermediate,-0.8523094751464132,Fibroblasts
0.1884477253419807,0.0,-0.008228608117251584,intermediate,0.786566460604632,Monocytes
-0.06527536078150492,-0.0277431349040043,-0.008228608117251584,intermediate,0.1789544403937505,Macrophages
-0.1856298944557527,0.0,-0.006998528353115808,permissive_high_CD8,-0.720886642005771,Fibroblasts
-0.012203099737205658,0.0,-0.0019171022371402798,intermediate,-0.02201361154858978,Macrophages
-0.18657180295890594,0.0,-0.0019171022371402798,permissive_high_CD8,-0.7246823325798856,Monocytes
-0.1659872522315826,0.0,-0.00344598837066115,permissive_high_CD8,-0.6417309791240892,Fibroblasts
0.074001222250452,0.0,-0.0019171022371402798,intermediate,0.3253714384016989,Fibroblasts
-0.2847242853248933,-0.015011078915615313,-0.004533636039085233,intermediate,-0.8957580413771554,Fibroblasts
-0.16736023684582077,0.0,-0.0029993337819129028,permissive_high_CD8,-0.6472638145759636,Fibroblasts
-0.30782318115234375,-0.023014533857584965,-0.009097815460843435,intermediate,-0.8691674910401463,Fibroblasts
-0.21856271215232023,0.0,-0.004517390177800105,permissive_high_CD8,-0.8535988802873254,Fibroblasts
-0.16285310308617282,-0.012698958277219704,-0.00562781270859856,intermediate,-0.4392158556966899,Fibroblasts
-0.04478535714398427,-0.011422054005055292,-0.006402470901427481,intermediate,0.01747869062376141,Fibroblasts
-0.1006709409047322,0.0,-0.0036010265350341795,permissive_high_CD8,-0.3785201615029592,Macrophages
-0.07872006979333349,0.0,-0.006297747615860542,permissive_high_CD8,-0.2900628280228888,Monocytes
0.35836923122406006,0.0,-0.006277024182874342,intermediate,1.4713139239270139,Fibroblasts
0.36483597707556914,-0.01347356769237441,-0.017580705004343295,hypoxic_low_neighbor_CD8,1.698841293059365,Fibroblasts
-0.2803846305632687,-0.013505178907139582,-0.014622912297525546,intermediate,-0.9007876011464988,Fibroblasts
-0.14118709334407945,-0.017791292445379712,-0.011988194140023707,intermediate,-0.27576172356558704,Fibroblasts
-0.13218456099789785,0.0,-0.005851464458161842,permissive_high_CD8,-0.5055133358329674,T cells
0.22678508145742143,-0.016426329670647378,-0.013395432422035617,hypoxic_low_neighbor_CD8,1.1866777011437852,T cells
-0.14548388255169115,0.0,-0.007791909450783259,permissive_high_CD8,-0.5591067679920986,Fibroblasts
-0.05490898224244635,-0.018451196462036627,-0.00991826057434082,intermediate,0.08178810328117311,Fibroblasts
-0.04657941314590028,-0.011315382443941556,-0.006064196508101285,intermediate,0.008653987109250721,Fibroblasts
0.14438902661503555,0.0,-0.002884783854207851,intermediate,0.6090192923756897,Macrophages
-0.10726231647782536,0.0,-0.009510184878762432,permissive_high_CD8,-0.40508200063009614,Fibroblasts
-0.13441576057648563,-0.01769647327994528,-0.00562781270859856,intermediate,-0.24989250870030105,Monocytes
-0.040687580903371184,0.0,-0.00562781270859856,intermediate,-0.1368000014251113,Fibroblasts
-0.05506682491685492,0.0,-0.00722425875232609,intermediate,-0.19474529099640006,Monocytes
0.16283054332656555,-0.011626233938734541,-0.00562781270859856,intermediate,0.8571795972635081,Fibroblasts
-0.1184866878402281,0.0,-0.0016547040900720758,permissive_high_CD8,-0.45031382563009015,Monocytes
-0.011809100108931821,0.0,-0.004374257112160706,intermediate,-0.020425876996627314,Fibroblasts
-0.012117838763807672,0.0,-0.0035871729677022708,intermediate,-0.021670027992455435,Fibroblasts
-0.05159322899508189,0.0,-0.0023760383106597198,intermediate,-0.18074743955497222,Macrophages
-0.02736363353499447,0.0,-0.003319919125432106,intermediate,-0.08310733248026124,Fibroblasts
-0.02701459065019845,0.0,-0.0007543588295961037,intermediate,-0.08170076402552623,Fibroblasts
-0.0729598616021704,0.0,-0.0016009560480774172,permissive_high_CD8,-0.26685041634708273,Macrophages
-0.09507554601952733,0.0,-0.0016009560480774172,permissive_high_CD8,-0.3559719123331927,Monocytes
-0.050938516496175756,-0.012793997521342537,-0.01010006178728482,intermediate,0.0131971866914459,Fibroblasts
-0.35239906770637236,-0.010297316771287184,-0.008720344538308993,intermediate,-1.238957006771797,Fibroblasts
-0.1920398401926799,-0.009490742857156977,-0.011602370072955547,intermediate,-0.6048040381180968,Fibroblasts
-0.35150848143550767,-0.011189178899232193,-0.012518733715721469,intermediate,-1.2220322847097413,Fibroblasts
-0.09944512853660736,0.0,-0.007034862572364962,permissive_high_CD8,-0.37358039884475164,Monocytes
-0.07399594257155576,0.0,-0.006283226733909123,permissive_high_CD8,-0.27102560189467056,Endothelial cells
-0.16192590184958586,0.0,-0.011882570526699627,permissive_high_CD8,-0.6253646024415191,Fibroblasts
0.2036132333747833,0.0,-0.007395932227172028,intermediate,0.8476802266435427,MAST cells
-0.2750896162776104,-0.01241972378873632,-0.009044567293483718,intermediate,-0.895680431055291,Macrophages
-0.19446534612571378,-0.01513068492595966,-0.009044567293483718,intermediate,-0.530245301475416,Fibroblasts
-0.08823014837670996,0.0,-0.006204691267850106,permissive_high_CD8,-0.3283864183898592,Macrophages
-0.23720677693684897,0.0,-0.007050209843356277,permissive_high_CD8,-0.9287304888553649,Fibroblasts
0.12319528338420827,0.0,-0.007050209843356277,intermediate,0.5236130229321618,Macrophages
-0.22811460686495985,-0.015146916694486673,-0.00725970815228708,intermediate,-0.6656019419383225,MAST cells
-0.32710076144421435,-0.01633693718234537,-0.012847941896693426,intermediate,-1.0467008979323766,Endothelial cells
-0.2612843341137989,-0.014409096134819,-0.012847941896693426,intermediate,-0.8103013693571346,MAST cells
-0.026801985669806294,-0.02472952599467536,-0.009640750357335717,intermediate,0.28893200888608334,Macrophages
-0.12467869984576979,0.0,-0.016963651530977526,permissive_high_CD8,-0.4752663146728769,Macrophages
0.3370631612448328,0.0,-0.014260106080295907,hypoxic_low_neighbor_CD8,1.3854550016210314,Endothelial cells
-0.4325763748352786,-0.04559229260031511,-0.014398521032088841,intermediate,-1.0342952371506926,Endothelial cells
-0.05269242338387364,-0.012750496265859257,-0.011838147450394314,intermediate,0.005478849428074306,Monocytes
-0.07962885199780445,-0.011458326447830508,-0.01431827551601065,intermediate,-0.12239079437520159,Endothelial cells
-0.3167420659199297,-0.02474512841537414,-0.012847941896693426,intermediate,-0.8792314365297849,Endothelial cells
-0.19764827437190166,0.0,-0.006967878792128261,permissive_high_CD8,-0.7693181522969919,Pericytes
-0.27483760113696976,-0.02726868000107738,0.00813442300438148,intermediate,-0.6726311728099351,Fibroblasts
0.12335735846714804,0.0,0.010850235203571236,intermediate,0.5242661509828735,NK cells
-0.11063464674126192,-0.06970093607419899,0.010026285433486798,intermediate,0.6235534094003803,NK cells
-0.24853912414795903,-0.011488836303896266,0.008968560101121133,intermediate,-0.8026069929980567,Fibroblasts
0.18876824321517022,-0.04073718298784634,-0.014347508207828248,hypoxic_low_neighbor_CD8,1.3969936284904796,Pericytes
-0.23165654561605797,-0.015146916694486673,0.00813442300438148,intermediate,-0.6798752004200405,Endothelial cells
-0.06528210161201446,0.0,0.021103862329729852,intermediate,-0.23591067949643482,Pericytes
-0.39179257312452936,0.0,-0.003958041400883684,permissive_high_CD8,-1.5516783097076783,Fibroblasts
-0.12275508895935304,0.0,0.014649636614249374,permissive_high_CD8,-0.46751457266673385,Fibroblasts
-0.14005057400010196,0.0,0.014649636614249372,permissive_high_CD8,-0.5372116922108706,Fibroblasts
0.20197250469621408,0.0,-0.004742700303936133,intermediate,0.8410684396609684,Fibroblasts
0.15505339630157594,0.0,0.02514068855483558,intermediate,0.6519944299421981,Fibroblasts
-0.32549016255451496,-0.011374252527831537,-0.004084893148115933,intermediate,-1.1144166316975388,Fibroblasts
0.0,0.0,-0.006311034062291608,intermediate,0.02716228026301206,Fibroblasts
-0.1605421472266017,0.0,-0.007911326463727655,permissive_high_CD8,-0.6197883661491774,Fibroblasts
-0.30437089544702245,0.0,-0.005121743180330304,permissive_high_CD8,-1.199387575710758,Endothelial cells
-0.19409342080235004,-0.015146916694486673,-0.007911326463727655,intermediate,-0.5285038110415922,Fibroblasts
0.0600418469992029,0.0,-0.005058129950251817,intermediate,0.2691181304802667,Pericytes
-0.262556788433029,-0.028325177397322557,-0.005058129950251817,intermediate,-0.6073445044898838,Macrophages
0.1654204719037895,-0.015898526921446023,-0.005121743180330304,intermediate,0.9314992629609504,Pericytes
-0.31094522744297504,-0.012631336204436143,-0.01340857942094687,intermediate,-1.037006703009984,Fibroblasts
-0.0410084169073756,0.0,-0.011312578628581224,intermediate,-0.1380929021603306,Fibroblasts
-0.048071168033952213,0.0,-0.011447299990737647,intermediate,-0.16655428433144212,Fibroblasts
0.1336248189091204,-0.017212176612514233,-0.011557997318736295,hypoxic_CD8_low,0.8230123165594128,Fibroblasts
-0.18055547384851908,-0.01591832242031329,-0.009398198417323804,intermediate,-0.46241408247762106,Monocytes
0.16926913089062795,-0.033500111537423695,-0.008947318896912693,hypoxic_CD8_low,1.2102017720587293,Macrophages
-0.09655931986958147,-0.02380793683442027,-0.010652377119592004,intermediate,-0.005955536613652002,Macrophages
-0.14521469361332046,0.0,-0.008996241552787915,permissive_high_CD8,-0.55802199392688,Macrophages
-0.046888772502960446,0.0,-0.011557997318736295,intermediate,-0.16178948227600246,Fibroblasts
-0.24236432424032064,0.0,-0.010871509533983813,permissive_high_CD8,-0.9495143055634646,Fibroblasts
-0.03917945340934049,0.0,-0.01083553857327151,intermediate,-0.1307225689627312,Fibroblasts
-0.0967198873619478,0.0,-0.010835538573271512,permissive_high_CD8,-0.3625982575813328,MAST cells
-0.0492000426633291,0.0,-0.010835538573271512,intermediate,-0.17110340855713757,Fibroblasts
-0.04417275448879565,0.0,-0.010242371552708017,intermediate,-0.15084450838418753,Pericytes
-0.10944194104298051,-0.02005965700033705,-0.00889953479432223,intermediate,-0.1139170888784663,MAST cells
0.08542175273818664,-0.014658696255703204,-0.008174265090592317,intermediate,0.5905825119277397,MAST cells
-0.3386467929824768,-0.026842930056305548,-0.012167141794675759,intermediate,-0.936134780083313,Endothelial cells
-0.2784518812554907,-0.014212857373812903,-0.010721224297074334,intermediate,-0.8824172482608033,Endothelial cells
0.32335119888964425,0.0,-0.011190746927711805,intermediate,1.3301987149541559,Pericytes
-0.07679681126851155,0.0,-0.012082829970901633,permissive_high_CD8,-0.28231250595889484,Fibroblasts
-0.15754348877443367,-0.018508295298587937,-0.012249469692729584,intermediate,-0.3309533012600303,MAST cells
-0.061126337472693505,-0.020540428547724057,-0.01046945459929555,intermediate,0.08797338671263719,Schwann cells
-0.18276896342694998,-0.016731816264781874,-0.011134454595897845,intermediate,-0.45916995112120645,Pericytes
-0.3296875551522496,-0.02873806625242658,-0.008813093805763563,intermediate,-0.8716933401865781,Endothelial cells
0.20287191149700118,-0.012524015990346067,-0.01004698015900276,intermediate,1.0319621479977104,Endothelial cells
0.21858867153106443,-0.012606292601056427,-0.009217735244194987,intermediate,1.0965276090609377,Endothelial cells
-0.2449479160538639,0.0,-0.00855345384955567,permissive_high_CD8,-0.9599256300829868,Macrophages
-0.1566550784321674,-0.011835887847159074,-0.0061474741550914015,intermediate,-0.4271444691867499,Fibroblasts
-0.12785379187649035,0.0,-0.007722140130726432,permissive_high_CD8,-0.4880612590359512,Fibroblasts
-0.05447021761093754,-0.02380793683442027,-0.006808021741035657,intermediate,0.16365457751235685,Fibroblasts
-0.206600081968499,-0.042225316468520686,-0.009924071488271036,intermediate,-0.17400469618384262,Monocytes
-0.22715046894119448,-0.012388217787028324,-0.006147474155091402,intermediate,-0.7029669851479867,Fibroblasts
-0.28426413172220133,-0.013711775845361625,-0.004560278366130052,intermediate,-0.9133319584694329,Macrophages
-0.3035547340730108,-0.011862967178406503,-0.004560278366130052,intermediate,-1.0187138691079494,Fibroblasts
0.26035009474160675,0.0,-0.006271757030615761,intermediate,1.0763176889596258,Fibroblasts
-0.11494443502770849,0.0,-0.006271757030615762,permissive_high_CD8,-0.436039301547761,Fibroblasts
-0.2762609887793361,0.0,-0.008295913649956707,permissive_high_CD8,-1.0861106412520625,Monocytes
-0.03375370914198787,0.0,-0.008450209338333603,intermediate,-0.10885797563524537,Fibroblasts
-0.02616491518824937,-0.013259426302272781,-0.006271757030615761,intermediate,0.11998899174434258,Fibroblasts
-0.02492622007806617,0.0,-0.00988310943891806,intermediate,-0.07328507559149675,Endothelial cells
-0.12871039823355923,0.0,-0.0068427009299377355,permissive_high_CD8,-0.4915132001367781,Macrophages
-0.1000250544413984,0.0,-0.008470077360207252,permissive_high_CD8,-0.37591737667554004,Fibroblasts
-0.3123466767460467,-0.017143728279391764,-0.01130815498259386,intermediate,-0.9751812824832776,MAST cells
-0.41638722860190763,0.0,-0.011759549950459386,permissive_high_CD8,-1.6507895308682885,Fibroblasts
-0.027746003315630687,0.0,-0.010214471430913639,intermediate,-0.08464820122422992,Epithelial cells
-0.03737642583119344,-0.023485338157005157,-0.012825739689362355,intermediate,0.2277151579396009,Fibroblasts
-0.15762342147559047,-0.028162519941445786,-0.006241562105866096,intermediate,-0.1869175807312472,Monocytes
-0.10642766378012049,0.0,-0.007206683023738475,permissive_high_CD8,-0.40171852809881325,Fibroblasts
-0.030284724561086142,0.0,-0.007206683023738475,intermediate,-0.09487870691498484,Fibroblasts
-0.13893675899888616,0.0,-0.007206683023738475,permissive_high_CD8,-0.5327232550778911,Monocytes
-0.05109826053481504,0.0,-0.010091218678092184,intermediate,-0.17875282212363003,Macrophages
0.26991662059921817,0.0,-0.008772372234205485,intermediate,1.1148687498144734,Monocytes
-0.24080662555005178,-0.011410043307161524,-0.010283003290976912,intermediate,-0.7726248483022556,Fibroblasts
-0.10096023743411145,-0.016731816264781874,-0.008772372234205485,intermediate,-0.12949821645504184,Fibroblasts
1.2829052377417385,-0.01447681376808568,-0.009548417180173309,intermediate,5.413466152089236,MAST cells
-0.32278889728837223,-0.024059625772329476,-0.008945692824287775,intermediate,-0.9138490725456496,Macrophages
-0.17558097073352003,-0.015839736953920682,-0.01561180164939479,intermediate,-0.4435429687657272,MAST cells
0.009525430250359346,-0.012673455211315078,-0.013676669819634937,intermediate,0.25505156212621466,Macrophages
-0.29425220412901604,-0.027334666927816414,-0.019206887797305457,intermediate,-0.749881195885741,Pericytes
-0.021545710812610794,-0.02172017000947404,-0.011651206048715775,intermediate,0.26511533414728156,MAST cells
-0.11449510792651812,-0.013028778045283637,-0.01753781153927287,intermediate,-0.2394117050196896,Endothelial cells
-0.3372014057205384,0.0,-0.01885143439618521,permissive_high_CD8,-1.3316875368761818,Endothelial cells
-0.023821648344936164,-0.013113614518632773,-0.016069425680698492,intermediate,0.1272515612564195,Endothelial cells
-0.1360822449247521,-0.057878316655332745,-0.018680104102522094,intermediate,0.34422357327813413,Macrophages
-0.18583907468251915,-0.015859235153507123,-0.012138819533642809,intermediate,-0.48458938900782556,Monocytes
0.3562371702079313,-0.01661148534612617,-0.015705801633044615,hypoxic_low_neighbor_CD8,1.7111106348024931,Endothelial cells
-0.23156893013950333,0.0,-0.012466226222544063,permissive_high_CD8,-0.9060111675249518,Endothelial cells
-0.2787988195457612,-0.030524973927239175,-0.013352178272448088,intermediate,-0.6399032792465101,Fibroblasts
0.14018526517722504,0.0,-0.014664620426502304,hypoxic_low_neighbor_CD8,0.5920790294818874,Fibroblasts
0.30670969792637964,-0.014225630625056834,-0.013607338082935164,hypoxic_low_neighbor_CD8,1.475850230810262,Pericytes
-0.13595971716455665,-0.03916017632735403,-0.013722769161950239,intermediate,0.06482844994692011,Fibroblasts
-0.07271247312247035,0.0,-0.004722279382620746,permissive_high_CD8,-0.2658534934852565,MAST cells
0.0,0.0,-0.0037935922342112517,intermediate,0.02716228026301206,MAST cells
0.0,0.0,-0.0037935922342112517,intermediate,0.02716228026301206,Epithelial cells
-0.03959447408775728,-0.026610050124195424,-0.004722279382620746,intermediate,0.2655001351450287,Fibroblasts
0.0,0.0,-0.004722279382620746,intermediate,0.02716228026301206,Epithelial cells
-0.025388621900933814,0.0,-0.004722279382620746,intermediate,-0.07514845641313327,MAST cells
0.10652773303679197,-0.03137435218100606,-0.008610026427769629,hypoxic_CD8_low,0.9255812213127894,Endothelial cells
-0.11761792500813802,0.0,-0.008610026427769629,permissive_high_CD8,-0.4468128965251228,Monocytes
0.3471242562834039,0.0,-0.007317232281251153,intermediate,1.425999070896688,Macrophages
-0.09522718406585326,0.0,-0.00627874877610509,permissive_high_CD8,-0.3565829813501828,Fibroblasts
-0.12593604857663074,0.0,-0.006402470901427482,permissive_high_CD8,-0.48033316215341965,Fibroblasts
-0.13209761960439415,0.0,-0.010520031127208961,permissive_high_CD8,-0.5051629805418562,Fibroblasts
-0.19400868549883127,0.0,-0.010520031127208963,permissive_high_CD8,-0.7546513846301561,Endothelial cells
-0.0034893174248048497,-0.02642037897457478,-0.010674924502971202,intermediate,0.40816010597028946,Macrophages
0.3857096773553565,-0.011619872892433816,-0.008583301024237464,intermediate,1.7552399027240353,Fibroblasts
-0.2610287953572101,0.0,-0.008583301024237464,permissive_high_CD8,-1.0247281473029155,Pericytes
-0.08808394129496501,0.0,-0.010674924502971202,permissive_high_CD8,-0.32779723500294816,Fibroblasts
0.057948961794137,-0.013745454641488882,-0.006518402949035892,intermediate,0.46621748543865704,Macrophages
-0.07904059628406203,0.0,-0.00604615449583643,permissive_high_CD8,-0.29135448148555476,Fibroblasts
0.063206402891611,0.0,-0.004757044350730906,intermediate,0.2818706164508897,Fibroblasts
-0.14785559780626412,0.0,-0.006518402949035892,permissive_high_CD8,-0.5686642751237672,Fibroblasts
-0.14662256202544552,0.0,-0.009899136572875155,permissive_high_CD8,-0.5636954036515052,Fibroblasts
0.15313361279935725,-0.0459903377270409,-0.009899136572875155,hypoxic_CD8_low,1.3319431101032004,Monocytes
-0.035645783665668535,0.0,-0.006446756138975321,intermediate,-0.11648263281905319,Macrophages
-0.09395173467306726,0.0,-0.009124478380046232,permissive_high_CD8,-0.35144319205881214,MAST cells
-0.17696769744995608,0.0,-0.0033086990377037473,permissive_high_CD8,-0.6859798337372862,Fibroblasts
0.03615348597606982,0.0,-0.0037935922342112517,intermediate,0.1728531254792443,MAST cells
-0.036108200808605516,0.0,-0.0037935922342112517,intermediate,-0.11834607537730488,Fibroblasts
-0.034440527000580444,0.0,-0.0037935922342112517,intermediate,-0.11162570526425505,Fibroblasts
-0.013873001657815343,0.0,-0.0037935922342112517,intermediate,-0.028742960480608926,Epithelial cells
0.06664733451054278,0.0,-0.0037935922342112517,intermediate,0.29573683771169007,MAST cells
-0.047236400435727285,0.0,-0.002019588892598223,intermediate,-0.16319034877554542,Fibroblasts
-0.026693535617077685,0.0,-0.0033807336238392614,intermediate,-0.08040698064963683,Fibroblasts
0.0,0.0,-0.0012891101451055242,intermediate,0.02716228026301206,Epithelial cells
-0.24552862328219127,0.0,-0.012640260845704278,permissive_high_CD8,-0.962265756481149,MAST cells
0.38848259506455385,-0.030293833388973346,-0.006462594404233451,hypoxic_CD8_low,2.0456424415272414,Endothelial cells
0.8601289638075005,-0.01393030722614242,-0.012587881538710292,hypoxic_low_neighbor_CD8,3.7015960385291584,Schwann cells
-0.16186748642519297,0.0,-0.0114987523932206,permissive_high_CD8,-0.6251292007278615,Schwann cells
-0.037156120361573244,0.0,-0.005391986360434096,intermediate,-0.12256896789426822,Fibroblasts
-0.023618200217863643,0.0,-0.008431472533788436,intermediate,-0.06801403425626668,Fibroblasts
-0.02586084580325697,0.0,-0.005391986360434096,intermediate,-0.07705141812217306,Fibroblasts
-0.013681816767497235,0.0,-0.005284141303717527,intermediate,-0.027972526108624593,Epithelial cells
-0.03498171611004565,0.0,-0.004628097930578728,intermediate,-0.11380658206357655,Fibroblasts
-0.16959192666662745,0.0,-0.005135585421975325,permissive_high_CD8,-0.6562570490449439,MAST cells
0.09199845455736519,-0.03322297069225234,-0.006023419788170118,hypoxic_CD8_low,0.8946733748856088,DCs
-0.037692552589508425,0.0,-0.005135585421975325,intermediate,-0.12473067547457825,MAST cells
0.29006938905601043,-0.01856623004805221,-0.006145379868274436,hypoxic_CD8_low,1.473697510549314,MAST cells
-0.10384583377455132,0.0,-0.006299101743299148,permissive_high_CD8,-0.39131430329003614,Fibroblasts
-0.05223926865910909,0.0,-0.006299101743299148,intermediate,-0.1833508417485431,Epithelial cells
0.15293861057863656,0.0,-0.008159820657027396,intermediate,0.6434722940787244,Monocytes
-0.10601892433013303,0.0,-0.006145379868274436,permissive_high_CD8,-0.4000713952059767,Fibroblasts
-0.05182902425168506,-0.01232600212097168,0.042107964291317315,intermediate,0.0026107816699981745,MAST cells
-0.026119634329554546,0.7226432164510092,0.046421816238561196,intermediate,-10.88364439999757,Epithelial cells
-0.26949279662595693,-0.013289280748560362,-0.011321444453498131,intermediate,-0.860124116277597,Endothelial cells
0.2642606784062213,0.0,-0.014308891412217608,hypoxic_low_neighbor_CD8,1.092076507895194,Endothelial cells
-0.2379074709482461,0.0,-0.01937090639482465,permissive_high_CD8,-0.9315541364235682,Pericytes
-0.1333479823836361,0.0,-0.020922128262950982,permissive_high_CD8,-0.5102016761258796,Pericytes
-0.16543959039282127,-0.018376321445109874,-0.01869125231074901,intermediate,-0.3647462889281633,Endothelial cells
0.2653270294388614,-0.04815555294515633,-0.01777254019671606,hypoxic_low_neighbor_CD8,1.8164347359427686,Endothelial cells
0.06228605858293401,-0.027490909282977764,-0.015041478281883415,intermediate,0.6892282977882132,Endothelial cells
-0.2521638985139778,-0.017116677905866493,-0.014362301549769927,intermediate,-0.7330619886492055,Endothelial cells
-0.017748600507835777,0.0,-0.015440389952357159,intermediate,-0.044360798067619826,Endothelial cells
-0.3955888250266692,-0.034356769762541116,-0.014093408121271172,intermediate,-1.0532459836021162,Endothelial cells
-0.3069746331517476,0.0,-0.01641810928118213,permissive_high_CD8,-1.2098800838792336,Endothelial cells
-0.14161542716275258,0.0,-0.013252908948622895,permissive_high_CD8,-0.5435177170311817,Pericytes
-0.25547091932181853,0.0,-0.017388859322840067,permissive_high_CD8,-1.0023310911037098,Endothelial cells
-0.07937106549979214,0.0,-0.017388859322840063,permissive_high_CD8,-0.29268620201146844,Endothelial cells
-0.025171886964974154,0.0,-0.01341598403920368,intermediate,-0.07427506080119284,Fibroblasts
-0.3218189530583271,-0.025640688444438734,-0.010260742009892639,intermediate,-0.8862990667799528,Pericytes
-0.2575794204650634,-0.024409282545329106,-0.01153192597362194,intermediate,-0.6458404222705977,MAST cells
-0.12460993571453784,0.0,-0.01218448328746636,permissive_high_CD8,-0.47498920987566934,Endothelial cells
-0.10473777587155261,0.0,-0.010545935032338749,permissive_high_CD8,-0.39490863989376146,Endothelial cells
-0.14205951001270709,0.0,-0.00838656560612111,permissive_high_CD8,-0.5453072762952241,Fibroblasts
-0.17762036304397277,0.0,-0.011184729963500811,permissive_high_CD8,-0.6886099370169197,Macrophages
-0.37524695951775855,-0.021441780121220267,-0.00888292805546852,intermediate,-1.1643880469952828,Fibroblasts
-0.18987658751537523,0.0,-0.007878387119123328,permissive_high_CD8,-0.7379999101879827,Fibroblasts
-0.053048210450444354,0.0,-0.007608677855065638,intermediate,-0.1866107048054106,Monocytes
-0.11449439267078078,-0.017543335192599277,-0.008918956674223166,intermediate,-0.17190348615605489,Macrophages
-0.32417986766401546,-0.03430230993973581,-0.009664901934171978,intermediate,-0.7662974282639314,Fibroblasts
-0.000817323305520673,0.0,-0.010546242177245107,intermediate,0.0238686414898368,Fibroblasts
-0.12234016020135229,0.0,-0.007722140130726433,permissive_high_CD8,-0.46584249818136714,Fibroblasts
-0.28466303568767254,0.0,-0.011201586704022489,permissive_high_CD8,-1.1199691000582812,Fibroblasts
-0.11457585713949549,0.0,-0.008100831331672616,permissive_high_CD8,-0.43455401119160253,Fibroblasts
-0.004652135104060651,-0.014251306472037003,-0.012427419592977053,intermediate,0.22151231212540679,DCs
-0.16633639661183797,-0.013745454641488882,-0.011811076677762544,intermediate,-0.4376047201826956,Macrophages
-0.20206405455807605,-0.01618525952945354,-0.01495113121835809,intermediate,-0.5450976187446053,Fibroblasts
0.28278940700622923,0.0,-0.01495113121835809,hypoxic_low_neighbor_CD8,1.166743336214436,Fibroblasts
-0.08420824717326336,0.0,-0.010315822750611508,permissive_high_CD8,-0.3121790134913616,Endothelial cells
0.17122860414436067,-0.01631490421681269,-0.010826169398793002,intermediate,0.9611308108929859,Fibroblasts
-0.15908024492991496,0.0,-0.010545935032338749,permissive_high_CD8,-0.6138972113828343,Fibroblasts
-0.07223051906110771,0.0,0.042374329581970675,permissive_high_CD8,-0.2639113213085044,MAST cells
-0.2735845113853853,-0.047397613525390625,-0.009322778351715542,intermediate,-0.3665972747474866,Monocytes
0.22068630883013868,0.0,0.03972623662480996,intermediate,0.916481082947625,Fibroblasts
-0.2482976645350935,-0.013989970751619531,0.04237432958197069,intermediate,-0.7642349622369995,MAST cells
-0.06227124407588236,-0.012918578468353642,-0.006023419788170118,intermediate,-0.030608454959254433,MAST cells
0.42896037886899163,-0.01447681376808568,-0.010571254892387855,intermediate,1.9722503219041312,Monocytes
-0.3424200035003294,-0.011166703845807898,-0.009183260689862827,intermediate,-1.1857437204335657,Monocytes
0.3242704226788747,0.0,-0.00703321423446923,intermediate,1.3339029909646212,MAST cells
-0.07732131682246564,0.0,-0.00703321423446923,permissive_high_CD8,-0.284426151584292,Fibroblasts
0.254939194185188,0.0,-0.009183260689862827,intermediate,1.054512912624436,Fibroblasts
-0.08872380697104826,0.0,-0.01140928944112801,permissive_high_CD8,-0.33037575734060404,MAST cells
-0.10087365606223724,0.0,-0.01140928944112801,permissive_high_CD8,-0.3793370603949387,MAST cells
0.08869080658418588,0.0,-0.00969991021149876,intermediate,0.3845673333390054,Fibroblasts
0.11674055660584842,0.0,0.040185872059494754,intermediate,0.4976018493318748,Macrophages
-0.29951002128631715,-0.040202472856652884,0.03426479156415205,intermediate,-0.5786591609224124,MAST cells
-0.2422465741873745,0.0,0.03806687922183855,permissive_high_CD8,-0.949039797939239,MAST cells
0.0895852223936334,0.0,0.039776258451467796,intermediate,0.388171638476812,MAST cells
0.05477337401554766,0.0,0.040967065624111794,intermediate,0.2478873069160972,MAST cells
-0.23728438840812469,-0.030973471128023587,-0.020922128262950982,intermediate,-0.4659026717496214,Endothelial cells
-0.18330200991956105,0.0,-0.01862126078843749,permissive_high_CD8,-0.7115057633301146,Pericytes
-0.23557192637738453,-0.07915593351912402,-0.01862126078843749,intermediate,0.2614616179118725,Endothelial cells
0.1270061513506265,-0.014789864119247868,-0.019479114517026587,hypoxic_low_neighbor_CD8,0.760120106657261,Pericytes
-0.29741733045463103,-0.014745641816482852,-0.02130142564554768,intermediate,-0.9508773404887041,Pericytes
-0.026693535617077685,0.0,-0.01341598403920368,intermediate,-0.08040698064963683,Fibroblasts
-0.013873001657815343,0.0,-0.013217855304198065,intermediate,-0.028742960480608926,Epithelial cells
0.8284834436623447,0.0,0.04358034206841692,intermediate,3.3657740322449734,Macrophages
-0.19242143439480577,0.0,0.04052784474004349,permissive_high_CD8,-0.748255100878461,MAST cells
0.12216698716443225,-0.045787459925601355,-0.02130142564554768,hypoxic_low_neighbor_CD8,1.204120612716804,Pericytes
-0.025171886964974154,0.0,-0.01626874432068283,intermediate,-0.07427506080119284,Macrophages
0.10522718362540129,0.0,-0.005931607270852113,intermediate,0.45120540938908893,Fibroblasts
-0.07040291904924385,0.0,-0.006869128969838584,permissive_high_CD8,-0.2565464826696555,Endothelial cells
-0.3534397293764903,0.0,-0.004309152495040585,permissive_high_CD8,-1.3971245212902517,Fibroblasts
-0.07002576192220052,0.0,-0.007205796016533526,permissive_high_CD8,-0.2550266198089997,MAST cells
0.1918474746995183,0.0,-0.008969770205004817,intermediate,0.8002667261267685,Schwann cells
-0.2225973290133189,0.0,-0.008969770205004817,permissive_high_CD8,-0.8698575265764172,Schwann cells
-0.023210636583198028,-0.023398576960389914,-0.008969770205004815,intermediate,0.2835029461897662,Macrophages
-0.024966289719424575,0.0,-0.003452886486182168,intermediate,-0.07344654770848377,Macrophages
-0.041619005930950366,0.0,-0.004867119666857597,intermediate,-0.14055344582638934,Epithelial cells
-0.05549200663126137,0.0,-0.004935589814797426,intermediate,-0.19645868271147188,Macrophages
-0.061710579807021056,0.0,-0.014422585607057638,intermediate,-0.2215182076108162,Fibroblasts
-0.07844551883069387,0.0,0.015437321391915755,permissive_high_CD8,-0.28895644614235944,Fibroblasts
-0.17973448665266534,0.0,-0.013079282307592643,permissive_high_CD8,-0.6971294047010562,Fibroblasts
0.10869745628900798,0.0,-0.009104251539819797,intermediate,0.4651898688081971,Fibroblasts
-0.18904135217628326,0.0,-0.010296814451333482,permissive_high_CD8,-0.734634089736054,Fibroblasts
-0.19529819105523658,0.0,-0.010296814451333482,permissive_high_CD8,-0.7598478172659486,Macrophages
-0.1354240202999498,0.0,0.023630438281385453,permissive_high_CD8,-0.5185676665846942,Fibroblasts
0.5758446431064224,0.0,-0.01150265763163084,intermediate,2.347693496061815,Fibroblasts
0.34231601469966777,-0.021236172571838626,-0.010310094720117154,hypoxic_CD8_low,1.7241634354937836,Monocytes
-0.25175443902073136,-0.01513068492595966,-0.006052233236521362,intermediate,-0.7611081391854766,Monocytes
0.06326440970102945,0.0,0.019255725303177425,intermediate,0.28210437153326445,Fibroblasts
-0.26431948497113456,0.0,-0.010310094720117154,permissive_high_CD8,-1.0379889252957837,Fibroblasts
-0.15000020835294303,-0.017367088842971123,0.017289622553214624,intermediate,-0.31761973709758484,Macrophages
-0.08961915778347766,0.0,-0.014647185110691909,permissive_high_CD8,-0.3339838303412055,Fibroblasts
0.2770684330338934,-0.025479332155544265,-0.015323222890073953,hypoxic_low_neighbor_CD8,1.5246767628156497,NK cells
-0.1604920965600684,0.0,-0.016039207139317644,permissive_high_CD8,-0.6195866726274047,Endothelial cells
-0.10188175492497333,0.0,0.07708406800861962,permissive_high_CD8,-0.3833994840149116,Fibroblasts
-0.2329581999874498,0.0,-0.001235167571568457,permissive_high_CD8,-0.911609628998756,Fibroblasts
-0.1488878793984532,0.0,-0.007235815071383951,permissive_high_CD8,-0.5728241499907919,Fibroblasts
-0.2985066180248337,0.0,0.07854777114611906,permissive_high_CD8,-1.1757557872080764,Monocytes
-0.015600811286144961,-0.0358154744754436,-0.011798769259742398,intermediate,0.49983648855601626,Fibroblasts
-0.12194639611914454,0.0,0.02530410777755648,permissive_high_CD8,-0.4642557128298629,Fibroblasts
-0.24391964831984186,-0.012690437950103389,0.02798251689579698,intermediate,-0.7660241629134256,Fibroblasts
-0.1386569226123243,0.0,-0.0120511103899051,permissive_high_CD8,-0.5315955740651267,Macrophages
-0.25151697794596356,0.0,0.01830658898358582,permissive_high_CD8,-0.9863975498301232,Fibroblasts
-0.21546438132902704,0.0,0.018877313383373832,permissive_high_CD8,-0.8411132672345794,Fibroblasts
0.10537615909155115,0.0,-0.008439931534884268,intermediate,0.45180574877528873,Monocytes
-0.2533072659289502,0.0,-0.010310094720117154,permissive_high_CD8,-0.9936120289427164,Endothelial cells
0.044051070289918226,-0.05441664105002214,-0.008439931534884268,intermediate,1.0183606584452023,Endothelial cells
-0.09689233772247192,0.0,-0.01117618421793949,permissive_high_CD8,-0.3632931957900365,Fibroblasts
-0.1825117547828031,-0.015878831809348907,-0.004309152495040585,intermediate,-0.4708879736042789,Fibroblasts
-0.10108642884526386,0.0,-0.005742409419112521,permissive_high_CD8,-0.3801944893747798,Fibroblasts
-0.2071469318435853,0.0,-0.005655904723565105,permissive_high_CD8,-0.8075957180173502,Fibroblasts
-0.16108982438543235,-0.014002017164037294,-0.005165684850592363,intermediate,-0.41262582014183463,Fibroblasts
0.10698781434790677,0.0,-0.005931607270852114,intermediate,0.4583003760610518,Fibroblasts
0.13319088847761656,-0.022240549929228873,-0.006869128969838584,hypoxic_CD8_low,0.8964520038915588,Fibroblasts
-0.4080682471095319,0.0,-0.0051842161840111945,permissive_high_CD8,-1.617265807989542,Fibroblasts
-0.025388621900933814,0.0,-0.0057766476784318725,intermediate,-0.07514845641313327,Macrophages
0.16965133741677527,0.0,-0.0057766476784318725,intermediate,0.7108210222353427,Monocytes
-0.20499394121897746,-0.031171038083219336,-0.0051842161840111945,intermediate,-0.3328248676678346,Monocytes
-0.0744715771043157,0.0,-0.006225088508183818,permissive_high_CD8,-0.2729423077176635,Fibroblasts
0.1305301517367842,0.0,-0.006117683994947014,intermediate,0.5531709795437015,Fibroblasts
-0.1485476206584149,0.0,-0.008118069863673326,permissive_high_CD8,-0.5714529797677821,Fibroblasts
-0.2895642322708804,-0.012515888522993698,-0.00981062665159403,intermediate,-0.9525721159308115,Fibroblasts
0.1615932181657079,0.0,-0.011888695857141985,intermediate,0.6783485186068332,Fibroblasts
-0.06394980327192559,0.0,-0.008277194026993354,intermediate,-0.23054180106030814,Macrophages
-0.19337975069222202,0.0,-0.010882134122243618,permissive_high_CD8,-0.7521169113674268,MAST cells
0.19148004007147976,-0.030943150462409263,-0.010261622388996737,hypoxic_CD8_low,1.261473238368823,Monocytes
-0.22843755392664408,-0.04137248838478737,-0.010340516480357057,intermediate,-0.2747572355565705,Monocytes
-0.07536203315459102,0.0,-0.00860296885172526,permissive_high_CD8,-0.2765306558697168,Fibroblasts
-0.12635803988659716,-0.01975979978739009,-0.009549959082352488,intermediate,-0.1865690722300155,Endothelial cells
-0.2618963708839263,-0.012954951297899007,-0.008198745691502786,intermediate,-0.8345113054457711,Endothelial cells
-0.09256586588051424,0.0,-0.009594959768689114,permissive_high_CD8,-0.34585843611357653,Endothelial cells
-0.2937833180868003,-0.026459612827069365,-0.02074799061465038,intermediate,-0.7610762068741219,MAST cells
-0.07064176659028693,0.0,-0.013578901535425432,permissive_high_CD8,-0.25750898736852235,Macrophages
-0.10175449110896712,-0.0227952022784152,-0.017989824722331224,intermediate,-0.042034201936382465,Macrophages
-0.23629756146166697,0.0,-0.00850191553916365,permissive_high_CD8,-0.9250665442180311,Fibroblasts
-0.1654923680316971,0.0,-0.020753888980901514,permissive_high_CD8,-0.6397367012441304,Macrophages
-0.08647686602121377,0.0,-0.009987767473084403,permissive_high_CD8,-0.3213210640712183,Monocytes
0.16967207600313974,-0.016958180709406433,-0.015064753469346185,hypoxic_low_neighbor_CD8,0.9644771283382471,Monocytes
0.1670501435616888,-0.018765688907762288,-0.012677055170983277,hypoxic_low_neighbor_CD8,0.9809386344399261,Macrophages
-0.44425596673804596,-0.01847036840462009,-0.016644905324567826,intermediate,-1.4869106110943404,Fibroblasts
-0.2715516607445407,-0.010928423298515288,-0.014073269248169602,intermediate,-0.903722364005316,Fibroblasts
-0.05724262975784672,-0.04887837630051833,0.010570962269242904,intermediate,0.5273559833935559,Monocytes
-0.169099478357767,0.0,0.01197968814161732,permissive_high_CD8,-0.6542725872867978,Monocytes
-0.05193748244320054,-0.020943211157794905,-0.00905676145463498,intermediate,0.13102524833899062,Fibroblasts
0.2404499053955078,0.0,-0.0221029392942565,hypoxic_low_neighbor_CD8,0.99612416605245,Fibroblasts
-0.2542591324771743,0.0,-0.0221029392942565,permissive_high_CD8,-0.9974478483166936,Fibroblasts
0.9191526849585843,-0.04754842534238993,-0.011524201276009543,hypoxic_CD8_low,4.442134549706435,MAST cells
-0.023184609221646113,-0.0286063646015368,-0.01962054171542889,intermediate,0.3614789145742667,Monocytes
0.16732152590311197,-0.014658696255703204,0.07737300558629326,intermediate,0.9206211472978821,Fibroblasts
-0.2059661374992156,0.0,0.11336952556393318,permissive_high_CD8,-0.8028373684028308,Fibroblasts
-0.22475868439578628,-0.03960125649023635,0.07854777114611906,intermediate,-0.286417077541545,Macrophages
-0.17747234053401104,0.0,0.07872050144912278,permissive_high_CD8,-0.6880134378411106,Fibroblasts
0.12627353893226412,0.95457382927164,0.0804892654378905,intermediate,-13.737547862149212,Fibroblasts
-0.14729598631341773,0.0,0.08028521401214712,permissive_high_CD8,-0.5664091600446992,Fibroblasts
-0.19540975180016942,0.0,0.07957572330687065,permissive_high_CD8,-0.7602973832976441,Fibroblasts
-0.2465846356617878,0.0,0.0804892654378905,permissive_high_CD8,-0.966521261365078,Fibroblasts
-0.18711062511765814,0.0,-0.009251819641483939,permissive_high_CD8,-0.7268536710721628,DCs
-0.07143975070202686,0.0,-0.009711198382049435,permissive_high_CD8,-0.26072469331138687,Fibroblasts
-0.11565700975287871,0.0,-0.011772863874551256,permissive_high_CD8,-0.43891082586103164,Fibroblasts
-0.16130462707764653,0.0,-0.010455543888725249,permissive_high_CD8,-0.6228609974863767,Fibroblasts
-0.19270503951842527,-0.01595821843938789,-0.011772863874551256,intermediate,-0.5107776856235631,Fibroblasts
-0.087384335008491,0.0,-0.010455543888725249,permissive_high_CD8,-0.3249779707344222,Fibroblasts
0.5211125535658565,0.0,-0.009617110302573756,intermediate,2.1271348370463734,Fibroblasts
-0.19457632470801173,0.3559034813431754,0.0804892654378905,permissive_high_CD8,-6.078697661959561,DCs
-0.23646577582301864,0.0,0.08093670059812715,permissive_high_CD8,-0.9257444122526394,Fibroblasts
-0.15938344442222013,-0.01819509822830015,-0.013122970887363037,intermediate,-0.34305110823970913,MAST cells
-0.013873001657815343,0.0,-0.007031503540945118,intermediate,-0.028742960480608926,Epithelial cells
-0.08514941265305362,0.0,-0.013511492269724487,permissive_high_CD8,-0.3159717098396403,Pericytes
-0.2963564462929844,-0.014026223889246642,-0.013486750148407686,intermediate,-0.9573595263283796,Pericytes
-0.4184637108002322,-0.04689200397445123,-0.013508095207162877,intermediate,-0.9579898647340476,Pericytes
-0.03959447408775728,0.7302980422973633,0.04541432230096114,intermediate,-11.052406325664007,NK cells
-0.025388621900933814,0.0,0.04204520329772702,intermediate,-0.07514845641313327,Fibroblasts
0.0,0.0,0.04204520329772702,intermediate,0.02716228026301206,MAST cells
-0.04819041945369368,0.0,0.04204520329772702,intermediate,-0.16703484214395484,Schwann cells
-0.0219954295330737,-0.022173530177066202,0.04204520329772702,intermediate,0.2700820741102277,MAST cells
-0.012694310950466907,0.0,0.04541432230096114,intermediate,-0.023993088075060603,Macrophages
-0.012585943482487077,0.0,0.04541432230096114,intermediate,-0.023556390269090396,MAST cells
-0.013346767808538842,-0.026909677605879933,0.04541432230096114,intermediate,0.37575307303607997,Fibroblasts
-0.040521885975297676,0.0,-0.008621385512564346,intermediate,-0.1361322861697954,Fibroblasts
0.20530935511531595,-0.02472952599467536,-0.005495251914267598,hypoxic_CD8_low,1.224291256003794,Pericytes
-0.02586084580325697,0.0,0.04376568723464945,intermediate,-0.07705141812217306,MAST cells
-0.02701459065019845,0.0,0.045243922579787196,intermediate,-0.08170076402552623,Fibroblasts
-0.025388621900933814,0.0,-0.006796050039541062,intermediate,-0.07514845641313327,Macrophages
0.0,0.0,0.04376568723464945,intermediate,0.02716228026301206,Fibroblasts
0.39306437059578647,-0.01487986375445779,-0.0118521418809569,intermediate,1.8336237887356863,MAST cells
0.1206360705885064,0.0,-0.014436521414320476,hypoxic_low_neighbor_CD8,0.5132999406600733,Fibroblasts
-0.13670119320053653,-0.017226008751131745,-0.013143968324751345,intermediate,-0.2661370841437354,MAST cells
-0.030830503946327303,-0.053852359292960846,-0.014734487816711505,intermediate,0.7081662688221306,Schwann cells
0.019182793107856255,0.0,-0.015287512420160083,intermediate,0.10446484918656085,MAST cells
-0.03959447408775728,0.0,-0.013067647223530512,intermediate,-0.132395013867789,Fibroblasts
0.6916010226590567,0.0,-0.010671163795769777,intermediate,2.8141670413060296,Monocytes
-0.20482865299086972,0.0,-0.020753888980901514,permissive_high_CD8,-0.7982535481994076,Fibroblasts
0.0,0.0,-0.012290979493484806,intermediate,0.02716228026301206,Macrophages
-0.036609297296608306,0.0,-0.008795477729416409,intermediate,-0.12036538745471656,MAST cells
-0.2690993466051707,-0.028349584896072203,-0.010830107069852058,intermediate,-0.6333446590863563,Endothelial cells
-0.1342589323779187,0.0,-0.012638351566556655,permissive_high_CD8,-0.5138726105056127,Pericytes
0.10018676351830663,-0.015613084862589353,-0.019148341460749205,hypoxic_low_neighbor_CD8,0.6643531553758187,Schwann cells
-0.15973395228864679,-0.018242619780876376,-0.02039201809809758,intermediate,-0.34375299928771996,Pericytes
-0.13532664593922566,0.0,-0.02229910907153337,permissive_high_CD8,-0.5181752686586497,Schwann cells
-0.21211944334957017,0.0,-0.021740720017879762,permissive_high_CD8,-0.827633879887381,Fibroblasts
-0.2959450105107932,0.0,-0.02174072001787976,permissive_high_CD8,-1.1654330547313287,Pericytes
-0.161838638734626,-0.04146096387855437,-0.019148341460749205,intermediate,-0.005054839979837689,MAST cells
0.1125316952605803,-0.015098426023475555,-0.018313948892549625,hypoxic_low_neighbor_CD8,0.7064050016858099,Fibroblasts
0.27413358458553455,0.0,-0.02174072001787976,hypoxic_low_neighbor_CD8,1.1318622161656713,Fibroblasts
-0.3737567457329317,-0.09764984841288825,-0.019850747691474945,intermediate,-0.018857678157177205,Schwann cells
-0.2289751964400571,-0.05829470553378827,-0.019850747691474945,intermediate,-0.02388904276599435,Schwann cells
-0.1283525060937108,-0.017888443672705277,0.013493371478155254,intermediate,-0.22258838732640526,Fibroblasts
-0.11204359521827545,0.0,-0.005689625476214246,permissive_high_CD8,-0.42434953520122026,Fibroblasts
-0.16226671211212035,0.0,-0.0044836111236036865,permissive_high_CD8,-0.626737995182675,Fibroblasts
0.234723563653877,-0.040176136773607506,0.0446287793436764,hypoxic_CD8_low,1.5737945580153339,T cells
-0.09476888419155136,0.0,0.014233520045632959,permissive_high_CD8,-0.354736130507259,Fibroblasts
-0.14478087520982366,0.0,0.023024942814490485,permissive_high_CD8,-0.556273798195004,Fibroblasts
-0.021298414253326785,0.0,-0.0067087546051272495,intermediate,-0.0586657910988065,Fibroblasts
0.36243563531393025,0.3961890803443061,0.04432405942132367,intermediate,-4.436441243757747,DCs
-0.15692524737622365,0.0,-0.0053391188262445245,permissive_high_CD8,-0.6052130304094141,Fibroblasts
-0.1667016883451776,0.0,-0.013376317493989561,permissive_high_CD8,-0.6446100044361034,Fibroblasts
0.05656003616899849,-0.013151946820710836,0.04432405942132367,intermediate,0.451745798634568,Fibroblasts
-0.06657172206893983,0.0,0.046284926429218866,intermediate,-0.2411075751568412,Fibroblasts
0.21688888350643792,-0.024499366157933286,-0.010078047032941852,hypoxic_CD8_low,1.267512750762589,Epithelial cells
0.2798717333131047,-0.018090215289158378,-0.009412446002728543,hypoxic_CD8_low,1.4254853702419144,Fibroblasts
0.3205320662762746,-0.019357522972199597,-0.014924538762945878,hypoxic_low_neighbor_CD8,1.6082876655057543,Epithelial cells
0.05904731836663679,-0.009382137885460487,-0.013302719898712944,intermediate,0.4053997614102954,Epithelial cells
0.5465861937128397,-0.024514487880444236,-0.012941692650881213,hypoxic_low_neighbor_CD8,2.5963487742014397,Epithelial cells
0.2528184886917053,-0.011386142568549647,-0.014318389480734967,hypoxic_low_neighbor_CD8,1.2162218014712205,DCs
0.48427944872752726,-0.017699813070567512,-0.014210136506238927,hypoxic_low_neighbor_CD8,2.2433672979227706,Epithelial cells
-0.32174373151786834,0.0,-0.014149880570116954,permissive_high_CD8,-1.2693964034249072,Fibroblasts
0.20682742222245915,-0.02694068939579643,-0.014049125007289625,hypoxic_low_neighbor_CD8,1.2634718596264751,Epithelial cells
-0.28542919235535896,-0.013526401056451837,-0.015013336588335742,intermediate,-0.9207987794512127,Epithelial cells
0.2698006577281109,0.0,-0.014008206523220872,hypoxic_low_neighbor_CD8,1.1144014441522614,DCs
-0.22972805528755647,-0.01534720567556528,-0.012969893032079122,intermediate,-0.669108911278825,Fibroblasts
0.19330114054392616,-0.030037876082818035,-0.008912481727548615,hypoxic_CD8_low,1.2552754851861598,Macrophages
0.5341617438687857,-0.01661148534612617,-0.012274612074117109,hypoxic_low_neighbor_CD8,2.4281087560499306,Fibroblasts
-0.1107534385589232,0.0,-0.009394423102560313,permissive_high_CD8,-0.4191504787592828,Macrophages
-0.030616817225414095,-0.011303723099743307,0.01432053941642886,intermediate,0.07280550748556595,Epithelial cells
0.15528152697536357,-0.021235574112247357,0.012582892044531852,hypoxic_CD8_low,0.9704453529757564,Epithelial cells
0.14374841360681984,-0.011736101467117125,0.04582673701447764,intermediate,0.7819255091404627,Epithelial cells
0.007864681113675887,-0.02170143822426738,0.04507315547449477,intermediate,0.38335285418871656,Epithelial cells
0.3646344678947724,-0.01964067544049097,0.012786635617513423,hypoxic_CD8_low,1.7902448734697367,Epithelial cells
-0.11807188164278207,0.0,0.045586763598747686,permissive_high_CD8,-0.44864224503764477,Epithelial cells
0.29668285377533077,-0.009535893737545863,0.04558676359874768,intermediate,1.3653194185814015,Epithelial cells
0.6743011857611108,-0.04233956047397876,-0.012714235599224383,hypoxic_low_neighbor_CD8,3.377547987505218,Epithelial cells
-0.02821063851735678,0.0,-0.012672361574674908,intermediate,-0.08652058208679722,Epithelial cells
-0.05662563622715966,-0.009638863536510391,-0.011479798663161223,intermediate,-0.05689882793301651,Epithelial cells
0.007438952185542691,-0.01115551940825304,0.020795773501731517,intermediate,0.2239460872838941,Epithelial cells
-0.1926248992782042,-0.017872408816688938,0.02127832446896989,intermediate,-0.48183220349371103,Epithelial cells
0.37700936018702497,-0.04410576916899276,0.020723510020889967,hypoxic_CD8_low,2.2059350661345074,Epithelial cells
-0.0893912514050802,-0.011067287159352167,0.02127832446896989,intermediate,-0.16757832192633104,Epithelial cells
-0.14796613976658587,0.0,0.020057908990676665,permissive_high_CD8,-0.5691097356705537,Epithelial cells
-0.19328335681593561,0.45117901511627767,0.020693635239846388,permissive_high_CD8,-7.498124680047561,T cells
0.318942370663685,0.0,-0.009024222949255816,intermediate,1.3124320765979447,Fibroblasts
-0.04479154334010848,0.0,-0.008905997514402979,intermediate,-0.15333809560888337,Fibroblasts
0.33862844528443364,-0.014463173715691818,-0.009374394590555415,intermediate,1.6080279195174467,Epithelial cells
0.13105887773046532,-0.011619872892433816,-0.008821712203032251,intermediate,0.7290514389920273,Epithelial cells
-0.14832010230864864,0.0,0.023367824767514995,permissive_high_CD8,-0.5705361292958363,Fibroblasts
-0.18175140035200307,-0.009984015453199626,0.0227423489084843,intermediate,-0.5559680039989233,Epithelial cells
-0.2269704428063818,0.0,0.023367824767515,permissive_high_CD8,-0.8874802433777738,Epithelial cells
-0.016894137524217923,-0.013590793377957364,0.0180572992966332,intermediate,0.1623031208792172,Epithelial cells
-0.011669226439602387,-0.025873439032056553,0.01679553154759329,intermediate,0.36701852392418405,Epithelial cells
-0.09652431135675514,0.0,0.0180572992966332,permissive_high_CD8,-0.3618101279520243,DCs
0.6469836579747946,-0.017493108988773483,-0.013648936816072656,hypoxic_low_neighbor_CD8,2.8959397857695492,Epithelial cells
-0.1635547936202053,0.0,-0.014388540849672801,permissive_high_CD8,-0.6319286892071603,Epithelial cells
-0.05849762996995306,-0.02109721218526122,-0.012178669670815408,intermediate,0.10689200041413599,Epithelial cells
-0.004849400386274072,-0.019912368372866984,-0.012686855879872432,intermediate,0.3053661847520178,Epithelial cells
-0.11211701665058672,0.0,-0.012453006057121492,permissive_high_CD8,-0.4246454079294406,Monocytes
0.609168380139822,-0.01892651623559867,0.01574127998357771,hypoxic_CD8_low,2.7649857464121164,Epithelial cells
-0.17565806922184893,-0.011607186514356358,-0.01441885269926949,intermediate,-0.5071422017327868,Epithelial cells
0.2951334140386926,0.0,-0.01278386901103855,hypoxic_low_neighbor_CD8,1.2164870544026372,Fibroblasts
-0.25316454416298007,-0.028052447778493285,-0.009801190616952584,intermediate,-0.5735738367556451,Fibroblasts
0.3385695855780299,0.0,0.018793667143905943,intermediate,1.3915255707081466,Fibroblasts
-0.12447726391405466,-0.017727826770983245,0.021594858098055118,intermediate,-0.20937366181620456,Monocytes
-0.2776125700598261,-0.010093541280460744,0.016021719113302867,intermediate,-0.9406303732638306,Epithelial cells
0.047249339191789086,-0.014601807845266242,0.01617111965962517,intermediate,0.4359051769178598,Macrophages
0.1770116861565525,-0.042483661821496634,0.017328925582489916,hypoxic_CD8_low,1.3757319829280799,Epithelial cells
-0.17895351547792734,0.41483865661552455,0.01622018047601034,permissive_high_CD8,-6.896987825463552,DCs
-0.05429887580105579,0.0,-0.008080207963704098,intermediate,-0.19165061968758382,Fibroblasts
0.31853345072413064,0.0,-0.008978380043657846,intermediate,1.3107842163706105,NK cells
-0.047328248081437076,0.0,-0.008978380043657846,intermediate,-0.16356047521766603,Fibroblasts
-0.15574734852495922,0.0,-0.004114507502711575,permissive_high_CD8,-0.6004663490151626,NK cells
-0.0675097857134409,0.0,-0.00596249782443851,intermediate,-0.2448877717698163,NK cells
-0.1516941484198513,0.0,-0.00657308638980675,permissive_high_CD8,-0.584132816211865,NK cells
0.1979159858810854,-0.012101646377007488,-0.0053493594994590025,intermediate,1.0056752091619958,NK cells
0.024202806643214114,0.0,-0.005158388083762969,intermediate,0.1246944341136495,NK cells
0.21939422136329745,-0.03835576941609865,-0.010203468139998504,hypoxic_CD8_low,1.4848009590193811,NK cells
0.42729349595954613,0.0,-0.00750482870660491,intermediate,1.749064025033915,NK cells
-0.15414874333454423,0.0,-0.008978380043657844,permissive_high_CD8,-0.5940243107145468,NK cells
0.015103849301855266,-0.02771985482590401,-0.00939229985802119,intermediate,0.5025174278390752,NK cells
0.2441012596030791,0.0,-0.007436343822402028,intermediate,1.0108383455104701,Schwann cells
-0.19862715020237198,-0.016018838534953624,-0.00939229985802119,intermediate,-0.5337360887916421,NK cells
-0.03635351724892735,0.0,-0.006907301747042802,intermediate,-0.11933464836192889,Epithelial cells
-0.33258424322289154,0.0,-0.00408910430877315,permissive_high_CD8,-1.3130813557951069,NK cells
-0.26787983844557917,0.0,-0.004089104308773148,permissive_high_CD8,-1.0523363911889405,NK cells
-0.34545876989402924,-0.012167524229659726,-0.004089104308773149,intermediate,-1.183024219765708,NK cells
-0.0440191899437502,0.0,-0.006646155603179727,intermediate,-0.15022567598783917,NK cells
0.19186640599645283,-0.024855283590463493,-0.007130389721930913,hypoxic_CD8_low,1.1719994653889139,NK cells
0.038495650253142666,0.0,0.014575597746187401,intermediate,0.18229154846805018,Fibroblasts
-0.0434390991088377,0.0,-0.012437093338342168,intermediate,-0.14788803352380314,Fibroblasts
-0.19969744088659325,0.0,0.016810093220607652,permissive_high_CD8,-0.7775758567327916,Pericytes
-0.14141393761079474,-0.018527513573526853,-0.00898827431816482,intermediate,-0.2656672795094277,Endothelial cells
0.22001649912102633,-0.034791842163333045,0.012367566540995929,hypoxic_CD8_low,1.4340178619320543,Macrophages
-0.48325859590706577,-0.03486528666878519,0.013393764893392663,intermediate,-1.3989327212676255,Epithelial cells
-0.195918929624749,0.4453683959113227,0.013393764893392663,permissive_high_CD8,-7.421860364562422,DCs
0.08713921964407922,-0.01878297280686104,0.012367566540995929,hypoxic_CD8_low,0.6591730807106758,Epithelial cells
-0.029715255561123866,-0.031853361168371036,-0.013532049356684511,intermediate,0.3837135393568213,Epithelial cells
-0.2551873237732424,0.0,0.015638361078703634,permissive_high_CD8,-1.001188261468997,Epithelial cells
0.1057555237448359,-0.029790142769755622,0.017336126073830702,hypoxic_CD8_low,0.8987809926086392,Epithelial cells
-0.25760647570751755,0.0,0.016810093220607652,permissive_high_CD8,-1.0109369283124743,Epithelial cells
-0.5548673576140499,-0.009763742748059724,-0.011766934298310687,intermediate,-2.0628395084394238,Epithelial cells
-0.196881190361268,0.0,-0.01255992864951109,permissive_high_CD8,-0.7662269671776635,Epithelial cells
-0.12704925077507295,-0.024605878451575153,-0.01255992864951109,intermediate,-0.11689198848286553,Epithelial cells
-0.080906787550593,0.0,-0.011369835381244035,permissive_high_CD8,-0.29887483465802644,Epithelial cells
-0.026620269779220607,-0.024739456562860775,-0.015571807495817318,intermediate,0.2898127751527894,Epithelial cells
-0.3562226506122145,-0.010198169391647523,-0.011346233228922857,intermediate,-1.255847763583909,Epithelial cells
-0.22508035749795446,-0.01008530666953639,-0.011469061075434512,intermediate,-0.7290598803534429,Epithelial cells
0.033480724656438254,-0.0169404431393272,-0.01052405000859105,intermediate,0.415389774269438,Epithelial cells
0.4019428697455839,0.0,-0.01844270644400284,hypoxic_low_neighbor_CD8,1.6469064028804776,Epithelial cells
-0.2148192931849315,0.0,-0.015953340350214125,permissive_high_CD8,-0.8385136994635917,Epithelial cells
0.17009689625966024,-0.011683983358777003,-0.018442706444002834,hypoxic_low_neighbor_CD8,0.887324967710885,Epithelial cells
-0.2810407891330949,-0.011795643370161172,-0.01652976453062976,intermediate,-0.928994148504253,Epithelial cells
-0.11753079977380224,0.0,0.03171707810553355,permissive_high_CD8,-0.44646180039462946,Fibroblasts
-0.10473777587155261,0.0,0.03130592459019272,permissive_high_CD8,-0.39490863989376146,Fibroblasts
-0.06833294788038874,0.0,-0.00761898828421527,permissive_high_CD8,-0.2482049399104497,Fibroblasts
-0.2671987388028677,-0.013463089823240211,-0.00764270028282917,intermediate,-0.848280617159105,Macrophages
0.19162176316042984,-0.017170963982338847,-0.014456932554360823,hypoxic_low_neighbor_CD8,1.0561113995897269,NK cells
0.15453728111872234,-0.03195663984970525,-0.014456932554360825,hypoxic_low_neighbor_CD8,1.1277563102498032,NK cells
0.05204638180483773,-0.013526401056451837,0.05614321086338425,intermediate,0.4391558780824003,NK cells
-0.1792191654802805,-0.01769647327994528,0.07676397617618652,intermediate,-0.4304406841464947,NK cells
-0.08669569286476658,-0.011994418827628316,0.05614321086338425,intermediate,-0.14285256730445098,NK cells
-0.047135673852330695,-0.012820344222219367,0.05876604908319549,intermediate,0.028915789606335743,NK cells
-0.13536093225440826,-0.01782341042028265,0.02130168391982911,intermediate,-0.25180328163377486,NK cells
0.17475987988782218,0.0,0.1142894633689694,intermediate,0.73140735991029,NK cells
0.549546551991658,0.0,0.058321869800537315,intermediate,2.241717792235647,NK cells
-0.024770746269379276,0.0,0.025658538005827146,intermediate,-0.0726585492694825,Fibroblasts
-0.09637912305962129,0.543457368446587,0.05832186980053732,permissive_high_CD8,-8.48744238488891,DCs
-0.14524864288697759,-0.017063133147081383,0.06127325358428704,intermediate,-0.3030169338932143,Fibroblasts
0.18591037859399634,0.0,0.11369987307754588,intermediate,0.7763414938458197,DCs
-0.17160466205642885,0.0,0.04824838498879594,permissive_high_CD8,-0.6643679438098604,Fibroblasts
-0.07617018979237261,0.0,0.07866507360899104,permissive_high_CD8,-0.2797873549250567,DCs
-0.055476437610794745,-0.022370255427804554,0.07752753139918561,intermediate,0.13810234161989185,Fibroblasts
-0.14803369361233998,0.0,0.04724944930220316,permissive_high_CD8,-0.5693819632751624,Endothelial cells
0.12644136765874534,0.7837236104545645,0.07607225373617481,intermediate,-11.182179882480366,NK cells
-0.4657042476546812,-0.011122175556445412,0.07507355318628593,intermediate,-1.683218779311742,NK cells
0.3211858588528921,-0.01085071911213369,0.0755964156193861,intermediate,1.4837216483650773,NK cells
-0.13114745358386673,0.488935871699132,0.07527262581433289,permissive_high_CD8,-7.812301510026659,NK cells
0.0938397377849104,0.0,0.072143482607797,intermediate,0.40531642898887754,NK cells
-0.14594227434640908,-0.015486735564011794,-0.015731121364392732,intermediate,-0.32938370185560645,Endothelial cells
-0.09555006984726014,-0.017513408352006304,0.018993481840395933,intermediate,-0.09600939216955895,NK cells
-0.3735852222366027,-0.03889229809224364,0.07124172253736691,intermediate,-0.8967572379526589,NK cells
-0.2316337187127416,0.0,0.07105968605901801,permissive_high_CD8,-0.9062722516705218,Fibroblasts
-0.05407920132679154,0.0,-0.005369771797808237,intermediate,-0.1907653783626069,Macrophages
0.0358487556737111,-0.013645306289919957,0.04887036642296808,intermediate,0.3756608639463692,Fibroblasts
-0.11567754630582879,0.0,0.07979830349916317,permissive_high_CD8,-0.43899358379367204,Fibroblasts
0.18997699405294824,-0.01603925662484729,-0.005584566216719778,intermediate,1.0325611201135363,Fibroblasts
-0.12213793289230529,-0.012212110434466529,-0.005158388083762969,intermediate,-0.28242214063250004,NK cells
1.1480720857061055,-0.019633071142652257,-0.01641158349761757,hypoxic_low_neighbor_CD8,4.9472178395845425,Epithelial cells
0.544170546244426,-0.03856988281373553,-0.015831570168416673,hypoxic_low_neighbor_CD8,2.7967819457653262,Epithelial cells
0.140551025608936,-0.0091970748746926,-0.005084980708545681,intermediate,0.7310751225922469,Epithelial cells
-0.1839262567849523,0.0,-0.007444340207798761,permissive_high_CD8,-0.7140213451886007,NK cells
0.3926081422821106,0.4143679141998291,0.0372029661578134,intermediate,-4.5866772039102885,Epithelial cells
0.15350882786823566,0.29381206150372396,0.03802214240827631,intermediate,-3.7475471678738046,Endothelial cells
0.5022110872000576,-0.02246911323022263,-0.010617883710565193,hypoxic_CD8_low,2.386942441849376,Epithelial cells
-0.2875972579281972,-0.013942165413366155,0.019970960240972547,intermediate,-0.9233187743641345,Monocytes
-0.2971031464726092,0.0,-0.009612350489607383,permissive_high_CD8,-1.1701000958920063,Fibroblasts
-0.10483140591157963,-0.038277467735383194,-0.006765560325179827,intermediate,0.17706993372781027,Schwann cells
0.014435661844460379,-0.014490502083349807,0.03792202777636607,intermediate,0.30200871442392396,Schwann cells
0.06271361490808813,-0.026246321828741776,0.00879955928102929,intermediate,0.6723411730812244,Epithelial cells
0.0055160553579828575,0.0,0.03642408689435123,intermediate,0.0493908080430436,Epithelial cells
-0.2511844558409419,-0.030843983777621497,0.036004480941664925,intermediate,-0.5238531821578121,Epithelial cells
-0.19127409908187437,0.0,0.00879955928102929,permissive_high_CD8,-0.7436315840314812,Schwann cells
-0.023083531712911214,0.0,-0.010787911485885641,intermediate,-0.06585943410377852,Epithelial cells
0.3774154100073389,-0.015114521690708423,0.046475662400758615,intermediate,1.774070608549061,DCs
0.34755372426596026,0.0,0.02021157662538525,intermediate,1.4277297353591238,Epithelial cells
-0.3637760269594001,-0.011632604637609319,-0.007569226884005363,intermediate,-1.2648374164051854,Epithelial cells
-0.2369865969002965,0.0,0.05078568306975966,permissive_high_CD8,-0.9278432102220873,Endothelial cells
-0.27571716581482486,-0.009187616317378364,-0.007359348585409352,intermediate,-0.9465384261294917,Epithelial cells
0.5014690376189819,-0.013219984919436064,0.020013472536618712,intermediate,2.2456516382583724,DCs
-0.05062573070985721,-0.02071885830960293,0.02264423043603821,intermediate,0.13295662175845738,Epithelial cells
-0.1751582593802946,0.0,-0.00480672988170876,permissive_high_CD8,-0.6786881838557257,Epithelial cells
-0.42949192399480735,0.0,-0.00743151805017963,permissive_high_CD8,-1.703598661068252,Epithelial cells
-0.1291912032897214,0.0,0.051842646556630595,permissive_high_CD8,-0.49345074206739215,Pericytes
0.0499250946274723,-0.012581416952465228,-0.005998223802821357,intermediate,0.4164773705291464,Epithelial cells
-0.17597912401559362,0.0,0.023148699760580014,permissive_high_CD8,-0.6819960934333522,Epithelial cells
0.49134936007151164,0.0,0.02264423043603821,intermediate,2.0071955089440836,Epithelial cells
-0.10711347314727354,0.0,0.05286295220561964,permissive_high_CD8,-0.4044821937222022,Epithelial cells
-0.2500344701560147,0.0,-0.004707720340826573,permissive_high_CD8,-0.9804233593163713,Epithelial cells
-0.09000988849195611,0.0,0.05217369780009218,permissive_high_CD8,-0.33555839184290526,Fibroblasts
-0.1610186933034874,0.0,0.05240582560363211,permissive_high_CD8,-0.6217087453007731,DCs
-0.19363155135189195,0.0,0.08602850240895302,permissive_high_CD8,-0.7531316143744231,DCs
-0.2679771208858873,0.4193314446343316,0.08686726353911736,permissive_high_CD8,-7.322913813679863,DCs
-0.005420442805232739,-0.014355772419979698,0.08686726353911736,intermediate,0.21997825575735494,DCs
-0.2591853007734061,0.42405451668633354,0.08686726353911736,permissive_high_CD8,-7.358107873180497,DCs
-0.2941640524500345,-0.030251487546604172,-0.012468372890662889,intermediate,-0.7059112851380116,Schwann cells
-0.13096863773453188,-0.03520775613514518,-0.0078075618718156286,intermediate,0.025841629792213605,Schwann cells
-0.15170759944073167,-0.017665366894803067,0.020366465518063096,intermediate,-0.32004006294345166,DCs
-0.12239383286740407,0.4920689794752333,0.08380038175183913,permissive_high_CD8,-7.823875063736098,DCs
-0.26334396423584966,0.0,0.022547612116601015,permissive_high_CD8,-1.034057784587978,Fibroblasts
0.20447848264472074,0.0,-0.01343483738249291,hypoxic_low_neighbor_CD8,0.8511669968416739,Schwann cells
0.010056237379709843,0.0,-0.009457632983744387,intermediate,0.06768677420848537,Schwann cells
-0.13841003969491247,0.0,0.08173060076117675,permissive_high_CD8,-0.5306006885116012,Monocytes
0.5406198492011871,-0.026940867003159,-0.014856878401618579,hypoxic_low_neighbor_CD8,2.6085868745214134,Epithelial cells
0.10640940991750203,0.0,-0.00714185395543231,intermediate,0.45596952944785774,Schwann cells
0.05129183607407842,0.0,-0.011253690783954988,intermediate,0.23385745082750944,Schwann cells
-0.19024447121294627,-0.035677898267985356,-0.01548596496684992,intermediate,-0.2059974009505275,Epithelial cells
0.4559426058727096,0.0,-0.014220918302754801,hypoxic_low_neighbor_CD8,1.8645138336831903,Epithelial cells
-0.13963926077846542,0.0,-0.013495185983325785,permissive_high_CD8,-0.5355541875666849,Fibroblasts
-0.2628350621725182,-0.02873806625242658,-0.01595601597939104,intermediate,-0.6022920378204348,Fibroblasts
-0.26409121593797064,0.3296107331000091,0.003025665889527781,permissive_high_CD8,-5.965677269216002,Monocytes
-0.2795223864206827,-0.025570514231075644,-0.0017226029200288636,intermediate,-0.7169022174213149,Fibroblasts
0.4099118795739599,-0.015381619997835352,0.003740563516335112,intermediate,1.9090183283368047,DCs
-0.21753897915882278,0.0,-0.018294391876611953,permissive_high_CD8,-0.8494734544515676,Fibroblasts
-0.3684433780042043,0.0,-0.013233212613866396,permissive_high_CD8,-1.457586028414236,Schwann cells
0.42812982045981784,-0.03271719897806886,-0.016762770525357018,hypoxic_low_neighbor_CD8,2.241648448823304,Epithelial cells
-0.3927449299149724,-0.02378050035793289,-0.01676277052535702,intermediate,-1.199930689016881,Fibroblasts
-0.20526311220414187,0.0,-0.013678675560172594,permissive_high_CD8,-0.8000043262581402,Endothelial cells
-0.21490450939500189,-0.013484075484488175,0.005326150993407802,intermediate,-0.6372322203363416,Fibroblasts
-0.2967065405175389,-0.013526401056451837,-0.011529303755354785,intermediate,-0.9662440896664777,Fibroblasts
-0.09688159069383001,-0.01897569996142677,-0.009466699324799615,intermediate,-0.07950976198031248,Schwann cells
0.18840790369424473,0.0,-0.009466699324799615,intermediate,0.7864059878491031,Schwann cells
-0.18037255222060117,0.0,-0.009794103954485071,permissive_high_CD8,-0.6997006729864292,Fibroblasts
-0.34219038630106363,-0.024887061794759774,0.010444745117979153,intermediate,-0.9796604418375541,Schwann cells
-0.09109483282250094,0.0,0.010444745117979156,permissive_high_CD8,-0.33993048632458983,Fibroblasts
0.06349217795942683,-0.04302766931201765,0.0030256658895277755,intermediate,0.9264069958419463,Fibroblasts
-0.10003434175468354,-0.04087902949406551,-0.018761492998172077,intermediate,0.23530175110600038,Fibroblasts
-0.3169598253855265,-0.012491611333993765,0.003911190587803242,intermediate,-1.0633335312792844,Pericytes
-0.3896558524135605,-0.012864675599071179,0.03829452562839808,intermediate,-1.3507046699393908,Epithelial cells
-0.2159512531326478,0.0,0.0399136157742968,permissive_high_CD8,-0.8430752568648023,Epithelial cells
0.2570375649325819,0.0,0.01857173085695336,intermediate,1.06296889963402,DCs
-0.2022476349489756,-0.019152083377606474,-0.009466699324799615,intermediate,-0.5014750413164604,Schwann cells
-0.1891718944871282,0.0,-0.009466699324799615,permissive_high_CD8,-0.7351601474339499,Schwann cells
-0.15138964743978048,0.0,-0.00976184711121676,permissive_high_CD8,-0.5829057421425746,Fibroblasts
0.6920957421681968,0.0,-0.007662515859050468,intermediate,2.8161606555173755,Schwann cells
0.05459479155789421,0.0,-0.006375731340786705,intermediate,0.2471676576625357,Schwann cells
0.043429167155759896,-0.029491283632965704,0.01938855857179876,intermediate,0.6431502702097089,Schwann cells
-0.2255344773870874,0.0,0.02177849794045473,permissive_high_CD8,-0.8816936087009197,Schwann cells
-0.17246059433044678,-0.016830813064266315,-0.01049518495114387,intermediate,-0.41614913927918956,Schwann cells
0.1477329558636769,-0.02466744256888324,-0.01227921873290851,hypoxic_low_neighbor_CD8,0.9913423129306418,Endothelial cells
-0.06489504006014292,0.0,-0.01049518495114387,intermediate,-0.2343509039140692,Schwann cells
-0.10883273082564633,-0.019947994093180668,-0.01049518495114387,intermediate,-0.11313177626880622,Schwann cells
0.7023509228564648,-0.013505178907139582,-0.012451112222092355,hypoxic_low_neighbor_CD8,3.0594272864726744,Schwann cells
-0.26370698859892694,-0.027468389827712828,-0.01305731761793376,intermediate,-0.6247909518607438,Schwann cells
0.7807114373249222,-0.012396068225505381,-0.013204783016209982,hypoxic_low_neighbor_CD8,3.358619136891444,Macrophages
0.05639996227011626,-0.014673050598576966,-0.012811388177910311,intermediate,0.47384551787900886,DCs
-0.152222445690967,0.0,-0.013501897932868578,permissive_high_CD8,-0.5862617416495176,Fibroblasts
-0.2448767696518496,-0.027650441235376272,-0.012578136428647678,intermediate,-0.5461870007146812,Schwann cells
-0.020650412184167577,0.0,-0.012878515009294477,intermediate,-0.056054480830685705,Endothelial cells
-0.13301510791701965,0.0,-0.01016955221230202,permissive_high_CD8,-0.5088602629513836,DCs
-0.24911229390217118,0.0,0.06245877950476428,permissive_high_CD8,-0.9767071855026005,Macrophages
-0.12177235247140908,-0.03467693019975052,0.06237407836050336,intermediate,0.054963358082034175,Monocytes
-0.27614345320736067,0.0,0.056522806682120494,permissive_high_CD8,-1.0856369979404492,Fibroblasts
0.35928869774063904,0.0,0.08580418684829709,intermediate,1.4750191780769757,Fibroblasts
0.09100931284418068,-0.009774986066316304,-0.01117206025220122,intermediate,0.5400739750323781,Epithelial cells
-0.45777522320728226,-0.010986510558649597,-0.010661370551537886,intermediate,-1.6532950738107197,Epithelial cells
-0.21054261372271313,-0.021930555583011765,-0.012053392580163625,intermediate,-0.49335605828052037,Epithelial cells
-0.05166642828638773,-0.012606292601056427,-0.011172060252201218,intermediate,0.007457140380172839,DCs
-0.015454693491679106,-0.0394036528552592,0.02205794944740303,intermediate,0.5540786786050729,Epithelial cells
-0.2894550614567646,0.0,-0.011722885162724175,permissive_high_CD8,-1.1392799428649498,Epithelial cells
0.351672876312072,-0.009085330885914173,-0.010970509293590964,intermediate,1.5801803097762874,Epithelial cells
-0.15199579890952053,-0.01196634721176827,-0.010358001539099071,intermediate,-0.4064178307622635,Epithelial cells
-0.18961385143808573,-0.010126676636668835,-0.009528414086613419,intermediate,-0.5855188203706353,Epithelial cells
-0.19955514808256464,0.0,0.053051101923668145,permissive_high_CD8,-0.7770024470510576,Fibroblasts
0.1959975120054191,-0.02088033042938603,0.02112838520176462,hypoxic_CD8_low,1.1292102042744987,Epithelial cells
-0.16039116315573573,0.0,0.04833847344198726,permissive_high_CD8,-0.6191799325139475,Epithelial cells
0.05220331149886409,-0.020473254354376542,0.05054650464717872,intermediate,0.5436632815149296,Epithelial cells
0.10230160357961696,0.0,0.05361530742539443,intermediate,0.4394159451614848,Epithelial cells
-0.6083478812711784,-0.008609340258455469,0.05142150578746948,intermediate,-2.2956161901486505,Epithelial cells
-0.08395089298845773,0.0,0.05524602930912963,permissive_high_CD8,-0.31114193096136483,Monocytes
-0.08367055869964232,0.0,0.05524602930912963,permissive_high_CD8,-0.3100122435086074,Macrophages
-0.15832156445606646,0.478218502468533,0.0545568286362644,permissive_high_CD8,-7.761552550503901,DCs
-0.16660103548961472,0.4533221986558702,0.0545568286362644,permissive_high_CD8,-7.422647236700866,DCs
-0.33153169317896586,-0.012167524229659726,-0.007849607390430774,intermediate,-1.1269010680632157,Schwann cells
-0.29171235111343813,-0.014251306472037003,-0.013983946451452256,intermediate,-0.9352791941222239,Schwann cells
-0.31836804615924635,0.0,-0.012345724002874174,permissive_high_CD8,-1.2557931106910551,Schwann cells
-0.13140903778344273,-0.024073865249572012,-0.014046901633382325,intermediate,-0.14241609601592758,Schwann cells
0.2020615377579348,-0.01745422648997442,-0.011360619682692965,hypoxic_CD8_low,1.1024170385940086,Schwann cells
0.005084371471022031,0.0,0.0353717401692992,intermediate,0.0476512139580035,Epithelial cells
0.21054537420770736,-0.012287643756943675,0.013603416692551008,intermediate,1.0593501375184198,NK cells
-0.25654280329325113,0.40508895450168186,0.06226754817742426,permissive_high_CD8,-7.063870634099172,DCs
0.3657149837677738,-0.009497650239149086,0.03583902777859003,intermediate,1.6429323457453502,Epithelial cells
-0.39642744562233306,-0.027468389827712828,0.0070634243387853535,intermediate,-1.1596261147555023,DCs
-0.10525435328962333,-0.015898526921446023,0.06444404776941123,intermediate,-0.1592626095535383,Fibroblasts
0.2310527443407051,-0.012918578468353642,0.03571445905817272,intermediate,1.1514247194598102,Epithelial cells
-0.38590329334917794,-0.011842638857451527,0.015377117458142735,intermediate,-1.3508649824996604,Macrophages
0.13581529582839416,0.0,-0.013687661527461207,hypoxic_low_neighbor_CD8,0.5744689841207953,Schwann cells
-0.10893495398831654,-0.018302834468331898,-0.012600136511078086,intermediate,-0.1381434808773542,Endothelial cells
-0.1093723266479002,0.0,-0.014714879256028397,permissive_high_CD8,-0.41358489203305865,Schwann cells
-0.2808291270550954,0.0,-0.01522341952150167,permissive_high_CD8,-1.1045192651645812,Schwann cells
-0.28763295368975905,-0.029175432104813426,-0.014353090999258352,intermediate,-0.6956824063653726,Schwann cells
-0.16543959039282127,-0.018376321445109874,-0.015178449852103003,intermediate,-0.3647462889281633,Schwann cells
0.32702112389376836,-0.041068467051394074,-0.02449951216920346,hypoxic_low_neighbor_CD8,1.959076909135034,Macrophages
-0.1480581904032144,0.0,-0.022892683559422873,permissive_high_CD8,-0.5694806801228253,Fibroblasts
-0.07730295021371192,-0.05089855194091797,-0.00167324853669151,intermediate,0.47672447827212283,Endothelial cells
-0.18867817461251254,-0.03187643854241622,-0.02449951216920346,intermediate,-0.25652808229917,Schwann cells
-0.09611170885553322,-0.042358336661026064,-0.02239870162788834,intermediate,0.27322893186069236,Endothelial cells
0.038369503605317906,-0.01341113098237196,-0.02074287713137072,intermediate,0.3823173610277667,Schwann cells
-0.3239319889420965,-0.04084006784415921,-0.020608518577297688,intermediate,-0.6675406472466142,Schwann cells
0.21055082408299886,0.0,-0.019971478870201367,hypoxic_low_neighbor_CD8,0.8756372389967421,Schwann cells
0.0393797872535675,-0.029520652554778436,-0.014541161108596122,intermediate,0.6272712800563742,Endothelial cells
0.08221523350022403,-0.014490502083349807,-0.013771062019543772,hypoxic_low_neighbor_CD8,0.5751459463206934,Schwann cells
-0.1441172545693486,-0.012380382792669752,-0.009237827720590609,intermediate,-0.3684779784365758,Schwann cells
-0.13493318059837003,0.0,-0.013469658206831587,permissive_high_CD8,-0.5165896871711413,Schwann cells
-0.18934954601119322,0.0,-0.013238009750119106,permissive_high_CD8,-0.735876045223505,Fibroblasts
0.04550213411629922,-0.011083664681747376,-0.011191333675513221,intermediate,0.37625816988457056,Schwann cells
-0.1865012233994572,-0.019360337662793364,-0.010321943705220292,intermediate,-0.43490637013940137,DCs
0.2222315384202214,-0.016494739393473637,-0.010614708335454325,hypoxic_CD8_low,1.169350810842829,Endothelial cells
-0.15428849540082323,-0.027054780890584475,-0.010321943705220294,intermediate,-0.19004235600466957,DCs
0.049504657347039516,0.0,-0.01281340961996843,intermediate,0.22665550135389265,Epithelial cells
0.21107937198087395,-0.020464665493984454,-0.013153984414742864,hypoxic_low_neighbor_CD8,1.1837715257035084,Epithelial cells
-0.06300818130194419,-0.012707498874741527,-0.012348079295293522,intermediate,-0.03673438901316431,Schwann cells
-0.15036819641848645,0.0,-0.012827182749183232,permissive_high_CD8,-0.578789512168574,Fibroblasts
0.5480945263521739,-0.01731004792186413,-0.010255946225000296,hypoxic_CD8_low,2.4947003775435377,Schwann cells
-0.26217948576532696,-0.014355772419979698,-0.010350363135498706,intermediate,-0.814705979409544,Epithelial cells
-0.07024752758592966,0.0,-0.011521674746926497,permissive_high_CD8,-0.2559202881819478,Schwann cells
-0.18636986912493725,0.0,-0.005145777446216578,permissive_high_CD8,-0.72386858225528,Fibroblasts
0.27855163980200587,0.0,-0.007246688374301843,intermediate,1.14966603732764,Schwann cells
0.09720835604342112,-0.03026136985191932,-0.009669660781880944,hypoxic_CD8_low,0.8713838991747573,Schwann cells
-0.11623996903139903,0.0,-0.008410303473633472,permissive_high_CD8,-0.4412600275416244,Schwann cells
-0.15760043347216993,0.0,-0.008410303473633472,permissive_high_CD8,-0.607933886513353,Schwann cells
-0.08254916792413795,0.0,-0.008555709720462278,permissive_high_CD8,-0.3054932776194243,Schwann cells
0.5414858448457527,0.0,-0.009471962294276104,intermediate,2.209234859942346,Schwann cells
-0.14264729511306948,-0.01745422648997442,-0.011616017911759143,intermediate,-0.286686110344908,Schwann cells
-0.018319324795979586,-0.025801048587690962,-0.010448457354958723,intermediate,0.33913760359095135,Schwann cells
-0.12529509517562437,0.0,-0.009471962294276104,permissive_high_CD8,-0.4777502565160865,Schwann cells
-0.18241101000682416,-0.03434192796467769,-0.009471962294276104,intermediate,-0.19440673778251816,Schwann cells
-0.17205447461231646,-0.016707453167872872,-0.009471962294276104,intermediate,-0.41635714102134347,Schwann cells
-0.22246078123529273,0.0,-0.009471962294276106,permissive_high_CD8,-0.8693072681253733,Schwann cells
0.10791203774601582,0.0,0.011708647472995352,intermediate,0.46202479943002517,Epithelial cells
0.34458616938456954,-0.033120468077871966,0.010456449285871283,hypoxic_CD8_low,1.9110153438664959,Epithelial cells
0.09937935660641836,0.0,0.011513215152376114,intermediate,0.42763991250621936,Epithelial cells
0.022706024139281744,-0.01063702077518108,0.011115318546589753,intermediate,0.27771612029452086,Epithelial cells
0.37636322908133385,-0.0405473284393187,0.010456449285871285,hypoxic_CD8_low,2.150122590552227,Epithelial cells
0.14495424381700384,-0.025466474926906076,0.011513215152376114,hypoxic_CD8_low,0.9920924782453819,Epithelial cells
-0.1316740962874937,-0.017513408352006304,-0.007454537637481483,intermediate,-0.24158152173335035,Schwann cells
-0.06558520152386892,0.0,0.020290960845855747,intermediate,-0.23713210755934058,Fibroblasts
0.03476079065636939,0.0,-0.00405762971010607,intermediate,0.16724086008414107,Fibroblasts
-0.11484156076209133,0.0,-0.0042573415316068215,permissive_high_CD8,-0.43562474017686903,Schwann cells
-0.19971403252168832,0.0,-0.004570852632303791,permissive_high_CD8,-0.7776427174870248,Schwann cells
-0.09783181033460012,0.0,-0.004570852632303791,permissive_high_CD8,-0.36707907024233843,Schwann cells
-0.07485472437847092,0.0,-0.007591516543657352,permissive_high_CD8,-0.2744863095948522,Schwann cells
-0.27960563567747554,-0.014545750521455217,-0.015210962231181731,intermediate,-0.8820889431935922,Endothelial cells
-0.19144110315774818,-0.030973471128023587,-0.008197112990777019,intermediate,-0.28116400007527675,Schwann cells
-0.1626713457835247,-0.01612201682951769,-0.010819055258664686,intermediate,-0.3872990522097386,Schwann cells
-0.10524120867012973,0.0,-0.006648893008830577,permissive_high_CD8,-0.39693736680498715,Schwann cells
-0.08916740723881855,0.0,-0.007075058786492599,permissive_high_CD8,-0.3321633719012685,Schwann cells
-0.12603199817090627,-0.020477072912671788,-0.00552661846845578,intermediate,-0.1745299414448792,Schwann cells
0.12724189585950002,0.0,-0.007889248131096926,intermediate,0.5399200089909345,Schwann cells
-0.01229216008779993,-0.024783383496859778,-0.009453917064486566,intermediate,0.3482088356064171,MAST cells
-0.05606726757493843,0.0,-0.007246688374301842,intermediate,-0.19877686174293988,Fibroblasts
0.30733859730532853,0.0,-0.0077241963220511375,intermediate,1.2656713423939028,Schwann cells
0.1380703468399354,0.0,-0.006359058127873017,intermediate,0.5835563592108385,Schwann cells
-0.30533054459047126,-0.025729351198142358,-0.007645126360791575,intermediate,-0.8185285361317046,Schwann cells
-0.03244752386008879,0.0,-0.011118960670131421,intermediate,-0.10359432725968236,Schwann cells
0.296446528779455,0.0,-0.01195067780220557,intermediate,1.221778627020951,Schwann cells
-0.12134496083700035,-0.018605326833995246,-0.010691320493958097,intermediate,-0.18363005196637774,Schwann cells
-0.12429492444877165,0.0,-0.008073804317376553,permissive_high_CD8,-0.47371978159446604,Schwann cells
-0.03968552891987873,0.0,-0.007246688374301842,intermediate,-0.13276194544007439,Schwann cells
0.2937510229018797,-0.018890359623712084,-0.00713612766240129,hypoxic_CD8_low,1.4933803599858262,Schwann cells
-0.13308571811660705,0.0,-0.008506045682549316,permissive_high_CD8,-0.5091448070107196,Schwann cells
-0.19030375653002635,-0.03216083426224558,-0.006785975776703252,intermediate,-0.2588263145582289,Schwann cells
-0.16277890799035988,0.0,-0.005808436822312081,permissive_high_CD8,-0.6288020354377802,Schwann cells
0.02994625826916064,0.0,-0.008306829552901419,intermediate,0.14783932040197462,Schwann cells
-0.17856325203156376,0.0,-0.0046863826180276605,permissive_high_CD8,-0.6924095787344053,Schwann cells
-0.3696701478766629,-0.02382169368296017,0.02171367846752218,intermediate,-1.1063282778178831,DCs
-0.007183031145348628,0.0,0.05282495099398163,intermediate,-0.0017838047555404427,Epithelial cells
0.2485013802846273,0.0,0.05471714560033535,intermediate,1.028569894318032,Fibroblasts
0.2925955837510197,-0.015851487997572432,0.017618501209608527,intermediate,1.443284502036192,Epithelial cells
-0.26158739572548007,-0.016460385882420096,0.014028103617217557,intermediate,-0.7808500875597864,Monocytes
0.31751067762872787,0.0,0.04894282427805084,intermediate,1.3066626587196475,DCs
0.38222682236667627,-0.034176695202043667,-0.01470365395591005,hypoxic_low_neighbor_CD8,2.078492723727237,Epithelial cells
-0.09347749426661725,0.0,-0.008479949240742425,permissive_high_CD8,-0.3495321042678001,Endothelial cells
-0.24074396646645174,-0.013711775845361625,-0.011514728175483735,intermediate,-0.7379549653834255,Fibroblasts
0.0643515416896008,-0.02963926145422314,-0.006158586713144815,intermediate,0.7296756665681483,Endothelial cells
-0.022665040560036764,-0.02567602844856046,-0.007873876793020974,intermediate,0.31975589203293464,Fibroblasts
-0.08214452659269893,0.0,-0.003687685993518907,permissive_high_CD8,-0.3038626592711468,Schwann cells
0.12320284910470125,0.0,-0.005332182164777789,intermediate,0.5236435111737112,Fibroblasts
0.2932341424336874,0.0,-0.004947043301766379,intermediate,1.2088333945145824,Schwann cells
-0.20618942750984406,0.0,-0.0034034129257305107,permissive_high_CD8,-0.8037371795689887,Schwann cells
-0.12935120609390688,0.0,-0.003687685993518907,permissive_high_CD8,-0.4940955192762671,Schwann cells
0.2843727864414813,0.0,-0.0022813907679919447,intermediate,1.1731240179659153,Schwann cells
-0.09726895864708836,0.0,-0.003687685993518907,permissive_high_CD8,-0.3648108978691612,Schwann cells
0.4305065755384514,0.0,-0.005051271152882441,intermediate,1.7620120511221202,Fibroblasts
-0.011809100108931821,0.0,-0.005632842857988901,intermediate,-0.020425876996627314,Fibroblasts
-0.0331377083039188,0.0,-0.004358524317361726,intermediate,-0.1063756235098765,Monocytes
-0.013059817164777273,0.0,-0.003573035807744694,intermediate,-0.025466000239876732,Fibroblasts
0.0,0.0,-0.0056013735360623046,intermediate,0.02716228026301206,Fibroblasts
-0.2659206466981206,0.0,-0.007326847596368005,permissive_high_CD8,-1.0444412658940565,MAST cells
-0.24341760964757467,-0.02963926145422314,-0.006541359086750974,intermediate,-0.5105684365724134,MAST cells
-0.14955359769154744,0.0,-0.009763604201446821,permissive_high_CD8,-0.5755068528665536,Fibroblasts
0.5841970386275326,0.0,-0.006982867952622223,intermediate,2.3813518703567937,Fibroblasts
0.0,0.0,-0.003573035807744694,intermediate,0.02716228026301206,MAST cells
-0.024770746269379276,0.0,-0.004358524317361726,intermediate,-0.0726585492694825,MAST cells
-0.27943855500125503,-0.011883410364992705,-0.008408389303848327,intermediate,-0.9212251227312784,Fibroblasts
-0.1910276604464734,-0.029203615690532484,-0.006890515920765166,intermediate,-0.3059622344673203,Fibroblasts
-0.043802659674341896,0.0,-0.006810729288057438,intermediate,-0.14935310513849218,Monocytes
-0.054407968339192314,0.0,-0.0058136288131940385,intermediate,-0.19209023937179392,Fibroblasts
-0.2462184706844958,0.0,-0.009962987899780274,permissive_high_CD8,-0.9650456945258092,Fibroblasts
0.34590643524644843,0.0,-0.007091507737935796,intermediate,1.4210915116003706,Macrophages
-0.3162521913827184,0.0,-0.009748060275346805,permissive_high_CD8,-1.247266666769404,Fibroblasts
-0.1323685703507389,0.0,-0.006659077954517524,permissive_high_CD8,-0.5062548543178197,Monocytes
-0.342873600113344,-0.01893336377163165,-0.006925919374473664,intermediate,-1.071438191325299,Fibroblasts
-0.022612108284211063,0.0,-0.007792310676111383,intermediate,-0.06395969813288155,Fibroblasts
-0.21538673921761264,0.0,-0.018377119777334527,permissive_high_CD8,-0.8408003860688786,Fibroblasts
-0.21181218403888993,0.0,-0.012253083166001459,permissive_high_CD8,-0.8263956903334556,Fibroblasts
0.04870374327203836,0.0,-0.006372150235813156,intermediate,0.22342798828337632,Fibroblasts
-0.21237865892280058,0.0,-0.010651297833111925,permissive_high_CD8,-0.8286784634161214,Fibroblasts
0.21582729079158425,-0.013056843869599254,-0.011205469484110431,intermediate,1.092136842688856,Monocytes
-0.11922909840043769,0.0,-0.011552349533307565,permissive_high_CD8,-0.4533055820014117,Monocytes
-0.1590512287185853,0.0,-0.00834810099942803,permissive_high_CD8,-0.6137802822336952,Fibroblasts
-0.38809237805715047,-0.05838760576750103,-0.01361575712237442,intermediate,-0.6637082614095161,Endothelial cells
0.8681073667533905,-0.014112182956958107,-0.012556165432640416,hypoxic_low_neighbor_CD8,3.736466856536746,Pericytes
-0.30115205695830194,-0.012101646377007488,-0.0104495988040157,intermediate,-1.005462666444468,Fibroblasts
0.3849510294366553,-0.014956507122950997,-0.011550786331114983,intermediate,1.8020747866719442,MAST cells
-0.23800515171035705,-0.030425065924764162,-0.01268664345889278,intermediate,-0.4770073956757285,Endothelial cells
-0.31271852546906376,0.0,-0.014543021288317063,permissive_high_CD8,-1.2330267460598796,Endothelial cells
-0.2534748062072509,-0.01351577550293463,-0.012745300864401137,intermediate,-0.7921882937673139,Pericytes
-0.20759107597381715,0.0,-0.013615757122374419,permissive_high_CD8,-0.8093855242278534,Fibroblasts
-0.15233471115908948,-0.017063133147081383,-0.012745300864401137,intermediate,-0.3315722791926203,DCs
0.01340334434585877,0.0,-0.0043438125074955454,intermediate,0.08117490210990405,Fibroblasts
-0.10601892433013303,-0.01943224933948594,-0.008564729986564028,intermediate,-0.10950457137430716,Endothelial cells
-0.31447965936009664,-0.012982465960236214,-0.007659443380379002,intermediate,-1.04599933237154,Fibroblasts
-0.29735605017727157,0.0,0.009951282494928656,permissive_high_CD8,-1.1711192439352949,Fibroblasts
-0.10156299790225355,0.0,-0.010014229232643942,permissive_high_CD8,-0.3821149611312983,Monocytes
-0.28823990419686557,0.0,-0.009460649927939801,permissive_high_CD8,-1.1343831180225956,Endothelial cells
-0.1939651164185091,-0.011658202298739661,-0.0043438125074955454,intermediate,-0.5801528716591384,Macrophages
-0.16025944598707328,0.0,-0.007782422064447853,permissive_high_CD8,-0.6186491403893756,Fibroblasts
0.8680219755594032,-0.014723720820809184,-0.009152775544386644,intermediate,3.74526696058758,MAST cells
-0.01053280045229747,0.0,-0.011502693667907302,intermediate,-0.015282661323114566,Monocytes
-0.20586540804330603,-0.015066433532035302,-0.0043438125074955454,intermediate,-0.5771458611666309,Monocytes
-0.2230691565088479,0.0,-0.0043438125074955454,permissive_high_CD8,-0.8717588908505394,Fibroblasts
-0.12345386604707403,0.0,-0.0055942586237280635,permissive_high_CD8,-0.47033049544096356,Fibroblasts
-0.1073290506998698,0.0,-0.004612677235674117,permissive_high_CD8,-0.4053509253257932,Fibroblasts
-0.4052185916517633,-0.009494194617638221,-0.007782422064447853,intermediate,-1.4638173707068483,Fibroblasts
-0.11630115738834243,0.0,-0.007402503184783153,permissive_high_CD8,-0.4415066035826285,Fibroblasts
-0.03775783140496557,-0.025375707912058964,-0.0043438125074955454,intermediate,0.2544445234303764,Fibroblasts
-0.013775129394837651,0.0,-0.007402503184783153,intermediate,-0.02834855611457121,Macrophages
-0.19989373693504486,-0.014099783260330016,-0.01197656253088824,intermediate,-0.567535441396737,Monocytes
0.19659351728048668,-0.0165178129064892,-0.01459388990312131,hypoxic_low_neighbor_CD8,1.0663800623390174,MAST cells
0.23548095963566176,0.0,-0.009913650118870292,intermediate,0.9761003733796005,Fibroblasts
0.09442158396464276,0.0,-0.007743844780040335,intermediate,0.40766114511852414,Fibroblasts
0.18327533720008818,-0.015082395993746243,-0.006510237128789286,intermediate,0.9912471112036123,Macrophages
-0.03169032177293157,0.0,-0.009545931513653756,intermediate,-0.10054296418641054,Fibroblasts
0.28427100373080455,0.0,-0.01515997945860169,hypoxic_low_neighbor_CD8,1.1727138553288543,Fibroblasts
-0.32559887376655056,-0.012864675599071179,-0.009136676852680572,intermediate,-1.0925686946904685,Fibroblasts
-0.20707385511283416,0.0,-0.014367752100935511,permissive_high_CD8,-0.8073012343629713,Fibroblasts
0.5479883869967787,-0.02743916955554051,-0.012402332553014098,hypoxic_low_neighbor_CD8,2.645731537551131,MAST cells
-0.3014807337259193,-0.03925536229060246,-0.012402332553014098,intermediate,-0.600762680958858,Endothelial cells
-0.15067790694026104,-0.035086670385198554,-0.010941929501882287,intermediate,-0.05539309841220508,Endothelial cells
-0.2873755765248494,0.0,-0.00721794584019464,permissive_high_CD8,-1.1309000616677212,MAST cells
-0.026693535617077685,0.0,-0.009012667466754372,intermediate,-0.08040698064963683,Macrophages
-0.03343777867206129,0.0,-0.010423156542655748,intermediate,-0.1075848431571316,Fibroblasts
-0.1680496552861838,0.0,-0.006190930365229103,permissive_high_CD8,-0.650042023995399,Macrophages
-0.07485471671843624,0.0,-0.006190930365229103,permissive_high_CD8,-0.2744862787265446,Endothelial cells
-0.03879126966238979,0.0,-0.0047558050889235275,intermediate,-0.12915827117330408,Fibroblasts
0.1596351593852522,0.0,-0.004612677235674117,intermediate,0.6704579589275679,Macrophages
0.02711942253342592,-0.017089814792277842,-0.004401401694808734,intermediate,0.39198860877405345,MAST cells
-0.052664002261487354,0.0,-0.005145591730691804,intermediate,-0.18506242766762107,Macrophages
-0.03244752386008879,0.0,-0.008268477430871302,intermediate,-0.10359432725968236,Endothelial cells
-0.03879126966238979,0.0,-0.01493086409472261,intermediate,-0.12915827117330408,Fibroblasts
-0.013198157390916204,-0.026610050124195424,-0.012164089007255359,intermediate,0.3718716671379217,Fibroblasts
-0.39941216281140185,-0.058937204028913365,-0.010151988452906229,intermediate,-0.7011065410792839,Endothelial cells
-0.012036066936201838,-0.024267049936147835,-0.010248217923760254,intermediate,0.3415201963778078,Epithelial cells
-0.023083531712911214,0.0,-0.007402503184783153,intermediate,-0.06585943410377852,Fibroblasts
-0.06124780647247192,0.0,-0.009012667466754372,intermediate,-0.2196533296762617,Fibroblasts
-0.06463713435284105,0.0,-0.009789880953337016,intermediate,-0.23331159886592612,MAST cells
-0.08456264633730233,-0.023956275661947274,-0.003573035807744694,intermediate,0.0446065845783456,Macrophages
-0.011605318291599014,0.0,-0.0015970850441298183,intermediate,-0.019604679692816335,MAST cells
0.11513310168162885,0.0,-0.003573035807744694,intermediate,0.49112414848965014,MAST cells
-0.03244752386008879,0.0,-0.003573035807744694,intermediate,-0.10359432725968236,Fibroblasts
0.05062090919678469,-0.01178232764425548,-0.011334212685403553,intermediate,0.40733272062055464,Pericytes
0.5808012925956144,-0.05053678504851183,-0.013511537057668091,hypoxic_low_neighbor_CD8,3.123334920408968,MAST cells
-0.11965320387997301,0.0,-0.012085056240581147,permissive_high_CD8,-0.4550146367192675,Monocytes
-0.05338707123415537,0.0,-0.012160166458562318,intermediate,-0.1879762415622857,Epithelial cells
0.48872223340842624,-0.027267618217931586,-0.013763346137949007,hypoxic_low_neighbor_CD8,2.4043363911366162,Monocytes
0.11742964494659242,-0.015631475911931952,-0.013763346137949007,hypoxic_low_neighbor_CD8,0.7341132915232439,Monocytes
0.039750769913914685,-0.0177121201024847,-0.00937083291943096,intermediate,0.4521954633393266,MAST cells
-0.06463607870431307,0.0,-0.009693819179869534,intermediate,-0.23330734482728668,Fibroblasts
-0.2770368890111226,-0.023485338157005157,-0.006982222838923034,intermediate,-0.7380654439284704,Fibroblasts
-0.16342160021923632,0.0,-0.007428549175802996,permissive_high_CD8,-0.6313919481809356,Fibroblasts
-0.012694310950466907,0.0,-0.008362120591033646,intermediate,-0.023993088075060603,Fibroblasts
0.16584316482505648,0.0,-0.008362120591033646,intermediate,0.6954748981026924,Fibroblasts
-0.226980370211314,0.0,-0.010960760515550208,permissive_high_CD8,-0.8875202487044064,Fibroblasts
0.39085641682866107,0.0,-0.008389502562652877,intermediate,1.6022303598293164,Fibroblasts
-0.2317273549765468,-0.014804718465457561,-0.008389502562652877,intermediate,-0.6852773737691895,Monocytes
-0.19662015983857303,-0.012707498874741527,-0.004558603515830922,intermediate,-0.5751621936486346,Fibroblasts
-0.130502539944936,-0.017170963982338847,-0.007243196394762047,intermediate,-0.24198090650695514,Pericytes
-0.11121230527579067,0.0,-0.004558603515830922,permissive_high_CD8,-0.420999613856968,Fibroblasts
-0.20326407558946724,0.0,-0.005366914635888638,permissive_high_CD8,-0.7919486346381699,Fibroblasts
-0.2813127203638774,0.0,-0.003248204039497736,permissive_high_CD8,-1.106468043159157,Fibroblasts
-0.4647783945841962,0.0,-0.005366914635888638,permissive_high_CD8,-1.8457956190121851,Fibroblasts
-0.26735791432330885,0.0,-0.005366914635888639,permissive_high_CD8,-1.0502331481832001,DCs
0.7559589746007958,-0.05110966145750965,-0.012596159328815908,hypoxic_low_neighbor_CD8,3.837749172626259,MAST cells
-0.16186333468640185,0.0,-0.012402332553014098,permissive_high_CD8,-0.6251124701051494,Monocytes
-0.1028185848251404,-0.018339406140902747,-0.012402332553014098,intermediate,-0.11294896692828879,Endothelial cells
-0.10666451971214938,0.0,-0.012402332553014098,permissive_high_CD8,-0.40267300703770753,Monocytes
-0.08467788844702237,0.0,-0.005087710392137288,permissive_high_CD8,-0.3140715677575717,Fibroblasts
0.027407588489563095,-0.013494612234324096,-0.0036461380329209305,intermediate,0.33939145847234753,Fibroblasts
-0.16500420934225182,0.0,-0.005468207589688732,permissive_high_CD8,-0.637769525738233,Fibroblasts
-0.17918909218416634,0.0,-0.00519087568790163,permissive_high_CD8,-0.6949315812008696,Fibroblasts
-0.14243463723056288,0.0,-0.0034873375525841343,permissive_high_CD8,-0.5468189590543694,Fibroblasts
-0.23335607750827528,-0.01513068492595966,-0.010100059148914578,intermediate,-0.6869666624515942,Monocytes
-0.06577173102811637,0.0,-0.009693819179869534,intermediate,-0.23788378171738897,Fibroblasts
0.1436633742956751,0.0,-0.0069398151557294304,intermediate,0.6060950681442914,Fibroblasts
0.0,0.0,-0.005963522155596981,intermediate,0.02716228026301206,Fibroblasts
0.3383423137856296,-0.01884836513503843,-0.0092424141089765,hypoxic_CD8_low,1.672445825318524,MAST cells
-0.012036066936201838,-0.024267049936147835,-0.007968597502200065,intermediate,0.3415201963778078,Schwann cells
-0.09880133326273845,0.0,-0.005963522155596981,permissive_high_CD8,-0.3709860410653037,Fibroblasts
-0.13846462510197038,-0.028926347431383635,-0.014277300467857947,intermediate,-0.09829034260386044,Fibroblasts
-0.25860421054334526,0.0,-0.013431407372478532,permissive_high_CD8,-1.0149575871122822,Fibroblasts
-0.17922040640589704,-0.014644395001986731,-0.014277300467857948,intermediate,-0.47608284579244875,Fibroblasts
-0.13267644246419272,-0.019107249101646517,-0.015134945507796026,intermediate,-0.2217883578428018,Endothelial cells
-0.31627082058703565,-0.013000921681824967,-0.015019903813618236,intermediate,-1.0529413654858852,Fibroblasts
-0.16717121783030559,0.0,-0.009608738625097852,permissive_high_CD8,-0.6465021082179494,Fibroblasts
-0.2700551657312845,-0.02555307202976242,-0.013999865154827495,intermediate,-0.679012145239718,Fibroblasts
0.09482692307736501,0.0,-0.01070318929901329,intermediate,0.40929457537669595,Fibroblasts
-0.08553107148672201,-0.051312535397919565,0.05403945546472676,intermediate,0.44975712064454665,Fibroblasts
-0.13865376667804027,0.0,-0.014613873948935072,permissive_high_CD8,-0.5315828563224009,Endothelial cells
-0.15097099518680188,-0.03778289686813045,-0.01734934162031784,intermediate,-0.01625800657331944,Endothelial cells
0.2050237895015732,-0.02385779237940244,-0.014466438087535451,hypoxic_low_neighbor_CD8,1.2101056161978863,MAST cells
-0.1525278206331184,0.0,0.08900931460297185,permissive_high_CD8,-0.5874923375997767,Fibroblasts
-0.24540888162023092,-0.0112689728678962,0.11171871422827558,intermediate,-0.7932803597965933,Fibroblasts
-0.16175952589655496,0.0,0.030785490508772367,permissive_high_CD8,-0.6246941428007318,Fibroblasts
-0.2574224510346072,-0.05644873182783243,-0.010805820614381036,intermediate,-0.16612792028118872,Monocytes
-0.050176804324230516,0.0,0.02561035482292501,intermediate,-0.17503954993077248,Fibroblasts
0.20574151081253728,0.0,0.028544706704109246,intermediate,0.8562567312430232,Macrophages
0.11439751812731883,0.0,-0.008286960823172339,intermediate,0.4881599034974654,Monocytes
0.10584798251768673,0.0,-0.008286960823172339,intermediate,0.4537070966506226,Fibroblasts
0.1320516301924924,0.0,0.02965537646950444,intermediate,0.5593022135369362,Fibroblasts
-0.1451700356111948,0.0,0.02792804962978457,permissive_high_CD8,-0.5578420316936485,Fibroblasts
-0.2435883058601594,0.0,-0.00707828242447373,permissive_high_CD8,-0.954446690696159,Fibroblasts
-0.313397541582345,0.0,-0.006316812157470044,permissive_high_CD8,-1.235763036317612,Fibroblasts
-0.109051815477241,-0.0389618429577785,-0.00707828242447373,intermediate,0.17029591832070462,MAST cells
-0.23873919751270709,-0.025909902595798014,-0.007338819683965562,intermediate,-0.5474798445124814,MAST cells
-0.13173353815653238,0.0,-0.007185783012997606,permissive_high_CD8,-0.5036958098822512,Fibroblasts
-0.07928164991509004,0.0,-0.006444901622097824,permissive_high_CD8,-0.2923258762570066,Fibroblasts
0.09367466188338869,-0.015330112897432767,-0.009814020625331944,intermediate,0.6338795459645512,Monocytes
-0.15483761216741967,0.0,-0.010506560831417438,permissive_high_CD8,-0.5968003053329128,Fibroblasts
-0.15358991508024283,0.0,-0.006316812157470044,permissive_high_CD8,-0.5917723519199296,Endothelial cells
0.0703012141357943,0.0,-0.007338819683965562,intermediate,0.3104611940648678,Fibroblasts
-0.12180110824155999,0.0,-0.003683655979501413,permissive_high_CD8,-0.4636702336398623,Endothelial cells
-0.07372960316608229,0.0,-0.003683655979501413,permissive_high_CD8,-0.2699523108398743,Endothelial cells
-0.2357833126941359,0.0,-0.006316812157470044,permissive_high_CD8,-0.9229942312564927,Fibroblasts
-0.14421349644182196,0.0,-0.004324783036905101,permissive_high_CD8,-0.5539873826520428,Endothelial cells
-0.09682685208607869,0.0,-0.005609911816966356,permissive_high_CD8,-0.36302930262847616,MAST cells
-0.09716697964802326,0.0,-0.00820736801415159,permissive_high_CD8,-0.3643999442317185,Macrophages
0.4578730226999306,-0.016292996734742694,-0.005609911816966356,intermediate,2.1159191634760197,MAST cells
-0.14341953384828376,0.0,-0.007258546883278047,permissive_high_CD8,-0.5507878825706616,Monocytes
0.28640611439823627,0.0,-0.007258546883278047,intermediate,1.1813178963879714,Monocytes
-0.2537444087874937,0.0,0.02894902902844249,permissive_high_CD8,-0.9953736215200849,Macrophages
-0.2405671422261311,0.0,0.027783236437105563,permissive_high_CD8,-0.9422720449740434,Fibroblasts
0.19785493109599653,0.0,0.02778323643710556,intermediate,0.824475495388518,Fibroblasts
-0.26232563922682917,0.0,-0.009373160605488517,permissive_high_CD8,-1.0299541517773763,Monocytes
-0.3754288087408227,-0.021909418376351176,-0.009373160605488519,intermediate,-1.1581283524356758,Fibroblasts
-0.1473368296182778,-0.01856623004805221,-0.009373160605488517,intermediate,-0.2889563520318428,Endothelial cells
0.029363764337746512,-0.014559687873129903,-0.009373160605488517,intermediate,0.36320030901823075,Monocytes
0.18849588972497655,-0.012820344222219367,-0.010521561188897301,intermediate,0.9784607845183904,Fibroblasts
-0.13837383837106237,0.0,-0.01195422119778982,permissive_high_CD8,-0.5304548048899456,DCs
-0.2106743318488799,0.0,-0.013025518692778511,permissive_high_CD8,-0.8218103884512684,Fibroblasts
-0.1334467968308782,0.0,-0.005506835324883301,permissive_high_CD8,-0.5105998772937506,Fibroblasts
-0.14997355143229166,0.0,-0.006672989244242268,permissive_high_CD8,-0.5771991769616972,DCs
0.26998299958715477,0.0,-0.006672989244242268,intermediate,1.115136242992406,DCs
0.2130514005101828,-0.021341870188230444,-0.012754581042146877,hypoxic_low_neighbor_CD8,1.204835059752603,Epithelial cells
0.7110453121154663,-0.0369663122694502,-0.013722105322257388,hypoxic_low_neighbor_CD8,3.4452738027877805,Epithelial cells
0.3221629633003449,-0.014087424104512945,-0.013722105322257388,hypoxic_low_neighbor_CD8,1.5360570211274185,Epithelial cells
0.397430058463989,0.0,-0.01648116684474765,hypoxic_low_neighbor_CD8,1.6287207349658512,Epithelial cells
0.8060098489125571,-0.019841460563875885,-0.01576781562465405,hypoxic_low_neighbor_CD8,3.5718959173280425,Epithelial cells
-0.24461951504749466,-0.012991682237941726,-0.014957319869686235,intermediate,-0.7643400266849898,Fibroblasts
-0.06925719234359312,0.0,-0.010445163510588983,permissive_high_CD8,-0.2519294481672689,Fibroblasts
-0.060589192861534025,0.0,-0.010540524507180238,intermediate,-0.21699925715578694,Macrophages
-0.029757506876106732,0.0,-0.011729050133070644,intermediate,-0.09275413197943266,NK cells
-0.16407555269907756,0.0,-0.006672989244242268,permissive_high_CD8,-0.6340272373362438,Pericytes
-0.28140430373839104,0.0,-0.010361583223227064,permissive_high_CD8,-1.1068371046446657,Epithelial cells
0.8872876109847103,0.0,-0.01139933570676487,intermediate,3.6027422970784913,Epithelial cells
0.3052594474999301,-0.04601486298719398,-0.010361583223227064,hypoxic_CD8_low,1.9453445319803224,T cells
-0.12235133619193571,-0.01897569996142677,-0.007995753281833993,intermediate,-0.18214740946795674,Monocytes
0.01636875010877248,-0.020981317589640135,-0.01000828028690477,intermediate,0.40685460984596283,Epithelial cells
-0.12036601151807244,0.0,-0.008779954138072395,permissive_high_CD8,-0.45788709962201585,Epithelial cells
0.16823030092630048,-0.012295283769306383,-0.010304639857468495,intermediate,0.8889436480078626,Epithelial cells
0.22701241692386004,-0.013028778045283637,-0.009249204115668128,intermediate,1.1367908547027061,Epithelial cells
0.37663057961138374,0.0,-0.008779954138072397,intermediate,1.5449032669601663,DCs
-0.1189726437909536,-0.03548744912089607,-0.008313581978904734,intermediate,0.07836512677626167,Epithelial cells
-0.010550666525660723,0.0,-0.006595770453634533,intermediate,-0.015354657792022448,Epithelial cells
-0.30346085268809614,0.0,-0.006114509649444045,permissive_high_CD8,-1.1957202972962049,Epithelial cells
0.1434677427552311,0.0,-0.006595770453634533,intermediate,0.605306714719753,Epithelial cells
0.21050848826825858,-0.017143728279391764,-0.005197015947658524,hypoxic_CD8_low,1.1318136271369863,DCs
0.4255442758161859,0.0,-0.007493896394284309,intermediate,1.7420150405646415,Macrophages
0.21692702569157246,-0.013762405526782819,-0.010181734404261455,intermediate,1.107118672742471,Epithelial cells
-0.12692335044523798,0.0,-0.00442623886180471,permissive_high_CD8,-0.48431177831829414,Fibroblasts
0.20152743944681317,0.0,-0.010083769593644237,intermediate,0.839274921536478,Epithelial cells
-0.42886995981974774,0.0,-0.007979188370801176,permissive_high_CD8,-1.7010922779654267,Epithelial cells
-0.16559346516927084,0.0,-0.0106795648170708,permissive_high_CD8,-0.6401441011676623,Fibroblasts
-0.10388420288821301,0.0,-0.011742648808097066,permissive_high_CD8,-0.3914689226427389,Fibroblasts
-0.12797048484465204,0.0,-0.00630533280160263,permissive_high_CD8,-0.4885315068337298,Epithelial cells
-0.1657062113045688,-0.01873166937577097,-0.010215930900110408,intermediate,-0.36050726262741206,Epithelial cells
-0.14730269363127557,0.0,-0.010065822112254605,permissive_high_CD8,-0.5664361891065299,Epithelial cells
-0.18982646072724735,-0.009015884476634655,-0.00630533280160263,intermediate,-0.6029850598587672,Epithelial cells
-0.13572551926455823,0.0,-0.007979188370801176,permissive_high_CD8,-0.5197826431713143,Epithelial cells
0.2960152779238291,-0.011189178899232193,-0.007878975475687085,intermediate,1.3873504968316275,Epithelial cells
-0.10309234680420902,0.0,-0.01167049208472454,permissive_high_CD8,-0.38827791134594397,Fibroblasts
-0.0546861633239501,-0.018376321445109874,-0.009702234100877194,intermediate,0.08156642379167006,Fibroblasts
-0.12934206001251097,0.0,-0.011076478018612675,permissive_high_CD8,-0.4940586625170083,DCs
-0.13529513255659356,-0.015558430057788186,-0.010900969061291652,intermediate,-0.2854059545607439,Fibroblasts
-0.0675990641356472,-0.025262672408872287,-0.012459701275535924,intermediate,0.13250051489841477,NK cells
0.09623654611618165,-0.01574368708529453,-0.01351499068431365,hypoxic_low_neighbor_CD8,0.6503874917601191,NK cells
-0.13407789176726437,-0.01802180749684693,-0.0150167525699425,intermediate,-0.24366630712410364,NK cells
0.18608876500263755,-0.011924643265573602,-0.012930503966193772,hypoxic_low_neighbor_CD8,0.955367334333312,NK cells
1.0613319959985206,-0.02032868003073009,-0.014439084623184927,hypoxic_low_neighbor_CD8,4.608075070695826,Epithelial cells
-0.20037187629914188,-0.01593821927120811,-0.01293050396619377,intermediate,-0.5419724481238,NK cells
-0.035905116293803746,-0.03604684281445708,-0.007979188370801176,intermediate,0.42147407354191213,Epithelial cells
0.07872750672949369,-0.01075468951391305,-0.007979188370801176,intermediate,0.5052302374152684,Epithelial cells
-0.21379931959282442,-0.014277156065350119,-0.014798149116608776,intermediate,-0.6209197539395358,NK cells
-0.0928678167871682,0.0,-0.013522249226949798,permissive_high_CD8,-0.34707523393034423,NK cells
-0.23592514589608435,0.0,-0.014798149116608776,permissive_high_CD8,-0.9235657888397717,NK cells
0.05444320234428929,0.0,-0.014798149116608778,intermediate,0.24655678543100643,NK cells
0.16792671651725305,-0.022772285137099293,-0.012930503966193772,hypoxic_low_neighbor_CD8,1.0443809277257758,NK cells
0.058021826916430375,-0.022526428284432725,-0.014798149116608778,intermediate,0.5978113882394015,NK cells
-0.04993257943884915,-0.07550533773445407,-0.014798149116608778,intermediate,0.9549619493117036,Epithelial cells
-0.1335563353266582,0.0,-0.015122584550165132,permissive_high_CD8,-0.5110412940922431,Fibroblasts
0.3763815408729645,-0.00943939309371145,-0.013016293277302896,hypoxic_low_neighbor_CD8,1.6850451898415018,Epithelial cells
0.06327313783178368,-0.023604640111266843,-0.011439014929026244,intermediate,0.6350953539931572,Epithelial cells
-0.22067902174340673,-0.010700268301403956,-0.014096652094008308,intermediate,-0.7021280277236223,Epithelial cells
0.12551330658326665,0.0,-0.014096652094008308,hypoxic_low_neighbor_CD8,0.5329541625203383,Epithelial cells
0.2503179699541574,-0.049521531170679006,-0.013016293277302898,hypoxic_low_neighbor_CD8,1.7763766435263526,Epithelial cells
-0.3362351076669961,-0.029880436808474152,0.027928049629784568,intermediate,-0.8809969264677548,Fibroblasts
0.18628525949386227,0.0,0.026906042103289052,intermediate,0.7778521839959491,Fibroblasts
-0.1509304123231206,0.0,-0.012530808957160404,permissive_high_CD8,-0.5810551224722215,Schwann cells
-0.08975497785821018,-0.04454137439187239,-0.01359335690857428,intermediate,0.3314877620444854,Endothelial cells
-0.11928167687841208,-0.018159827722711602,-0.012530808957160404,intermediate,-0.1819769229055607,Schwann cells
-0.04677863149757844,-0.013180954736253993,-0.011619301588750883,intermediate,0.03574673642048523,Fibroblasts
0.12292124444701105,-0.015522417269254985,-0.01479854229812519,hypoxic_low_neighbor_CD8,0.7546125337313225,Macrophages
-0.21445820513499309,-0.026342521312265745,-0.012485413737946998,intermediate,-0.4431637513021875,Fibroblasts
-0.17611838344589295,-0.013656303467538192,0.029655376469504443,intermediate,-0.47835710384961605,Fibroblasts
-0.24197065973856363,0.0,0.03139399559820658,permissive_high_CD8,-0.9479279214999592,Fibroblasts
-0.06953926546027861,0.5387512842814127,0.029655376469504443,permissive_high_CD8,-8.308914273018733,Fibroblasts
-0.1238013577748494,0.0,-0.0041867087566257325,permissive_high_CD8,-0.47173081306341225,Fibroblasts
-0.15027560191939635,0.0,-0.009249204115668128,permissive_high_CD8,-0.5784163760664637,Fibroblasts
-0.11787127299481127,-0.03276275526656795,-0.009249204115668127,intermediate,0.04206157406066591,DCs
0.12100402609890246,0.0,-0.007938809916075424,intermediate,0.5147827229662404,Fibroblasts
-0.14118709334407945,0.0,-0.003327098903063981,permissive_high_CD8,-0.5417916230075378,Fibroblasts
-0.02077499259427848,0.0,-0.0035087451600191886,intermediate,-0.056556513338932794,Fibroblasts
-0.10423644192247505,0.0,-0.007381199632096386,permissive_high_CD8,-0.39288837089881457,Fibroblasts
-0.08455543058464327,0.0,-0.007259231636881345,permissive_high_CD8,-0.31357808866442993,Macrophages
0.19248890302267413,-0.019655912993890554,-0.015560297316063431,hypoxic_low_neighbor_CD8,1.0967627706132035,Epithelial cells
0.15693048492492923,-0.022870285790941493,-0.011679651798346104,hypoxic_CD8_low,1.001533843007844,Epithelial cells
-0.16669013701289534,0.0,-0.01122819209388393,permissive_high_CD8,-0.6445634550282624,Fibroblasts
0.24735129597675368,0.0,-0.01054154729392686,intermediate,1.0239352996071664,DCs
-0.2736465883063504,0.0,-0.009179619352827188,permissive_high_CD8,-1.075575164399426,Fibroblasts
-0.062116638244874026,0.0,-0.008799642750769655,intermediate,-0.22315453659599732,Fibroblasts
-0.21391360731009978,-0.01288255602724639,0.025770795339943853,intermediate,-0.6422335050573491,Fibroblasts
-0.10144741563911898,-0.020174534214652984,-0.014027800283290435,intermediate,-0.079983117203757,Monocytes
-0.36652527468271523,0.4821554111887408,0.024630717827938076,permissive_high_CD8,-8.65943700713452,DCs
0.3832369683736778,-0.0206048054251111,0.02732347697756926,hypoxic_CD8_low,1.879625443761619,Endothelial cells
-0.013507295325099224,0.0,0.026399481816705796,intermediate,-0.027269241881257088,Fibroblasts
-0.06438467493018951,0.0,0.026399481816705796,intermediate,-0.23229424118447736,Endothelial cells
0.15674827185021822,0.0,0.025381982685797822,intermediate,0.6588244172740273,Fibroblasts
-0.2740738344001004,0.0,0.0259657001581162,permissive_high_CD8,-1.0772968751233925,Fibroblasts
-0.09376069675966436,-0.03900801314998735,0.025214435300256452,intermediate,0.2326062429845992,Fibroblasts
-0.24985521002466898,0.0,0.0259657001581162,permissive_high_CD8,-0.9797009791822228,Fibroblasts
0.15030320748746637,0.0,0.024930872340165867,intermediate,0.6328521811498579,Fibroblasts
-0.034721340041562736,0.0,-0.008878345528112251,intermediate,-0.11275732198623672,Fibroblasts
-0.03481595295978837,-0.023398576960389914,-0.008878345528112251,intermediate,0.2367359939510147,Fibroblasts
0.0,0.0,-0.008878345528112251,intermediate,0.02716228026301206,Fibroblasts
-0.037156120361573244,0.0,-0.0069025155503740195,intermediate,-0.12256896789426822,Fibroblasts
-0.02701459065019845,0.0,-0.006572952476429392,intermediate,-0.08170076402552623,Fibroblasts
-0.15138442257800735,-0.032989478786947274,-0.006572952476429392,intermediate,-0.08959912328065028,Endothelial cells
-0.30904281187248994,0.0,-0.010715037511910504,permissive_high_CD8,-1.218214403454464,Monocytes
0.0,0.0,-0.00920863415387317,intermediate,0.02716228026301206,Monocytes
-0.19080233286662274,-0.04141879371303296,0.012039950877441457,intermediate,-0.12240291867362962,T cells
0.0,0.0,-0.011211241015538513,intermediate,0.02716228026301206,Fibroblasts
-0.03959447408775728,0.0,-0.00685910110370672,intermediate,-0.132395013867789,Fibroblasts
-0.09089937171782835,-0.02290885168531163,-0.014446984740243106,intermediate,0.0034089948199589326,Fibroblasts
0.24917736733294876,-0.04941541077154368,0.010096948017046569,hypoxic_CD8_low,1.7701934593269244,Fibroblasts
-0.08478768283583553,0.0,0.016279986487780573,permissive_high_CD8,-0.3145140157504645,Monocytes
-0.035216507662731,0.0,-0.009893188206290426,intermediate,-0.11475274199357616,Fibroblasts
-0.0717647353329333,0.0,-0.010254661274342401,permissive_high_CD8,-0.2620343121290683,Monocytes
-0.19572444134447947,-0.022603735750020757,-0.011433838832716228,intermediate,-0.4235760426164867,MAST cells
-0.04960691306485709,-0.020003434617509724,-0.013660547511297683,intermediate,0.12636464187787427,MAST cells
-0.19902763213498526,0.0,-0.007535445770593147,permissive_high_CD8,-0.7748766701807787,Epithelial cells
-0.07085460065359092,0.0,-0.010547430409110992,permissive_high_CD8,-0.25836666329482416,Schwann cells
-0.11670605150092558,0.0,-0.00948620891442344,permissive_high_CD8,-0.44313824058505646,Schwann cells
-0.04993257943884915,0.0,-0.015193739529402474,intermediate,-0.1740553756799796,Epithelial cells
-0.013059817164777273,0.0,0.0,intermediate,-0.025466000239876732,Epithelial cells
-0.012036066936201838,0.0,0.020199157466307845,intermediate,-0.021340504950426914,Fibroblasts
-0.012930422901628486,0.0,-0.013794826849912987,intermediate,-0.024944568929580507,Schwann cells
0.22144906300617512,-0.018451196462036627,-0.00900273670551748,hypoxic_CD8_low,1.1954521416875274,DCs
-0.12936983529822416,0.0,-0.009298566800219166,permissive_high_CD8,-0.49417059100031846,Fibroblasts
-0.11003814452144516,-0.017888443672705277,-0.0030259080261354023,intermediate,-0.1487854124535207,Endothelial cells
0.17977199209741798,-0.017116677905866493,-0.010909042281177846,hypoxic_CD8_low,1.0075476174079636,Endothelial cells
-0.0931749535372937,0.0,-0.003936328257304615,permissive_high_CD8,-0.34831292959134824,Endothelial cells
-0.10341342481743379,0.0,-0.008387831830785343,permissive_high_CD8,-0.3895717873267561,Fibroblasts
-0.024770746269379276,0.0,-0.008777607983423148,intermediate,-0.0726585492694825,Schwann cells
-0.03681635569377118,0.0,-0.010111054717770471,intermediate,-0.12119978867709785,Fibroblasts
-0.013873001657815343,0.0,-0.0034766435944921415,intermediate,-0.028742960480608926,Fibroblasts
-0.013681816767497235,0.0,-0.0025249456104479337,intermediate,-0.027972526108624593,Fibroblasts
-0.027007930250052947,-0.02582520511951524,-0.010221365621054542,intermediate,0.3044855830472704,Epithelial cells
-0.013059817164777273,0.0,-0.006814544564477506,intermediate,-0.025466000239876732,Fibroblasts
-0.012930422901628486,-0.02607024536441695,-0.021468299410121162,intermediate,0.364878979529032,Fibroblasts
-0.14556432823579474,0.0,-0.018737883831647085,permissive_high_CD8,-0.5594309469583761,Epithelial cells
-0.14894954267754612,0.0,-0.020363712117739532,permissive_high_CD8,-0.5730726398668664,Endothelial cells
-0.026119634329554546,0.0,-0.004308252682087393,intermediate,-0.07809428074276552,Fibroblasts
0.3960660447078536,-0.0231462644661969,-0.015002022484536111,hypoxic_low_neighbor_CD8,1.9693258540236476,Fibroblasts
-0.024009578199271697,-0.021985996107340824,-0.0050347074645090036,intermediate,0.25916132194556835,Fibroblasts
-0.013681816767497235,-0.03038923943091018,-0.004365060654407249,intermediate,0.4264321403731453,Epithelial cells
-0.013346767808538842,0.0,-0.006874791298478882,intermediate,-0.02662235019331239,Fibroblasts
-0.038839290419735585,0.0,-0.0023637102361310993,intermediate,-0.1293517845935663,Fibroblasts
0.52132721694119,0.0,-0.0046956134389447455,intermediate,2.12799988471038,Macrophages
-0.06241572429856143,0.0,-0.00887678020235337,intermediate,-0.2243597896657275,Epithelial cells
0.15231179329286137,0.0,-0.006520545434372628,intermediate,0.6409463539737736,Fibroblasts
-0.02778677193515272,0.0,-0.007721227898127959,intermediate,-0.08481249007428425,Epithelial cells
0.4649471015815275,0.0,-0.0012083245353338367,intermediate,1.900800032790849,Fibroblasts
-0.02473077812348025,0.0,-0.006428039154382209,intermediate,-0.07249748615757098,Fibroblasts
-0.09226893995660376,0.0,-0.015043237495679766,permissive_high_CD8,-0.34466188790658586,MAST cells
-0.05472726706998894,0.0,0.04821520702541097,intermediate,-0.19337694522353452,Fibroblasts
-0.03687647930589546,0.0,-0.0017380163576277967,intermediate,-0.12144207402334736,Schwann cells
0.0,0.0,-0.006217206023160906,intermediate,0.02716228026301206,Fibroblasts
0.3460242125882681,0.0,-0.018054161638061686,hypoxic_low_neighbor_CD8,1.421566129192942,Schwann cells
-0.012808886876546714,0.0,-0.005087376606126546,intermediate,-0.024454804644329985,Epithelial cells
0.9639226959412356,-0.02445418631982224,-0.013327434478018449,hypoxic_low_neighbor_CD8,4.277224277721709,Monocytes
-0.02736363353499447,0.0,-0.008628249586674205,intermediate,-0.08310733248026124,Epithelial cells
0.0,0.0,-0.008650148703180021,intermediate,0.02716228026301206,Epithelial cells
-0.13701261957007718,0.0,-0.006800604510082085,permissive_high_CD8,-0.5249693831585246,DCs
-0.013346767808538842,0.0,0.012491923812841043,intermediate,-0.02662235019331239,Epithelial cells
-0.027746003315630687,0.0,0.012601306395903221,intermediate,-0.08464820122422992,Schwann cells
0.29562164932848456,-0.018339406140902747,-0.010131356590672541,hypoxic_CD8_low,1.4926802805644177,Schwann cells
0.21107157406557991,-0.01812486803000755,-0.00872579206500137,hypoxic_CD8_low,1.1487535438214076,NK cells
-0.13278944329564352,-0.015003235233940093,-0.005315898336701387,intermediate,-0.2836102860600412,Fibroblasts
-0.09089937171782835,0.0,-0.0175115895496528,permissive_high_CD8,-0.33914281971989513,Fibroblasts
0.25522943720760116,0.9188428420608665,0.06955130549631192,intermediate,-12.683604237611988,DCs
-0.038839290419735585,0.0,-0.01183278415849817,intermediate,-0.1293517845935663,Macrophages
-0.025304279174191886,0.0,-0.015521806454368932,intermediate,-0.0748085731953709,Fibroblasts
-0.05132243527944787,0.0,0.1213817419829192,intermediate,-0.1796561985793142,Fibroblasts
-0.04592070139076815,0.0,0.12072062103407623,intermediate,-0.1578883619619595,Epithelial cells
-0.013507295325099224,0.0,0.11630576043351336,intermediate,-0.027269241881257088,Fibroblasts
-0.2348039006612387,-0.028899165782851247,-0.01854067151202203,intermediate,-0.4869235381349286,MAST cells
-0.08456679041605876,0.0,-0.012773099762868945,permissive_high_CD8,-0.3136238663645813,DCs
-0.012694310950466907,0.0,-0.013395858229252327,intermediate,-0.023993088075060603,Fibroblasts
0.0,0.0,-0.012540399561687678,intermediate,0.02716228026301206,Fibroblasts
-0.0837025853045973,0.0,-0.002419129782199216,permissive_high_CD8,-0.3101413039026282,Schwann cells
0.4636840049521512,0.0,-0.008410848972768437,intermediate,1.895710022504001,Epithelial cells
-0.11594668162395677,0.0,-0.008501723066837037,permissive_high_CD8,-0.4400781417807375,MAST cells
-0.012385373134689638,0.0,-0.01380456919290437,intermediate,-0.02274813450323522,Fibroblasts
-0.02239577167005424,0.0,-0.010076852108624622,intermediate,-0.06308790767293565,Macrophages
-0.09479520407067724,-0.021236172571838626,-0.006905192144808338,intermediate,-0.03730164033047123,Fibroblasts
-0.012808886876546714,0.0,-0.008731269707724794,intermediate,-0.024454804644329985,Fibroblasts
-0.10714004700442395,0.0,-0.0070017269587548964,permissive_high_CD8,-0.4045892807043942,NK cells
-0.16067780644060617,-0.014277156065350119,0.07399410909754812,intermediate,-0.4068513746016603,Fibroblasts
0.24349895873701716,0.0,0.05227440551475241,intermediate,1.0084112013532203,Monocytes
0.1497006588671581,0.0,-0.009123853215000087,intermediate,0.6304240385957847,DCs
-0.20868590940912085,-0.014673050598576966,-0.008935012830252912,intermediate,-0.59439406281849,NK cells
-0.16096920947951965,0.0,0.015288493622187678,permissive_high_CD8,-0.6215093360337619,Fibroblasts
-0.12180398075456121,0.0,-0.00921084478638272,permissive_high_CD8,-0.4636818092552074,Monocytes
0.0,0.0,-0.0036317968175478793,intermediate,0.02716228026301206,Fibroblasts
-0.035012884791117596,0.0,0.02525876296622979,intermediate,-0.11393218520714762,Schwann cells
0.9113028595246465,0.0,-0.011042533004493043,intermediate,3.699518631736152,Fibroblasts
-0.2225207286666196,0.0,-0.011042533004493043,permissive_high_CD8,-0.8695488435005483,Fibroblasts
-0.26044503943508407,-0.011736101467117125,-0.009310248152286257,intermediate,-0.8468879846266462,Macrophages
-0.09085416985324109,0.0,-0.007849158159634361,permissive_high_CD8,-0.3389606658368249,Endothelial cells
-0.20283575709086346,0.0,-0.008017649309516114,permissive_high_CD8,-0.7902226023511413,Pericytes
-0.06195471277198638,-0.061059890005752626,-0.010198078400049455,intermediate,0.6905152102150363,T cells
-0.08618285091047785,0.0,-0.007312571954148018,permissive_high_CD8,-0.3201362458211106,Fibroblasts
-0.2168948468434284,0.0,-0.012784596300318172,permissive_high_CD8,-0.846877738466586,Fibroblasts
-0.07110110056926927,0.0,-0.008602630947282922,permissive_high_CD8,-0.2593600054329704,Monocytes
-0.026119634329554546,0.0,0.015612636268147824,intermediate,-0.07809428074276552,Epithelial cells
-0.07546521382159498,-0.019019067046130718,-0.014308066181486596,intermediate,0.007442133583491828,DCs
-0.13123350641334872,0.0,-0.014113994487705821,permissive_high_CD8,-0.5016807884995941,Monocytes
-0.1406032148613987,0.0,0.01533313739208611,permissive_high_CD8,-0.5394387171300346,Fibroblasts
-0.040521885975297676,0.0,-0.009513872483803032,intermediate,-0.1361322861697954,Epithelial cells
-0.025388621900933814,-0.025594197786771335,-0.014783423986190404,intermediate,0.30755684082233464,Fibroblasts
-0.034440527000580444,-0.0231462644661969,-0.015873167614544288,intermediate,0.23447609859869306,Schwann cells
-0.03439198153085977,0.0,0.026540793842024523,intermediate,-0.11143007736492314,DCs
-0.013681816767497235,0.0,-0.009908246414864113,intermediate,-0.027972526108624593,Fibroblasts
-0.20601097934217338,0.0,-0.011661776132107426,permissive_high_CD8,-0.8030180714754445,Fibroblasts
-0.1414765354141174,0.0,-0.007592479098341886,permissive_high_CD8,-0.542958012878016,Schwann cells
-0.03744943457913686,0.0,-0.013511571549532706,intermediate,-0.12375096169423169,Schwann cells
-0.05472726706998894,0.0,0.043741651381451,intermediate,-0.19337694522353452,Fibroblasts
-0.05034377392994831,0.0,0.043741651381451,intermediate,-0.17571240186539774,Epithelial cells
-0.19335444193767257,-0.015262486963619587,0.025964821966928887,intermediate,-0.5237977828513845,Fibroblasts
0.10171143836285693,-0.013859927412952005,0.026716086824788633,intermediate,0.6442826316277487,Monocytes
0.5807219518715119,-0.018055863708619647,-0.010261622388996737,hypoxic_CD8_low,2.637333995690584,DCs
-0.13335466193386827,0.0,-0.010261622388996737,permissive_high_CD8,-0.5102285932900954,MAST cells
-0.027746003315630687,0.0,-0.012453006057121492,intermediate,-0.08464820122422992,Schwann cells
-0.026119634329554546,0.0,0.07866507360899104,intermediate,-0.07809428074276552,Epithelial cells
0.21085271442750372,-0.018090215289158378,0.08686726353911736,hypoxic_CD8_low,1.1473534300994326,Monocytes
-0.02334192191740595,0.0,-0.004612677235674117,intermediate,-0.06690069157237646,Macrophages
-0.045004944245978055,0.0,-0.0031937067647051075,intermediate,-0.15419805578994658,Fibroblasts
-0.041619005930950366,0.0,-0.007540184798350057,intermediate,-0.14055344582638934,Fibroblasts
0.3421168566707627,-0.011422054005055292,0.029655376469504443,intermediate,1.5766121745708483,Monocytes
