gene,pearson_r,n_spots
ASCL2,0.6116299108590665,387
RPS15A,0.5858343501969144,387
FTH1,0.5620198633066041,387
MT-ND1,0.5524023773221808,387
PIGR,0.5435479402929051,387
SPINK4,0.5331108754000403,387
CLCA1,0.5264745732613664,387
RPL36A,0.5205370259065443,387
RPS12,0.5130107973432413,387
ENGASE,0.5105584081455651,387
NDUFA1,0.4908428651529467,387
TBC1D4,0.48143135421738786,387
LRATD1,0.47905012899139476,387
XPO5,0.46808279611590314,387
INSIG1,0.46668575000480383,387
KRT23,0.4645722865530447,387
MUC2,0.46297011361605855,387
QPRT,0.4604286739140329,387
ATP5IF1,0.45480629220199315,387
SPDEF,0.45434808867825544,387
AMACR,0.4481947417057952,387
COMMD6,0.435446720079612,387
HOXA10,0.43389100789870677,387
MT1G,0.4336844013180558,387
HSPH1,0.4309553263113026,387
PIN4,0.4262258811999098,387
UCHL3,0.42185863181621797,387
HES1,0.4217930710231228,387
SYK,0.42076569842994593,387
RNF43,0.4182028893036494,387
BRI3,0.4085013225562254,387
POMP,0.40645371539747316,387
TFDP1,0.4014475930654512,387
MRPL2,0.3948646477783731,387
RPL30,0.39225216768751264,387
PRR15,0.39059556403693596,387
RPL7L1,0.3897961782400149,387
DEFA5,0.38868398559824935,387
AXIN2,0.38831203162039707,387
FCGBP,0.3878023982720222,387
JCHAIN,0.38656300227033996,387
MT-CO3,0.38558190520257646,387
PLA2G2A,0.38185257753904106,387
IDH2,0.38003425151808035,387
LBR,0.3782770662507714,387
JUN,0.37793946044645604,387
ITM2B,0.3769783167015925,387
TMEM176A,0.3741969838555806,387
ALDOB,0.37287294261556764,387
MCM7,0.37243367988686843,387
ABHD11,0.3682649692688141,387
AGR2,0.3662083280382893,387
PTPN2,0.3634298637305558,387
DES,0.3603811790903383,387
PNP,0.36020560754439096,387
TRIM2,0.35881736944924136,387
HMGB2,0.35853394539063005,387
HSPA5,0.35700223379115686,387
IER3,0.35686051440814637,387
AKIRIN2,0.35531555301067874,387
ABO,0.35327250807728816,387
PYCARD,0.3529921734870707,387
APCDD1,0.3527834062551063,387
NELFCD,0.35271509973435994,387
MELTF,0.3525079735130218,387
MUC4,0.35155097165244087,387
MYO6,0.3499880629664245,387
SCRIB,0.3497671802959914,387
ZNRF2,0.34862573834231303,387
MYO15B,0.3481845519463662,387
FGFRL1,0.34817565341713336,387
POLR2K,0.348079009588024,387
ALDH1L1,0.3478305073441823,387
CHURC1,0.3471972956633944,387
PARP4,0.3462873109456196,387
SLC37A3,0.34349126784488354,387
MT2A,0.3433578486441041,387
DMBT1,0.33821583021437973,387
CDH17,0.3379982875657085,387
TNS3,0.33756823758415555,387
LRRC26,0.33453408665395423,387
DDR1,0.33374644802933046,387
SCCPDH,0.33320443006294037,387
ZG16,0.33294896754224135,387
GTF2IRD1,0.33111374124864423,387
ST6GALNAC1,0.3308675093469963,387
MRPS21,0.3300032143647434,387
MT-ND4,0.3283332964042582,387
STAG2,0.3279318247626299,387
MT-CO1,0.32774315149466743,387
MT1H,0.3253021416594727,387
LLGL2,0.3252033869072515,387
CXCL14,0.3237588337791681,387
TMPRSS2,0.32308128255389035,387
TRMT112,0.3212738341292195,387
XPO4,0.3211536520151079,387
CDC16,0.3205209617834394,387
MT1E,0.3201622504352159,387
CEACAM6,0.3196787483971042,387
ANKH,0.3194126567367489,387
KBTBD2,0.31855658167529993,387
SNTB1,0.318143766719058,387
PPP2R5D,0.3169769363750577,387
RNF44,0.316623326992724,387
IDS,0.31568247577581915,387
CGN,0.31410144044485155,387
KCNMA1,0.3108227553478264,387
EPS8L3,0.31069063487333476,387
SP5,0.3090496737132819,387
CDCA7,0.3088970452247423,387
CXADR,0.3082620829750992,387
OCLN,0.3078752362901338,387
HMGB3,0.3065095692436401,387
SLC26A6,0.30467321830526,387
PSMA2,0.30463279832683854,387
SELENOS,0.30405667945154013,387
CKLF,0.3037067544219024,387
CIAO2B,0.30354777342677064,387
DUSP22,0.3029733652496191,387
SLC46A3,0.3026521962563889,387
PRAP1,0.30206727223678265,387
SCRN1,0.3011349722987539,387
ATPAF1,0.30107707218365415,387
NQO1,0.29869472375367,387
PAPSS2,0.2984751050002514,387
ACTR1B,0.2970861850864896,387
TNFRSF25,0.2970136193466694,387
GABARAPL2,0.2960299113127092,387
NPIPB4,0.29549269107192144,387
MT-ND3,0.293943753024836,387
ZC3H12A,0.29388229943218613,387
C1orf35,0.2936818347958194,387
CFAP298,0.2931058990880099,387
IFT57,0.29285667179882546,387
VSIG2,0.2927132949169581,387
CFTR,0.2921468365348466,387
IFI30,0.29194352753432723,387
RAB25,0.29075941699489205,387
EEPD1,0.29008259385669993,387
SLC2A1,0.2894697493087254,387
CCND2,0.2889055094478361,387
HOXB9,0.28762026227827003,387
MUC5B,0.2872530672711787,387
MPP1,0.28707625183045427,387
ICA1,0.2870063489459418,387
COL18A1,0.28688475837805155,387
CCL11,0.286758999705967,387
PPIH,0.28655337889609833,387
LGALS2,0.28645246110739225,387
NEDD9,0.2855158043187442,387
FOXP4,0.28457507061331216,387
STRBP,0.2844203665387241,387
MT1F,0.28397552473737975,387
C1orf198,0.28345459005318424,387
MGAT4B,0.2830892245716829,387
PFDN2,0.28252974340425185,387
HERPUD2,0.28074762638634043,387
CKS2,0.28050448841548065,387
RAD21,0.28040663412740824,387
PARM1,0.28037637519739705,387
FAM3A,0.28033827217145973,387
BTG2,0.2801657458777434,387
MT-ND2,0.27903421912391313,387
RNF6,0.2786070021071678,387
RCBTB1,0.2775540669850579,387
SMOC2,0.2774303561181196,387
DNAJA3,0.2769243244814589,387
NDUFB3,0.27653131869240277,387
PEF1,0.27627265851251404,387
MED12,0.2762610831355554,387
SUCO,0.27585896371251184,387
RPIA,0.2750153202387998,387
GNG10,0.27400118837728166,387
NGDN,0.27391884381115766,387
RASEF,0.2729017144853998,387
CTPS2,0.27281271982875455,387
INTS8,0.27256032744228775,387
MGRN1,0.27089916772148914,387
CD14,0.27052607787963157,387
HOXA13,0.26968740799947166,387
FABP1,0.26889535771334205,387
EXOSC8,0.2684679546997028,387
INPP5D,0.2678641907789281,387
CYP2W1,0.2675303514135946,387
DHRS3,0.2673912756270005,387
GOLM1,0.2667183275267964,387
ANGPTL2,0.26261368251007944,387
RMI2,0.2620745438284861,387
ST14,0.26092478897710797,387
SYT7,0.25998776514177585,387
CDC20,0.2591266996149152,387
BMP4,0.25911542511652885,387
ARV1,0.25910686847333525,387
PRLR,0.25730551963010656,387
RNASEH2B,0.25598975692176246,387
GDF15,0.25524413124289735,387
PADI2,0.2550019659762127,387
CPNE7,0.2546934778419015,387
MRPL18,0.2545987504608004,387
CENPN,0.25432804762871825,387
RGCC,0.2543171336167219,387
ADAMTS1,0.2540424492103142,387
HILPDA,0.2529180144124507,387
UBE2T,0.25289661843988975,387
SPON1,0.2528855369792325,387
RSPO3,0.2528819139746546,387
DIS3,0.2514985738013379,387
PTPRO,0.2512460662980915,387
GPT,0.2510297434371595,387
PHYKPL,0.2509607967698465,387
LGALS4,0.25041961395675094,387
LRRC75B,0.2501139199200491,387
RUBCNL,0.2501134839006626,387
MRPS31,0.24968717893321235,387
PLXNB1,0.2496217058544589,387
PHGR1,0.24948970604255244,387
MME,0.24905127464682628,387
AP1G2,0.24883001216455392,387
FUCA1,0.2485321754583994,387
EPSTI1,0.2483912387753341,387
AXIN1,0.24786874935461287,387
TNFSF11,0.24672422551323003,387
GPA33,0.2458463236780198,387
SRSF7,0.24573797153822907,387
TRAPPC2,0.2436495292786182,387
MCM3,0.24295839114466547,387
EPHA2,0.24259053261812463,387
DAPK2,0.24240909096081117,387
S100A11,0.24230350392296784,387
NXPE1,0.2412336800470523,387
IPO9,0.24101446256526782,387
DOCK9,0.24055684428546323,387
GOLGA7B,0.23988819762101124,387
WNT2B,0.23976793775524827,387
CDKN1C,0.2386217102072666,387
M6PR,0.2385473587751639,387
SDC4,0.23833588197005845,387
KCTD5,0.2377788732835582,387
WFDC2,0.23752115235930107,387
DNASE1L1,0.236985826924956,387
EGR3,0.23633510031490243,387
BAIAP2L1,0.23577584778176824,387
NXPE4,0.2355781170751125,387
FUBP1,0.23527612564136083,387
QSOX1,0.23482636720123784,387
MAGOH,0.2347957088607253,387
NT5C3A,0.23447860440435384,387
SESN1,0.23385560996149032,387
PROCR,0.23372123304081452,387
ABHD12,0.23367526138359668,387
UNKL,0.2335155926280299,387
MTHFD1,0.23350292689367283,387
C2CD4B,0.23330526904698817,387
REXO4,0.23261287825103913,387
BLOC1S2,0.23210897588106955,387
ATP11A,0.23028835985739454,387
RNASE4,0.22876527807513647,387
FURIN,0.22869321237499773,387
INTS7,0.22817852597867738,387
SNRPF,0.2277317997147504,387
RNF126,0.22713780434720593,387
PSMD14,0.22675726955771655,387
FAF1,0.22671655797452525,387
LEF1,0.2266363616896961,387
ADIPOR1,0.2264603505362738,387
TPP2,0.22639728763781689,387
CCT3,0.22606414819571968,387
CES3,0.22597544278332782,387
CPE,0.2256647295577332,387
PDLIM7,0.22533991071040996,387
IFITM3,0.22525474355757102,387
SS18L2,0.22504735455108674,387
MTMR11,0.22471782919073385,387
AGBL5,0.2246199441700709,387
ANLN,0.2244693773098207,387
LTB4R,0.2242943245218227,387
MYEF2,0.22408630496309428,387
PIGL,0.22404649388548478,387
MAPRE1,0.22401230036271422,387
KCTD13,0.22396745164552775,387
PLK1,0.22362544719526534,387
ARHGAP33,0.2235110074088389,387
CRB3,0.22316723255491638,387
PURB,0.2229406473770103,387
ZMYND8,0.22282828193742069,387
KCNQ1,0.2224626568770164,387
LRIG1,0.22221508277259608,387
FAM200B,0.22112580554611888,387
NOMO1,0.22108498044128477,387
TJAP1,0.2210419463602998,387
MEAF6,0.21989380372681505,387
CAPN8,0.21908726630032938,387
HDDC2,0.2183881359457034,387
IFRD2,0.21837179211352326,387
DUOX2,0.21772308130036447,387
NSUN5,0.21761981845048764,387
SEMA3F,0.21743607862251502,387
HIP1R,0.2170659884250092,387
WDR59,0.21615309490289844,387
IAH1,0.21612359785209154,387
OSBPL3,0.21581385145661416,387
UTP4,0.2155285311784327,387
PLA2G4B,0.21539311900626673,387
CD59,0.2153100252499623,387
EDEM2,0.21504948821393283,387
PPP1R11,0.21407488314413536,387
GADD45A,0.2126137836245089,387
VAMP5,0.21246050020253246,387
POLR2E,0.21243019570079893,387
PABPC1L,0.21143490518832025,387
BICDL2,0.21019092799950384,387
AVPI1,0.20981436087858954,387
CA2,0.20874274940496462,387
PAQR8,0.20864242475478842,387
AGR3,0.20821077082289527,387
SLC3A2,0.20819341046287898,387
ARHGAP32,0.2081448732346695,387
TFF3,0.20798551068434784,387
LIG1,0.20767509831365472,387
EIF2D,0.20751511422969973,387
TRAF5,0.20716477015291188,387
CNNM3,0.2064841951637556,387
BET1L,0.2058464638443648,387
IGFBP2,0.20574717320019786,387
SULT2B1,0.20551473038165036,387
TRPM2,0.20495772830128617,387
ZBTB7B,0.2049275336548193,387
FAM222A,0.20475353430027896,387
CRB2,0.2047001320071823,387
TRANK1,0.20442578227817848,387
PLAC8,0.20430618581381252,387
EFNB1,0.2041341951188786,387
DOK4,0.20364520014236712,387
NR4A1,0.20361280205710636,387
SBF1,0.20311872547008983,387
ACSS1,0.20300296398750242,387
CUL4B,0.2029683597772759,387
ZNF598,0.20274402393989024,387
PSMD5,0.20270089541678593,387
PRR7,0.20235654228517716,387
SHROOM3,0.20111504159439594,387
HMBS,0.20110362499910814,387
ANKMY2,0.20089408581950147,387
MDP1,0.20086131895915849,387
CHD7,0.20074959923044394,387
ENPP4,0.200733103900548,387
SUSD6,0.20069238175030904,387
GORASP1,0.20051368440293457,387
AOAH,0.1995729029008653,387
COA3,0.19937467586220184,387
NMI,0.19921916278672655,387
ZNF280D,0.1991832272942053,387
CC2D1B,0.19895756099218032,387
MS4A8,0.19867100898219153,387
USP16,0.1984023312750348,387
ITGB6,0.1982261694751138,387
MRPL33,0.19821912517657608,387
STX3,0.19803891309112642,387
AKR1C3,0.1973180011538075,387
SOX9,0.19725711095476756,387
SQLE,0.19720668226454716,387
FLNC,0.19699609440085164,387
KCNAB2,0.19660243058964624,387
PYCR2,0.19648642920003112,387
RARS2,0.1956551465377733,387
ALDH1A3,0.19514732414370806,387
ATP5MG,0.19511972887096232,387
EPHB2,0.19481946244113563,387
TACC3,0.19444765432262462,387
RNF128,0.19443830547241323,387
DLG3,0.19351239180251495,387
NAE1,0.1933355700192306,387
NGRN,0.19301484401352278,387
EXOSC10,0.19290693518845436,387
PIKFYVE,0.19290245269205303,387
SPATS2L,0.1927867666234767,387
PLCE1,0.19271819536665552,387
TCAF1,0.19221770432734794,387
STK26,0.1919744176713173,387
CYP2J2,0.19147852634241275,387
ECHDC2,0.19132573294869593,387
ERMARD,0.1912822815233277,387
CYP27A1,0.18964571717243012,387
CA12,0.18865774378412709,387
SRPK1,0.1886332658441956,387
TSGA10,0.18854705139680766,387
CEBPA,0.18852561998805994,387
CHMP4C,0.1882537200850416,387
AFMID,0.18817559598414485,387
TRIM25,0.18806006902158715,387
B4GALNT3,0.18751827933034831,387
RANBP1,0.1873547557227469,387
PHLDA3,0.18663630055354277,387
PKIB,0.18624523539853574,387
TPX2,0.1860723071511904,387
SPATA6L,0.1860510345164656,387
VAV3,0.18586002144556585,387
MRPL23,0.1851486274701024,387
FOXA3,0.18502414129304515,387
BRD8,0.18459265697497473,387
RPL23A,0.18441790617164214,387
RANBP10,0.18387133473484854,387
TSTD1,0.18385005491261747,387
TOP1MT,0.1838154901018631,387
IFI6,0.18324220946313324,387
PLEKHM2,0.18318141609615912,387
SYT13,0.18317389821075444,387
CDCA3,0.18297294463840535,387
FAM13A,0.18287728803703138,387
USP11,0.1828444396575776,387
ATP11B,0.18259232508060572,387
COP1,0.18241392388066288,387
FEM1A,0.18179794968899815,387
DNTTIP1,0.18167991972575528,387
PBX1,0.18144271667763287,387
CUL1,0.1811800409966857,387
TFF1,0.18103524219823025,387
CHCHD7,0.18083417835028312,387
CDH13,0.18071236646385186,387
CCDC14,0.18046731043359754,387
CFB,0.1803118969858335,387
B3GALT5,0.17999640592607227,387
FEN1,0.1799801640757721,387
PRSS33,0.17955005488101222,387
SLC38A1,0.17922725060467035,387
PLS3,0.17867083085736704,387
ZNF384,0.17861487070933413,387
TP53RK,0.17859282869934998,387
ATP8A1,0.17792456162893985,387
EHMT1,0.17717445370914472,387
PHLDB2,0.1763405789706309,387
GATA6,0.17588382241733036,387
TSR2,0.175685113061543,387
HAUS2,0.17557631246387242,387
NCAPG,0.17507910473345645,387
HHIP,0.1749186035380919,387
CPA3,0.1748752825666374,387
MRPL35,0.17485566649341025,387
COX6C,0.17435781150635035,387
DLGAP5,0.17409447142696788,387
NSUN2,0.17406876887423495,387
ECHS1,0.1726943445418399,387
SLC9A2,0.17250752193943214,387
PHLPP2,0.17241573261532714,387
FOXQ1,0.1723471212163745,387
TMEM242,0.17196924976451472,387
ENTPD5,0.1719675389376824,387
ELF1,0.1716680214638682,387
KIF12,0.17163969996171816,387
KCNMB1,0.17112727889735788,387
MAGEH1,0.17088249490439067,387
WASL,0.17065932548176166,387
FAM3C,0.17061289165069543,387
NDUFA8,0.1705427060698439,387
HS1BP3,0.17035591079494553,387
MCM4,0.17027875553268845,387
TMEM216,0.17019303554059842,387
LAMA4,0.1701902809331378,387
ABCA5,0.16896400669367223,387
EIF3L,0.16894514005059427,387
COL7A1,0.16889890934138221,387
DUOXA2,0.1686724809610628,387
AEN,0.16832378613454366,387
KBTBD11,0.16826652444921522,387
LSM6,0.1679967995873357,387
CDK18,0.16778058772762333,387
TLN2,0.16759841249709806,387
ZNF267,0.16756818071495044,387
KIF2C,0.16747103583719433,387
REP15,0.16732732091604205,387
ELAVL1,0.16703021790959016,387
ITGA1,0.16668218455161765,387
C12orf57,0.16658297269247083,387
PRXL2A,0.16625228290299057,387
GADD45G,0.16621145948726693,387
CIAO2A,0.1659414613097088,387
CASP6,0.16593195869182004,387
UBE2C,0.16591476808318345,387
RAB11FIP1,0.16589211414708147,387
COL15A1,0.16540874225929916,387
GRB2,0.16535531204256118,387
NEURL1B,0.16525753643892938,387
EME2,0.16520312972213805,387
MRTFB,0.1650923760500163,387
CLDN3,0.1650903215568194,387
ERCC5,0.1647666871643437,387
CHI3L2,0.1643906844437591,387
PRSS22,0.16412806026864768,387
NUP107,0.1639775527987838,387
IHH,0.1638885493144623,387
GMCL1,0.16381509046392223,387
TAP1,0.16376286577339524,387
FANCI,0.163612672185029,387
RRM1,0.16354358474582362,387
ATP8B1,0.1633244348132593,387
TIMMDC1,0.1633219896358944,387
CHTF18,0.1626620831819522,387
COG1,0.16230498115507802,387
MUC12,0.1622823712717136,387
ECRG4,0.162255751140974,387
AMOT,0.1622037635875281,387
SWI5,0.16211689306660068,387
HEXA,0.16210267197585124,387
TRRAP,0.1620919278132387,387
SERPINA1,0.1618454893070202,387
UBR1,0.16181381321433283,387
FOXM1,0.1615045645535118,387
SNRNP35,0.16128510422968734,387
MIEN1,0.1607880356338461,387
THEM6,0.16070266989292512,387
RASSF3,0.16014061920829417,387
DCUN1D2,0.16006385148147279,387
SAMD5,0.15996748917169923,387
RAB24,0.1598200326015639,387
KDM3A,0.1596175530570447,387
POP1,0.1593086541132839,387
PTPRN2,0.15916554767989086,387
YTHDF1,0.15914650129136446,387
SLC26A2,0.15868109726983518,387
CCDC115,0.15843290100068624,387
PCK2,0.157870244962485,387
TMBIM1,0.1578065966890667,387
RMND1,0.1575769181900797,387
CSF1,0.15731343087684935,387
HOOK1,0.1572878629710039,387
RGMA,0.15666410242844045,387
USP53,0.15648589626281673,387
RCAN2,0.15635942365084737,387
DPP4,0.1560579030538282,387
ZC3H12C,0.15548676161356723,387
ALDOC,0.1552785084553594,387
GPSM2,0.15518528096622272,387
PTPRM,0.15511095456836174,387
CCNB1,0.15502296695213963,387
UQCC1,0.1547233631317202,387
GEMIN8,0.15448787791899535,387
DIMT1,0.15389802713920941,387
STXBP5,0.15355478858479413,387
OCRL,0.1535416348593499,387
FITM2,0.15332147129485954,387
PHF2,0.1532500792582095,387
ANTXR2,0.15271955192976364,387
TJP3,0.15267864683953797,387
EPM2AIP1,0.15260164347927518,387
COQ8A,0.15243234683966278,387
C5orf34,0.1524000168457045,387
ANKRD44,0.1522777549098808,387
AREG,0.1521933862061698,387
RIPK4,0.15177423849400315,387
RNF111,0.15163035213945267,387
PSMB5,0.15159046826087072,387
KLHDC10,0.1515821305502548,387
KCTD17,0.15157258727142006,387
BIK,0.1515625768092997,387
SERINC5,0.15133852526670802,387
DDIT3,0.15119689727525412,387
TENT2,0.1508259377525315,387
CHCHD3,0.15081570202740338,387
CALD1,0.15073764893220076,387
DTYMK,0.15060927687662445,387
ALDH1B1,0.1505365805315413,387
SRSF10,0.1505331457427459,387
RAB12,0.15031603500988167,387
PRSS23,0.1499160055525726,387
TC2N,0.14967237624896912,387
ZZEF1,0.14961645791040765,387
FAAH2,0.14933862264005435,387
FFAR4,0.14916533612713814,387
VBP1,0.14906848643616014,387
AGT,0.149020188517418,387
SBNO1,0.14865907551045812,387
MRPL13,0.1482704472853346,387
GPR160,0.1481214083863959,387
GCHFR,0.14783848464489124,387
LY6E,0.1475697086783119,387
RFC2,0.1475278205685425,387
NOS2,0.14724971692060124,387
C19orf33,0.14719477052174482,387
FBLN5,0.1471677693102344,387
LARGE2,0.14698470026659283,387
ARG2,0.14691135598390584,387
ENC1,0.1467431562846861,387
DPY19L1,0.14667827983663606,387
MACO1,0.14654669564640735,387
CDS2,0.1463696080942807,387
VDR,0.14602841734504093,387
HIVEP2,0.14559988133300772,387
HBS1L,0.14546273883871375,387
DDT,0.14519988236494308,387
MOB3C,0.14461640879591203,387
ECH1,0.14458234207220438,387
DDX20,0.14409253569687064,387
METTL5,0.14401559791006446,387
POU2F1,0.14396038041431958,387
SP4,0.1437765422998543,387
PRDM6,0.14358191276061663,387
SPRY2,0.14352432274073212,387
CERS4,0.14342437912535913,387
ZMYND19,0.14276335097921944,387
SLC25A38,0.14263365406736583,387
QRICH1,0.14259667363171952,387
SYCE1L,0.14256996115568413,387
HFE,0.14203255069445947,387
FZD10,0.14189197967017148,387
TFPI2,0.14185047247963925,387
SPINT1,0.14180718983870905,387
KPNA3,0.14169782577363302,387
HLCS,0.1413783721107047,387
RGS2,0.1410813619221052,387
TIMP2,0.14104773152349856,387
CLHC1,0.14085231657703562,387
NPIPB15,0.14084814527001263,387
FAM221A,0.14081928086125386,387
BSDC1,0.14066911001581942,387
PDCD2,0.14064369768004106,387
IFT52,0.14062446717141924,387
CNTRL,0.1405965697598662,387
NTN1,0.14057183787636504,387
ORC3,0.14045923727603818,387
IQGAP3,0.14033328706435247,387
GATB,0.14030994066692043,387
PAFAH1B3,0.1401475732045654,387
LRG1,0.140076357500069,387
UBL7,0.13999932050953254,387
ADTRP,0.13950088226206808,387
PABPC3,0.1394423948922759,387
MGAT4A,0.13909247205889566,387
BAMBI,0.13877831299739427,387
ENY2,0.13873483929914193,387
GSDMB,0.1386432470326633,387
FSD1L,0.13863976864679975,387
ECT2,0.13850252214317502,387
IMPA2,0.13838086978948497,387
TANK,0.1383589861124896,387
RPGR,0.13827521857712188,387
RFX3,0.13813658775867946,387
EVA1A,0.13811050792209043,387
BCL3,0.1380450135939662,387
CXXC5,0.13774424475152322,387
STK35,0.1377221987985471,387
DNMBP,0.13760199265859344,387
FGFR1OP2,0.13757684599746162,387
ZBED5,0.13752929080749057,387
ANPEP,0.13747296747394147,387
SLC6A8,0.1371874985114455,387
LRRC15,0.13703331635612795,387
CXCL6,0.13685657025749673,387
CCDC24,0.1367857932754896,387
VIRMA,0.1367621885237586,387
ALKAL1,0.13676132364957236,387
DHCR7,0.13672517394169215,387
NOB1,0.13644689096319035,387
TRMT6,0.13564207778327086,387
CRYBG2,0.13556276269484407,387
HIRA,0.13532844064925012,387
UHRF1,0.13494033139469525,387
GALC,0.1348744425035654,387
IL17RE,0.13484213581976645,387
P2RY1,0.13477532598125117,387
INSR,0.1347696431049593,387
PODXL2,0.13471762474477017,387
GNPDA1,0.13432762279487032,387
SULF2,0.134240297462329,387
PRR15L,0.13422415341264352,387
CYP4F12,0.13392076533565078,387
RUVBL1,0.1338709372366732,387
RABEP2,0.13385785880750004,387
C1orf115,0.13374158973997372,387
NOL11,0.13369393869949753,387
YLPM1,0.13359245506440445,387
USP30,0.13358235537982738,387
COPS7A,0.13291784009545887,387
DHRS11,0.13276994943115575,387
MGST3,0.1327575311247791,387
CPT1A,0.13252955796012017,387
BMP2,0.13250745937610373,387
SNRPN,0.13234136055750195,387
SPEG,0.13196988650378383,387
CAPN9,0.13189319305004407,387
RAB8A,0.1318245107596009,387
TNC,0.1317562985586143,387
RCC2,0.13173410977111333,387
GPC3,0.13167741057122234,387
NUSAP1,0.13145041584123868,387
ITPR2,0.13136022036228087,387
SNX5,0.1312993930546099,387
PRPF38A,0.1309608139016108,387
CDC42EP5,0.13080093162722703,387
DESI2,0.13065361234160058,387
MITF,0.13056521150729766,387
FUT8,0.13052976399270813,387
DCP1A,0.1304585158572526,387
CBY1,0.13037501720212208,387
CARD19,0.13016166500136458,387
PDCD5,0.13002608117934725,387
TNFRSF12A,0.12987199934090973,387
MTMR14,0.12980125003034562,387
PHF6,0.12975914097843722,387
S1PR3,0.12957414974735704,387
TNXB,0.12954734427086065,387
CDKN3,0.12949021645002753,387
ECM1,0.1290806819503698,387
ITGB1BP1,0.1289903986956283,387
PCLAF,0.12880896596500677,387
SLC29A3,0.12853980732030745,387
CALCOCO1,0.1283678751071514,387
ADAM19,0.1282728720360431,387
TMTC3,0.1282027087590176,387
NXT1,0.12802297961473474,387
RRP15,0.12798153090369557,387
YAP1,0.1278048839488241,387
PCGF5,0.12773393008463563,387
SPIN4,0.12769965008157508,387
DDX60L,0.12765579009660968,387
PLA2G12A,0.12762715275461375,387
DCAF1,0.12750343440802733,387
LPCAT4,0.1273539001228896,387
SRSF8,0.12710824409482155,387
KLHL36,0.1269685889502562,387
OVOL1,0.12673797086849328,387
PSMD10,0.12660004973782019,387
LOX,0.1265932194612478,387
CRACR2A,0.12655075471898158,387
TOX3,0.12642199828916634,387
TMED5,0.1262889951530664,387
EXOC3L4,0.1262683721332548,387
TAFA5,0.1262407494016407,387
ZMAT3,0.12606767054680473,387
CLDND2,0.12587832614744482,387
ALCAM,0.12577711815415127,387
GRAMD1C,0.12548536761754436,387
CERCAM,0.12543699398839955,387
ACAN,0.1252400016642399,387
FBXL3,0.12512022940973974,387
C3AR1,0.1250648869675218,387
HELZ2,0.124370229274416,387
DEPDC1,0.12408907846072971,387
LMNTD2,0.12398444615112053,387
ZNF703,0.12398339551405332,387
COPS5,0.12252106669551174,387
RASSF10,0.12220381171398295,387
RBBP8,0.12218396066346221,387
ZNF281,0.12196753220361836,387
ECHDC1,0.12194335032292575,387
IER5L,0.12175749698028394,387
EBPL,0.1216788079804768,387
UPF3B,0.12160007010807089,387
FLNB,0.12141982890913115,387
HAT1,0.12137490647661917,387
ZNF503,0.12128593227055055,387
GJD3,0.12128440052722671,387
PCK1,0.1212253029927586,387
PDHA1,0.1211849297249828,387
TAPBPL,0.12098019834466424,387
APOC2,0.12092372766483889,387
ANXA13,0.12088370343183712,387
PARD3,0.12074164059782574,387
DCLRE1B,0.12053616611958289,387
TMEM39A,0.12033423121635337,387
HDGFL2,0.1203152661345,387
AIFM3,0.11990092226394886,387
PTK2B,0.11981320691770651,387
TSPAN1,0.11945331854775428,387
CYGB,0.11927539882961,387
NECAP1,0.11918558245589464,387
MMP23B,0.11905011183757647,387
TGFB3,0.11849363503424303,387
BCL2L15,0.11837732626168507,387
KMT5C,0.1180579243367978,387
PEX3,0.11788525450155597,387
ERCC3,0.11787674222394676,387
IGSF6,0.11783377508809338,387
MLH1,0.1177814483084538,387
GTF2H4,0.11742304582023652,387
GSTM4,0.11737402382662807,387
INO80,0.11724191143544119,387
SATB1,0.11699977036272129,387
CNOT10,0.11687784321847208,387
SUGP2,0.11685874432849644,387
IGFBP3,0.11680187631223178,387
TMEM154,0.11630407896652677,387
SERPINH1,0.11620136219025302,387
SPRY4,0.11615303995555977,387
UBA7,0.11610929271402683,387
JSRP1,0.11584577193621491,387
PBLD,0.1157156020709322,387
DHRS1,0.11567978239577797,387
PPP1R14A,0.11566356941020174,387
TRIB3,0.11554193507429215,387
SIAE,0.11517183989823114,387
MAP1S,0.11500400535952728,387
FGFR2,0.1149291897205026,387
PLEKHA3,0.11469109798186217,387
ID3,0.11451212092717897,387
HLTF,0.11448975724511326,387
CD200,0.11408910920399376,387
PKIG,0.11403884020720056,387
SUCLG2,0.11373948021135454,387
ADCK1,0.11355733912154573,387
TMEM236,0.11345453025542478,387
HBEGF,0.1132410423532073,387
SEC23B,0.11293442502948046,387
PRMT3,0.11290449501148618,387
TRPA1,0.11259425088870399,387
NR3C1,0.11241174148215294,387
INPP5J,0.11240170611968753,387
PGAP1,0.11234150421411193,387
CIT,0.11230357007156866,387
CHAF1B,0.1121437028461293,387
EEF2KMT,0.11204429828028523,387
HEY2,0.112036743084707,387
HKDC1,0.11200034659436428,387
CAMTA1,0.11186153606159423,387
SYT12,0.11175193530663849,387
BOC,0.11167154887472201,387
RFK,0.11134043668501824,387
NPRL3,0.11123724531399169,387
CD4,0.11103467945325218,387
RICTOR,0.1107455570675366,387
YEATS4,0.11067304451828427,387
ANKRD37,0.11066159190381081,387
SMPD1,0.11026993913750693,387
ZSCAN18,0.11020770111151088,387
CXCL3,0.11002815571019445,387
CXCL1,0.10993515504977211,387
MAD2L1,0.10988621614286723,387
CEACAM1,0.10986161683843548,387
RMI1,0.10980827387042537,387
GALNT12,0.10971976069106477,387
OXR1,0.10968386702246473,387
SIGLEC14,0.10956975327522789,387
TFRC,0.109543210168532,387
CTHRC1,0.10941456675737314,387
AKR7A3,0.10937060608540895,387
IPMK,0.10935791012727453,387
PRRX2,0.10919802665193634,387
FAM171A1,0.10918093312290378,387
CLEC2B,0.10917833157651095,387
CSKMT,0.10917527223776285,387
ZNF641,0.109057396759735,387
LRRN2,0.10903685726865617,387
PGM1,0.10902383962281614,387
HMGN4,0.10885463924059102,387
SLC2A3,0.10867948985121978,387
PAM16,0.10861527717407908,387
ZNF304,0.10852725028789899,387
TMEM14B,0.10838638557370966,387
NDE1,0.1082518516763061,387
LRRC8D,0.10824535786753937,387
SLCO3A1,0.10820516954387976,387
UFL1,0.10815444070206641,387
ARHGEF39,0.10774572741087637,387
EPHA3,0.10747497209147072,387
MYB,0.10731884608045814,387
MNDA,0.10706807912718377,387
SIRT2,0.10700440654180074,387
TGFBRAP1,0.10690681017628201,387
SMIM30,0.10683566380176018,387
LYPD3,0.1066469487837859,387
VWA2,0.10642888811531763,387
KIFC2,0.10632059306315242,387
WWTR1,0.10631900923314816,387
PRCP,0.10625324287710873,387
MEA1,0.1057957844446878,387
TCEAL1,0.10577564757916236,387
HOXA4,0.10563126151073102,387
IL1B,0.10556676074024107,387
RAB2B,0.10553311234467554,387
SHE,0.1053513514076283,387
SLIT2,0.10531960312864495,387
CHRNA3,0.10524168875815886,387
ALDOA,0.10488260868641375,387
DDR2,0.10474911569212536,387
FLT1,0.10441978540481274,387
AMOTL1,0.10428690255405396,387
TMEM70,0.1042219557791136,387
POGK,0.1041900774495173,387
CD68,0.10414377963581307,387
PRSS16,0.10366687767981053,387
SLC25A30,0.1036502957120359,387
NGEF,0.10359525851739061,387
ARHGAP44,0.10344953825966326,387
RELT,0.10292356538403422,387
ZNF251,0.10283603020266764,387
LSM8,0.10283454218690787,387
AOX1,0.10275756352159662,387
TPRG1L,0.1027553390415291,387
MAP3K1,0.10259305425841604,387
INHBA,0.1025709049325611,387
REPS2,0.10255963676733808,387
KATNB1,0.10252498965518873,387
CNNM4,0.102368747774469,387
MTHFD1L,0.10231961500499612,387
TMEM14A,0.1023035939578926,387
ZNF330,0.10230353911717761,387
CARD10,0.1022367617991297,387
PIGU,0.10197229820978364,387
OPN3,0.1018110744503034,387
PPP1R26,0.10164699919286291,387
NECAB3,0.10142220341211255,387
NEIL2,0.10141147835923814,387
SIRPA,0.10118130626828395,387
ETV4,0.10115343959455213,387
B3GNT3,0.10108040863005785,387
HMGN3,0.10101078748089008,387
LZTS1,0.10066910148580936,387
NT5DC1,0.10059844327733262,387
NEIL1,0.10056917195646112,387
RAP1GAP,0.10056902215919747,387
TMC7,0.10056422887129884,387
SLC25A20,0.10048121613558321,387
ZC4H2,0.10035772694902464,387
MT-ND4L,0.10031870408678518,387
ZDHHC14,0.10022478808592343,387
ABCF3,0.10012019245150744,387
PANK3,0.10004778472427274,387
ADAMTS15,0.09995855177216924,387
OSGIN2,0.09981956647191038,387
IL11,0.09949458631448492,387
ZC3HC1,0.09940450790946317,387
SLFN5,0.09930963144449782,387
TRIM4,0.09913167392726006,387
IFNGR1,0.09912720278039461,387
USP27X,0.09909600783235148,387
PF4V1,0.09877693115696258,387
SUPT20H,0.09856486923761762,387
SOX6,0.09843894355723021,387
TNFRSF4,0.09788867242393216,387
ADGRG6,0.09769635917759187,387
ATG4C,0.09749058216575142,387
HPN,0.09746320280311825,387
HMGXB4,0.0973523353785165,387
APIP,0.097054224676784,387
TMEM64,0.0970170593811607,387
DOP1B,0.09679025930881237,387
PLPP3,0.09661779058174964,387
CREB3L1,0.09660379210863636,387
CD99,0.09653006975601275,387
OXLD1,0.09637044070744862,387
EIF4ENIF1,0.0963465905286911,387
NR2C2AP,0.09631793611424605,387
COX7A2,0.09631236084046368,387
LRP1,0.09631029864325635,387
DLAT,0.09628800746424707,387
SLC50A1,0.09588158936772431,387
SEMA3C,0.09587091942262567,387
GEMIN6,0.09582041035778867,387
RAPGEFL1,0.09560879693545264,387
ITPKC,0.09559103346176652,387
WDR3,0.09527499354039885,387
MTSS1,0.09511173806892452,387
GTF3C6,0.09480200741856902,387
GLUD1,0.09474471494889192,387
FXYD3,0.09471340533086389,387
POLM,0.09470726286415368,387
SLC22A3,0.09446439036205583,387
KLK1,0.09437360329765807,387
GPRC5A,0.09432914614221066,387
ECE1,0.0942565797613991,387
PARP8,0.09421934707908029,387
SAMSN1,0.09420156105445589,387
SLC35C1,0.09418387684601369,387
C12orf4,0.09414259957407228,387
C16orf87,0.0940762622994293,387
NLGN2,0.09397265721707986,387
GINS2,0.09396130852456024,387
THBS4,0.09394476689958195,387
AGGF1,0.09390590452339045,387
TMEM144,0.0938748059996273,387
NOD2,0.09372445069673635,387
RAB17,0.09336358454539029,387
CEP55,0.0931136834111366,387
CREB1,0.09296184192978578,387
P2RY14,0.09292193959164423,387
FBXW4,0.09289491446241235,387
GAPVD1,0.09288928569438665,387
VILL,0.09287699773000331,387
WDFY1,0.09248786293952359,387
NAT2,0.09165805424984029,387
NR2F1,0.09158147370637879,387
TNFAIP8L1,0.09134241275762688,387
PPP1R15A,0.09108849419038104,387
PPP4R3A,0.0910068120383148,387
CPEB2,0.09094758731043272,387
ISYNA1,0.0908559425887446,387
UBD,0.09076298416310591,387
BAIAP2,0.09073366065326083,387
KCTD20,0.09064313960170098,387
THG1L,0.0905848130464922,387
HS6ST1,0.09041790174182558,387
ARL3,0.09041184788104056,387
CCDC86,0.09033063935042772,387
GLCCI1,0.09011204189837244,387
FBXO46,0.09000966201665027,387
PHKG1,0.08974774044722218,387
DBI,0.08971803530726742,387
PTPRJ,0.08969337384401345,387
ADAT1,0.08954740172820941,387
SLC4A1AP,0.08950035134325555,387
FCHO1,0.08940946345230699,387
ESS2,0.08938758116839336,387
ANKRD22,0.08928786954404445,387
ERLIN2,0.08921085510053774,387
MYO1A,0.08907253553414007,387
CEACAM7,0.08879155153439122,387
ZNF84,0.08875814769080828,387
STON2,0.08866290024701953,387
SLC25A46,0.08865003239124396,387
LGALS9B,0.0884776547707137,387
SYMPK,0.08814797075433195,387
BOD1,0.08813862830945161,387
GJA1,0.087894095721028,387
HVCN1,0.08757664340162266,387
ZNF138,0.08753563139858817,387
PKDCC,0.08751009190081349,387
CUTC,0.08744590534941608,387
MRNIP,0.0874329224562063,387
TMEM238L,0.0874002270255498,387
SETDB1,0.08734567343364576,387
SDK2,0.0871696350882738,387
IK,0.08714061853089157,387
TPGS2,0.08695983414037627,387
NUP43,0.08693195519968322,387
SP1,0.0868034881789733,387
PFDN4,0.08676232605872408,387
GNA12,0.08672116213068408,387
KLK3,0.08668333511107042,387
MUC5AC,0.08666319127117594,387
CDS1,0.08637532117369105,387
ADAMTS4,0.08600874986507259,387
ABHD18,0.08582906999688567,387
PDGFRA,0.08574111993385913,387
DCHS1,0.08538602429019944,387
ENTPD8,0.0853547443058633,387
RHBDL2,0.08502681022984218,387
EIF2AK4,0.08496490012419061,387
EPHX4,0.08490088250205056,387
MFSD3,0.08488728672998222,387
RREB1,0.0844682715716084,387
RASGRF2,0.08436708837036172,387
LRATD2,0.08420717910406414,387
PAMR1,0.08383591288304836,387
APH1B,0.08372727328936784,387
TYROBP,0.08356438927445692,387
NCS1,0.08351396377438926,387
FBXL12,0.08346857418661585,387
LRRC19,0.08340350343082459,387
MROH6,0.08333053538455239,387
FAM174B,0.08305645407310092,387
CLCN3,0.08272113243047148,387
CDC45,0.08268254132748244,387
CLIC4,0.0825767404127177,387
GPR68,0.0824386944818271,387
RHBDL3,0.0823523903707632,387
TANGO6,0.08230430511695852,387
TCAIM,0.08222280400722358,387
HRCT1,0.08221185411611305,387
DDX19A,0.08218768221147331,387
PI15,0.0821827083825425,387
MYBBP1A,0.08216158943755814,387
RHBDF2,0.08211844724054349,387
PRRG4,0.08209233920167491,387
LHFPL2,0.08201031943369366,387
C1orf116,0.0819939350930129,387
ID1,0.08196416777573935,387
SMIM24,0.08184698102389366,387
UBE4B,0.08182017661624455,387
E2F8,0.08166023304271469,387
GLRX,0.08159250054981107,387
XDH,0.08158067863370025,387
DUSP11,0.08135201260308116,387
DUSP2,0.08124338018639121,387
NDRG2,0.08117308908670327,387
MFAP4,0.08107493238208204,387
LIPH,0.08106428603925515,387
REG1A,0.08091384549225226,387
PLCL1,0.08090695763053979,387
SLC5A1,0.08076955102609507,387
CAAP1,0.08074293610588283,387
KLF7,0.08070168208041409,387
CTSC,0.08063961559009457,387
REXO5,0.0803995669563779,387
FASN,0.08033142750760192,387
DDB2,0.08027712958280367,387
EREG,0.08020792246477476,387
AMY2B,0.0800354468877121,387
MICALL2,0.07977577402328252,387
COMMD1,0.07972719917525921,387
ANKRD40,0.07970061786709631,387
CPT1B,0.07962041139556451,387
RRAS2,0.07955673161203938,387
TRIM16,0.07939956233683226,387
BNIP3,0.07924499502764551,387
MFSD6,0.07924004220080218,387
SMIM14,0.0791612462117082,387
CRAMP1,0.07905570875870922,387
YPEL2,0.07899988211288787,387
SMYD2,0.07894855929255895,387
KLHL7,0.07892646968902255,387
TRABD2A,0.07889243361818092,387
MTO1,0.0788622381240697,387
KLF2,0.07864438743962532,387
CHN1,0.07845839926655092,387
EDNRA,0.07832632502508087,387
KCNJ15,0.0782979827626269,387
FXYD1,0.0781644222620096,387
ERC1,0.07789827318120417,387
PHACTR1,0.07787823577816379,387
XK,0.07785095624216862,387
RGL1,0.07774472017405792,387
C11orf24,0.07771940483019686,387
PDGFRL,0.07769266199296698,387
PCDH12,0.0776702309323181,387
PLSCR3,0.07760387558475423,387
TACC1,0.07758120261962251,387
TMEM200B,0.0774320678482031,387
PIGBOS1,0.07733643438917295,387
CDCA5,0.07726715665170415,387
TMEM256,0.07722640672649636,387
SKA2,0.07716760714532364,387
RNF20,0.07708044308436796,387
FAM200A,0.07706825890610698,387
APOC1,0.07693209963832473,387
F3,0.07691178627164769,387
CAPN5,0.07681717372007997,387
SYTL2,0.07676951333138038,387
ZNF32,0.07675439920292193,387
TMEM63A,0.07674666833323361,387
OAS1,0.07674450633915522,387
ST3GAL4,0.07670430728439954,387
MAP3K8,0.07654211423740724,387
PF4,0.07650975472298073,387
RAB3D,0.07639388939461304,387
C3orf70,0.07635463102342745,387
HACL1,0.07630945170144628,387
SLC52A2,0.07625180010987123,387
NOXA1,0.07599122477591247,387
LAMA5,0.07560490064009015,387
TRMT1L,0.0755118474252378,387
PANX1,0.0755095295460912,387
MFSD8,0.07543705872198896,387
JUNB,0.075399380203092,387
IL21R,0.07524647153915517,387
MYORG,0.0751810281471647,387
P4HA1,0.07515489118668046,387
GTPBP8,0.07510905647718372,387
CSRP2,0.07506259139754191,387
ARMCX5,0.0750292021001064,387
OSBPL6,0.07496642262687615,387
CD22,0.07495798848327663,387
HPS3,0.0748793938430444,387
NR2C2,0.07484456904183859,387
CRISPLD2,0.07471554263224787,387
IL7R,0.07466280313024833,387
HES4,0.07463381285965362,387
DCAF4,0.07460208170216476,387
KLRB1,0.07459145795580788,387
NAA80,0.07458831812024565,387
PCBD2,0.07453807353353963,387
DYSF,0.07437744047391306,387
RIN2,0.07429298170753662,387
RTP4,0.07426156053350223,387
OSBPL7,0.07423058351474865,387
EPS8,0.07413723606415079,387
UPRT,0.07404639865183638,387
GPSM1,0.07397745231259854,387
ZNF419,0.07382787009762679,387
RAB27B,0.07374629526370013,387
SPNS2,0.0737339682313363,387
IL3RA,0.07369583343463634,387
CHPF2,0.07368193730566613,387
PLBD2,0.0735257088205805,387
RHBDD1,0.07316924347798014,387
DCAF12,0.07289560834760268,387
TSPAN11,0.07286596260950512,387
TMEM125,0.07286046756859083,387
ZSCAN32,0.07280234106122588,387
ANAPC10,0.07280167064434259,387
RBP1,0.07277173855170335,387
UNC5B,0.07274599464152716,387
BST2,0.07266204344477216,387
BIN1,0.07265773064764422,387
ZMAT5,0.07253766318122767,387
AP1M1,0.07250953633419731,387
TUBB6,0.07220740289449885,387
SELENON,0.07201144437698208,387
ENPEP,0.07196354070224681,387
SEC14L1,0.07189141736396362,387
RESF1,0.07180756248197441,387
APOL1,0.07170440568926902,387
TRPT1,0.07157627205333543,387
KIFC1,0.07153736318919834,387
SPATA1,0.0714786051591243,387
CMPK2,0.0714538188525006,387
MMP9,0.07136450673463464,387
ABCC3,0.07116992049879409,387
NDC80,0.07113755602401377,387
RUNX1T1,0.07109982005131646,387
SLC40A1,0.0708730423015415,387
FXYD6,0.07084856234959684,387
FMNL1,0.07081272413069768,387
NR4A2,0.07066238665175568,387
DSC2,0.07062157217084444,387
KANK1,0.0706103074749761,387
SLC22A23,0.07060910936745105,387
MYO5B,0.07059088332270755,387
MYOF,0.07057677575203468,387
MMP11,0.07051813795442476,387
EMID1,0.07043909984800989,387
GRP,0.070252315119859,387
RMDN1,0.07020300719918406,387
ARMH4,0.07006389517064769,387
CCDC88A,0.07001497726475649,387
RGL3,0.06999351379338956,387
MAP3K9,0.069820761120239,387
FAM217B,0.06972929176974424,387
ATP7A,0.06970839456408587,387
NUF2,0.06958970376249145,387
HMGCS2,0.06953547290184739,387
GSTZ1,0.06951307177590074,387
OGFOD2,0.06943283613743415,387
CAVIN3,0.06940888800641348,387
ETFA,0.06940298804850856,387
IDI1,0.0692966488328515,387
DACT1,0.06919073091558699,387
SMIM19,0.06913512677223928,387
ZNF33A,0.0690666946379409,387
ILDR1,0.06886530423993853,387
ENTPD1,0.06881445418967488,387
APOL3,0.06875154334095776,387
RGS5,0.06850338625598387,387
UACA,0.06847509511308664,387
SUDS3,0.06843953563945118,387
APOLD1,0.06843893202015129,387
PTPRN,0.06788953366239985,387
COMMD10,0.0678202085645355,387
ENKD1,0.06778041331544496,387
GJA4,0.06764906371843901,387
CHMP6,0.0675862343764589,387
DOCK5,0.0675326127766799,387
SLPI,0.06747746423700272,387
C2CD4D,0.06728740117354906,387
KIAA1586,0.06727396479580364,387
C9orf72,0.06725237636457242,387
ADGRF5,0.0672415003033776,387
FOXC1,0.06706875315928844,387
XAF1,0.06694571883960436,387
GAS6,0.06680699813911653,387
SETD1B,0.06673817291509573,387
GPAT2,0.06663649834683551,387
SLC18B1,0.06649975279130119,387
BVES,0.06649731207363585,387
GEMIN7,0.0664887436655277,387
CTDP1,0.06634266389049086,387
NRARP,0.06618826769739204,387
C2CD4C,0.0661621797681387,387
CCDC93,0.06614304025170617,387
RAB26,0.06610244659700976,387
SLC8B1,0.06608465311779035,387
TPSAB1,0.06592182963967569,387
C2CD2,0.0655938641645706,387
DGCR6L,0.06537992740236072,387
SMC6,0.06531034669320968,387
IL32,0.06527726754292287,387
DCBLD2,0.06504452036821035,387
SECTM1,0.06475328829168875,387
TCIM,0.06449505986101968,387
SDC3,0.06446635109825254,387
RIOK3,0.06434695808467907,387
FAM20C,0.06434405950668243,387
DIAPH3,0.06428513534860172,387
SNX18,0.06426614970344584,387
FCGR3B,0.06426245770853276,387
PTPRU,0.06402921544602545,387
SESN3,0.0639292457426505,387
SOD2,0.06383914037243517,387
SAMD11,0.06376540618219136,387
ASAP1,0.06373848611517328,387
TYMS,0.06371411460826605,387
SPN,0.06369834015608417,387
SLA,0.06357667229676503,387
KCNK13,0.06327464940267491,387
NCAPD3,0.06326452184971862,387
RABGAP1L,0.06320105835090242,387
GLIS3,0.06317310370490042,387
LNP1,0.0629776278133631,387
ADAMTS9,0.06295461676937723,387
IL1R1,0.06293181243403381,387
EID3,0.06291626425238481,387
PHKA1,0.06288145877157147,387
LGALS3BP,0.06285808325259379,387
CPM,0.06276868229230252,387
RIDA,0.06276454336596805,387
COX10,0.06270130251991073,387
MTRES1,0.06262297637021241,387
OLR1,0.0625580584046808,387
XRCC2,0.06235741721507437,387
NSUN7,0.062346161912259425,387
AFF4,0.0623412672370719,387
TMEM47,0.0622492705883842,387
PMEPA1,0.062070714879486226,387
KCNJ8,0.062043893449059064,387
LZTS2,0.061953476508411306,387
UCK2,0.061714738815171824,387
CRMP1,0.061662912701323486,387
INPP5F,0.06154910055861131,387
MASTL,0.06153768627140021,387
ALS2CL,0.0614733114015163,387
MSR1,0.06103069438810474,387
TAF5L,0.06090352852538296,387
ZNF12,0.06083461424102128,387
DISC1,0.06075023410839859,387
CHAMP1,0.06072519681141026,387
C1QBP,0.06065462456410165,387
DHX35,0.060632670165798,387
LOXL3,0.06058999850322789,387
KIFC3,0.06045061312082003,387
LY6G5B,0.06041327050749128,387
AGO4,0.06039272433382484,387
TMEM37,0.06027797626915363,387
PAM,0.060145746267704685,387
SNX20,0.06000572175117123,387
INKA2,0.060002336863926135,387
CSF2RB,0.05984807417765555,387
NECTIN1,0.05978659067506178,387
KHDRBS3,0.059762266977384224,387
IFRD1,0.05974428060106423,387
SLC43A3,0.05966484414561807,387
ZNF836,0.05944180460960904,387
ATP2B4,0.059402201395078166,387
CBX5,0.05928651120983523,387
ADGRA2,0.05924388317029785,387
IL24,0.05901089490575074,387
MMP12,0.05898550958449265,387
GZMA,0.05894998279855413,387
TMEM128,0.05888405024923035,387
S100A6,0.058665941826628785,387
PAOX,0.0585280500559598,387
CDON,0.05825016273235039,387
TAF9B,0.05821422456490555,387
NKIRAS1,0.058164897512324495,387
KLC2,0.05813403523197058,387
ZNF518B,0.05802542218126097,387
ADAMTS12,0.05801902718665356,387
LRRC8A,0.057939635234675914,387
RIPOR3,0.057903910905461445,387
POLE,0.05785542695691054,387
C8orf76,0.05784802179309639,387
ZBTB46,0.05784388956217932,387
RPS6KA2,0.05775221267299644,387
GSDME,0.05772433684224883,387
EBAG9,0.05736790411868218,387
NOL12,0.05688926008260095,387
C1QTNF1,0.056817894913764655,387
NCOA5,0.05674489810485783,387
DHRSX,0.05674123894029911,387
P2RY6,0.056636401986087166,387
CEP63,0.056627982378770175,387
HOXA1,0.056609615028492294,387
POLR2F,0.05659665397222358,387
MAP1LC3B2,0.0565655263273071,387
ZCCHC24,0.05648693378693389,387
FAM161A,0.056376992704476075,387
ALDH3A1,0.05634713097563622,387
TNFAIP6,0.05625684353093497,387
PAPLN,0.05618029605174543,387
RNF170,0.05614638360757612,387
DECR1,0.055931501888874365,387
RASAL1,0.05585134130687794,387
DPY19L4,0.05570806683995702,387
KRT7,0.05569091983639465,387
TGM2,0.05556643145295693,387
MDFIC,0.05548531833534134,387
ART5,0.0554762236445602,387
TBX3,0.0554500668989137,387
USP43,0.05539686628805188,387
THAP11,0.055182524615724926,387
SCOC,0.05514220713031057,387
SENP1,0.055076988701925934,387
MREG,0.05500567923095915,387
DBNDD2,0.05486557624721017,387
C3orf52,0.05479595219630595,387
FAM89A,0.054680676403543904,387
CYTH3,0.05461319700361987,387
MGAT5,0.05454817319598766,387
PLCG2,0.054526120716578315,387
SPATA33,0.054500053238819436,387
ZNF692,0.05439345975565525,387
COPZ2,0.054335826236401596,387
CMBL,0.05418145629514003,387
CRTC3,0.054147428516020585,387
CCL18,0.05403848083095362,387
C9orf85,0.05392806475924529,387
TMPRSS3,0.053901839278346714,387
WDR91,0.0536720947568194,387
C8orf82,0.0536440409516911,387
YDJC,0.053601352066351984,387
PAPPA,0.05359124556685321,387
FAT4,0.05353363442212375,387
ITGAM,0.05343084312700136,387
B3GNT5,0.053379795437856745,387
PPP1R18,0.05335912427372448,387
APOBEC3A,0.05325499474452876,387
ZNF101,0.05290434987505954,387
GPX8,0.052885898657559785,387
TRIQK,0.052885478965518117,387
AGFG2,0.05280401768025699,387
ARVCF,0.05274494294775622,387
RGS1,0.052648908630864216,387
CLEC4A,0.052550028871954604,387
ETFDH,0.052513051137636,387
IL6,0.05246775570784713,387
AIG1,0.052356267946158865,387
SPA17,0.05208001378104342,387
KBTBD6,0.052044101906767885,387
VANGL2,0.05198592173879446,387
LXN,0.05196088404017916,387
SRCIN1,0.05181275655537044,387
COL17A1,0.05172481799487969,387
PRXL2C,0.051709559097668736,387
RBKS,0.051312673350625934,387
FOXS1,0.05118339804943851,387
PLPP1,0.0509981491923496,387
DDIT4,0.05072782134010807,387
HIC1,0.05069542079465078,387
TLR4,0.05067262687266468,387
PRKG1,0.050576831566706094,387
MBOAT1,0.05054001610903278,387
FIGNL1,0.050523039922094226,387
DNMT1,0.050454394973050556,387
LCMT2,0.05040523398777729,387
PIGZ,0.0503606681499755,387
THSD4,0.05034941605677302,387
TRAIP,0.05022100906967866,387
APOL2,0.05013525257446805,387
ACOX1,0.05010393864157966,387
NR3C2,0.05004784563956916,387
KRT16,0.0499658514367671,387
RBM12B,0.049955401468804915,387
FGR,0.0499383194528623,387
COQ3,0.04991534477605519,387
PCCB,0.049874372079598515,387
RARB,0.04975767750977771,387
GPR63,0.04968735761611794,387
PDZK1IP1,0.04965289785701175,387
CEP70,0.049598043463528925,387
TMC4,0.04956218474765649,387
SLC31A1,0.04927140498821334,387
BOLA2B,0.04911527691489561,387
TRAPPC3,0.04902730495065951,387
GP1BB,0.04896077189969899,387
ADAM8,0.04886149498023007,387
NT5DC3,0.048818525150753925,387
HSD17B2,0.048726603437049154,387
HOXC8,0.04871300869826953,387
COA5,0.048648349869350696,387
SLFN11,0.048587622603206905,387
ERVK3-1,0.04854139081148067,387
ZNF774,0.04837654035532087,387
CSGALNACT1,0.04833389623246582,387
TMEM249,0.04804284114698662,387
HOXA5,0.04783218652349432,387
FAM162A,0.04772946497274124,387
CRABP2,0.047712718323068275,387
SDHD,0.04762092347152611,387
SLC27A2,0.047526191163487524,387
ADNP2,0.0474599743302222,387
CCL3,0.047447749141154384,387
RND3,0.04733612392868141,387
FADD,0.04730869760295609,387
CENPS,0.0472910255728764,387
LYZ,0.04727315971106445,387
ANOS1,0.047245498840429175,387
BTNL9,0.04721738567670956,387
GMPR,0.04712584999044172,387
CBX4,0.04711463757391426,387
TMEM253,0.047063139918660575,387
GSTT2B,0.04704360914246066,387
PUS3,0.04697185923650414,387
INTS3,0.04692759760272258,387
COL4A1,0.04687295994637887,387
MARCO,0.046794514663564636,387
LONP1,0.046714227035870366,387
CCDC59,0.04648385252667293,387
C5AR1,0.04642533097558352,387
IL1RN,0.04641640182268582,387
ALKBH3,0.04638423533894289,387
PDGFB,0.046253270723209845,387
PRKCH,0.0461882377077236,387
HTRA3,0.046164457935775866,387
FRMD5,0.04607417430010613,387
BATF2,0.046065898632249344,387
TK1,0.04597418962585795,387
COL6A3,0.04592162663932399,387
TRAPPC4,0.045837480133049294,387
LIPG,0.045803671522953296,387
FOS,0.04567859842863582,387
ELP6,0.045678278808372795,387
RTL6,0.045377892292134014,387
ARHGAP26,0.04537642283834291,387
L1TD1,0.045369309929413945,387
PELI3,0.04534146885853083,387
UBN2,0.0452628499331476,387
RCC1,0.045046894804295086,387
CD300A,0.04502055381857701,387
SNED1,0.045002069285880436,387
CRPPA,0.044944879130274416,387
KPTN,0.04494227903493075,387
ACSBG1,0.044918163443771336,387
ACAA2,0.04480780177402972,387
F2R,0.04469136410108483,387
TMEM171,0.04467668738128399,387
TREM1,0.044647861712718236,387
LRRC61,0.04464071370902974,387
PRCC,0.04462089126062436,387
OLFML1,0.04461294581270757,387
ZBTB18,0.04456759150960695,387
HYAL2,0.04456490484624026,387
TNK1,0.04444727991500284,387
ITGB2,0.04435786877217587,387
ZFYVE27,0.04421547344919765,387
C4BPB,0.044148243291885644,387
AP4E1,0.04414198215114834,387
THUMPD3,0.04401383554808912,387
ZMIZ1,0.04390370635673005,387
RAB38,0.043796743173648046,387
GSAP,0.043766980416269335,387
FRZB,0.04371193424535684,387
ANKMY1,0.04365052773485164,387
RAC2,0.04353721875945035,387
FYN,0.043475008801355845,387
TPRKB,0.04345229064106512,387
AGO3,0.04343271709879201,387
R3HCC1L,0.04340989699983566,387
RNASE6,0.043396200094717584,387
SNCA,0.04335174424456732,387
SC5D,0.04332490985237554,387
TAP2,0.043308408905836177,387
RNF144A,0.043216837386037064,387
GABARAPL1,0.04319634120750459,387
PODN,0.043122671963801394,387
FBXO32,0.04312226119607561,387
ADGRL4,0.04309279348038082,387
SLC45A4,0.04307063888728604,387
ZFP62,0.043048771197876104,387
APOL6,0.04292114256396747,387
PIGP,0.04289937509205503,387
PLA2G4A,0.042833823489594594,387
SDS,0.04274358744491464,387
NECTIN3,0.04272187787214328,387
PLEKHG1,0.042686010261635314,387
TWSG1,0.04264569077454753,387
OLFML2B,0.04262271707423801,387
NYNRIN,0.0425351313427284,387
TNFRSF21,0.04247779363233507,387
TRMT2B,0.042335549596839335,387
PSMG1,0.04230787026005671,387
GOLGA8O,0.042305128373940015,387
SNAI2,0.04229633619217737,387
EPB41L1,0.04218655099990261,387
LAMA2,0.042068610568127295,387
RIPK2,0.04187574855661981,387
SOCS3,0.041701645130353286,387
MED11,0.041679976392685156,387
CALHM5,0.04163679677149952,387
PPA2,0.041588444022047276,387
CERS2,0.041565235229943,387
SDCBP2,0.041478742428032775,387
SMIM7,0.041364003256217564,387
BARD1,0.04132682010509807,387
ANP32E,0.04129193737957125,387
ZNF708,0.04127453426793602,387
LCP2,0.04120348389393096,387
CD79B,0.041083799715055144,387
EGLN3,0.041079404997087995,387
IFI27L2,0.0410175896782498,387
TNFRSF18,0.04101645785631408,387
GJB4,0.04090755457149892,387
SETBP1,0.04085839605279409,387
OLFM4,0.04084591202745012,387
SCAMP5,0.04082019610600084,387
TSHZ2,0.04081256569858549,387
FAM229B,0.04073124340753151,387
PTN,0.040569690452000665,387
RGS18,0.04041816948181703,387
PEX19,0.040363626823318934,387
S100A8,0.04029539610425618,387
IFT22,0.04027052440087381,387
POC1B,0.04008785661503122,387
PSMG3,0.04004069741816603,387
IER3IP1,0.03978722511559573,387
AMN,0.039778503222536364,387
SH3BP5L,0.039612775207358945,387
PLEK,0.03957304435054975,387
TTLL3,0.039428319465871185,387
SULT1C2,0.03925789892983891,387
IL17B,0.03921730539459141,387
CISD1,0.039102478058869114,387
PLCH1,0.03896533447323567,387
DUSP16,0.038946608806873534,387
EMILIN2,0.0388360041436189,387
DNAJC12,0.03868039884792355,387
JAG1,0.03863002747902842,387
FJX1,0.03860424037655495,387
FCMR,0.03856958345184159,387
HSPB8,0.038536778781602436,387
PI4K2A,0.038500341682689655,387
CLIC3,0.038462321880352125,387
CCDC51,0.03839602680658133,387
PKD2,0.03834896568588065,387
GLI1,0.038338601345203116,387
DDX27,0.03828862167129707,387
LSM10,0.03816992636191266,387
PPP1R1B,0.03792269141496438,387
NARS2,0.037709587930170006,387
SPATA12,0.03757170280663375,387
CDH1,0.037566006889289905,387
CHD9,0.03746565716601456,387
PDGFC,0.0373593965614456,387
SIM2,0.03734211689193961,387
VIPAS39,0.03731768527700678,387
ADAMTS5,0.03719895836086177,387
ADAM22,0.03700319270619027,387
DALRD3,0.037000482349295115,387
TRAFD1,0.036897835104271755,387
EPDR1,0.03688968760760901,387
MFNG,0.036876870993586205,387
BAIAP2L2,0.036819332507496236,387
NOX1,0.03677651689721325,387
TRIM29,0.03664267782411412,387
NDC1,0.03655228277447807,387
HMMR,0.03649402789361387,387
ATP6V0E2,0.03646346434543221,387
TFEC,0.036392546053573144,387
G0S2,0.03627128363657342,387
HGD,0.03620882627721642,387
BTN3A3,0.03605529070052148,387
CEP83,0.0357401804265705,387
NAPG,0.03544772035165997,387
HOXA7,0.035427448066326535,387
GPATCH1,0.035411913318218885,387
MCAM,0.035407866717221494,387
COX6B2,0.03538616657427191,387
TCOF1,0.035368948614173744,387
CMTM3,0.035245777378509535,387
RRP9,0.03524274134863915,387
SSTR1,0.03522965575633929,387
ZFYVE28,0.035152745298458646,387
BFAR,0.03500100771862945,387
SLC6A20,0.03497778278325084,387
AGPAT4,0.034961512227130474,387
NPTXR,0.034951892813739546,387
MNX1,0.03478915932215139,387
PCP4,0.03476305331258501,387
RMND5B,0.0345838827613516,387
SEMA4B,0.034438444490387396,387
KYNU,0.03431898805723186,387
XBP1,0.03430125568793672,387
GALNT7,0.034247538533155514,387
DDX43,0.03419265000486014,387
CYP4F11,0.03414010589949499,387
MTSS2,0.03409963999067189,387
COL8A2,0.033993718256320464,387
PCED1B,0.03388560426265979,387
LPXN,0.03370547903485366,387
SYNE2,0.03368231142088103,387
HK2,0.0335915267611895,387
CHML,0.033525069036847086,387
MX2,0.033461460497204505,387
CLBA1,0.03329974242653392,387
IARS2,0.03309613514197604,387
CYBB,0.032882837205408126,387
ZNF628,0.03278390469674906,387
TMEM86A,0.0327546504112586,387
MDK,0.032686654634836936,387
PLCD3,0.03260309198548381,387
NDUFS4,0.03258152516535387,387
RALGAPA1,0.032566939641767274,387
NDN,0.03252228811363669,387
EML1,0.03246388564495949,387
B4GALT4,0.032347637440763154,387
BTBD10,0.03233144305055388,387
SPOCK2,0.032305515643503674,387
CHCHD4,0.03223900608438696,387
HLA-DQA2,0.032214232301920595,387
IRS1,0.03205853521626818,387
CTLA4,0.031962667519120226,387
MYO5C,0.03189660361606155,387
PYURF,0.03183048207045447,387
EMCN,0.03180367142825803,387
CD109,0.03168472901848404,387
B3GALT6,0.03167721161618627,387
PLAAT4,0.03162927459132965,387
LIPE,0.03162634771990265,387
PBK,0.031626193905287,387
PIM1,0.031540606985624206,387
IFIH1,0.03150463593600869,387
ABI3,0.031404956302112035,387
TOMM70,0.03113371263447718,387
NREP,0.03108415915855945,387
DCTN6,0.030983815938814566,387
AKR1B1,0.030904153323184542,387
CFAP61,0.030874039888441483,387
PTHLH,0.030866135606471366,387
SH3PXD2A,0.030807824164919086,387
FOSB,0.03074801569617691,387
CD163L1,0.030610260519364853,387
MRO,0.030573875103360775,387
C16orf46,0.030465043406921716,387
KRT80,0.03042826617576163,387
PGAM2,0.03041724173490762,387
GCNT1,0.030388401914909956,387
FUT2,0.03032526193889803,387
KLK10,0.030270749384536392,387
SHH,0.030253074311803987,387
ADCY7,0.030183373008647305,387
TTC28,0.029908798861034844,387
GPC1,0.0298622867979784,387
SLC27A5,0.02973725446453746,387
CHCHD10,0.02954349991340978,387
ZBTB21,0.029464080244151203,387
ZNF576,0.029411033205272018,387
PODXL,0.02933171884487859,387
KLK6,0.029326565064899716,387
ZNF765,0.029263748178844844,387
FHL2,0.029167468958642577,387
KIF24,0.02914357429288375,387
CEP126,0.029062618321342822,387
GNE,0.02889363952001641,387
MALSU1,0.028839228456078683,387
TMEM19,0.028733420655321536,387
LHFPL6,0.028651168764874557,387
EFL1,0.028628654123341583,387
ZFYVE21,0.02850949513938418,387
INTS10,0.028453541090869356,387
ICAM1,0.0284440812852767,387
PLVAP,0.028444036274286738,387
TCIRG1,0.02838523179677107,387
SPTBN5,0.028229870406415936,387
FKBP7,0.02809427439504749,387
NTM,0.02807930229357004,387
OSBPL11,0.027967071690922645,387
PPP1R14D,0.02793189684670967,387
CTSG,0.02789120353630643,387
IL2RG,0.02752937099803074,387
ADIPOR2,0.027522616801392154,387
TSHZ1,0.027470456389563486,387
MMP19,0.027388826127665255,387
DIABLO,0.0272882588741738,387
UBE2F,0.02723600598773905,387
IFI27L1,0.02714528079323801,387
COLEC12,0.027015182158204025,387
UBXN10,0.026955498766225248,387
TRIB1,0.026834551422037767,387
LAD1,0.026770571004693256,387
UAP1,0.02676061645753619,387
TCEA3,0.026688824620448044,387
SCO2,0.026599449184778988,387
VPS4B,0.02654576577571526,387
STAB1,0.026538857870762267,387
TNRC6C,0.026321452149401143,387
ACOT13,0.026286918844233523,387
SNX4,0.02622937430699347,387
CRY1,0.026153880259616197,387
ZFPL1,0.026100263025774943,387
ACKR3,0.026067694333820397,387
SYTL3,0.025989047198053637,387
BMERB1,0.0259870079453941,387
ITPKB,0.025940767139162886,387
FCGR3A,0.025860102075732392,387
STOML3,0.02582129455745728,387
PIWIL1,0.025694522544897118,387
S1PR1,0.02562863998670521,387
PDE1B,0.025620656251781934,387
GABRD,0.02561942853378262,387
FBXL13,0.02561338223470347,387
ROR1,0.025569692566015517,387
GAB1,0.02550049026474346,387
RASSF8,0.02532299959035099,387
TEK,0.02529936511995168,387
STK4,0.02528371560268923,387
KRT17,0.025199961366525563,387
PLXNC1,0.025136078150245867,387
PLEKHH3,0.02492041426802443,387
FAM117B,0.024918586809678078,387
CD3G,0.024903543135335597,387
DNAJB5,0.024899588109934527,387
PTGS1,0.024841515519273872,387
MYPOP,0.0248012510143662,387
TEAD2,0.024583538648888154,387
STAM,0.024447659707463574,387
CD38,0.024319244291344768,387
MDFI,0.02431081803498464,387
FEZ1,0.02426716362896701,387
ACOT11,0.02424539597626892,387
PRAC2,0.024177519517599895,387
BTLA,0.024042846052628155,387
CA9,0.023804499587602102,387
ETS1,0.023774131760172602,387
SYDE1,0.023729733341010886,387
TCFL5,0.023602813728085155,387
ST3GAL1,0.023586698025930726,387
TLCD3A,0.023572711037742475,387
SCNN1B,0.023567202608149842,387
METRN,0.023515372104858826,387
TFAP2C,0.023442236041350227,387
SCML4,0.023305341996477446,387
ZNF841,0.02322853510147984,387
ITGA3,0.02321706729840713,387
BACE1,0.023203231838933684,387
NRXN3,0.02310193085351649,387
ZNF684,0.023032442185845076,387
IQANK1,0.02285669719854937,387
SSC5D,0.02281015150270289,387
TMEM30B,0.022748454347032043,387
PLEKHG2,0.022742005791633622,387
MAP3K21,0.022706439678797624,387
MMD,0.022696143865152032,387
TDGF1,0.022667248830600898,387
THOC7,0.022630158327258343,387
KRT19,0.02257733619839614,387
CASP8AP2,0.022562329850953577,387
CAT,0.022478283971394567,387
SESN2,0.02245685092336772,387
ALG10B,0.02238224995561126,387
KLRC3,0.02223394020243856,387
DNAJC16,0.022071125480296484,387
LACTB2,0.02199447622257965,387
COQ10B,0.02190703712041487,387
TNS2,0.02190229464353424,387
TESK2,0.021897702472914594,387
MTMR12,0.0217275761244576,387
PLXNA2,0.021727373750311346,387
CDCP1,0.021724438325744104,387
SGK1,0.02169146430913758,387
ARMCX4,0.021691415537897937,387
CORO1A,0.02168134836807008,387
S1PR2,0.021620054900538626,387
MMP15,0.021510410739216952,387
ZNF326,0.021460302172200477,387
LY96,0.021451649052898782,387
APOBEC3F,0.021404844305446362,387
AP5B1,0.021309472357193698,387
EXOC5,0.02111220931643002,387
ERN2,0.021025390539546003,387
CSF3,0.020784280740854387,387
KMO,0.020767228171147428,387
ADAMTSL4,0.020663127949156354,387
MCUB,0.020660687993140966,387
PDPN,0.02066064770845142,387
FASTKD5,0.020628093363017044,387
UNC13B,0.02061003819809938,387
ZSCAN2,0.02056180716203236,387
PLD1,0.020512419333687897,387
HLA-DPA1,0.02046478816583834,387
GTF2H3,0.02022141570530893,387
RPUSD4,0.02013583607885656,387
FERMT3,0.020088980458167004,387
B3GNT9,0.020042001263733386,387
TRAM2,0.020027769909645412,387
MT3,0.020012955534486693,387
HARS2,0.019985364233186625,387
ISG15,0.019972545518407433,387
NDUFA4L2,0.019882295930715548,387
ITGA7,0.019846823077539235,387
BTRC,0.019802077434991124,387
LAIR1,0.019717566767226958,387
DTX3,0.019710848600013514,387
ZBTB25,0.019685361725886374,387
TNS4,0.019676934761855776,387
ABCG1,0.019615167335000325,387
SRGAP2C,0.01959398189278835,387
RHBDL1,0.01957377517153546,387
CTH,0.019569093905499862,387
NT5E,0.01955659998653504,387
GCLC,0.019428717779828537,387
BCL11B,0.019364476386070473,387
ZNF469,0.019215407300068765,387
ALPL,0.019016425370606056,387
RARRES1,0.01900636518553245,387
ADRA2A,0.018905588132165654,387
NR0B2,0.0188832530384995,387
CREB5,0.01887943410315971,387
TLR2,0.01873245889382937,387
SMARCA1,0.01872734230488407,387
GLRX3,0.018541812690707524,387
BMP2K,0.018343337676469555,387
TSPAN33,0.01825379148934898,387
VDAC2,0.01823464713836714,387
ABCD4,0.01792970909154519,387
KCNE4,0.017906305996202493,387
TMEM119,0.01788104226278215,387
OLFML2A,0.017547535167292683,387
ZHX2,0.01745185084255766,387
SCARF2,0.017449695160619873,387
DDA1,0.017402004275844103,387
SOCS7,0.017283498778731633,387
MYO19,0.017243946699463154,387
CDRT4,0.01722793059600322,387
ZNF585B,0.017167917435123397,387
UCN2,0.017101919792796117,387
C4orf19,0.016890029641205367,387
DUSP28,0.016748610952626003,387
NUAK2,0.016650264498280276,387
CSF3R,0.016539790543192,387
IFIT3,0.016531600262040855,387
WDR41,0.01646280907608491,387
CLSTN3,0.016446161469584424,387
HEXD,0.016433228482301533,387
TWIST1,0.01642148761196664,387
LRRC8B,0.016321400098495017,387
DCLK3,0.016259088086107595,387
EIF2B1,0.01617684793446725,387
CINP,0.016130389753375645,387
MAFF,0.015898755701757104,387
PSMC3IP,0.015708062709761904,387
RCN3,0.015592785982418261,387
EFHD1,0.015584074123508923,387
PTGS2,0.015483460129261405,387
CYFIP2,0.015460078705700661,387
ETFBKMT,0.015385499881072675,387
BAX,0.015313285675743965,387
FSTL1,0.01529471644469466,387
IFIT2,0.015289304364888932,387
PCF11,0.015244911147034345,387
KPNA6,0.01515802747885811,387
NANS,0.015153626866935664,387
TNNC1,0.015108989973494562,387
SLC39A8,0.015057782940046878,387
SOCS1,0.01502354982949159,387
EEF1AKMT2,0.014800193535449545,387
GPX7,0.014783501220835155,387
LYPLAL1,0.014696504349831937,387
MT-CO2,0.01461694818145075,387
RASSF6,0.014487700715813122,387
C3orf80,0.014432635192644226,387
SYNPO,0.014034803566331161,387
ARHGAP23,0.014003625800230598,387
PRR5L,0.01395549655168418,387
SIRT5,0.01391310999532986,387
MXD1,0.013904065488331785,387
MAGOHB,0.013887166043464436,387
WIPI1,0.013836832158644837,387
ZNF224,0.013777229059235238,387
HNF1B,0.013770414078226087,387
TOP3B,0.013619273269081416,387
ALDH7A1,0.013515802144576103,387
CA3,0.01338321343825798,387
ESRP1,0.013345707224498607,387
RFTN1,0.013259657109767018,387
PREX1,0.01301022345343353,387
LDB2,0.012968512351362902,387
CLIC5,0.012832515390447477,387
CERS6,0.012751207536867383,387
FBXO6,0.012601746927160245,387
PRRG3,0.012542641585142341,387
TDP2,0.012492870150676965,387
MFSD4A,0.012416386047374559,387
MYO5A,0.012414920512578486,387
EDNRB,0.01239488650690137,387
ETV3,0.0123681623493809,387
TMEM38B,0.012294079209960352,387
YOD1,0.012205174330666913,387
CXCL9,0.012112065957824387,387
OGFRL1,0.012073635144350343,387
COL5A1,0.01206745432287237,387
KIF27,0.011908108535294002,387
KIRREL1,0.011812601610760254,387
CTPS1,0.011714004656803346,387
FBXO4,0.011553649947003286,387
STRIP1,0.011499814568745959,387
OSM,0.011269909715246152,387
CAV2,0.011260464556815066,387
TTC22,0.011158285084369002,387
PPP1R10,0.011113047710082771,387
RAVER2,0.01110737257285868,387
S100B,0.011091737868168182,387
MYEOV,0.011033738975529499,387
RFLNA,0.010963699748475287,387
SPI1,0.010941289559217216,387
PLEKHS1,0.010874131586524987,387
RNF26,0.010854452016729643,387
GLI2,0.010770193281568106,387
NAT14,0.010745023577509326,387
DUSP14,0.010626021345080661,387
RIPPLY3,0.010610993254701,387
SWAP70,0.010604951350985667,387
DUSP8,0.010586979898957568,387
SYT11,0.01053711435187879,387
PDIK1L,0.010413962427902677,387
MEIS1,0.01039473504426587,387
GCNA,0.010307536775387816,387
MSANTD3,0.01012269493031278,387
CGREF1,0.010064458905638191,387
UNG,0.01005088822069722,387
NLN,0.009937211037146634,387
ORC1,0.009834242109734345,387
PHLDA1,0.00976362456412615,387
DTD1,0.009752745079141764,387
COL6A1,0.009720101745112847,387
ARSA,0.009377054353908358,387
IFIT1,0.009325379294980039,387
SLC4A11,0.009261473581725785,387
ARHGAP8,0.009165525189861943,387
LIF,0.008961121571521688,387
DDX60,0.008926910073069588,387
AP3B1,0.008811918329639734,387
NTRK2,0.008794827156822187,387
EFCC1,0.008788660037907594,387
SLC52A1,0.0087568986643321,387
RGS10,0.008662143488238468,387
TMEM234,0.008655813588283203,387
TIGIT,0.008520430624350013,387
CITED4,0.00842310032105482,387
NFAM1,0.008285983969354599,387
KLRD1,0.008283125617943433,387
CEP170,0.008218733761531424,387
HAS2,0.008213298437818978,387
HGSNAT,0.008046360339687475,387
FAIM2,0.007932362478075623,387
DPP3,0.007924729726943535,387
KREMEN2,0.007708977413508648,387
SMIM33,0.007704883650832399,387
STK40,0.007629821720940697,387
MED26,0.007628984962912559,387
GTPBP4,0.007384076067736749,387
TWIST2,0.007339098519767719,387
F2RL3,0.007328558356308739,387
VWA5A,0.007319524896973323,387
CIP2A,0.007313242545248219,387
PLBD1,0.007251750134634589,387
ELL2,0.0072130220890401124,387
SLC2A12,0.007199933690887665,387
FGFR4,0.006945012772100649,387
SH3BGR,0.006896627647718137,387
IL13RA2,0.006862912965763398,387
SCX,0.006825579621826315,387
GYG1,0.006823992875539753,387
TP53INP2,0.006774132350290955,387
KLK4,0.006753539605090344,387
MPP3,0.006748418867781907,387
EPG5,0.006722015116409699,387
CREM,0.00647318423768486,387
GABBR1,0.0064690319842137245,387
F10,0.006394414090668658,387
ELMO1,0.0063792402340670275,387
TBX2,0.006304773876668443,387
DOK2,0.0062943256638402344,387
ZNF880,0.0061291419055010555,387
SHOC2,0.006079693488531699,387
PPIP5K1,0.006012877263235243,387
SERPINB8,0.005993431635335626,387
TMEM223,0.005942988622684855,387
HEATR3,0.005903994223863892,387
EGFR,0.005889938037546063,387
FAAH,0.005610690380236474,387
NF1,0.005607195193160983,387
EGFL6,0.005091311260548893,387
TIMP3,0.005047647594296931,387
RBFA,0.0047045991156484295,387
CEP192,0.004686241246409997,387
SLC44A3,0.0045910307569685975,387
GTF2E2,0.004577218859540673,387
MEX3B,0.004484494983537288,387
EVPL,0.004470501422345544,387
SRD5A3,0.004425525779476451,387
UBLCP1,0.004413041933757258,387
TNFSF13B,0.004394209474178947,387
NPAT,0.004389569648385089,387
FAIM,0.004378123464720403,387
AGPAT5,0.004355701396601521,387
UBE2Q2,0.0043120625820404915,387
MAP3K12,0.004304040835673656,387
FRAT2,0.004281048203550016,387
MT-ND6,0.00412372883491633,387
HDHD2,0.004122128016799106,387
TMEM179B,0.004044435727323182,387
GPC6,0.004013959581337142,387
RHOQ,0.003977765150236745,387
SLC26A3,0.003842864969283835,387
PAG1,0.003829822661296822,387
AP4M1,0.0037767099012619917,387
ZNF20,0.003691057159042434,387
LAMTOR3,0.003665802590191351,387
NLRP3,0.00362985846518382,387
SHTN1,0.0035484777449476014,387
PCSK5,0.0034632920897095065,387
SH3BP4,0.0034622323338829955,387
CHST1,0.0034157054393450723,387
S100A3,0.003392885780257776,387
LTA4H,0.003361183315879851,387
ACSS2,0.003256176850839165,387
PCOLCE,0.003124363229345916,387
SIDT1,0.0030822847742712476,387
SOX12,0.0030604978353587203,387
TTI1,0.0030570848075142315,387
ZEB1,0.0030037087341994347,387
HCAR3,0.0029558311104906964,387
C5orf46,0.0029037523025131607,387
USE1,0.002901435997458286,387
GIT2,0.002867113365419931,387
PAK1IP1,0.002862505162255117,387
SIGLEC10,0.002769486007985038,387
PDZD8,0.0026629097238965414,387
CTSS,0.002572355813431635,387
SELPLG,0.002459591169041622,387
DHRS4L2,0.002438693747450171,387
PFDN1,0.002437209811435464,387
ALDH2,0.0023969048170456157,387
HEYL,0.0023734256762869108,387
DLL1,0.002286771759253507,387
LPCAT1,0.002268676470630765,387
ITPRIP,0.002228271194619476,387
IRF1,0.002170325917022858,387
DSC3,0.002035987163592452,387
CDKL2,0.0020139292091414453,387
ADGRE2,0.0019356426592061495,387
TPH1,0.0018873805140674044,387
SLC15A3,0.0018414222455323025,387
SLC9A7,0.0018390287549830543,387
FCRL3,0.0018385979956767502,387
ADAMTS2,0.0017717254838097972,387
GMDS,0.0016923343618220038,387
GCFC2,0.0015424405698187082,387
GNG4,0.0014126302967829068,387
METTL23,0.0014109081805588873,387
VPS37A,0.0013684339544517436,387
CORO2B,0.0012828722211105149,387
KCTD21,0.0012745266451298324,387
PTGIS,0.0012056843397182401,387
TM4SF18,0.0011907122430567935,387
S1PR4,0.0010444544135085906,387
PER1,0.001039569077285074,387
ZCCHC10,0.0009640733826916096,387
LSM1,0.0009057210733877382,387
RELB,0.0008982884659884146,387
PI3,0.0008823704873434151,387
PCSK1,0.0008282603062285592,387
NAA40,0.0007006523830537628,387
PRPF18,0.0006863636797807004,387
TRMT10A,0.0005847056060969932,387
HERC6,0.0005618506204742962,387
BDKRB2,0.00037900589362883333,387
RRS1,0.0003081143735287093,387
CMKLR1,0.00021668134444805196,387
RRM2B,6.577526099351899e-05,387
ATAT1,3.3093463654495524e-05,387
MEIS3,9.000225653140057e-06,387
JRKL,-1.4435186872045988e-05,387
IL18,-5.813974522085462e-05,387
ADGRB2,-0.00022712445167041644,387
POLD3,-0.00033599284939840964,387
APOD,-0.0003879736761407082,387
SHC2,-0.0003903829133559205,387
ARHGAP45,-0.0004954119559344494,387
ZNF844,-0.0005433565634556365,387
PRKCB,-0.0005669479495713155,387
MSX2,-0.0005936555454323566,387
TMEM53,-0.0006070052077364777,387
BRPF3,-0.0006268432414274212,387
SH2D1A,-0.00069900017678299,387
CEP57L1,-0.0007242816887860159,387
CCNQ,-0.0007332991894028644,387
LAMC1,-0.0007401105192041611,387
MCEMP1,-0.0007741058613964138,387
AK1,-0.0008140244150589411,387
P4HA3,-0.00083930984602145,387
RPP38,-0.0008747920529365668,387
COL5A3,-0.0009051957322300335,387
LSAMP,-0.0009191331087087242,387
ARHGDIB,-0.0010008343693254512,387
ZNF385D,-0.001011765041261758,387
MAP2K6,-0.001058283769125292,387
LCK,-0.0010786508198605512,387
PDCD1LG2,-0.0011067135733645657,387
OR51E1,-0.0011083676165353205,387
NAA20,-0.0011714436659842373,387
ANKEF1,-0.001199917069390036,387
ELK4,-0.001253584238568923,387
GGT5,-0.0012915137072526056,387
SDC2,-0.0013408914732139067,387
ACSS3,-0.0015072264313185887,387
PFKFB4,-0.0017387617972387422,387
SEPTIN11,-0.0018634672309198084,387
LY6G6C,-0.0020770156739979362,387
PEX26,-0.0021859573400483073,387
NSL1,-0.0022038254746826113,387
MIGA1,-0.002218929411930539,387
STRADB,-0.0022710062119100905,387
PLA2G10,-0.002334388810339243,387
CCDC112,-0.002446502105703375,387
EPB41L5,-0.0024531984784467438,387
ACVRL1,-0.0024778986301459763,387
EFHC1,-0.002519748829038312,387
CADM1,-0.002524811714386219,387
CCR7,-0.0025875273076511216,387
FUT1,-0.0026269362511596576,387
FAM114A1,-0.002682980486424345,387
SERPINB9,-0.0028258576692387787,387
RGS3,-0.0030230257984596633,387
LYRM7,-0.0030539218836955198,387
RELL2,-0.0030964685962913668,387
PKP2,-0.0032713176729209825,387
JARID2,-0.0033367358998831224,387
RGS14,-0.003469843954590004,387
SNX10,-0.003508268494822064,387
IL16,-0.003531685121249669,387
LY86,-0.0036009226541544605,387
TMEM98,-0.003602592756617662,387
MRPL1,-0.003676141499938883,387
HESX1,-0.0036768063704616066,387
QDPR,-0.0036852984223502538,387
APOBEC3G,-0.0037498661879432804,387
ZNF669,-0.0038988857829769163,387
PXDN,-0.003933845787260098,387
SLC9A6,-0.0040041430306867925,387
HSPA2,-0.004080009561079687,387
SAMD9L,-0.004344329795571636,387
GPR155,-0.004403765381025503,387
TMEM132A,-0.004500396326783285,387
LRRC31,-0.004814766772654557,387
LAPTM5,-0.004824200918910243,387
RYR2,-0.004877961258758853,387
DGAT1,-0.004973226421592661,387
GSN,-0.004985646522596001,387
ZNF704,-0.0050078001647663505,387
TAGAP,-0.005020113851809757,387
LCP1,-0.005053492236634552,387
SEMA4G,-0.0052018891731814695,387
VAV1,-0.005232311721965827,387
IL4I1,-0.005266340403636962,387
UBE2L6,-0.005308375830457185,387
STBD1,-0.0053809083996314445,387
FUT6,-0.00542126932826412,387
PALLD,-0.005423484633757815,387
PRKRIP1,-0.005500511531904213,387
ETHE1,-0.005578851556621695,387
CLIC6,-0.005719863274010564,387
NT5M,-0.005741975650481119,387
IL7,-0.005751684083334492,387
TBC1D9,-0.005805392805737247,387
NDRG1,-0.005939825799594939,387
FCGR2B,-0.005990399920950342,387
STOM,-0.006018821249796092,387
ZNF528,-0.006085494448491637,387
THAP1,-0.0061592111607612675,387
CSTA,-0.006166814849401808,387
SERTAD3,-0.006413529575794133,387
ZNF117,-0.006431561513523035,387
BEX3,-0.0064435119108729065,387
CCDC180,-0.006459838344296615,387
HS3ST3B1,-0.006494645177804927,387
PARP6,-0.006533110567622852,387
CD72,-0.006593455113656116,387
USP32,-0.006723945740999305,387
ZSCAN26,-0.0067245894389910766,387
AK6,-0.006754760344465475,387
THNSL2,-0.006875994861675898,387
XYLT2,-0.006892430756491643,387
SAAL1,-0.006962799867557468,387
CLEC14A,-0.006971545115306874,387
SERPINE2,-0.007024536453992099,387
RTKN2,-0.007089209502769631,387
CFAP69,-0.007103816162713858,387
GRAMD2A,-0.007184554584088898,387
LCA5,-0.007270016499970927,387
DUSP5,-0.007305150637643188,387
TOR4A,-0.007402227849081519,387
COPS7B,-0.007517224144568947,387
RPP40,-0.007519743164795389,387
NFKB2,-0.007585844876275704,387
NKX2-3,-0.007610678755350415,387
ANKRD50,-0.007647780647306366,387
KANSL2,-0.007666705951695886,387
AVPR1A,-0.007683325180539437,387
CNPY4,-0.00769038912107919,387
STC2,-0.007745911179272772,387
TEFM,-0.0077540653041757255,387
RIC8B,-0.0077747188936214675,387
HAPLN3,-0.007838617973981889,387
RNF146,-0.007870222168486497,387
ESCO2,-0.00790852006317237,387
MTX2,-0.007937561641511756,387
ATAD5,-0.007977188207740965,387
MMP13,-0.008274613738969375,387
S100A2,-0.008329526327681401,387
TMEM45A,-0.00834087244935038,387
CFH,-0.008342884161600546,387
SOX11,-0.008350726535646488,387
STMN3,-0.00838534011103788,387
DLC1,-0.008478780299379006,387
PIK3AP1,-0.008541157713123353,387
PREX2,-0.008566036652984978,387
SLC20A2,-0.008620583981225205,387
PLLP,-0.008692793364453591,387
SLC66A3,-0.00869591887211202,387
FGD1,-0.008709422203640549,387
SPATA2,-0.008805183534330416,387
PFKP,-0.008814320417835017,387
MPHOSPH10,-0.009095278884675352,387
ARMCX2,-0.009118763038870714,387
PLOD1,-0.009165206660794348,387
B3GALNT1,-0.009204413317267957,387
NFYB,-0.009260426638338898,387
ITGBL1,-0.009349553664172673,387
RAB3B,-0.009432316140827216,387
MATN2,-0.009487939992844604,387
CDHR5,-0.009523628338645515,387
DNM3,-0.00952883923321472,387
DPF2,-0.009593870396479312,387
NCDN,-0.00973610508291831,387
ATF3,-0.009793267480522228,387
CXCL10,-0.00990769651536498,387
CAPRIN2,-0.010228202036448433,387
SEMA3B,-0.010234245200686982,387
GDNF,-0.010263070957811394,387
NUDCD1,-0.01028119913911305,387
CD40,-0.010409848058786126,387
CTSL,-0.010419389524891012,387
PARD6B,-0.010493601478032423,387
IL22RA1,-0.010551530612964133,387
OAT,-0.010577097381206005,387
VCAN,-0.010613002884039357,387
SPRY1,-0.0106518151180909,387
RNF208,-0.01080797748081284,387
TRIM22,-0.010937485436012641,387
SORCS2,-0.0110005185689137,387
MMP3,-0.011004005972645411,387
HBB,-0.011008253842605306,387
INTS5,-0.011023514774472653,387
LIFR,-0.011099715909196475,387
SMIM3,-0.0111034098942434,387
EXOSC1,-0.011166732795686194,387
HEG1,-0.011264153103331408,387
CDC42BPG,-0.011293830223161366,387
TNFSF12,-0.011358720013147878,387
POU2F2,-0.011391429364049296,387
BBS2,-0.011490672410999256,387
S100A4,-0.011546304687067844,387
USP8,-0.011604166547032361,387
SLC17A4,-0.011725996225483858,387
LRP11,-0.0120376548227768,387
CD86,-0.012039279302861089,387
IL6ST,-0.012129777269747937,387
COL22A1,-0.012157517560938916,387
NPL,-0.012209477283475564,387
NEU4,-0.012222730518556251,387
RCE1,-0.012297486209929783,387
AGMAT,-0.012408096914193176,387
NRCAM,-0.01265190181072074,387
TBC1D2,-0.01274251345481431,387
COA7,-0.012836957486676962,387
CCDC191,-0.012840222368312988,387
CCAR2,-0.012869383744378703,387
FAT1,-0.012889375955241847,387
CD53,-0.012945687883307005,387
C1QB,-0.013082533351459622,387
ITGB8,-0.01312483265779613,387
TMEM126A,-0.013139356235538448,387
ARHGEF38,-0.013170220122125747,387
HCK,-0.013296655263407326,387
RGMB,-0.01330683236121009,387
COPS4,-0.013529420145216214,387
ZBTB10,-0.01355186077415706,387
EDN3,-0.013571565167730155,387
DENND10,-0.013633551374425883,387
EIF1AD,-0.01367325202916092,387
VSIG4,-0.013706411299434229,387
PYM1,-0.01379539078537285,387
LPIN2,-0.013819174078098092,387
DCBLD1,-0.013828884172412547,387
JCAD,-0.0138899218267872,387
BMP1,-0.013903744471511062,387
HADH,-0.014161844303208559,387
TMEM18,-0.014204828987500475,387
MUSTN1,-0.014291275307513594,387
IBSP,-0.014303240360696487,387
TPST1,-0.01433240011765464,387
GFPT2,-0.014357693825826297,387
CCDC184,-0.014420270768106149,387
ADORA3,-0.014477917846251962,387
GLIS2,-0.014513543214110408,387
NAV1,-0.014538815999730944,387
SH3TC1,-0.014637734322354847,387
GPRIN1,-0.014692272598864279,387
LDHD,-0.01478790619676438,387
DNAJC22,-0.014843133661186421,387
CACNB2,-0.01507920317184992,387
DPCD,-0.015221922593158983,387
ACTL10,-0.015406583226528357,387
PCNX2,-0.0154498448439413,387
PYROXD1,-0.015537787132345876,387
ZNF768,-0.015561660079472173,387
CENPM,-0.015708959694905246,387
TMEM88,-0.01576674267608182,387
BORCS8,-0.01576876972782821,387
ACAD10,-0.015776782605516657,387
CHST11,-0.015781797219352613,387
RNF183,-0.016106388055179402,387
ANK3,-0.016146079459861618,387
TUBB3,-0.016206728922217948,387
MT-ND5,-0.016245170263166155,387
CCDC146,-0.016364959604118403,387
FMO5,-0.01638443926251524,387
OTUD7A,-0.0165737738943287,387
PSTK,-0.016628517463219295,387
ZNF48,-0.016841519465043548,387
GLB1,-0.016891568440558613,387
TBCCD1,-0.01692406127018638,387
SLC7A11,-0.016990132485484945,387
UTP15,-0.017032122805722,387
IL1R2,-0.017050038168527005,387
THAP8,-0.017125801998724294,387
PLCB3,-0.017207999682154383,387
PITPNB,-0.01723767721828337,387
DHDDS,-0.01728684524922171,387
BRIP1,-0.017302084739293736,387
PLAT,-0.017332527123470592,387
CYB5A,-0.01775363216409036,387
EHD2,-0.01781396634958481,387
MID1,-0.017835569587933246,387
GKAP1,-0.017865167770504824,387
GPR183,-0.01796797862795853,387
TTC19,-0.01800866712265181,387
IL15RA,-0.0181859699251417,387
ZNF490,-0.018334441923524597,387
NMU,-0.018405074640622226,387
CD163,-0.01841835131678938,387
PTPRG,-0.01845822190391024,387
C6orf47,-0.01848305909135204,387
NUDT18,-0.018522362218444152,387
HOMEZ,-0.018537714229525205,387
F13A1,-0.01857274490311262,387
ETNK1,-0.01881099497589243,387
THEMIS2,-0.018852826389577925,387
HMHB1,-0.018904019245090754,387
AXL,-0.01897985898388044,387
ITIH5,-0.019024737590313357,387
LIAS,-0.01915570732879654,387
TSPYL4,-0.019186743017988526,387
TFF2,-0.019199095351636625,387
PTRHD1,-0.019378468945402485,387
SMG8,-0.019382201010634318,387
NKD1,-0.01952600319490387,387
ADK,-0.01971986923345004,387
SNX24,-0.019812392299111924,387
DLL4,-0.01983807128937279,387
FAM161B,-0.01992758717874726,387
GNPNAT1,-0.020026662019715737,387
HSH2D,-0.020201571084015397,387
TMEM129,-0.0203225599814478,387
CES1,-0.020328869785179515,387
PDE4B,-0.02034154543720325,387
HECW2,-0.02044649625750021,387
EFS,-0.02045369453285035,387
GNAL,-0.020472430224617533,387
CKMT1A,-0.02048424172125376,387
AGAP1,-0.020501236835696667,387
RETSAT,-0.02056161354721605,387
C1orf162,-0.020620593208129562,387
SETD1A,-0.020791442512794973,387
RGS16,-0.020845921132050645,387
ANGPT2,-0.02088767773256517,387
DDX59,-0.020961756917087137,387
NKPD1,-0.020968406034301418,387
TBXA2R,-0.02098136579021732,387
SQOR,-0.021176080102267274,387
RAP1GAP2,-0.021266912303190527,387
TNFRSF11B,-0.021394334871350992,387
CCL4,-0.021438784172723862,387
LUC7L2,-0.021442467829036905,387
P2RY13,-0.02148824198667473,387
GFM1,-0.02155378032029714,387
C2orf66,-0.02160244520601696,387
SMIM10,-0.021663565018221347,387
SAMD4A,-0.02190004300166334,387
INO80C,-0.021912751626859,387
DOP1A,-0.021990653244945483,387
XKR8,-0.022083166395547582,387
IFI16,-0.02210648494266952,387
GPRC5B,-0.022169463789892322,387
PHTF2,-0.02218343272880595,387
AMOTL2,-0.0222253470255683,387
EFR3B,-0.022340765152364765,387
NABP1,-0.022342217667293336,387
SLCO2A1,-0.022512471707553106,387
MOB3A,-0.02252897025827931,387
BAZ1B,-0.022561919440290058,387
CARD6,-0.02263519163052522,387
PCDH1,-0.022675915647622974,387
PIMREG,-0.02275668067419443,387
LIMCH1,-0.02275826549558776,387
LRFN4,-0.022881491636651357,387
FOSL1,-0.022962900068903443,387
FXR2,-0.023202534723997987,387
WNK4,-0.023244275106382523,387
ZNF700,-0.02326883989305408,387
ZBTB1,-0.023290996350256176,387
GLT8D2,-0.02331373534027694,387
GIMAP6,-0.023332206751671008,387
GRAMD1B,-0.02362269772881532,387
TBCEL,-0.023641136401719554,387
DUSP10,-0.023762736685017605,387
KBTBD7,-0.02382698904234225,387
ARHGEF35,-0.02390103122723687,387
HBA2,-0.023952719060859773,387
ALOX5AP,-0.024006396196247178,387
SLC7A7,-0.024154305743356863,387
RTL8C,-0.02416146628349885,387
CAPN6,-0.024176892980202327,387
ZNF516,-0.02440676684508459,387
LACTB,-0.02449185334186813,387
CLDN15,-0.024840510160772766,387
PUS7,-0.024889580818338194,387
SS18L1,-0.024941864448894128,387
DSE,-0.024977215873661477,387
HYLS1,-0.02507630749733089,387
TTLL7,-0.025088184805769673,387
ATF6,-0.02515122983235071,387
REPS1,-0.02518121034064537,387
PHF21A,-0.025199166807163574,387
SHMT1,-0.025213789603705305,387
PLXND1,-0.025261546786527776,387
SATB2,-0.025548859393393512,387
KIF21A,-0.025566847956472724,387
FLYWCH1,-0.025642837599490344,387
ZNF33B,-0.02578588936287179,387
PXMP2,-0.02583927452744258,387
CTSV,-0.025929532186379372,387
MRPL3,-0.026100020178712824,387
PRF1,-0.026121610810321237,387
MSH6,-0.02617411552550157,387
PRDM1,-0.026197740776027916,387
NPAS2,-0.026264741170880852,387
SPEGNB,-0.02631504639501399,387
FKBP10,-0.02637314426579611,387
DNAH2,-0.026413470886097516,387
IL1A,-0.026437828044329006,387
GRSF1,-0.026497821605371272,387
NUDT2,-0.026564105206311372,387
MT1X,-0.02665051184168416,387
PHLDB1,-0.026684671936729784,387
ZDHHC12,-0.026905850524316783,387
PLEKHB1,-0.026925291647590752,387
SLC25A4,-0.027471696104146032,387
DQX1,-0.027552434219867708,387
IPO8,-0.02756724305342749,387
LRRC25,-0.027573984098484244,387
ENHO,-0.027612148655319843,387
MBIP,-0.02764945362226038,387
CLEC5A,-0.027739850095600364,387
GOT1,-0.027763368558056712,387
FBXO25,-0.027777678925152906,387
CCL22,-0.027892449259076593,387
BTBD8,-0.028044958935057724,387
CYP1B1,-0.028111642654556002,387
MCM6,-0.028185853811166044,387
ZSWIM6,-0.028305679781555248,387
TET2,-0.028385974173779277,387
GRB10,-0.028570461423902724,387
TSEN15,-0.0286285478397032,387
CD248,-0.028643545962652256,387
GTF2IRD2,-0.028766918669564413,387
ATP13A2,-0.028918062528801768,387
ZMYM1,-0.028987853947437782,387
BTD,-0.029256342085039112,387
OSBPL10,-0.029456501464084635,387
SLAMF1,-0.029593198622073828,387
BNIP1,-0.02967286107177037,387
TCF7L2,-0.02971179578061221,387
ZNF23,-0.02978104210697293,387
ZNF711,-0.0298584589244001,387
DENND5B,-0.029937184731364114,387
HSPA1A,-0.030036411971563454,387
MYO7B,-0.0301109390257966,387
DIO2,-0.03012295172821935,387
EMC6,-0.03013566905701153,387
COL4A2,-0.030231200754234983,387
NOX4,-0.030539492261633022,387
ASPHD2,-0.030557319718425596,387
HLA-DRB5,-0.030568443019443343,387
ABCC4,-0.03072735570616836,387
FZD1,-0.030815547595152638,387
SNRNP40,-0.030872956254784367,387
FAM89B,-0.03095993833077186,387
MICAL3,-0.031047866767520714,387
ZCCHC9,-0.031064561333311067,387
ATPAF2,-0.03111257347052515,387
SLC9B2,-0.031141656817586218,387
EDIL3,-0.03115700927723918,387
NEURL3,-0.03119061981111904,387
PPFIBP2,-0.031212956608636235,387
LGI4,-0.0313301394711148,387
SPEF2,-0.031477155149465134,387
TSKU,-0.03151879277698025,387
CDX1,-0.03174631329618868,387
ZNF595,-0.031805616502024806,387
PIGK,-0.03180667409723034,387
BIRC3,-0.03197324459023415,387
FAM76B,-0.03201953116308248,387
DHRS12,-0.032045975935341246,387
DCAKD,-0.03216800728861909,387
TMC8,-0.032168684214567894,387
TUBGCP4,-0.03226399391162743,387
CXCR6,-0.03235370339313735,387
COQ5,-0.03238378370749141,387
FAM135A,-0.032437195230923845,387
ST6GALNAC5,-0.03244537851327307,387
TMEM121B,-0.032455390529885206,387
KIF20B,-0.03247237707226658,387
TMA16,-0.03249775889370678,387
CXCL2,-0.032541970519638044,387
CHST15,-0.032547619670367026,387
JADE2,-0.03274124825049543,387
WBP1L,-0.032760718575363786,387
TINF2,-0.03279977007291259,387
RASSF2,-0.03287901134555605,387
METTL2B,-0.03301498041567418,387
CYTIP,-0.03306215776797975,387
PIGV,-0.033140876994900766,387
ARHGEF17,-0.03315447136344958,387
MPEG1,-0.03325388971918683,387
MCEE,-0.033254320226443194,387
MOB1B,-0.03338205424873745,387
ASRGL1,-0.03344001015830912,387
TMTC1,-0.03345804061836069,387
TLR7,-0.03349110136036987,387
NFKB1,-0.033491508831682025,387
EBF4,-0.03352640253526647,387
GIMAP5,-0.03353622817298225,387
TPK1,-0.03355710900135777,387
SPON2,-0.03358942067855514,387
PLEKHO2,-0.03396178566928445,387
FOXD2,-0.03398481617481867,387
RXYLT1,-0.034037078922589704,387
ISG20,-0.03411224452997694,387
ARHGAP9,-0.034271252290242374,387
TNFSF15,-0.034436001469829405,387
SMOC1,-0.03446994066292656,387
SMO,-0.03447167264790338,387
TMEM200C,-0.034577477758703734,387
PCSK9,-0.03458373888474518,387
RFLNB,-0.03461332075058755,387
SCD5,-0.034628218760113724,387
CXCL8,-0.03467880025715196,387
SERPINI1,-0.034816732723507854,387
VPS72,-0.03488212563556475,387
NOTCH4,-0.03491779586015089,387
TMEM161B,-0.035004790355778276,387
PAIP2B,-0.035241051992889,387
SIKE1,-0.03528028602987792,387
SHISA2,-0.03537614926124099,387
EVA1C,-0.03543802436299141,387
ZNF202,-0.03549065682934285,387
KAT2B,-0.03552170999735201,387
ADAMDEC1,-0.03574750919366403,387
SEMA7A,-0.035828808071770565,387
MORN4,-0.03583064746780992,387
ABHD17C,-0.03583915318373251,387
CCDC174,-0.03586668630006775,387
NOVA2,-0.0358808810514965,387
ANK2,-0.035955590837965436,387
ADORA2A,-0.03599344590631171,387
TTC7B,-0.03609933348818838,387
FRY,-0.036157360665799235,387
FBXO5,-0.03618482582603572,387
PTPN14,-0.03630589497928219,387
HAS1,-0.0363377661750798,387
EPHX2,-0.03639159208202212,387
NUCB2,-0.03670967128477531,387
PRKAG2,-0.03674261952154194,387
ARID5B,-0.03677447826700615,387
NCBP2AS2,-0.03699198006317963,387
BTNL3,-0.037023139133318624,387
SMIM5,-0.03726435762527378,387
STEAP4,-0.037395242309785456,387
LSP1,-0.03762533102683849,387
C1orf210,-0.037698428859182696,387
FAM169A,-0.03771529413910668,387
WDFY3,-0.03772788061216584,387
UNC5CL,-0.03779640277013687,387
ADAMTS7,-0.03786907023803706,387
ZNF681,-0.037941526398869746,387
BICRAL,-0.03798356818154964,387
RNF103,-0.03805328518346685,387
GUCY1B1,-0.03815280807086018,387
GMFG,-0.03822855466669845,387
ANKRD12,-0.038231969077586775,387
SMPDL3A,-0.03829898434472931,387
F2RL2,-0.03841930401406432,387
TRERF1,-0.03843677155180308,387
NFXL1,-0.0386367153566232,387
GFM2,-0.038783764992661396,387
RASA3,-0.038834222862206974,387
SSH2,-0.038846952019213045,387
NES,-0.03889880703611221,387
MMACHC,-0.039007230959949325,387
PARPBP,-0.03905216305113932,387
LARP6,-0.03911789060004717,387
CHSY1,-0.03916688175511763,387
RBMS2,-0.03916948821387473,387
ENTPD2,-0.039315978866259364,387
STPG1,-0.039324607588819636,387
HMG20A,-0.03938385318089196,387
SEMA6D,-0.03950179691751024,387
CLIP4,-0.0395307457312917,387
EVA1B,-0.03959761037353611,387
FRYL,-0.03982949330427454,387
TMEM151A,-0.03988562724465057,387
AHCYL2,-0.04010496985552669,387
KRBA2,-0.04011218919575909,387
SCARA3,-0.04013364636141841,387
BMP8A,-0.04055777490158646,387
ATF5,-0.04061784548274494,387
DBP,-0.040729016035832045,387
PSMD9,-0.040754501874917366,387
TM4SF1,-0.040804266436267354,387
EMB,-0.04105036672178532,387
TGFB1I1,-0.04118244786096908,387
XXYLT1,-0.04121689937821773,387
PPARG,-0.04126665467929562,387
RDH10,-0.041354849625817106,387
HACD4,-0.04146523060850236,387
MFAP2,-0.04161902088391026,387
TNF,-0.04180706034721999,387
FCGR2A,-0.04182224675352503,387
CFI,-0.04187698274357232,387
ARHGEF5,-0.04189255284396877,387
CD276,-0.04203232092036865,387
PARVG,-0.04214882731997535,387
TRAPPC2B,-0.04226189004613893,387
TMEM204,-0.04231438448769951,387
GBE1,-0.04232705310653034,387
TFAP2A,-0.04233535340198796,387
INO80D,-0.04233726814182327,387
SPIRE1,-0.04245805413177634,387
ACE2,-0.042543480070129626,387
SEM1,-0.042572370143679594,387
EHF,-0.042679069387203596,387
ZFP36,-0.04272392717813425,387
FBF1,-0.04278603139012038,387
DENND2A,-0.04281271469903281,387
CHI3L1,-0.042842287291940694,387
SYT1,-0.04292460853837472,387
ALDH5A1,-0.04309617179308452,387
BUD23,-0.043140268935399975,387
LAMC3,-0.04318513460204762,387
SOCS6,-0.04325596035744068,387
TMEM255B,-0.04332878097566598,387
CASS4,-0.04359458509260738,387
MOCS1,-0.04366719159614965,387
EGFLAM,-0.043736676339439035,387
PCNX4,-0.04374940572045544,387
NFKBIA,-0.04375295030766713,387
DNAAF3,-0.043834815673263534,387
EXO5,-0.04386645450530226,387
CAMK2D,-0.043891897547029705,387
PMAIP1,-0.0439666679659102,387
PRR11,-0.0440536806827435,387
FBLN2,-0.04407392848829872,387
PXDC1,-0.04416273204512588,387
ABHD17B,-0.044185707240261524,387
TNFSF13,-0.04420425458975142,387
IPO13,-0.044331549856388965,387
HAVCR2,-0.04441800086653075,387
ZWILCH,-0.04447725998896435,387
EIPR1,-0.044619390821976634,387
LURAP1L,-0.0446348883683423,387
TIE1,-0.044664271959175265,387
BEGAIN,-0.044814766711339465,387
NOA1,-0.04503519215389772,387
PPFIA4,-0.04506948958417855,387
MRPL10,-0.04521986749810629,387
LINGO1,-0.045261534747619195,387
GNLY,-0.04530278454031176,387
MYO1G,-0.045544994746450525,387
STARD5,-0.045545631948134345,387
PLD3,-0.045710364706955296,387
HK3,-0.04574914179484569,387
SLC1A2,-0.04596729148985548,387
TCAF2,-0.04599463992763518,387
FGF2,-0.04603102782999556,387
HSPA6,-0.04604726962624157,387
SVEP1,-0.046125427518176346,387
SHF,-0.046159274277842846,387
HDHD5,-0.04618222763827657,387
SLC33A1,-0.04639008321403773,387
RAB33A,-0.046419600200129967,387
TMEM52,-0.046495825845726674,387
PDLIM4,-0.046534839861575666,387
DYRK2,-0.0466223112188469,387
SLC2A13,-0.046664238879150985,387
FCRL5,-0.0467979551237792,387
CPNE2,-0.046812528357513726,387
SRP19,-0.04683739635642238,387
LRRC27,-0.046905094751355396,387
CD1D,-0.04693404884247188,387
HPF1,-0.04711080034290524,387
LGMN,-0.04717027759265112,387
STEAP3,-0.04722575920257947,387
SH3BGRL2,-0.04725540548373123,387
TP53I11,-0.0472670397505179,387
PHACTR2,-0.04750838172301051,387
ZNF581,-0.04756144592160903,387
STC1,-0.047661374201914575,387
NRXN2,-0.047669974491360186,387
CEACAM4,-0.04767880533790123,387
PCDH7,-0.04776902392905289,387
ARHGAP29,-0.04801862522732915,387
ZNF462,-0.04804570345731419,387
ITGAV,-0.04823207088089338,387
ATP2B1,-0.04824780345266757,387
CMAS,-0.04826268421259088,387
CDH15,-0.04828407710246568,387
CMC2,-0.048380887886474315,387
NAPEPLD,-0.04841574353871454,387
CSRNP1,-0.04864141998868068,387
RABGAP1,-0.04873788369815245,387
MRPS36,-0.04887782083228002,387
CYB5R4,-0.04899866743586257,387
TLCD2,-0.049343076172047085,387
FMNL3,-0.04940517487131845,387
TRAF2,-0.0494320711866625,387
FABP6,-0.04948587120019888,387
LCN6,-0.049515619180732266,387
LAMB1,-0.049585155525978565,387
GPR34,-0.04961061521391186,387
IL17RB,-0.04964420468913198,387
HIGD1A,-0.04966620826431944,387
BTNL8,-0.049673146878694695,387
FAM8A1,-0.04969369468541394,387
CXCL5,-0.049747313919200564,387
MTHFS,-0.049780404261095756,387
SCIN,-0.04985140727716376,387
EPHA10,-0.04992749127352811,387
TNFSF10,-0.050018167001599015,387
CSPG4,-0.05005288138256382,387
GCNT3,-0.05005455601508386,387
NOTCH3,-0.0501851716192433,387
EFNA2,-0.050241902181742945,387
ELOVL4,-0.05024445746516336,387
SLC35A1,-0.05027601670300867,387
RIPOR2,-0.05035634360260469,387
BEND7,-0.050359971887381436,387
MS4A6A,-0.05036142740154292,387
TMEM97,-0.05037086994194382,387
CCDC167,-0.05041707549537054,387
EIF2A,-0.05055513721046431,387
FOXRED2,-0.050881541665691726,387
PTH1R,-0.05099338016223807,387
PROK2,-0.050994096024932406,387
CCL14,-0.05100169120466356,387
RHOF,-0.05100671341456096,387
FES,-0.05102325251466409,387
PIK3R4,-0.05105762439307925,387
MKKS,-0.051095496183638366,387
CENPQ,-0.05115303056702908,387
TRIAP1,-0.05123970631745819,387
IRF4,-0.05125179440515597,387
SFMBT2,-0.051281797481248496,387
SRPX2,-0.05138953466963362,387
ZNF639,-0.051445526259792033,387
MMP10,-0.05145695144663474,387
GPR137C,-0.051518039146917265,387
ZSCAN29,-0.051616968252898625,387
TNFAIP3,-0.051621605076587466,387
VEGFC,-0.05172707539020087,387
WDR76,-0.05172909722822023,387
MX1,-0.05175203798256656,387
GALNT14,-0.05199475034264661,387
GADD45B,-0.05208929090606452,387
NTF3,-0.052131857532055396,387
ZNF507,-0.05240879301502243,387
MCPH1,-0.052448449661496505,387
KMT5A,-0.05249607859950564,387
CD300E,-0.05251358585430089,387
GPR132,-0.05262114884416521,387
DEGS1,-0.052679118067305124,387
ITM2C,-0.05276599274792692,387
PLEKHG6,-0.05292595072188815,387
RAB31,-0.052945525188225095,387
CYB5R2,-0.05295972341205103,387
CADM3,-0.05303286255538605,387
SPP1,-0.05305921370911897,387
BCL2A1,-0.05309565717444886,387
PPP6R2,-0.05312423722162832,387
TSC22D3,-0.053180306602232344,387
LIMD2,-0.05334589809378454,387
LPAR1,-0.05336759313045212,387
CRISPLD1,-0.05343825667146107,387
ZDHHC23,-0.05355565566244172,387
GANC,-0.053574569781157336,387
ZNF292,-0.053975182539663165,387
SBF2,-0.05400714786338519,387
FBLN7,-0.054087109882846256,387
CLMP,-0.05410262519250801,387
EXT1,-0.05411937793913796,387
CNOT6L,-0.05413786138161425,387
GPD1,-0.05417191488875159,387
RHOH,-0.054224805265505334,387
PHLDA2,-0.05434128491256651,387
GPT2,-0.05436604540100564,387
CDH24,-0.05439444721954567,387
DPEP1,-0.05441100374754115,387
OAS2,-0.054444586664862606,387
RRAS,-0.05444690663641064,387
METRNL,-0.05463838669594445,387
TRIM7,-0.05470591490641138,387
JDP2,-0.05481585791177543,387
SMPD3,-0.05485569703279936,387
TPMT,-0.05499456341598504,387
NCF1,-0.05509353684646722,387
KLF4,-0.05519734365364495,387
CHST2,-0.055210045646581614,387
TNFSF9,-0.055220012560535124,387
ZNF135,-0.05531586199005577,387
CCNG2,-0.05541561882119184,387
SIRPG,-0.055418840916995143,387
STK17A,-0.05542003256559331,387
SGMS2,-0.05543163217748363,387
SLC41A1,-0.05544217431768665,387
HMGCS1,-0.05552337871624884,387
GPRC5C,-0.055571579823539274,387
FAM174A,-0.05564684965199403,387
HOPX,-0.055664544157963944,387
CLIC2,-0.0557411314163523,387
IFIT5,-0.055764717372103256,387
TRIP6,-0.055786690707562765,387
TLE1,-0.05598848680123645,387
HEBP1,-0.05601277031880835,387
USP15,-0.05607653839596205,387
MIER3,-0.05609368945560781,387
MEX3A,-0.05612709352637293,387
TEP1,-0.05614022182752456,387
ARFIP2,-0.05627945966412171,387
RBMS3,-0.05634943930733966,387
RGS4,-0.05638488859507992,387
EFNA4,-0.05642869596075666,387
WDFY4,-0.05645244916319541,387
HBA1,-0.056499811043552665,387
SLC39A13,-0.056554593844735136,387
ORC5,-0.05664383280029342,387
ELK3,-0.05669077470041029,387
CD48,-0.05682287627776849,387
MMP14,-0.056897478825928445,387
TST,-0.05691640000789889,387
EHD3,-0.05696631616772383,387
CD200R1,-0.05699402553390865,387
FKBP11,-0.05706748296437215,387
DEGS2,-0.057162398305900135,387
ENPP5,-0.05716707554437,387
WTIP,-0.0572569295634617,387
FGFBP1,-0.05730705554587507,387
THYN1,-0.057384564824557664,387
BIN2,-0.05751576581548283,387
TCF7,-0.05767845054625126,387
FBXO8,-0.05772130901517422,387
TAX1BP3,-0.05779618887080003,387
CCDC3,-0.05801910381338398,387
PHGDH,-0.05834725366789174,387
FGFR1,-0.05842046764468594,387
ANGPTL4,-0.058496101624529874,387
NAPSA,-0.05870202804188134,387
INSIG2,-0.05873783045099322,387
LGR5,-0.05874807619524525,387
THOC3,-0.05874832670462617,387
CXCR4,-0.058801952459113564,387
TMEM184C,-0.05880593155482193,387
TMEM140,-0.058972390555996734,387
CCN5,-0.05903675145255503,387
CENPA,-0.059206651589813315,387
ZBTB8OS,-0.05927194064870408,387
PHYH,-0.059398289373057654,387
ARHGAP30,-0.0595171118679164,387
SHQ1,-0.05966839776511029,387
ETV1,-0.059679188619526854,387
SOWAHC,-0.059799494695200066,387
MSLN,-0.05992799899395735,387
HLA-F,-0.05994176946419993,387
SERPINA3,-0.05997448604946559,387
TNFRSF6B,-0.06010078810720758,387
TSPAN8,-0.06013996362461883,387
CACNA1H,-0.060298793539151546,387
RORC,-0.06030043557201488,387
WIPF1,-0.06033247928543227,387
SGO1,-0.060360925816059,387
C10orf88,-0.06045212490840973,387
DUSP3,-0.06057904074213114,387
PADI4,-0.06061445088313555,387
EXTL2,-0.06064842912318016,387
N4BP2,-0.06072676332457233,387
FLRT3,-0.06074146442162981,387
NAALADL1,-0.0609894617513929,387
PACSIN3,-0.06099104962921931,387
DAB2IP,-0.061044025401705726,387
ZNF75D,-0.06106586757347649,387
CSF2,-0.06113217825199059,387
RSAD2,-0.061531487719494904,387
EVI2A,-0.06156234446780069,387
ZNF22,-0.06168334026292226,387
LPAR6,-0.06176346565322974,387
EXD2,-0.06200757751642893,387
FILIP1,-0.06210307636225329,387
GALNT1,-0.062305265462624264,387
AQP1,-0.06233246871739796,387
TFEB,-0.062361192352481186,387
FPR1,-0.06239535613498872,387
TMEM9,-0.06240693244474289,387
ARFGEF3,-0.06250242277364579,387
DMKN,-0.0625844370257452,387
C6orf141,-0.06259558452639051,387
PSEN2,-0.06275433396264789,387
PORCN,-0.0628251553811118,387
HLA-DMB,-0.06302845500127878,387
ELOVL6,-0.06309182562221761,387
ZNF766,-0.06314615997635277,387
ANO5,-0.06319378056717034,387
TRPS1,-0.06325455758824344,387
CWC25,-0.06328476195503961,387
COG7,-0.06331490969908618,387
LAMB3,-0.06332690705214465,387
RIPOR1,-0.06344282254631681,387
ABI2,-0.06345124544802386,387
TUBB2A,-0.06345617828974613,387
FBXL8,-0.06347924699095099,387
BBOF1,-0.06354092116906553,387
C18orf21,-0.06355510018291571,387
ZBED3,-0.06363015826580751,387
CPXM2,-0.06363728870615361,387
SEMA5A,-0.06372279545610016,387
PID1,-0.06380048853978121,387
EMP3,-0.06407968823483569,387
CCL15,-0.06410558731281842,387
PCDHB12,-0.06415610867056937,387
SYBU,-0.0641943042518203,387
LTBP4,-0.06432950796405033,387
PHF10,-0.06448022676720332,387
PTGER3,-0.06453667338226055,387
MRPS33,-0.06463059580105293,387
SLC8A1,-0.06464091476561729,387
RAD51AP2,-0.06466322172823051,387
MTHFD2L,-0.06466332067996262,387
CD2,-0.06468001282610412,387
UBE3D,-0.06468212015738285,387
BHLHE41,-0.0647639293854786,387
SGIP1,-0.06476595171447687,387
STS,-0.06476698907027939,387
CLU,-0.06478235843932777,387
ASGR1,-0.06488171042863083,387
SLC7A2,-0.06496040595450636,387
C1orf54,-0.06509430261775095,387
ABTB2,-0.06509566793193676,387
RPL26L1,-0.0651676934016731,387
MRPL45,-0.0652188153331383,387
DNAAF2,-0.06537683858287734,387
BCAS1,-0.06541701422181992,387
RCSD1,-0.06546549858235991,387
FDX2,-0.06553550494173505,387
TDP1,-0.06554068763421651,387
ENOPH1,-0.06561161623006301,387
FCN1,-0.0659814416386431,387
FAM43A,-0.06618314175580023,387
NIP7,-0.0662049691057319,387
SLC28A3,-0.066219906443658,387
KLHL29,-0.06622573430256383,387
HOMER1,-0.0662283537963649,387
SLC25A23,-0.06624005130125656,387
RNF135,-0.06625869318350988,387
ZCCHC2,-0.06634961228805644,387
THSD7A,-0.06709454471953893,387
SAA2,-0.06724911302001899,387
CDK12,-0.06748982750191433,387
AMZ2,-0.06761952754784079,387
ZNF675,-0.06767616312359787,387
AZGP1,-0.06774914034207981,387
VGLL4,-0.06828097341267007,387
DUOX1,-0.06830430320590027,387
ID2,-0.06832875081383467,387
DBR1,-0.06834330841771039,387
KAT14,-0.06840415442868701,387
CAPN12,-0.0684455011725581,387
MSC,-0.06856873700068392,387
RSBN1L,-0.06871564037388564,387
DNAJC25,-0.06883915367070415,387
TMC5,-0.06887085338142346,387
EPAS1,-0.06887385113368984,387
GAL3ST4,-0.06887951514435026,387
MAST3,-0.06893396963466554,387
VNN2,-0.06901807683441484,387
SLC11A1,-0.06905569630285859,387
RALGPS2,-0.0690673439268492,387
GALNT11,-0.06914838576099981,387
TESPA1,-0.06921308221860645,387
MEF2C,-0.06926250407606378,387
GAN,-0.06936407172669916,387
ACOX2,-0.06951899870378003,387
EPB41L3,-0.06959570692270213,387
MCU,-0.06965766714088396,387
B9D1,-0.06973151312190504,387
HID1,-0.0698029049906798,387
KLHDC7B,-0.06997070857047322,387
OSMR,-0.070109706113248,387
SLC12A4,-0.07015514011494338,387
DIPK1B,-0.0702431202442639,387
UGCG,-0.07040118898116061,387
MICAL2,-0.07044992182932368,387
BATF3,-0.07051440076234448,387
CEP57,-0.07070946246606642,387
SULT1A1,-0.07074066932435938,387
UBE2S,-0.0708618182819898,387
SLC41A2,-0.07088552311908551,387
ITGA4,-0.0710931614475831,387
MAP7D3,-0.07111800199677618,387
TBX21,-0.07114961778278751,387
HSD11B2,-0.07120006022126664,387
CALHM6,-0.07137309327309917,387
JPH1,-0.07142400788489546,387
MT-ATP8,-0.07152488658337537,387
CALCOCO2,-0.07153806206816729,387
KCTD14,-0.07154756617079035,387
SLX4,-0.07173400478190624,387
MTRR,-0.07189330291100161,387
GATM,-0.07197446616243529,387
VWA1,-0.07211388161796992,387
ODR4,-0.0721798064274283,387
TMEM267,-0.07234869472829646,387
LTC4S,-0.07243855292340706,387
BEST1,-0.0725850870551862,387
FSCN1,-0.07267238169736745,387
PHKB,-0.07270775248663931,387
BICC1,-0.07299921151378387,387
PTPRK,-0.07314968428707931,387
ACSL4,-0.07322194397783899,387
ME1,-0.07323437352611495,387
MANBA,-0.073422162589298,387
FAM210B,-0.07346813362456346,387
RNF2,-0.0736184772384841,387
ITGAX,-0.07373926891023017,387
E2F6,-0.07391973490289955,387
APLN,-0.07392162856779913,387
DEPDC5,-0.07399249104970734,387
SUGCT,-0.07403441667614517,387
PPM1H,-0.07407101169658652,387
SHISA4,-0.07408604193178775,387
VDAC3,-0.07412803590454693,387
TNFSF14,-0.0742118523339246,387
ACYP2,-0.074276939054215,387
TLR3,-0.07432607487972782,387
TNFAIP1,-0.0743298365623882,387
PLXNA3,-0.07433596868229851,387
CCNG1,-0.07434416503364309,387
CRYM,-0.07436148162676745,387
TRAF3IP2,-0.07442354693494839,387
PALMD,-0.0744546907468268,387
IKZF3,-0.07456030920320532,387
ALPK2,-0.07482382296571251,387
WNT2,-0.07486044998554398,387
ENO3,-0.07503732091006651,387
RUNDC3A,-0.07527483028632859,387
NUBP1,-0.07531369042843279,387
EVI2B,-0.07539707645868868,387
EPS8L1,-0.07546179480904738,387
SHD,-0.07546545778743774,387
LTB,-0.07548449241524088,387
SIPA1L3,-0.07554610896297541,387
LRRC23,-0.07576728498330138,387
DUSP6,-0.07652966440425335,387
PCOLCE2,-0.07662647373997156,387
CHEK2,-0.0767603979038436,387
GALNT4,-0.07676825651650579,387
GDPD3,-0.07678078426827856,387
MPZL2,-0.07704351116232008,387
FRK,-0.07709285670215661,387
HCLS1,-0.07726699879963281,387
NME7,-0.07752632539408374,387
SLC35D1,-0.07765840269291356,387
ARHGAP12,-0.0777781003615422,387
TMSB15A,-0.07796965933918976,387
DYNLT3,-0.07810547916512427,387
ACAP1,-0.07855409402208537,387
CLP1,-0.07866239534543092,387
GNG2,-0.07866729605374519,387
GJA5,-0.07901682503734646,387
GCSH,-0.07902213676810285,387
ZNF24,-0.07904287042648726,387
SAT2,-0.07914209558123553,387
CHPT1,-0.0791915782693893,387
GNB5,-0.07925562972021671,387
ITGA11,-0.07930415713802258,387
CRIP1,-0.079440156363248,387
CD55,-0.07985992478369269,387
SFXN3,-0.07987590067267018,387
ERRFI1,-0.07988866956901763,387
DGLUCY,-0.07999988998980247,387
TIFA,-0.08003309488158772,387
BLACAT1,-0.08015648493430474,387
NACC2,-0.08021581115292496,387
RHOU,-0.08027589340874812,387
ITSN2,-0.080288954275391,387
KLHL5,-0.0805029452850813,387
NPW,-0.08063933096590742,387
RHOBTB2,-0.08064231568133748,387
SLIT3,-0.0807956977903572,387
HTRA1,-0.08079655680649928,387
C4orf3,-0.08083340896790385,387
ZNF615,-0.08086068022922475,387
C1orf131,-0.08088978673166632,387
SAMHD1,-0.08092455881079344,387
IGF1R,-0.08126163887813853,387
DISP2,-0.08130120843859405,387
TROAP,-0.08133923574129677,387
HLA-DOA,-0.0813443330139857,387
NFKBID,-0.0813460089499679,387
MYO1D,-0.08149791526261269,387
BMPR2,-0.08154557864310001,387
OLFM1,-0.08155719746014686,387
MMRN2,-0.08159418478964868,387
XKR9,-0.08160751122129242,387
HEPH,-0.08161149956621232,387
ARL13B,-0.08166439945313256,387
TBC1D9B,-0.08169762683224666,387
AMER1,-0.08186174301434841,387
FCGR1A,-0.08193058435927028,387
PAQR6,-0.08204122370636321,387
RPS27A,-0.08204439822944522,387
EPPK1,-0.08209665419143358,387
DERA,-0.08215330378169783,387
FBXL6,-0.0821636356972408,387
CCL5,-0.08227134825444231,387
PDLIM2,-0.08235953343959952,387
APBB1IP,-0.08242520288427087,387
KCNE3,-0.08260185979573748,387
GRB7,-0.08261944832947264,387
GBP2,-0.08262266440634826,387
CDKN1A,-0.08294403639556429,387
SERTAD1,-0.08300986441164489,387
LAIR2,-0.08301592135093767,387
LPAR5,-0.08304388767255137,387
FPR3,-0.08310854155141283,387
MAPKAPK5,-0.08311453721805546,387
KIF13B,-0.08316064964729242,387
FBXL7,-0.0835816380826921,387
HLA-DRB1,-0.08358710177222947,387
LIX1L,-0.08379064860771969,387
EBF1,-0.08379076804392697,387
VSTM4,-0.08383587435959489,387
CDX2,-0.0839840055989524,387
NUFIP1,-0.08403518369840286,387
NAAA,-0.08413242518202858,387
SCN1B,-0.08414828839662865,387
MECOM,-0.08438287489527636,387
LRWD1,-0.08440630736748342,387
GUCY1A1,-0.08466168598173145,387
RAMP2,-0.08505521497610896,387
INPP4B,-0.08530475176619519,387
TMEM263,-0.08533263409206347,387
HLA-DOB,-0.08535559486713196,387
RBM42,-0.08539841439906082,387
WARS2,-0.08561391680134964,387
LARGE1,-0.0856673824047144,387
CELSR3,-0.08588233129367938,387
TIMELESS,-0.0859409111261054,387
FTO,-0.08601658087919116,387
ZBTB7C,-0.08603799130052672,387
MR1,-0.08605993749680296,387
GOLPH3L,-0.08617963712318198,387
SNAPIN,-0.08618835545241578,387
PDGFD,-0.08635526780946524,387
RASSF7,-0.08638265415918163,387
CLRN3,-0.08642763955649924,387
LPL,-0.08644587094022564,387
SAA1,-0.0864552563401295,387
PCDH17,-0.08654746193005736,387
ADAMTSL5,-0.08664126096925573,387
HLA-DMA,-0.08670022072397454,387
KCNN4,-0.08672138385276044,387
USF1,-0.0867832568003837,387
LILRB4,-0.0867911764520447,387
FAM78A,-0.08682274425574363,387
SLC12A8,-0.08689159048404249,387
FUCA2,-0.0869489623228647,387
SMPDL3B,-0.08698661260827134,387
AMPD3,-0.08707346616770446,387
ZG16B,-0.08714401617346361,387
CEPT1,-0.08725544571223565,387
PTPRC,-0.08741184829718973,387
STARD10,-0.08743737785724907,387
ISLR,-0.08750508569873816,387
PFN2,-0.08752054829548134,387
PEG10,-0.08752534987322848,387
ZHX1,-0.08759788114910173,387
IFT140,-0.08765705339311579,387
DOCK10,-0.08773451523908558,387
ARSB,-0.0877914787499117,387
VASH1,-0.08779616475791466,387
TMEM14C,-0.08783008278801682,387
CRKL,-0.08832418520155702,387
TSTD3,-0.08843730391232431,387
IMP3,-0.08844092230726464,387
MAP2K1,-0.08844209179928635,387
CIITA,-0.08849207005928462,387
HMCN2,-0.08854663167780687,387
BTG3,-0.08859988473704034,387
VNN1,-0.088670668759534,387
GABPB1,-0.08873202361762132,387
DIPK2B,-0.08926138274689296,387
EHHADH,-0.08926224229265,387
VCAM1,-0.08932999496480275,387
RGL2,-0.08933299177270244,387
CDH11,-0.08936148050244498,387
CCDC88C,-0.08954188395681811,387
LAT2,-0.08962561634072225,387
ENPP2,-0.08964402993127167,387
SERGEF,-0.08990849378432476,387
NRP1,-0.08997236341135974,387
KYAT3,-0.0900903311600734,387
MGAT3,-0.09040858133881415,387
DENND1A,-0.09058238137821724,387
MLPH,-0.09066886388435397,387
FMNL2,-0.09074870902850564,387
TARBP1,-0.09078002127391697,387
DENND5A,-0.0909637921430524,387
CXCL13,-0.09097606099852514,387
STARD4,-0.09106754080367027,387
TJP1,-0.09107032719465881,387
AHNAK2,-0.09113136309194812,387
NUDCD2,-0.09124100983261024,387
AIF1,-0.09130196954310722,387
CCP110,-0.0913805164902612,387
RCAN1,-0.09145500852120272,387
EMP1,-0.09169357566700566,387
TCP11L2,-0.09170434901437878,387
SH3PXD2B,-0.0919643026289537,387
SRFBP1,-0.09216186905281408,387
RTN2,-0.0921658097791214,387
TRIM69,-0.0921739488228587,387
CHAC1,-0.09219719562444177,387
HSD17B14,-0.09243812557995226,387
MS4A7,-0.09248913673694535,387
FABP5,-0.09250777619348201,387
SETD4,-0.09252051039557917,387
MISP3,-0.09258104351083477,387
ROBO1,-0.0928142656321337,387
TBC1D5,-0.09281692995140162,387
EXOSC5,-0.09285028084758461,387
LMCD1,-0.09298377455676456,387
CHPF,-0.09324020669101027,387
COL3A1,-0.0934155911865753,387
FOXA2,-0.09342107183838166,387
TMEM62,-0.09356120080939619,387
KIAA1755,-0.09359053451915353,387
CSF1R,-0.09389151064158573,387
CASP7,-0.09402703089886585,387
KDM4A,-0.09407250295609186,387
NOS3,-0.09408562371678338,387
ORC6,-0.09409826648619918,387
ICAM2,-0.09414753512090818,387
NTN4,-0.09422198510181838,387
MYO1B,-0.09439240626809478,387
PCDH18,-0.09462162736065358,387
CPVL,-0.0946913869748272,387
PSD4,-0.0947366655591732,387
ANXA6,-0.09495739897467939,387
MOXD1,-0.09511349848044007,387
GTF3C3,-0.09512922142229982,387
FADS1,-0.09528884326941316,387
FKTN,-0.0956980907774967,387
CC2D2A,-0.09572281916117355,387
LIPA,-0.09574265877030057,387
BANP,-0.0957837202188153,387
PIM2,-0.09597094621060295,387
PLXDC1,-0.09606608879901787,387
CYP20A1,-0.09610492286533286,387
CDC7,-0.09612560226997723,387
FARSB,-0.09629101190713775,387
TESMIN,-0.09636343900912493,387
RNF152,-0.09637014995671697,387
NIFK,-0.09637735564747282,387
SLC22A17,-0.09669119641090056,387
MDN1,-0.09693073647136653,387
TEF,-0.09705985506579745,387
TNFSF4,-0.09735019585858826,387
CDC6,-0.09735892282830111,387
TBCB,-0.09740611323775081,387
DRAM1,-0.09744141171506618,387
ADAMTS10,-0.09749178396432245,387
GDPD1,-0.09774924247410739,387
FLI1,-0.09780184499715759,387
ECSCR,-0.09800547263213785,387
HMGN5,-0.09808497119241007,387
AK4,-0.0980887956495819,387
PREP,-0.09811978752572606,387
PIK3C3,-0.09826604943200523,387
STAT1,-0.0982992635212053,387
NCKAP1L,-0.09837533514815705,387
WFDC1,-0.09842579658996167,387
TMEM158,-0.09845850312989567,387
MRPS25,-0.09848081733779017,387
LST1,-0.09865478633741709,387
CNTD1,-0.09865798997270862,387
TMEM187,-0.09886177176845222,387
CELSR1,-0.09937854270775373,387
SOX18,-0.0994786238349071,387
CCNT2,-0.09952416183985716,387
ATP10B,-0.09959769367156854,387
SULF1,-0.09964335150051613,387
KIF18B,-0.09968570356762244,387
PTGER4,-0.09984779576960105,387
BICDL1,-0.09989701145869734,387
TBK1,-0.09998727477645038,387
SH3RF2,-0.10001448749606708,387
ERVMER34-1,-0.10002792152478608,387
CD209,-0.10005693125669106,387
DNA2,-0.10006343796008654,387
FOXA1,-0.10044566073296192,387
BAG4,-0.10057249049186642,387
TMEM192,-0.10076684714372897,387
CRELD2,-0.10079631464280063,387
SLC16A1,-0.10089032741462702,387
SELP,-0.1010432321090757,387
ITGA2,-0.10107840774154032,387
CYBRD1,-0.10123875699883851,387
SENP6,-0.10124982551950121,387
RBIS,-0.10125605568729114,387
LRP5,-0.10137204232970458,387
SNCG,-0.1013776388690854,387
SERPING1,-0.10139058879144788,387
CKB,-0.10153061405269122,387
BDKRB1,-0.10167399506950063,387
ZWINT,-0.10167587805243444,387
ERG,-0.1019629097535973,387
TCN2,-0.10196572921027042,387
MPPE1,-0.10200633909758106,387
MRAP2,-0.10200839006751272,387
EFNB2,-0.10212812948527113,387
RAB34,-0.10213627485099169,387
AKT3,-0.10242380277780216,387
SPIN1,-0.10242876901406135,387
VGLL3,-0.10268141320184013,387
MMAB,-0.10293273714123002,387
LAYN,-0.10302690770483904,387
CCDC125,-0.1032068062820062,387
ZNF514,-0.1032314435624376,387
CEP162,-0.10325036905202575,387
TGFB1,-0.10337510007149919,387
CKAP5,-0.10364895204711448,387
TSPAN3,-0.10379791288011346,387
MAN2B1,-0.10383145884852304,387
SEPTIN6,-0.10397874516143019,387
VWF,-0.10399160692929241,387
NFKBIZ,-0.10401671672992469,387
SOX13,-0.1040246847250233,387
UCHL1,-0.10413373025986747,387
TMEM68,-0.10436738748904804,387
CD34,-0.10448053806834336,387
STRA6,-0.10475857488836042,387
SPIRE2,-0.10479117973885203,387
PRKCZ,-0.10508322016817319,387
CHFR,-0.10509077323948596,387
CD47,-0.10515632396670718,387
TRPM4,-0.10520595693000888,387
FAS,-0.10530663761853322,387
PFKFB2,-0.10540994302238503,387
C6orf62,-0.10572611542194847,387
FCHO2,-0.10574033612952836,387
RIPK1,-0.10578513945913753,387
GBP3,-0.10578531378627097,387
CLDN7,-0.10592468708679582,387
SIX5,-0.10608457964660681,387
LYNX1,-0.10609677291829658,387
ENG,-0.10634077472978097,387
DENND11,-0.10644952877707,387
KMT2D,-0.10664166406208289,387
TRIB2,-0.10669332295095348,387
FRMD4A,-0.10703588043209349,387
NID2,-0.10716140270160418,387
ARHGAP10,-0.10733112727783764,387
SELL,-0.10733629521257107,387
ZNF92,-0.10737222608692054,387
SMYD3,-0.10793170172524008,387
TMEM170A,-0.10799112766414778,387
USP18,-0.10808920800785667,387
STRN3,-0.10827261181005034,387
DGAT2,-0.10838378246508698,387
CREBZF,-0.1084131423407479,387
ACHE,-0.10846596693824659,387
PGF,-0.108485138849421,387
NPNT,-0.10857236670001566,387
NAPB,-0.10861154176469792,387
UNC13D,-0.1086519091206363,387
PLN,-0.10866505368983984,387
NRP2,-0.10874835392611547,387
IKZF1,-0.10885914799552361,387
PGM5,-0.10900109035754942,387
FLT4,-0.10933375610090926,387
BCAT1,-0.10953139916432629,387
ANXA3,-0.10964705524218435,387
TFCP2,-0.10966584711795202,387
UBTD2,-0.10991848863276682,387
RASD1,-0.11009148493251238,387
SKA3,-0.11045768193427181,387
FHL3,-0.11046010215207161,387
DIAPH2,-0.11068141198045424,387
SF3B4,-0.11080991673246161,387
CDH5,-0.11111282318363926,387
CHD1,-0.111502307989141,387
EFEMP1,-0.11169572784133401,387
CTSF,-0.11219322748490655,387
VSNL1,-0.11219877222897846,387
C1GALT1,-0.11221515338435217,387
DBNDD1,-0.11250083205863198,387
SETD7,-0.11261350987724286,387
CYTH4,-0.11270628744874107,387
TOM1L1,-0.11284146135127536,387
ZNF254,-0.11291176588711196,387
TMEM268,-0.11360863846750195,387
COL10A1,-0.11367084747229705,387
TOP2A,-0.11367321884988063,387
MAP1B,-0.11388833043850782,387
FOXO3,-0.11393306525488041,387
PLPP5,-0.1140110744263377,387
YRDC,-0.1141150694925943,387
ATAD2,-0.11427685123072485,387
ZFX,-0.11463255759770573,387
CREB3L4,-0.11518571764187487,387
RACGAP1,-0.11530061015436538,387
MTFMT,-0.11538208102966839,387
LAMA3,-0.11566820578436567,387
LOXL2,-0.11569550590823907,387
DSCC1,-0.1157076845803375,387
PCBD1,-0.11581015041205528,387
CD82,-0.11581839270109526,387
MAGEF1,-0.11582112830693828,387
NTAN1,-0.11590736703513861,387
MCF2L,-0.11594324549687417,387
MED28,-0.11606049774651116,387
PLAUR,-0.11636256745483478,387
ZBTB40,-0.11646901565227484,387
ALDH3B1,-0.11655631925038208,387
TRPV2,-0.11660626677551249,387
MRPL58,-0.11664902678367323,387
POU2AF1,-0.11664972768348933,387
HSPA12B,-0.11680661296848936,387
C1orf21,-0.11697991632615802,387
C19orf73,-0.11699937729651855,387
ABI3BP,-0.11701058213142988,387
MTFR2,-0.11724422931660243,387
ITGA5,-0.11727922121227775,387
NUDT14,-0.11739254676801371,387
TSPAN13,-0.11763612187592809,387
QKI,-0.1179285959278743,387
ACY3,-0.1180012687281463,387
F2RL1,-0.11815108259861458,387
ZFC3H1,-0.11847632280132848,387
UEVLD,-0.11850199734659272,387
CCDC71L,-0.11850294139735429,387
ADGRL2,-0.1185389712950752,387
KRT18,-0.11880426709617899,387
CDK4,-0.11909314227596747,387
CCR2,-0.1191618638553904,387
TMEM100,-0.11920821978915679,387
PHF8,-0.11923674960846674,387
SLC35A3,-0.11925398241449091,387
MT-ATP6,-0.11932369670245258,387
BORCS5,-0.11945746010222817,387
GMNN,-0.11948180306708446,387
CHST14,-0.11991967531109604,387
CEBPD,-0.11999255051255057,387
EIF2AK2,-0.12004864758256928,387
SELE,-0.12007143557351888,387
SRGN,-0.12012333190557463,387
NEU3,-0.12014044265616637,387
AURKA,-0.12026957571859949,387
ROBO4,-0.12030387076195014,387
UBE2V2,-0.12035364757167465,387
OAS3,-0.12042734958452778,387
PIK3IP1,-0.1204777624955633,387
NPIPA5,-0.12061970579721092,387
BAG2,-0.12066912428816148,387
FOLR2,-0.12074180087646501,387
PRAF2,-0.12096747291776497,387
BASP1,-0.12105715691230659,387
RFC3,-0.12141442440588016,387
RBM15,-0.12149831223621285,387
MST1R,-0.12215196586003706,387
PRADC1,-0.12224109589319261,387
CDA,-0.12235057789905615,387
MAML1,-0.12236424398437182,387
NUP62,-0.12277652252176383,387
PARP9,-0.12277902034500487,387
SLC17A9,-0.1228912141781665,387
NFATC3,-0.12290441464866118,387
CHST3,-0.12300218126270109,387
CNEP1R1,-0.12319353972404284,387
GREM1,-0.12331601274774508,387
ALOX5,-0.12346650001473819,387
PDGFA,-0.12347702403463161,387
JAML,-0.12376485342268628,387
CLTB,-0.12376954834582894,387
ATG14,-0.12423547221103869,387
SMAGP,-0.1244368851991693,387
GYPC,-0.12477336261824137,387
SAMD13,-0.12485052369088642,387
AKIP1,-0.1248718130816758,387
ASS1,-0.12488343836830126,387
PLEKHO1,-0.12527624384682426,387
GPSM3,-0.12539760277725262,387
PTK6,-0.1254100745990512,387
SDHA,-0.12553344201842614,387
PDCD4,-0.1258248638235064,387
GAL,-0.12592239620135245,387
TMEM54,-0.12607968359441304,387
C1R,-0.12612134975595837,387
KBTBD3,-0.12629146629254637,387
CAV1,-0.1263323768967439,387
FAM219A,-0.12658725547285937,387
CCL19,-0.12659378785248934,387
XPA,-0.1267292714499798,387
NTPCR,-0.1267307966528169,387
UNK,-0.12684308959883817,387
ARMC8,-0.12711253113388019,387
CPQ,-0.12714436380370536,387
TBC1D10C,-0.12719518306756103,387
SLCO2B1,-0.12729121642911545,387
CES2,-0.12756413241208886,387
CCNA2,-0.12758811078371937,387
PLEKHH1,-0.12813649647780762,387
NFATC4,-0.1282541136949422,387
CHDH,-0.12834126185649275,387
CISH,-0.1283592863578592,387
SLC39A10,-0.12840629840191564,387
SYTL1,-0.1285370156740045,387
RFC4,-0.12854290510863878,387
NUDT5,-0.12860641903925113,387
LGR4,-0.12865903996020744,387
GPX3,-0.12884446383295722,387
SALL1,-0.12884542357863374,387
PIK3C2B,-0.1288584531510734,387
SYTL4,-0.12893322353632816,387
MFSD2A,-0.12896925521647107,387
TP53I3,-0.12911655957746776,387
PPP1R2,-0.1291492968499832,387
NEURL1,-0.1292883845897181,387
SEMA3G,-0.12930730583733938,387
KIT,-0.12940128735109524,387
CALCRL,-0.12948135368489772,387
ANKRD36C,-0.12984548598811815,387
MOB3B,-0.12985453293628277,387
DENND1B,-0.1299649679825756,387
CYP2C18,-0.13018510850281634,387
MSRB3,-0.13026430657056787,387
PARP1,-0.130596976213854,387
RBMS1,-0.13095659149633487,387
IRS2,-0.13100655417125248,387
MRPL22,-0.13131742527671908,387
POLQ,-0.13155037007679968,387
CBFA2T3,-0.1316116867358088,387
PARP14,-0.1318633764690413,387
RNF14,-0.13189452407923374,387
GK,-0.13189810662381846,387
POLR3C,-0.13200736732777738,387
CYP2B6,-0.132342810180138,387
ANG,-0.13263743597302058,387
CNNM2,-0.13265935515083618,387
TFPI,-0.1326613261934483,387
GSKIP,-0.13266169907030323,387
SPSB1,-0.13266679884098265,387
PLOD2,-0.13271949610454545,387
FGL2,-0.13279819061743783,387
NME4,-0.13298333363448314,387
MACC1,-0.13314456153546428,387
HOXB5,-0.13315315029987226,387
TSPAN6,-0.13325688084636833,387
ATG4A,-0.13344456594514612,387
C12orf75,-0.13349072431194464,387
MRPS28,-0.1335416888809899,387
RCAN3,-0.13356264857225225,387
ITGAL,-0.13413261656684825,387
KDM3B,-0.13417455372213616,387
CPLX1,-0.13421617386402607,387
PIWIL4,-0.13421709941110238,387
FAP,-0.13445682096731076,387
ESM1,-0.13461084438122167,387
LTBP2,-0.13466114432838144,387
TLNRD1,-0.13471738288057175,387
MRC2,-0.13476466601888223,387
RASSF4,-0.13482623008769254,387
PLS1,-0.13483264651117874,387
FZD8,-0.13526309528621486,387
BDH2,-0.13533815822217532,387
GUCY2C,-0.13535002803946491,387
SDK1,-0.13538928784383975,387
GALK2,-0.13545060028281647,387
LRRC1,-0.1355083595359671,387
IMPA1,-0.13551448588257775,387
SERPINB5,-0.1355620437587528,387
OTULINL,-0.13563505698978837,387
MANSC1,-0.13563709744712826,387
MOGAT3,-0.13573517510836505,387
CD52,-0.13575846540065045,387
S100A9,-0.13586042204028778,387
GLE1,-0.13596124956314615,387
RPP25,-0.13604896285094767,387
CTIF,-0.13608110809936558,387
SNW1,-0.1361137449382921,387
WNT5A,-0.13612118044773322,387
CASTOR2,-0.13627925948727215,387
ME3,-0.13647247132746732,387
GBP1,-0.1366707398514686,387
RBPMS,-0.13674725271876864,387
PREB,-0.13677114380249397,387
SPHK1,-0.13681529727320887,387
ZNF738,-0.13711968624924917,387
ACKR1,-0.13723809186951466,387
INMT,-0.1372687357071548,387
FOXF1,-0.13727292442413142,387
TMEM51,-0.13741648645811083,387
UBE4A,-0.13741683910141664,387
FBN1,-0.13747122329865052,387
RBMXL1,-0.13757442729144223,387
NOP56,-0.137620091866615,387
BCL2L12,-0.13765027610917666,387
PLAU,-0.1379498753539299,387
VASN,-0.1381656682410788,387
KRT20,-0.13818369486056453,387
CCL8,-0.13833526968405874,387
RNF24,-0.13861755584688232,387
PECAM1,-0.13874117351794332,387
PLA2R1,-0.1389519499438203,387
CD247,-0.13904538080230242,387
RUNX1,-0.13921112704333802,387
SLCO4A1,-0.1394079937566491,387
CYP51A1,-0.13963951125986507,387
ALPK1,-0.14014918724230815,387
THOP1,-0.14015491005047234,387
EGFL7,-0.14018104777434176,387
ANO6,-0.14022552122283266,387
WWC3,-0.14024043292220978,387
CELF2,-0.140396310479881,387
SPARC,-0.14083132679869256,387
IGFBP6,-0.14119391519255808,387
ZNF771,-0.14120480317484985,387
C11orf96,-0.14128670245974292,387
ADA2,-0.14138072974371665,387
MMP1,-0.1413857870684488,387
LGALS9,-0.14151200297754538,387
STEAP1,-0.14169515976267696,387
GPR176,-0.14171729298833044,387
PKIA,-0.1417666669643393,387
AACS,-0.14206130119135277,387
GTPBP10,-0.14211641401857789,387
DOCK11,-0.1423030186098522,387
SLC16A9,-0.1423664330222663,387
MAPKAP1,-0.14237435871938595,387
MMRN1,-0.1425557898529733,387
REC8,-0.14268057214802984,387
ESRP2,-0.14286679567085214,387
ZNF211,-0.1429478997020659,387
GEM,-0.1430835156336437,387
FUT3,-0.14390511135108877,387
DPH3,-0.14393575558763466,387
NDUFA6,-0.1439803799148667,387
HNRNPA1L2,-0.1439831135586647,387
TRO,-0.14401166208505625,387
GPD2,-0.14429369495843564,387
NEK2,-0.14436647907880762,387
FCER1G,-0.1446064383301982,387
HUNK,-0.14463756263247787,387
CORO2A,-0.14477515869699736,387
ARRDC3,-0.14489320776499337,387
TSPYL1,-0.14501518549319234,387
FRMD6,-0.14504710090770404,387
LCN2,-0.14525928602750415,387
GGCX,-0.14544884992898602,387
VPS26A,-0.14546242733623346,387
ANKS4B,-0.14556961152757772,387
C1QTNF6,-0.1458089955334963,387
PTPRH,-0.14582816369837154,387
OARD1,-0.14589348801875493,387
CEBPG,-0.14600787897475723,387
HCCS,-0.1462422069367603,387
SRBD1,-0.1464541382811638,387
CUEDC1,-0.146654977109975,387
NXN,-0.14668137087370292,387
PRUNE1,-0.14672700788344242,387
SLC6A6,-0.14681534133538296,387
CTSK,-0.14737624935240848,387
DERL3,-0.14781351331842407,387
SH3BP5,-0.14783053360599754,387
DPT,-0.14803427185257706,387
EGR1,-0.14839778462608635,387
SYNC,-0.14862486049879553,387
AUH,-0.14863680950907118,387
GLIPR2,-0.1486654211680728,387
PDS5B,-0.1491728770333971,387
ACO1,-0.14946649129752523,387
ZNHIT6,-0.14957747495082568,387
JAM3,-0.14961511144056727,387
ARMCX3,-0.1496168061862781,387
IVD,-0.14971833216082145,387
CRYL1,-0.1497799001154608,387
BRIX1,-0.14999033952181848,387
ARL4C,-0.15030607842943366,387
GALNT5,-0.15034504014254316,387
SNORC,-0.1505071450369191,387
HAUS8,-0.15052615155327503,387
COL11A1,-0.15072235725895564,387
INPP1,-0.15095321925969155,387
ADIRF,-0.15103752881474208,387
CD93,-0.15115682229288444,387
LOXL1,-0.15149201583982524,387
MTUS1,-0.15153263619800234,387
WDR75,-0.1516764040552592,387
LPIN3,-0.1518851345390644,387
MEGF6,-0.15194673811934847,387
CAPN10,-0.1519922464599515,387
PEX7,-0.152041149304481,387
PLAC9,-0.152091858687539,387
SP6,-0.152206756153648,387
CYP2S1,-0.15282744179972704,387
APBB1,-0.15366822339020425,387
CCNDBP1,-0.1537187743487726,387
SMDT1,-0.153724899980293,387
TRAPPC13,-0.1540228074265968,387
GSR,-0.15426438534995635,387
POLD1,-0.1543539287774658,387
CEP104,-0.15453407224097554,387
SFRP4,-0.15491851927585187,387
TTC32,-0.15509341895339926,387
CNP,-0.15533583963683845,387
PCSK6,-0.1557832403828211,387
CENPF,-0.15587685719408018,387
NR5A2,-0.15591940353277306,387
MFAP5,-0.155919478737667,387
PATJ,-0.1559199372928246,387
SMIM31,-0.15594695195056907,387
TP53INP1,-0.1561070290387184,387
SCPEP1,-0.15617773556522843,387
DYM,-0.1563034781086781,387
ADD3,-0.156407392991226,387
KNTC1,-0.1565720491836848,387
IL33,-0.1567359284033925,387
MRPL16,-0.15694056026641023,387
ARMCX6,-0.15698896720331543,387
NFU1,-0.15729750870844095,387
CNBD2,-0.15755751477183774,387
LIN7C,-0.15773147904041415,387
ARHGEF2,-0.15785850975315008,387
GNB4,-0.158383218094708,387
C2,-0.15853213204954877,387
COL5A2,-0.15867651782442405,387
LTBP3,-0.15897559612575574,387
HNF1A,-0.15900708554031803,387
PON2,-0.15928788136403307,387
IER5,-0.15945344071462145,387
RHOD,-0.15962668437543154,387
ADAMTS14,-0.15990555561840505,387
ACAT2,-0.1599896993874228,387
POLR1E,-0.16022181224476573,387
CCNB2,-0.16024452645570103,387
KDM7A,-0.16032062826603638,387
PODNL1,-0.16034366925065946,387
TOMM34,-0.16038209657007263,387
C1orf53,-0.1606793412945367,387
PPP1R35,-0.1611030900632395,387
TBC1D8B,-0.16118893245163124,387
CD37,-0.16127830310420038,387
TRMU,-0.16134955750639002,387
DNAJB9,-0.16153418843311618,387
IQGAP2,-0.16170762419086945,387
LMOD1,-0.1619232779728373,387
COX7A1,-0.1620940983177236,387
KCTD12,-0.16225289063413123,387
TGFBI,-0.16257320758241248,387
PERP,-0.16260008273527662,387
KIF11,-0.16263125688325972,387
ITGA6,-0.16284797114734262,387
ZFAND6,-0.1631231254648658,387
CEMIP2,-0.16325610821240183,387
SCRN3,-0.1634735973053294,387
LUM,-0.16378959595018724,387
C22orf39,-0.16379535086116068,387
STXBP1,-0.16401037403084182,387
PEA15,-0.1649539670406642,387
DHTKD1,-0.16499941806636545,387
PRKCA,-0.16515749589324233,387
MICOS10,-0.16657238701172433,387
MAP4K4,-0.16758894617636416,387
FAM3D,-0.1676428611546778,387
GAS1,-0.1681335466647554,387
CDC5L,-0.16821146366085404,387
ACYP1,-0.16841458793825864,387
CAMK2N1,-0.16852715059290418,387
PTPRF,-0.16855721460265446,387
CEACAM5,-0.1693493745639224,387
NAV2,-0.16946721836039375,387
A4GALT,-0.1694760765843642,387
WDR90,-0.1694939451513043,387
MSN,-0.16974705567738624,387
NDUFAF6,-0.169765947350153,387
NMNAT3,-0.16982161483235014,387
FH,-0.17046431715002583,387
EPHB3,-0.1706364609225847,387
MOSPD3,-0.17118248542002554,387
NSMCE4A,-0.17133114125346213,387
CCL2,-0.17292590622562604,387
FBN2,-0.17299974677124993,387
COBL,-0.17307070990131052,387
SGCD,-0.17331585403359603,387
LRRC32,-0.17334567615950713,387
DHX9,-0.17514525627675004,387
GNPTG,-0.17522027866887563,387
BRWD3,-0.17535646964429158,387
C11orf52,-0.17555008796928148,387
FAM241A,-0.17563231774427926,387
GTF2H5,-0.1756523754095006,387
APLNR,-0.176210215084146,387
PRKAB1,-0.17626872335621585,387
MRC1,-0.176272985444745,387
MAN1A1,-0.17640098425216053,387
P4HA2,-0.17729642946212834,387
GALE,-0.17763318791630475,387
TM4SF5,-0.17771902527867794,387
HSPG2,-0.17784864226954245,387
SEZ6L2,-0.17787711414034446,387
ETV7,-0.17833323030215606,387
FADS2,-0.17862293356846598,387
TMEM106C,-0.17885852372662586,387
PLAA,-0.1790732206312263,387
SAV1,-0.1793343315142172,387
EPB41L2,-0.1793394376906899,387
MSMO1,-0.17947863833938535,387
EFNA3,-0.17953591778326586,387
FANCL,-0.1797081706019835,387
ZEB2,-0.17996904766090366,387
IFT43,-0.17999236302268298,387
HSBP1L1,-0.1800795876820058,387
C5orf15,-0.18029337740207577,387
NR2F2,-0.1804097298999532,387
LRRC36,-0.1807280124475561,387
ELN,-0.18125051114428353,387
MPZL3,-0.18130426799446242,387
SLC22A18,-0.18150603614024613,387
CRIP2,-0.18151976047784968,387
HLA-DQB1,-0.18192635680986594,387
A2M,-0.18193161339846214,387
MRPS17,-0.182062304355732,387
PDK3,-0.18247489280453275,387
MAD2L1BP,-0.18278496453964954,387
IRF6,-0.1829461994247671,387
AURKB,-0.18310728077636834,387
TPD52,-0.1838251501302117,387
TCF4,-0.18424279066553415,387
SPIN3,-0.18505219397619546,387
AKAP12,-0.1858613911981276,387
ATP1B1,-0.18629328220785815,387
CDHR2,-0.18630810436955383,387
MYC,-0.18655186577790633,387
STMP1,-0.18658176488486325,387
WRNIP1,-0.18695572692936027,387
CNIH4,-0.18704028363948297,387
KCNK5,-0.18765364058582212,387
GTF2F2,-0.1883541532884904,387
HMGN2,-0.18878433263840838,387
LZIC,-0.1898923703119425,387
CENPW,-0.19032915392652658,387
ACADS,-0.19107679051822912,387
C3,-0.19132927949908074,387
TOPBP1,-0.19134071094649885,387
KANK2,-0.19170327791847425,387
EBNA1BP2,-0.19182322380021613,387
DUSP1,-0.1919102060688899,387
AOC1,-0.1920501594708345,387
INTS14,-0.19207651697465414,387
PMP22,-0.19212802017318656,387
ELF3,-0.19232371258326705,387
PROM1,-0.1923463477272792,387
ATOX1,-0.19247597917857115,387
GRTP1,-0.19252845858255663,387
SPECC1,-0.19257802618229986,387
C1S,-0.1928045139051954,387
CCL28,-0.1929176801769598,387
NPTX2,-0.19388965037660935,387
RAMP3,-0.1941199298124134,387
ANKRD27,-0.19416258663406769,387
NID1,-0.19452234722427714,387
LAMC2,-0.1946849491851155,387
MALL,-0.1952731366821515,387
SLC44A4,-0.19575435275623754,387
SRPRA,-0.19576142806658098,387
GPNMB,-0.1957765250418767,387
MFGE8,-0.19581110598903678,387
SPINK1,-0.19615920448876553,387
AQP3,-0.19723049981090623,387
SURF2,-0.19737881413891556,387
ANTXR1,-0.19771304671869774,387
CH25H,-0.19816615593787568,387
SELENOP,-0.19880329823601597,387
MXRA5,-0.19903634159010192,387
CCNB1IP1,-0.19906999568698697,387
PTGDS,-0.1997316500369229,387
MMP28,-0.19996624476792402,387
ASPN,-0.19997473771028845,387
ANXA1,-0.20073334081563468,387
TINAGL1,-0.2007521051110508,387
HK1,-0.20107086447118427,387
GALNT3,-0.2015726236116762,387
P3H2,-0.20158995932018584,387
FN1,-0.2016017478641614,387
DDX18,-0.20164923815431327,387
ELOVL5,-0.2022130749250151,387
TRAPPC12,-0.20247709593294377,387
MMS22L,-0.2025644614732756,387
CD81,-0.20285924476680975,387
PTPN3,-0.202934101735119,387
UCHL5,-0.20329695879322535,387
ABCB1,-0.2033611478330462,387
KRT8,-0.20336421833420434,387
MYRF,-0.20358355181361007,387
NCAPG2,-0.2038932086205295,387
PRKCE,-0.20478931863659916,387
CARD16,-0.20510259617708299,387
S100P,-0.20536420070918993,387
PLEKHA7,-0.2054041851458667,387
LEFTY1,-0.20554447750337512,387
GJB1,-0.20570424089095682,387
CXCL12,-0.2057954347808907,387
VIM,-0.20583250970509404,387
PROS1,-0.2065909325240413,387
COMP,-0.20683613565322911,387
COL12A1,-0.20733387660000227,387
JAK3,-0.2076267410576938,387
SLC39A11,-0.2078242095667769,387
MUC20,-0.20795859044074,387
STXBP6,-0.2081454680792681,387
LAPTM4B,-0.20830494013697368,387
RHPN2,-0.2083691126918993,387
PLTP,-0.20842798797913203,387
HES2,-0.20911101775110758,387
AKAP7,-0.2094919895384636,387
IPO4,-0.20992835045035263,387
DPYSL3,-0.21003303812820587,387
DEPP1,-0.21039806118507196,387
PTTG1,-0.21169594360594443,387
CXorf38,-0.21173395558131997,387
DSG2,-0.21209131685112562,387
NEXN,-0.21234301236443348,387
LTBP1,-0.21268616761768486,387
CACNA1C,-0.2128244725533305,387
XYLT1,-0.21363433580955316,387
EMILIN1,-0.21392901868032452,387
HNMT,-0.21416582140515467,387
PRPF3,-0.2142880127225698,387
TMEM141,-0.21451489744084637,387
SERPINE1,-0.21481586902115846,387
CEMIP,-0.21497100131545244,387
OFD1,-0.2153990270780574,387
BGN,-0.21576106374839985,387
GGCT,-0.215849430907623,387
CBLL1,-0.21589308517803982,387
EML2,-0.21629365618732785,387
GRAMD1A,-0.21639525992950662,387
VIL1,-0.2165189572309985,387
TNS1,-0.21686193293326458,387
ADCY1,-0.216879936035959,387
ZNF706,-0.2169943346409943,387
ABLIM2,-0.21715966342265858,387
TSPAN4,-0.21722218788977124,387
MYLK,-0.21739732561380187,387
GABRE,-0.21751013106209352,387
CDC14B,-0.2175212674551469,387
NEU1,-0.2176790965614164,387
FNDC1,-0.21776663296269538,387
FIBCD1,-0.21789397272558958,387
MSRB1,-0.2179331438853098,387
SSB,-0.21828199445993324,387
FAM83H,-0.2188500681063211,387
TDRD7,-0.2194373503533747,387
KCNK1,-0.2200112414371562,387
CDK6,-0.22007511735754384,387
RFX5,-0.22040389628258308,387
PIM3,-0.22051578641100883,387
HACD3,-0.22056155274931757,387
RBM47,-0.2208045926424885,387
RAB40B,-0.2215593140693354,387
LY75,-0.22190913433029613,387
PLEKHA6,-0.2221537417656682,387
PDX1,-0.22233717653068089,387
TESC,-0.2227173596684472,387
PALM,-0.22367180499624112,387
HMGCR,-0.22389842385587172,387
E2F4,-0.22446568369936004,387
CRACR2B,-0.22469151480421068,387
FILIP1L,-0.2252366417188461,387
PLXDC2,-0.22537752906540648,387
HLA-DPB1,-0.2255222923695454,387
CDCA8,-0.22563490822142762,387
SDR16C5,-0.22633773871387916,387
PRDX3,-0.22643042873470412,387
CLDN1,-0.22772065452788848,387
NDUFAF3,-0.22807704319575828,387
PELI1,-0.22809752833090835,387
C15orf48,-0.2281084483444505,387
CTCF,-0.22889627544682326,387
PDLIM3,-0.2290883586813998,387
MUC1,-0.2291073509890024,387
HSPB6,-0.22962053540329563,387
CALML4,-0.23048794287619281,387
EFEMP2,-0.23080482078983894,387
HSPB2,-0.2310000928742013,387
VPS13B,-0.23103731897821814,387
USH1C,-0.2311849312879782,387
SAPCD2,-0.23210141892750896,387
FHL1,-0.23294779308718883,387
LGALS1,-0.23387103978014387,387
ST6GAL1,-0.2339660023538898,387
RHEB,-0.23412606751213533,387
DKC1,-0.23418586259429078,387
GNG11,-0.23487831857813213,387
HSPA1B,-0.23503684856411158,387
RHOB,-0.2355618235904245,387
PVR,-0.23603057068058242,387
TTC39A,-0.23696188522323716,387
BNIP5,-0.2375968442443253,387
CRIPT,-0.23962527042245116,387
VIPR1,-0.23991353083874079,387
MAF,-0.24028308020340944,387
SLC7A1,-0.24100600299440472,387
VPS35,-0.2410678953990046,387
NFIB,-0.2411371478867235,387
MRGPRF,-0.24119212952466357,387
BRCC3,-0.24175964132971078,387
PDRG1,-0.2417798724561527,387
VPS13A,-0.241890545587282,387
PNPT1,-0.24211441524878763,387
SLC35D2,-0.24295421063493455,387
LMNB2,-0.24298143770790245,387
PTPN12,-0.2430163370000505,387
PRSS8,-0.2435681416554306,387
ALG13,-0.2437919762372413,387
COX20,-0.24394035620858945,387
LAMB2,-0.2439682652867414,387
KLF6,-0.24407648310388005,387
ATP2C2,-0.24467485663650584,387
TTYH3,-0.2447572566626853,387
ARSD,-0.24492977492286075,387
KLF9,-0.2450619069708419,387
FYB1,-0.24529643669556164,387
DAPK1,-0.2455523433362145,387
PAQR4,-0.24742247134358664,387
RARRES2,-0.2481706927051187,387
RRM2,-0.24836217362078788,387
OCIAD2,-0.24916993556053102,387
DPY30,-0.24951124236918867,387
IGF2R,-0.2496666010994163,387
COG6,-0.25016359576248204,387
MAOA,-0.25040191658358085,387
MEDAG,-0.2504354951846783,387
SPOCK1,-0.2509970504878969,387
ENTR1,-0.2511136199748629,387
B4GALT1,-0.2512341168390092,387
PRRX1,-0.2513636692587167,387
TNFAIP2,-0.2513652876213416,387
INAVA,-0.252598821119495,387
BTF3L4,-0.25338982131792376,387
NFE2L3,-0.2548053204739695,387
NDUFC1,-0.2557712270171055,387
ID4,-0.255943780119271,387
COL16A1,-0.2566263419204613,387
PPP1R3E,-0.26038942683256644,387
KRTCAP3,-0.2605929024118605,387
CFD,-0.2606475415019632,387
C1QA,-0.2607926090068167,387
ADPGK,-0.2612464663058325,387
ATP2A3,-0.2619537365921865,387
VEGFA,-0.26203650441632304,387
OLFML3,-0.2636525420505296,387
IL20RA,-0.264107940959017,387
TNNC2,-0.26415846836413487,387
ACTG2,-0.2645132114118206,387
SMAD9,-0.26551735305997337,387
PLIN2,-0.2656645673015171,387
IGFBP7,-0.2657837355253609,387
COL6A2,-0.26703835953356575,387
EIF1B,-0.267214881703877,387
CACNA1D,-0.26820628803012864,387
SERPINF1,-0.2684988065435085,387
FNBP1L,-0.2685116584773849,387
HOXA3,-0.2685388459832184,387
LSR,-0.2691952387297108,387
XIAP,-0.2692885015549302,387
POSTN,-0.26967469489046936,387
SETDB2,-0.26992438167570126,387
COL1A2,-0.27099352964715095,387
TULP4,-0.2711651406979308,387
TM2D3,-0.272202717833522,387
PTGES,-0.27222808521860015,387
SNX12,-0.2726286158284561,387
VTA1,-0.27552415860615775,387
EVL,-0.27612690696773917,387
OCIAD1,-0.2773077630541555,387
AOC3,-0.27748164100002276,387
PLCB4,-0.27827747442412926,387
POM121,-0.27835518087791405,387
SIGMAR1,-0.2789829392701262,387
NCK2,-0.27908446274791265,387
HOXB7,-0.2796835784851632,387
RIPK3,-0.280130781935163,387
MEST,-0.2810793833728865,387
SLC39A5,-0.28180683289099834,387
SLC7A8,-0.281940702582181,387
LDLR,-0.2825726939018468,387
GTPBP2,-0.2825831233785651,387
NNMT,-0.2842833982318223,387
DKK3,-0.2846729015005552,387
TMEM45B,-0.2851142803212868,387
COL1A1,-0.2861942437550615,387
ELF4,-0.28620264293584996,387
TUFT1,-0.2864405277479238,387
THY1,-0.2865564816492669,387
RBCK1,-0.2870823580650143,387
UPF3A,-0.2874805473451236,387
DDC,-0.28761672997922805,387
PTCH1,-0.2876408933533854,387
SLC10A3,-0.2879341769711529,387
LBH,-0.2909952279235815,387
HLA-DRA,-0.2914734862069077,387
COL8A1,-0.2918353545647432,387
FMOD,-0.2930412154746837,387
IRF9,-0.29364879807658384,387
MXRA7,-0.29399176481402434,387
SFT2D1,-0.29506360840001444,387
SPATA13,-0.2952866555262743,387
VKORC1L1,-0.295893156549414,387
CFDP1,-0.29637155401065957,387
CLDN5,-0.29646148128234745,387
SERINC2,-0.2989588572756908,387
EPS8L2,-0.2992000142157155,387
NKD2,-0.3004848834709348,387
MAGT1,-0.3008349060330858,387
TUBA1A,-0.3013223402560929,387
SPARCL1,-0.3021039119807711,387
CAB39L,-0.30345401447734344,387
DEFA6,-0.3037848427377055,387
DCN,-0.3064589441858469,387
MT1M,-0.30665161338395447,387
GSE1,-0.3071905086746923,387
FGF7,-0.30821292864066685,387
TPSB2,-0.30880046520867155,387
DUT,-0.30987690583571204,387
BHLHE40,-0.31014107439830185,387
CCL21,-0.31167246014923583,387
MZB1,-0.3120822806411962,387
SH3KBP1,-0.31215755203068574,387
ERO1A,-0.31368677494111263,387
HOXB3,-0.31548973269499525,387
SLC7A5,-0.31593409764023644,387
SYNPO2,-0.31610632101391495,387
NETO2,-0.31684821411965014,387
UGT8,-0.3172983547329553,387
GNL2,-0.31931934713279064,387
NOTCH1,-0.3199970325107137,387
MPC2,-0.3203135772371226,387
CCT8,-0.3212468098525739,387
CNN1,-0.3218939627004004,387
TIMP1,-0.3224399271100323,387
FSTL3,-0.3242653619065,387
ABHD2,-0.3263652198989878,387
CREG1,-0.3275561074681523,387
LSM5,-0.3284901982723721,387
TXN,-0.32890310299213643,387
FBLN1,-0.33473362286906455,387
IGFBP5,-0.3350334891975911,387
TPM2,-0.3370150963483482,387
RNASE1,-0.33776721623664163,387
PRELP,-0.3386686809115693,387
CCN2,-0.3412118174723453,387
CCL20,-0.34194001264412127,387
AEBP1,-0.34196333227260817,387
SFRP2,-0.3431218020838661,387
NUDT15,-0.34492258437459233,387
PRSS3,-0.3451665659901715,387
LYPD8,-0.3452368652338357,387
MUC13,-0.34536285808239064,387
TCP1,-0.3455770830302598,387
PILRB,-0.346801465713681,387
THBD,-0.3469455742840592,387
RTKN,-0.34815240177373147,387
NEBL,-0.34834531122877926,387
CYP3A5,-0.34844573546151253,387
CLDN4,-0.3486018088877345,387
MEP1A,-0.3498792287119639,387
RAB15,-0.35021909707727084,387
SELENOM,-0.3504931564076154,387
NUPR1,-0.3505591874648763,387
CCDC80,-0.35109968008529635,387
COL14A1,-0.35264987267343195,387
THBS2,-0.35289635826124216,387
SREBF1,-0.35474322602646546,387
TRIM31,-0.3550457132646253,387
HOXB8,-0.3581416591638032,387
F11R,-0.35817718682917865,387
TJP2,-0.3594468005415462,387
SNRPB,-0.36188158137164417,387
TM4SF20,-0.36248969707477596,387
TMPRSS4,-0.3627921348634626,387
MMP2,-0.36787293598781584,387
CAVIN1,-0.37176309143364544,387
NDFIP2,-0.37227013637479445,387
DACH1,-0.3736036385410934,387
DHCR24,-0.3736070180294836,387
LGALS3,-0.37367673475286606,387
FLNA,-0.37411416643071554,387
POF1B,-0.37575780797780894,387
UFM1,-0.37591516900964606,387
HSPE1,-0.3762862678182832,387
ADM,-0.3765714732812786,387
SLIRP,-0.37666577592760847,387
TOMM5,-0.38026583061758845,387
ANXA4,-0.38027112925565604,387
THBS1,-0.38078641446120454,387
MXRA8,-0.3808511378871035,387
CD74,-0.3808895355479294,387
KDM1A,-0.3831603592322279,387
POLR1C,-0.38318666317387606,387
PROSER1,-0.3845813768038544,387
SF3B6,-0.38648128459280645,387
TOMM6,-0.386980866135439,387
CHRDL2,-0.3936395618895141,387
ACTA2,-0.39659490876171366,387
CHMP4A,-0.398331005550168,387
CCN1,-0.40191766401693085,387
RPS7,-0.4031362808057973,387
C9orf40,-0.40821755251181724,387
EFNA1,-0.41978886389056974,387
SCD,-0.42316291397386074,387
C18orf32,-0.4259555333252429,387
MYH11,-0.4276427566612504,387
LMO7,-0.4279766963943258,387
GDA,-0.42865345009160405,387
HEBP2,-0.43325319165032217,387
MET,-0.43918579078112957,387
SEC61G,-0.4397893020627547,387
ABHD3,-0.4414224829386409,387
PTK7,-0.44331230463845633,387
MUC3A,-0.44485776212704486,387
FGGY,-0.4466736258033829,387
PCCA,-0.4537853051562015,387
MAL2,-0.455719607931747,387
SELENBP1,-0.45819840223842895,387
CYSTM1,-0.46184963190432804,387
CD24,-0.4710905030267565,387
DNAJC15,-0.47117307337203757,387
PSMG2,-0.4776718161872774,387
SUCLA2,-0.4797965085008216,387
SOD3,-0.4827459560846856,387
MGP,-0.49272324975768345,387
HOXA9,-0.49871195577731353,387
MT-CYB,-0.521769572386996,387
MYL9,-0.5237896550377995,387
EPCAM,-0.5309410782023588,387
SNRPD1,-0.5570908460110582,387
IGFBP4,-0.5694353285656837,387
TAGLN,-0.5938492350932373,387
RPL17,-0.6188063116306638,387
GPR157,,387
GJB3,,387
CASZ1,,387
GIPC2,,387
GJA9,,387
GUCA2A,,387
ALG14,,387
TSPAN2,,387
NMNAT2,,387
CATSPERE,,387
ZNF678,,387
KIF26B,,387
SLAMF7,,387
FLVCR1,,387
SLAMF8,,387
CORT,,387
COL9A2,,387
TLR5,,387
DFFB,,387
PLEKHG5,,387
OTUD3,,387
CD1E,,387
HLX,,387
NECTIN4,,387
KLHDC9,,387
LRIF1,,387
CCDC17,,387
RNF19B,,387
GBP4,,387
IFI44L,,387
AGRN,,387
IFI44,,387
SASS6,,387
EPHX1,,387
C1orf56,,387
MLLT11,,387
S100A14,,387
CCDC18,,387
IFNLR1,,387
PTPN7,,387
GPN2,,387
KDF1,,387
GBP5,,387
HMGCL,,387
SEC16B,,387
PIK3R3,,387
RAD54L,,387
PPIAL4G,,387
KLHL12,,387
MRTO4,,387
TMIGD3,,387
C1QC,,387
HSD11B1,,387
USP48,,387
UQCRHL,,387
ARHGEF16,,387
TACSTD2,,387
FBXO2,,387
NCF2,,387
RGS13,,387
PDZK1,,387
PI4KB,,387
RNF207,,387
GPR153,,387
DENND2C,,387
TMCC2,,387
FABP3,,387
MAN1C1,,387
PAPOLG,,387
FAM110C,,387
PPP1R21,,387
CWC22,,387
SGPP2,,387
FASTKD2,,387
B3GNT2,,387
KCNS3,,387
HJURP,,387
PRKD3,,387
QPCT,,387
ERFE,,387
HES6,,387
PDE6D,,387
ECEL1,,387
C2orf72,,387
SP140,,387
IFT172,,387
EHBP1,,387
GRHL1,,387
INHA,,387
BOLA3,,387
CCDC74A,,387
WDR35,,387
RAMP1,,387
CENPO,,387
DGUOK,,387
FZD7,,387
CYP26B1,,387
ORMDL1,,387
PPP1R1C,,387
LIMS2,,387
MBOAT2,,387
KIDINS220,,387
GPBAR1,,387
MAIP1,,387
HAAO,,387
FZD5,,387
GAD1,,387
CKAP2L,,387
PLB1,,387
FKBP1B,,387
REEP1,,387
CD8A,,387
CAMKMT,,387
TMEM178A,,387
PECR,,387
ZDBF2,,387
ITGA9,,387
GRIP2,,387
FGD5,,387
KCNH8,,387
KBTBD8,,387
PLA1A,,387
PRICKLE2,,387
NEK11,,387
TNIK,,387
BDH1,,387
IGF2BP2,,387
HEMK1,,387
ARL14,,387
GLYCTK,,387
RAB6B,,387
C3orf62,,387
TMEM44,,387
PARP3,,387
CSPG5,,387
CCR1,,387
FANCD2,,387
KALRN,,387
ZNF445,,387
MST1,,387
ST3GAL6,,387
CCR5,,387
SETMAR,,387
DNAJC19,,387
SEC22A,,387
USP19,,387
KIF15,,387
CEP97,,387
PRKCI,,387
LAMP3,,387
NR1D2,,387
EOGT,,387
TMEM43,,387
MSX1,,387
ADGRA3,,387
CORIN,,387
CENPC,,387
DKK2,,387
PRSS12,,387
C4orf33,,387
PTPN13,,387
SH3RF1,,387
CEP44,,387
NEIL3,,387
NAF1,,387
HPGD,,387
COX18,,387
TRPC3,,387
PRIMPOL,,387
GASK1B,,387
KDR,,387
PI4K2B,,387
CXCL11,,387
ARSJ,,387
TLR1,,387
HSPA4L,,387
LARP1B,,387
SLC4A4,,387
ACSL1,,387
FGFR3,,387
BMPR1B,,387
ELOVL7,,387
GZMK,,387
PDZD2,,387
PRR16,,387
CDH6,,387
KIF20A,,387
PDGFRB,,387
GEMIN5,,387
SKP2,,387
IRX2,,387
ARSI,,387
PLK2,,387
TRIP13,,387
SLC22A5,,387
TAF9,,387
SPATA24,,387
UIMC1,,387
SLC25A48,,387
ZNF354A,,387
SSBP2,,387
MCC,,387
KCNN2,,387
SRD5A1,,387
EXOC2,,387
EDN1,,387
FOXF2,,387
CYP39A1,,387
KCNK17,,387
TREM2,,387
ULBP3,,387
TTK,,387
BCKDHB,,387
KATNA1,,387
FBXO30,,387
TCF21,,387
PPP1R3G,,387
DDO,,387
SFTA2,,387
TMEM200A,,387
NRN1,,387
LTA,,387
TBCC,,387
TMEM63B,,387
RSPH9,,387
PRR3,,387
CGAS,,387
TRIM15,,387
PBX2,,387
TUBB2B,,387
SCUBE3,,387
PLA2G7,,387
PTCHD4,,387
ULBP2,,387
NFYA,,387
NRM,,387
HLA-DQA1,,387
MED20,,387
MYCT1,,387
ADGRF4,,387
SMIM8,,387
MAP3K5,,387
C6orf120,,387
TPD52L1,,387
TBC1D32,,387
SYNE1,,387
BLVRA,,387
HGF,,387
STK31,,387
BMT2,,387
TSPAN12,,387
BPGM,,387
FMC1,,387
SLC25A13,,387
AASS,,387
TMEM139,,387
EVX1,,387
FZD9,,387
POM121C,,387
CCL26,,387
ZNF746,,387
TMEM184A,,387
AUTS2,,387
PILRA,,387
GRM8,,387
CHN2,,387
GIMAP4,,387
PAXIP1,,387
KRBA1,,387
ARHGAP6,,387
ITM2A,,387
MORC4,,387
SCML1,,387
PUDP,,387
RENBP,,387
PRPS1,,387
RAP2C,,387
PLCXD1,,387
C1GALT1C1,,387
TMEM164,,387
RNF113A,,387
CLDN2,,387
F8A1,,387
ZNF674,,387
GPC4,,387
PNPLA4,,387
NUP62CL,,387
HS6ST2,,387
TLR8,,387
TXLNG,,387
FOXP3,,387
MTMR1,,387
CSTF2,,387
NXF3,,387
WNK3,,387
HMBOX1,,387
ZDHHC2,,387
CYP7B1,,387
CA8,,387
PDP1,,387
CA13,,387
CCN3,,387
NCALD,,387
GRHL2,,387
SBSPON,,387
SFRP1,,387
CCN4,,387
ADCK5,,387
ZNF707,,387
TATDN1,,387
ADAM9,,387
FZD3,,387
ZNF16,,387
IDO1,,387
AARD,,387
TONSL,,387
FAM83A,,387
OSR2,,387
TUSC3,,387
ADAM28,,387
ANGPT1,,387
ALDH1A1,,387
PSAT1,,387
IDNK,,387
NMRK1,,387
FRMD3,,387
NFIL3,,387
PDCL,,387
HSDL2,,387
NAIF1,,387
GBA2,,387
TRAF1,,387
JAK2,,387
CTNNAL1,,387
SLC31A2,,387
AIF1L,,387
PHF19,,387
IFT74,,387
CEL,,387
SPACA9,,387
DOLPP1,,387
PAEP,,387
ZNF618,,387
CDKN2A,,387
CDKN2B,,387
CD274,,387
ZBTB34,,387
C9orf152,,387
GLDC,,387
ZNF215,,387
FIBIN,,387
SLC35F2,,387
TMEM135,,387
UVRAG,,387
JHY,,387
TENM4,,387
FAM118B,,387
BCO2,,387
MACROD1,,387
INSC,,387
IGSF9B,,387
SAA4,,387
PANO1,,387
LIPT2,,387
UCP2,,387
WEE1,,387
CD5,,387
KRTAP5-10,,387
DCUN1D5,,387
TTC36,,387
TMEM25,,387
CD3E,,387
ANO1,,387
ANAPC15,,387
CD3D,,387
SAC3D1,,387
IL10RA,,387
IL18BP,,387
ESAM,,387
FZD4,,387
PLAAT3,,387
TCN1,,387
MMP7,,387
TUBAL3,,387
CPEB3,,387
ACADSB,,387
STK32C,,387
GSTO2,,387
PLPP4,,387
BAG3,,387
CFAP43,,387
SUPV3L1,,387
STOX1,,387
SFTPA2,,387
ZNF248,,387
RASGEF1A,,387
ADAM12,,387
CCNJ,,387
RBP4,,387
EGR2,,387
ECD,,387
ADRB1,,387
AKR1E2,,387
AKR1C1,,387
AFAP1L2,,387
IL2RA,,387
PALD1,,387
NPM3,,387
CDK1,,387
GATA3,,387
A1CF,,387
COMTD1,,387
ABCC2,,387
LRMDA,,387
SFXN2,,387
CLEC4E,,387
CLEC7A,,387
BCL2L14,,387
TMEM117,,387
SLC16A7,,387
FGD6,,387
PIP4K2C,,387
IKBIP,,387
RAD52,,387
LAG3,,387
ENO2,,387
NAB2,,387
NELL2,,387
LRIG3,,387
AMIGO2,,387
MMP17,,387
TCTN1,,387
IRAK3,,387
NUAK1,,387
FGD4,,387
WNT5B,,387
RAD51AP1,,387
AKAP3,,387
NINJ2,,387
OASL,,387
EMG1,,387
STX2,,387
SPRYD4,,387
PFKM,,387
BCL7A,,387
MZT1,,387
BORA,,387
ABHD13,,387
IFT88,,387
GJB2,,387
CENPJ,,387
SACS,,387
LNX2,,387
MICU2,,387
PTGDR,,387
DHRS4,,387
GON7,,387
WDHD1,,387
BATF,,387
FLVCR2,,387
PIGH,,387
GZMH,,387
TTC9,,387
GEMIN2,,387
SNAPC1,,387
JAG2,,387
GZMB,,387
HHIPL1,,387
AJUBA,,387
TMEM121,,387
AP4S1,,387
BMF,,387
C15orf61,,387
IGDCC4,,387
RMDN3,,387
WDR72,,387
MAN2A2,,387
BUB1B,,387
PARP16,,387
RASL12,,387
OIP5,,387
TMOD2,,387
APBA2,,387
DIS3L,,387
ARHGAP11A,,387
UBAP1L,,387
SNRPA1,,387
SCG5,,387
TICRR,,387
KIF7,,387
RHOV,,387
PSTPIP1,,387
RASGRP1,,387
CCDC32,,387
KNL1,,387
C2CD4A,,387
RCCD1,,387
PRC1,,387
PLA2G4F,,387
SYT17,,387
SIAH1,,387
FOXC2,,387
CX3CL1,,387
C16orf74,,387
THOC6,,387
MT1A,,387
C16orf95,,387
OGFOD1,,387
EARS2,,387
VPS9D1,,387
GAS8,,387
ARL2BP,,387
TPPP3,,387
ZNF423,,387
CDH3,,387
SETD6,,387
ABAT,,387
ERCC4,,387
ABCC6,,387
PPL,,387
DNASE1,,387
ERI2,,387
HAS3,,387
POLR3K,,387
ZC3H18,,387
SDR42E2,,387
FLYWCH2,,387
WWOX,,387
FBXL16,,387
RRAD,,387
LRRC75A,,387
SLC47A1,,387
AOC2,,387
HOXB13,,387
MFSD6L,,387
GJC1,,387
CD7,,387
ANKRD40CL,,387
SPAG5,,387
TLCD1,,387
TSR1,,387
HCRT,,387
RFFL,,387
FAM20A,,387
C17orf67,,387
MTMR4,,387
BCL6B,,387
KIF19,,387
WSCD1,,387
CCL13,,387
ZNF232,,387
DOC2B,,387
RAD51C,,387
EPN3,,387
PTRH2,,387
HOXB6,,387
RAB37,,387
RNFT1,,387
PITPNM3,,387
MED31,,387
SLC39A6,,387
ZNF532,,387
ESCO1,,387
DSEL,,387
B4GALT6,,387
PARD6G,,387
POLI,,387
TNFRSF11A,,387
CST7,,387
SLC2A10,,387
BMP7,,387
OVOL2,,387
MGME1,,387
MAFB,,387
C20orf96,,387
CST4,,387
CPXM1,,387
TMEM74B,,387
ACTR5,,387
ITCH,,387
GINS1,,387
SMIM26,,387
OPRL1,,387
SIGLEC1,,387
PLCB1,,387
ARID3A,,387
GNA15,,387
ZNF430,,387
CYP4F3,,387
CCNE1,,387
DACT3,,387
TRIP10,,387
IGFLR1,,387
EPOR,,387
HCST,,387
IL27RA,,387
GZMM,,387
SEMA6B,,387
REEP6,,387
RFX2,,387
LILRB5,,387
LILRB2,,387
APOE,,387
NKG7,,387
LENG9,,387
PRR22,,387
ZNF208,,387
CLEC11A,,387
ACP5,,387
GPR4,,387
ZNF253,,387
CBLC,,387
FBXO17,,387
ADGRE1,,387
ZNRF3,,387
TAB1,,387
PMM1,,387
HMOX1,,387
ZNF74,,387
RNF215,,387
GAL3ST1,,387
RASD2,,387
SCUBE1,,387
PPARA,,387
DUSP18,,387
IL2RB,,387
MN1,,387
SGSM1,,387
SEPTIN3,,387
CYP2D6,,387
PAXBP1,,387
BACH1,,387
LRRC3,,387
LCA5L,,387
TMEM50B,,387
