obs_name,pseudotime
AAACCCAAGCGCCTTG-1,0.6563593249367614
AAACCCAAGTGGACGT-1,0.0
AAACCCACAGAAGTGC-1,0.0
AAACCCAGTCATTGCA-1,0.0
AAACCCATCATCGCAA-1,0.0
AAACCCATCCGATCGG-1,0.0
AAACCCATCGGTTAGT-1,0.0
AAACGAAAGTGCAGGT-1,0.0
AAACGAATCAATCTCT-1,0.6273052957729003
AAACGAATCCCTCAAC-1,0.0
AAACGAATCCGTCCTA-1,0.0
AAACGAATCTTTGGAG-1,0.0
AAACGCTAGTCATTGC-1,0.0
AAACGCTCAATTTCTC-1,0.0
AAACGCTCAGCTGAAG-1,0.0
AAACGCTCAGGGAATC-1,0.0
AAACGCTCAGTGTACT-1,0.0
AAACGCTCATGGGATG-1,0.0
AAACGCTGTCGACGCT-1,0.0
AAACGCTGTTAAGACA-1,0.0
AAACGCTTCCGACATA-1,0.0
AAAGAACAGACAGCGT-1,0.0
AAAGAACAGATTGATG-1,0.42314761465182194
AAAGAACAGTTCATGC-1,0.0
AAAGAACCACTGCGTG-1,0.0
AAAGGATCAGCTCTGG-1,0.3212702021227382
AAAGGATGTATAATGG-1,0.9673438516629316
AAAGGATGTGACTAAA-1,0.43364507374337713
AAAGGATGTGAGGATC-1,0.0
AAAGGATGTGTCCATA-1,0.0
AAAGGGCAGAATCGAT-1,0.6450911794305734
AAAGGGCAGCTACTGT-1,0.0
AAAGGGCAGCTCTTCC-1,0.0
AAAGGGCCAACGACTT-1,0.0
AAAGGGCCAGGGAGAG-1,0.0
AAAGGGCGTGGCTGCT-1,0.0
AAAGGGCTCAGACCGC-1,0.0
AAAGGGCTCCCTAGGG-1,0.6476356702395882
AAAGGGCTCGCTCATC-1,0.0
AAAGGGCTCTAACACG-1,0.5934718783700147
AAAGGGCTCTAGCAAC-1,0.0
AAAGGGCTCTCCACTG-1,0.0
AAAGGGCTCTTCGGAA-1,0.0
AAAGGTACAATCGTCA-1,0.0
AAAGGTACAGCACCCA-1,0.6004594716756689
AAAGGTACAGGGATAC-1,0.0
AAAGGTATCCAAACCA-1,0.0
AAAGGTATCCGGTAGC-1,0.8645475895204573
AAAGGTATCGCCGATG-1,0.0
AAAGTCCAGGCAGCTA-1,0.0
AAAGTCCAGTTGGAGC-1,0.0
AAAGTCCCAAGCGGAT-1,0.0
AAAGTCCTCAGGAAGC-1,0.0
AAAGTCCTCGCATGAT-1,0.0
AAAGTCCTCGGTGCAC-1,0.0
AAAGTGAAGGGTCACA-1,0.23537681036439648
AAAGTGACAACAAGTA-1,0.0
AAAGTGAGTGATACCT-1,0.0
AAAGTGATCCAAATGC-1,0.0
AAATGGAAGTCGTCTA-1,0.0
AAATGGACAATCGAAA-1,0.8175564292775005
AAATGGACACAGTACT-1,0.0
AAATGGACAGGGACTA-1,0.0
AACAAAGAGGCATTTC-1,0.0
AACAAAGAGTCACACT-1,0.0
AACAAAGCATGAGATA-1,0.0
AACAAAGGTTACGCCG-1,0.0
AACAAAGTCCGAGGCT-1,0.0
AACAAAGTCGCCTTTG-1,0.0
AACAACCGTCTACATG-1,0.0
AACAACCTCGCTAATG-1,0.0
AACAAGAAGAAAGTCT-1,0.0
AACAAGAAGATTGACA-1,0.7367366965172057
AACAAGACAATAACGA-1,0.0
AACAAGAGTGATCGTT-1,0.0
AACAAGATCGACACCG-1,0.0
AACACACAGGGACACT-1,0.0
AACACACAGTAAACGT-1,0.0
AACACACTCTGAGGTT-1,0.0
AACAGGGCATACAGCT-1,0.0
AACAGGGGTAATCAAG-1,0.0
AACAGGGGTATTCTCT-1,0.0
AACAGGGGTGCCCACA-1,0.0
AACAGGGTCCTTATGT-1,0.0
AACAGGGTCGTGGGTC-1,0.0
AACAGGGTCTCCATAT-1,0.0
AACAGGGTCTCTTCAA-1,0.0
AACCAACCAAGTACCT-1,0.0
AACCAACCAGAGGACT-1,0.0
AACCAACCATATGCGT-1,0.0
AACCAACCATTACTCT-1,0.0
AACCAACGTACTAACC-1,0.0
AACCAACGTGAACTAA-1,0.0
AACCAACTCCGATAAC-1,0.0
AACCAACTCGTTCAGA-1,0.0
AACCAACTCTTAGGAC-1,0.0
AACCAACTCTTCCAGC-1,0.0
AACCAACTCTTCCTAA-1,0.0
AACCAACTCTTGCAGA-1,0.0
AACCACAAGCAGTACG-1,0.23161601533339485
AACCACAAGCTCCATA-1,0.0
AACCACAGTTAGGACG-1,0.0
AACCACATCCACAGCG-1,0.4461893789388854
AACCATGAGCGCACAA-1,0.0
AACCATGAGGTCGAGT-1,0.0
AACCATGCACACGGAA-1,0.0
AACCATGCAGCTGTTA-1,0.5370162350066756
AACCATGGTGCAATAA-1,0.0
AACCATGGTGGTATGG-1,0.0
AACCATGGTTGAATCC-1,0.0
AACCCAAAGCTATCTG-1,0.0
AACCCAACAGAAATCA-1,0.0
AACCCAATCGTAATGC-1,0.0
AACCTGAAGCAGGTCA-1,0.0
AACCTGAAGTTACGAA-1,0.0
AACCTGAGTATGCAAA-1,0.0
AACCTGAGTCGATTCA-1,0.0
AACCTGATCTTGCGCT-1,0.0
AACCTTTAGCTTAGTC-1,0.0
AACCTTTAGTCGAAGC-1,0.0
AACCTTTGTGGAGGTT-1,0.43407821879503067
AACGAAAAGATTGGGC-1,0.0
AACGAAAAGGTAGCAC-1,0.0
AACGAAAGTGAGATTA-1,0.0
AACGAAAGTGGACAGT-1,0.0
AACGAAATCGAGAACG-1,0.0
AACGGGAAGGTAGCCA-1,0.0
AACGGGAAGTTTCTTC-1,0.0
AACGGGAGTGCCGTTG-1,0.0
AACGGGATCGAACACT-1,0.0
AACGGGATCGAGTCCG-1,0.0
AACGGGATCTTGCAGA-1,0.0
AACGTCAAGCTACGTT-1,0.0
AACGTCACAAAGTGTA-1,0.0
AACGTCAGTGTAGTGG-1,0.0
AACGTCATCACGGAGA-1,0.0
AACTTCTAGAATAGTC-1,0.0
AACTTCTAGAGAGAAC-1,0.0
AACTTCTAGGTCACCC-1,0.0
AACTTCTCACCCAACG-1,0.0
AACTTCTGTAACGCGA-1,0.0
AACTTCTTCATCTATC-1,0.0
AACTTCTTCTACGGTA-1,0.0
AAGAACAAGCATCAAA-1,0.0
AAGAACACACGAGGAT-1,0.0
AAGAACAGTCGCACGT-1,0.0
AAGAACATCACGAACT-1,0.0
AAGAACATCACTCACC-1,0.0
AAGACAAAGTTTCTTC-1,0.0
AAGACAACACAAACGG-1,0.0
AAGACAACATCGTCCT-1,0.4879430393824572
AAGACAAGTCCCAAAT-1,0.0
AAGACAAGTTGAGGAC-1,0.0
AAGACAATCGTGGAAG-1,0.0
AAGACTCAGAGTGGCT-1,0.0
AAGACTCAGTCATACC-1,0.0
AAGACTCCAAGCAGGT-1,0.0
AAGACTCCACAGTGTT-1,0.0
AAGACTCGTATCTCGA-1,0.0
AAGACTCTCCTAAGTG-1,0.0
AAGATAGAGAAGTCAT-1,0.0
AAGATAGAGCAACAAT-1,0.0
AAGATAGAGCTGTTCA-1,0.0
AAGATAGAGGTAACTA-1,0.0
AAGATAGAGGTACCTT-1,0.0
AAGATAGCACTTTATC-1,0.0
AAGATAGGTAATTGGA-1,0.9662702151783622
AAGATAGGTGGTCTGC-1,0.0
AAGATAGGTGTGCCTG-1,0.0
AAGATAGTCAAGAGTA-1,0.7062464277656405
AAGATAGTCCCTCTTT-1,0.6390709513782867
AAGATAGTCGCTAAAC-1,0.0
AAGCATCAGATACATG-1,0.0
AAGCATCCATGTAACC-1,0.542865983240628
AAGCATCGTCAGGTGA-1,0.0
AAGCCATAGGGTCACA-1,0.0
AAGCCATCAAAGGTTA-1,0.0
AAGCCATCAGCAGTGA-1,0.0
AAGCCATCATTGTAGC-1,0.0
AAGCCATGTACTTGTG-1,0.0
AAGCCATGTATTCCTT-1,0.0
AAGCCATGTCCCTAAA-1,0.0
AAGCCATTCAGAACCT-1,0.0
AAGCCATTCCGTGGCA-1,0.0
AAGCGAGGTAGCTCGC-1,0.0
AAGCGAGGTTAATGAG-1,0.0
AAGCGAGTCAAAGGTA-1,0.0
AAGCGTTAGCGTGTCC-1,0.0
AAGCGTTAGGAGAGGC-1,0.0
AAGCGTTGTATCTTCT-1,0.0
AAGCGTTTCAAAGGAT-1,0.0
AAGGAATAGGCATCGA-1,0.0
AAGGAATCAAACCACT-1,0.0
AAGGAATCAGTTAGAA-1,0.0
AAGGAATGTATGTGTC-1,0.0
AAGGAATGTTATAGAG-1,0.0
AAGGAATTCAAGAAAC-1,0.6697644341504394
AAGGAATTCCTGGCTT-1,0.0
AAGGAATTCGGACAAG-1,0.0
AAGGAATTCTCACGAA-1,0.0
AAGGTAAAGGGTTAGC-1,0.0
AAGGTAAAGTGAATAC-1,0.0
AAGGTAACAATGCTCA-1,0.7793164651828639
AAGGTAAGTCTACACA-1,0.0
AAGGTAATCCCTTGTG-1,0.7922745363429478
AAGGTAATCCTTCGAC-1,0.0
AAGGTAATCGTTCAGA-1,0.0
AAGGTAATCTGTTGGA-1,0.0
AAGTACCAGTCTGCGC-1,0.9497060118955788
AAGTACCCAACTCCCT-1,0.8379692870885892
AAGTACCCAGAGGCAT-1,0.57550941256847
AAGTACCGTAATCAGA-1,0.0
AAGTACCGTACCCACG-1,0.0
AAGTACCGTCGGAACA-1,0.0
AAGTACCGTTTGGAAA-1,0.0
AAGTACCTCAAGGCTT-1,0.0
AAGTACCTCACGGTCG-1,0.0
AAGTACCTCTAGACCA-1,0.0
AAGTCGTAGGAGACCT-1,0.0
AAGTCGTAGTCCCAGC-1,0.0
AAGTCGTCAATGAACA-1,0.9607585588737039
AAGTCGTCACCGGTCA-1,0.0
AAGTCGTCACTCGATA-1,0.0
AAGTCGTCAGGCTATT-1,0.0
AAGTCGTCAGTAGAAT-1,0.0
AAGTCGTCATCTCAAG-1,0.0
AAGTCGTGTCGTACTA-1,0.0
AAGTGAAAGAAGTATC-1,0.0
AAGTGAAAGGAACATT-1,0.0
AAGTGAACAAGTGTCT-1,0.0
AAGTGAACAGGCAATG-1,0.0
AAGTGAACATCCTGTC-1,0.0
AAGTGAAGTATGAAGT-1,0.0
AAGTGAAGTCGGTGAA-1,0.0
AAGTGAATCAGAGTTC-1,0.0
AAGTGAATCGTCAAAC-1,0.0
AAGTTCGAGTCCGTCG-1,0.9178816341366929
AAGTTCGAGTTTGTCG-1,0.0
AAGTTCGCAATTGGTC-1,0.0
AAGTTCGCAGAAGCTG-1,0.6371432255050908
AAGTTCGGTACGCGTC-1,0.0
AAGTTCGGTCTTAGTG-1,0.0
AAGTTCGGTGTCTCCT-1,0.0
AAGTTCGGTTAGAAGT-1,0.0
AAGTTCGGTTCGGTTA-1,0.7996005119243448
AAGTTCGGTTTGTGGT-1,0.0
AATAGAGAGAGCATTA-1,0.0
AATAGAGAGATACAGT-1,0.0
AATAGAGAGTTTGAGA-1,0.0
AATAGAGCAATTAGGA-1,0.0
AATAGAGCAGAAATTG-1,0.0
AATAGAGCAGTGCGCT-1,0.0
AATAGAGGTAGCGAGT-1,0.0
AATAGAGGTGGTCTGC-1,0.23803230408797235
AATAGAGTCACTCCGT-1,0.0
AATAGAGTCCGATTAG-1,0.8547522456204888
AATCACGAGTCGCTAT-1,0.0
AATCACGCAGCTCTGG-1,0.5510485837601291
AATCACGCATTCGGGC-1,0.0
AATCACGGTAGATGTA-1,0.0
AATCACGGTTCTCAGA-1,0.0
AATCACGTCACCGGGT-1,0.0
AATCACGTCCAATCCC-1,0.0
AATCACGTCGTTGTGA-1,0.0
AATCGACGTACGCTTA-1,0.0
AATCGTGCATGTGACT-1,0.0
AATCGTGGTAGGTGCA-1,0.0
AATCGTGGTGTAGGAC-1,0.0
AATCGTGTCGTCACCT-1,0.0
AATCGTGTCTAGTGTG-1,0.0
AATGAAGAGACTTCAC-1,0.0
AATGAAGAGCGCCTTG-1,0.7636862585010002
AATGAAGAGCTTCGTA-1,0.0
AATGAAGCACGTAACT-1,0.0
AATGAAGGTACAGGTG-1,0.0
AATGAAGTCCGATGCG-1,0.0
AATGACCCATGTGGCC-1,0.0
AATGACCGTAGGCTGA-1,0.0
AATGACCGTCAACATC-1,0.0
AATGCCAAGCTGAGTG-1,0.0
AATGCCACAGGCGATA-1,0.0
AATGCCAGTTAACCTG-1,0.0
AATGCCATCGTGCGAC-1,0.0
AATGGAAAGAGCAGTC-1,0.0
AATGGAAGTGAGTAAT-1,0.3062914411229515
AATGGAAGTGCCCGTA-1,0.0
AATGGAAGTGGAAGTC-1,0.0
AATGGAATCGCCACTT-1,0.0
AATGGCTTCGAACGCC-1,0.0
AATTCCTAGGAGGGTG-1,0.0
AATTCCTCACGCGCAT-1,0.0
AATTCCTCACGGTGTC-1,0.0
AATTCCTGTTCTGACA-1,0.9203252862401274
AATTCCTTCATTCGGA-1,0.0
AATTTCCTCCAGTACA-1,0.0
AATTTCCTCGTGCAGC-1,0.0
ACAAAGAAGAAGTGTT-1,0.0
ACAAAGAAGATGCCGA-1,0.0
ACAAAGACAAGGCGTA-1,0.0
ACAAAGACAGCAGATG-1,0.0
ACAAAGACATGCTGCG-1,0.0
ACAAAGAGTCATATGC-1,0.0
ACAACCACACTCTAGA-1,0.0
ACAACCACAGAACTCT-1,0.0
ACAACCACATTCTCCG-1,0.0
ACAACCAGTTCTCCAC-1,0.0
ACAACCATCCAGCACG-1,0.0
ACAAGCTAGCCTGCCA-1,0.0
ACAAGCTCACGGCGTT-1,0.0
ACAAGCTGTGAATGTA-1,0.0
ACAAGCTGTTCGTAAC-1,0.0
ACAAGCTTCGTAATGC-1,0.0
ACAAGCTTCTCTCAAT-1,0.0
ACACAGTAGGCGATAC-1,0.0
ACACAGTCAGAAATTG-1,0.0
ACACAGTGTAAGCAAT-1,0.0
ACACAGTGTAGCACGA-1,0.0
ACACAGTGTTCTATCT-1,0.0
ACACAGTGTTGACTGT-1,0.0
ACACAGTTCTCGCGTT-1,0.0
ACACCAACAATGAGCG-1,0.0
ACACCAACAGAGGACT-1,0.0
ACACCAACATGCCGGT-1,0.0
ACACCAACATGGAACG-1,0.6012464370558507
ACACCAAGTACCAGAG-1,0.0
ACACCAAGTCACGTGC-1,0.956928454023589
ACACCAATCCGACATA-1,0.0
ACACGCGAGGCTCAAG-1,0.0
ACACGCGCACGAGGAT-1,0.0
ACACGCGGTGATTCAC-1,0.0
ACACGCGGTGCCCACA-1,0.0
ACACGCGTCTTTCGAT-1,0.0
ACACTGAGTACGCGTC-1,0.0
ACACTGAGTCCTCCAT-1,0.0
ACACTGAGTGCCAAGA-1,0.0
ACACTGATCATACGAC-1,0.0
ACAGAAAAGGACGCTA-1,0.0
ACAGAAAAGTATGATG-1,0.0
ACAGAAAGTCAGATTC-1,0.0
ACAGAAAGTCTACGTA-1,0.0
ACAGAAAGTGCCTTTC-1,0.0
ACAGAAATCCAAGCCG-1,0.0
ACAGCCGAGCTGACCC-1,0.0
ACAGCCGCACTTGTCC-1,0.0
ACAGCCGCATTGAAAG-1,0.0
ACAGCCGGTGCATGTT-1,0.0
ACAGCCGTCCACTTTA-1,0.0
ACAGCCGTCGTAGCTA-1,0.0
ACAGGGAAGGGAACAA-1,0.0
ACAGGGAAGGGACAGG-1,0.0
ACAGGGACACAACGAG-1,0.0
ACAGGGACAGGCTATT-1,0.0
ACAGGGACATGACTAC-1,0.0
ACAGGGACATGGGAAC-1,0.0
ACAGGGAGTTCCTAGA-1,0.0
ACAGGGAGTTCGGTAT-1,0.0
ACATCCCAGCTTAGTC-1,0.0
ACATCCCAGGCCTGAA-1,0.0
ACATCCCGTGCTGCAC-1,0.0
ACATCCCGTGCTGTCG-1,0.0
ACATCCCTCCACTAGA-1,0.0
ACATCCCTCGACATAC-1,0.0
ACATCGACAAAGTGTA-1,0.0
ACATCGACACCAGACC-1,0.0
ACATCGACAGGACTAG-1,0.0
ACATCGAGTAGCCAGA-1,0.0
ACATCGAGTGTCTTAG-1,0.0
ACATGCAAGAGCAAGA-1,0.0
ACATGCAAGGCCCACT-1,0.0
ACATGCACAGTGTGGA-1,0.0
ACATGCAGTACAACGG-1,0.0
ACATGCAGTGCATTTG-1,0.0
ACATGCATCTCGCGTT-1,0.0
ACATTTCAGTAATCCC-1,0.7626135452545607
ACATTTCCAAATGCTC-1,0.0
ACATTTCCAATGCAGG-1,0.8693998268427757
ACATTTCCAGTTGTCA-1,0.0
ACATTTCGTACTCCGG-1,0.0
ACATTTCTCCGGGACT-1,0.0
ACATTTCTCGAGAAAT-1,0.0
ACCAAACAGCATTGTC-1,0.0
ACCAAACAGCTGTACT-1,0.0
ACCAAACAGTTACTCG-1,0.0
ACCAAACCACGGCGTT-1,0.980164374261616
ACCAAACCAGCTATAC-1,0.0
ACCAAACCATCACGGC-1,0.0
ACCAAACCATGTCGTA-1,0.0
ACCAAACTCAAGTCTG-1,0.0
ACCAAACTCGTCTAAG-1,0.0
ACCAACAAGACGTCGA-1,0.0
ACCAACAAGCGTTCAT-1,0.0
ACCAACACATGAATAG-1,0.0
ACCAACAGTTGCATCA-1,0.0
ACCAACATCCCATGGG-1,0.0
ACCACAAAGCGAAACC-1,0.0
ACCACAAAGTACAGAT-1,0.0
ACCACAATCCGTGTCT-1,0.0
ACCATTTAGAAGGTAG-1,0.0
ACCATTTAGTAGCATA-1,0.7540379467525348
ACCATTTCAAGGGTCA-1,0.0
ACCATTTGTTGCGGCT-1,0.0
ACCCAAAAGCACACAG-1,0.0
ACCCAAAAGCGCACAA-1,0.0
ACCCAAAAGGTACTGG-1,0.0
ACCCAAACAGGCGATA-1,0.0
ACCCAAAGTAAGAACT-1,0.0
ACCCAAAGTAGGACCA-1,0.0
ACCCAAAGTCACGCTG-1,0.0
ACCCAAAGTTTAGAGA-1,0.0
ACCCAAATCGATACAC-1,0.0
ACCCAAATCTCTGACC-1,0.27262730205602287
ACCCTCACAAACGTGG-1,0.0
ACCCTCACACCGGCTA-1,0.0
ACCCTCACAGCACAAG-1,0.0
ACCCTCACATGAGTAA-1,0.0
ACCCTCAGTACGGCAA-1,0.0
ACCCTCAGTGCTAGCC-1,0.0
ACCCTCAGTGTCATTG-1,0.6810682090239536
ACCCTCAGTTTCAGAC-1,0.0
ACCCTTGAGTATAGGT-1,0.0
ACCCTTGCAATGCTCA-1,0.0
ACCCTTGCACGACGTC-1,0.0
ACCCTTGCATCTCAAG-1,0.0
ACCCTTGGTCGGAAAC-1,0.0
ACCCTTGGTTAAGACA-1,0.0
ACCGTTCAGACTCATC-1,0.0
ACCGTTCAGCAACCAG-1,0.0
ACCGTTCGTGGAAGTC-1,0.0
ACCGTTCGTGTATACC-1,0.23862969150263594
ACCGTTCTCACCGCTT-1,0.0
ACCTACCAGTCATACC-1,0.0
ACCTACCCAATAGGGC-1,0.0
ACCTACCCAATGCTCA-1,0.0
ACCTACCGTAGAATGT-1,0.0
ACCTACCGTCACATTG-1,0.0
ACCTACCGTTACCTGA-1,0.0
ACCTACCTCGTGGGAA-1,0.0
ACCTACCTCTACGGGC-1,0.0
ACCTGAAAGTTGGACG-1,0.0
ACCTGAACAACGCCCA-1,0.0
ACCTGAACAGGTCCCA-1,0.0
ACCTGAACATAGGTTC-1,0.0
ACCTGAAGTACACGCC-1,0.4227149392547806
ACCTGAAGTATCGTTG-1,0.0
ACCTGAATCTGCACCT-1,0.0
ACCTGTCAGAGAAGGT-1,0.0
ACCTGTCCAGAGTGAC-1,0.0
ACCTGTCTCCGATCTC-1,0.0
ACCTGTCTCTTCGATT-1,0.48015527388879975
ACGATCAAGATCACTC-1,0.0
ACGATCACACGATTCA-1,0.0
ACGATCACAGTTTCAG-1,0.0
ACGATCACATGACGAG-1,0.0
ACGATCAGTAGTCTTG-1,0.0
ACGATCAGTGTTTACG-1,0.0
ACGATCATCATTTCCA-1,0.0
ACGATCATCCTTGACC-1,0.0
ACGATCATCTCAGAAC-1,0.3009468123297226
ACGATGTGTCTCGCGA-1,0.0
ACGATGTGTTACACTG-1,0.5938849745368661
ACGCACGAGCAACAGC-1,0.0
ACGCACGAGCTCATAC-1,0.0
ACGCACGAGTCTCCTC-1,0.0
ACGCACGCAAGTTCGT-1,0.0
ACGCACGCATTGCCGG-1,0.0
ACGCACGGTTGCGTAT-1,0.0
ACGCACGGTTGGGAAC-1,0.0
ACGCACGTCAGATTGC-1,0.0
ACGCACGTCCCATAGA-1,0.9049690558021057
ACGCACGTCTACGGGC-1,0.0
ACGGAAGAGATCCCAT-1,0.0
ACGGAAGAGGAACGTC-1,0.0
ACGGAAGCATCCCACT-1,0.0
ACGGAAGTCTGGAGAG-1,0.0
ACGGAAGTCTTGGATG-1,0.0
ACGGGTCAGGAACGTC-1,0.0
ACGGGTCCAGGTGACA-1,0.0
ACGGGTCCAGGTTCAT-1,0.0
ACGGGTCCATGAAAGT-1,0.5077877629617208
ACGGGTCTCACCTCTG-1,0.0
ACGGGTCTCCTGGGAC-1,0.0
ACGGTCGAGCCATGCC-1,0.0
ACGGTCGCAAACTGCT-1,0.0
ACGGTCGCAAGAAACT-1,0.0
ACGGTCGCAGTTAGAA-1,0.0
ACGGTCGCATGGATCT-1,0.0
ACGGTCGGTCAAGCCC-1,0.0
ACGGTCGGTGACTGAG-1,0.0
ACGGTTAAGCGTACAG-1,0.6828513912553317
ACGGTTAAGGCCCGTT-1,0.0
ACGGTTAAGGTCCGAA-1,0.0
ACGGTTAAGGTTCCGC-1,0.0
ACGGTTACAGCAGTTT-1,0.0
ACGGTTACAGGATCTT-1,0.0
ACGGTTACATAATGAG-1,0.0
ACGGTTAGTGCTATTG-1,0.0
ACGGTTAGTGTTGACT-1,0.0
ACGGTTATCATGCATG-1,0.0
ACGGTTATCGCTATTT-1,0.0
ACGTAACAGCCATTGT-1,0.0
ACGTAACAGGAATTAC-1,0.0
ACGTAACAGTTGTACC-1,0.0
ACGTAACCAAGTACCT-1,0.0
ACGTAACGTCAACCAT-1,0.0
ACGTAACGTGCCCACA-1,0.0
ACGTAACGTGGATCAG-1,0.0
ACGTAACTCCAACCGG-1,0.0
ACGTAACTCCTGTAAG-1,0.0
ACGTACAAGCAAGGAA-1,0.0
ACGTACACAAGGCGTA-1,0.0
ACGTACACATCATCTT-1,0.0
ACGTACAGTACGGATG-1,0.0
ACGTACAGTCGCATGC-1,0.0
ACGTACAGTTATGGTC-1,0.0
ACGTACATCACTGAAC-1,0.0
ACGTAGTAGAAGCGAA-1,0.0
ACGTAGTAGCATCAGG-1,0.0
ACGTAGTCACCTATCC-1,0.0
ACGTAGTCAGTCTCTC-1,0.0
ACGTAGTCATCAGCGC-1,0.0
ACGTAGTTCGGCCCAA-1,0.0
ACGTAGTTCTGGACTA-1,0.0
ACGTCCTAGAACTGAT-1,0.7816782728237625
ACGTCCTAGGAACGTC-1,0.0
ACGTCCTAGGACATCG-1,0.0
ACGTCCTAGTAGACCG-1,0.0
ACGTCCTCATATCTCT-1,0.0
ACGTCCTGTCAACATC-1,0.0
ACGTTCCAGTCTAGCT-1,0.0
ACGTTCCCAAAGGCAC-1,0.0
ACGTTCCCAGCTGGTC-1,0.0
ACGTTCCGTCGAATGG-1,0.0
ACGTTCCGTTTCGATG-1,0.7255300494855064
ACGTTCCTCCAGTACA-1,0.0
ACTACGAAGGGTGGGA-1,0.0
ACTACGACAAGTGCAG-1,0.0
ACTACGACAGGCTTGC-1,0.0
ACTACGACATGGAATA-1,0.0
ACTACGATCACTTGGA-1,0.6278595396458575
ACTACGATCCTTGACC-1,0.0
ACTACGATCTTCACAT-1,0.0
ACTATCTAGTGCACAG-1,0.0
ACTATCTCACTTGTCC-1,0.0
ACTATCTCATTAAGCC-1,0.6812208852855359
ACTATCTGTACTCAAC-1,0.0
ACTATCTGTTCCGTTC-1,0.0
ACTATCTTCAGGAACG-1,0.0
ACTATCTTCCCTTGGT-1,0.6332962162860868
ACTATCTTCGGCTGTG-1,0.0
ACTATGGAGCAGATAT-1,0.0
ACTATGGAGCCGGAAT-1,0.0
ACTATGGCAAGATGGC-1,0.46602285329178017
ACTATGGTCATCCTGC-1,0.0
ACTATGGTCGGAGATG-1,0.0
ACTATTCCAGGTTCCG-1,0.7647404482855281
ACTATTCCATTGAGCT-1,0.0
ACTATTCGTAGATTAG-1,0.0
ACTCCCAAGGTGATCG-1,0.0
ACTCCCAAGGTTACCT-1,0.0
ACTCCCACAGCTCGGT-1,0.0
ACTCCCAGTCACAGTT-1,0.0
ACTCCCAGTCGCACAC-1,0.0
ACTCCCAGTGGACTAG-1,0.0
ACTCCCAGTGGAGAAA-1,0.0
ACTCCCATCAAACCCA-1,0.0
ACTCCCATCGGAATGG-1,0.0
ACTCTCGAGACTTCGT-1,0.0
ACTCTCGAGAGGATGA-1,0.0
ACTCTCGTCCAACTAG-1,0.0
ACTGATGAGAGATTCA-1,0.0
ACTGATGAGTAGGTTA-1,0.0
ACTGATGCAGACCTAT-1,0.0
ACTGATGGTACTAAGA-1,0.0
ACTGATGGTATCACGT-1,0.0
ACTGATGGTGAATATG-1,0.0
ACTGATGTCATCGCCT-1,0.0
ACTGATGTCTCATTAC-1,0.0
ACTGCAAAGAAGTATC-1,0.0
ACTGCAAAGACCGCCT-1,0.34221472565108785
ACTGCAAAGGGAGTGG-1,0.0
ACTGCAACAACCACGC-1,0.0
ACTGCAACACAAGGTG-1,0.0
ACTGCAACATACTGTG-1,0.8298925162962587
ACTGCAAGTCCGATCG-1,0.0
ACTGCAAGTCTAACTG-1,0.25173825865868854
ACTGCAATCTCAGTCC-1,0.0
ACTGTCCAGGACAGTC-1,0.0
ACTGTCCAGGCCTTCG-1,0.0
ACTGTCCAGTGCGCTC-1,0.7895508938516547
ACTGTCCGTGGGCTCT-1,0.0
ACTGTCCGTTTGGAAA-1,0.0
ACTGTCCTCCTGGGTG-1,0.0
ACTGTCCTCGAATCCA-1,0.0
ACTGTCCTCTTTCTAG-1,0.0
ACTGTGAAGACTCTAC-1,0.6340906604933677
ACTGTGAAGGGAGATA-1,0.0
ACTGTGATCCATTTCA-1,0.0
ACTTAGGAGGCTGAAC-1,0.0
ACTTAGGAGGGTGGGA-1,0.0
ACTTAGGAGTAAACTG-1,0.0
ACTTAGGCACACACGC-1,0.0
ACTTAGGCACTGAATC-1,0.0
ACTTAGGGTCATGGCC-1,0.0
ACTTAGGGTCGACTGC-1,0.0
ACTTAGGGTCTACACA-1,0.0
ACTTAGGTCGGTCTGG-1,0.0
ACTTATCAGGAAGTCC-1,0.0
ACTTATCCAACCCTAA-1,0.0
ACTTATCCAAGGCGTA-1,0.0
ACTTATCCATGGCACC-1,0.0
ACTTATCGTCAACCAT-1,0.0
ACTTATCGTCAGCGTC-1,0.0
ACTTATCGTGAGCTCC-1,0.0
ACTTATCGTTGCATGT-1,0.0
ACTTATCTCCATACTT-1,0.0
ACTTCCGAGACGTCGA-1,0.0
ACTTCCGCACCCAACG-1,0.0
ACTTCCGCATGCACTA-1,0.0
ACTTCCGGTGTATTGC-1,0.5370162468182021
ACTTCGCAGCCATTTG-1,0.0
ACTTCGCAGTCATGAA-1,0.0
ACTTCGCAGTTCAACC-1,0.0
ACTTCGCCATCCGATA-1,0.0
ACTTCGCCATTGGATC-1,0.0
ACTTCGCGTTTGGGAG-1,0.0
ACTTTCACACCAGACC-1,0.5370162954348064
ACTTTCAGTAATCAGA-1,0.0
ACTTTCAGTCAGACGA-1,0.0
ACTTTCAGTCTTACAG-1,0.0
ACTTTCAGTGCTGCAC-1,0.0
ACTTTCATCAAAGGTA-1,0.0
ACTTTGTAGATGAAGG-1,0.0
ACTTTGTAGCAATTAG-1,0.0
ACTTTGTGTACCTAGT-1,0.8146515087752609
AGAAATGCACAGTCGC-1,0.0
AGAAATGCAGAGGTAC-1,0.0
AGAAATGGTCCTCCTA-1,0.6517979329571377
AGAAATGGTCTTCTAT-1,0.0
AGAAATGTCACAGTGT-1,0.0
AGAACAACAGTGGGTA-1,0.0
AGAACAAGTACCGTGC-1,0.0
AGAACAAGTCCACAGC-1,0.0
AGAACAAGTGGTAATA-1,0.0
AGAACAAGTTGGTACT-1,0.6714798774885261
AGAACAATCTTTGGAG-1,0.0
AGAACCTGTATGATCC-1,0.5370162264289907
AGAACCTGTCGCGGTT-1,0.0
AGAACCTGTGTCCAAT-1,0.0
AGAACCTGTGTCCACG-1,0.0
AGAACCTTCATAAGGA-1,0.0
AGAAGCGAGTATGGAT-1,0.0
AGAAGCGCATGGCGCT-1,0.0
AGAAGCGGTCCACATA-1,0.0
AGAAGCGGTCCGGTCA-1,0.0
AGAAGTACACCCTAAA-1,0.0
AGAAGTAGTCAAAGTA-1,0.0
AGAAGTAGTCCGAAAG-1,0.7916240026183728
AGACAAAAGTGTTGAA-1,0.0
AGACAAAGTAGCCCTG-1,0.0
AGACAAAGTCTAACTG-1,0.0
AGACAAAGTCTTCCGT-1,0.0
AGACAAATCGCTATTT-1,0.0
AGACAAATCGTGCGAC-1,0.0
AGACACTAGCCATATC-1,0.0
AGACACTAGTACAGAT-1,0.0
AGACACTAGTGCAACG-1,0.0
AGACACTGTAATACCC-1,0.0
AGACACTGTCCACAGC-1,0.4494273666356961
AGACACTGTCCTGAAT-1,0.0
AGACACTTCATTTGGG-1,0.0
AGACACTTCCCTCGAT-1,0.0
AGACAGGAGTTCGCAT-1,0.7531900422625625
AGACAGGCATACGCAT-1,0.0
AGACAGGGTGGCTACC-1,0.0
AGACAGGTCTTGGTCC-1,0.0
AGACCATCACCACATA-1,0.4875470620256234
AGACCATGTCTCAAGT-1,0.0
AGACCATGTCTTAGTG-1,0.0
AGACCATTCAAGAGGC-1,0.2486485248102057
AGACCATTCAGGCGAA-1,0.0
AGACCATTCCGCTGTT-1,0.0
AGACCCGAGAATTGCA-1,0.0
AGACCCGCATAGTCGT-1,0.0
AGACCCGCATCGGATT-1,0.0
AGACCCGGTCGAGCAA-1,0.0
AGACCCGGTGGCTCTG-1,0.0
AGACCCGTCAGTGTTG-1,0.0
AGACTCAAGAGGGCGA-1,0.0
AGACTCACAAGTATCC-1,0.0
AGACTCACACTTCTCG-1,0.0
AGACTCACATCTCCCA-1,0.0
AGACTCAGTCTTGAGT-1,0.0
AGACTCAGTTGAAGTA-1,0.9956002447818648
AGACTCAGTTGCGTAT-1,0.0
AGAGAATAGGCTATCT-1,0.0
AGAGAATCACGCGCAT-1,0.0
AGAGAATGTCCAACGC-1,0.0
AGAGAATTCAGCTGAT-1,0.0
AGAGAATTCCCACAGG-1,0.0
AGAGAGCAGTGAGTTA-1,0.0
AGAGAGCCAAGTCCAT-1,0.0
AGAGAGCCATCCCACT-1,0.0
AGAGAGCCATGTGGTT-1,0.0
AGAGAGCGTCAACCTA-1,0.9633063044036326
AGAGAGCGTCTCGGAC-1,0.0
AGAGAGCGTTCTCCAC-1,0.0
AGAGAGCTCACCCTGT-1,0.0
AGAGAGCTCTTTCTAG-1,0.0
AGAGCAGGTTGCAACT-1,0.0
AGAGCAGTCCTGGGTG-1,0.0
AGAGCAGTCTTGGCTC-1,0.0
AGAGCCCAGACTCCGC-1,0.5012538256881984
AGAGCCCAGCAGGGAG-1,0.0
AGAGCCCAGTTGGAAT-1,0.0
AGAGCCCCACAATGCT-1,0.0
AGAGCCCGTCAACATC-1,0.0
AGAGCCCTCAGACCCG-1,0.0
AGAGCCCTCATTGCGA-1,0.0
AGAGCCCTCCATACAG-1,0.0
AGATAGACAAGGATGC-1,0.0
AGATAGACATCTAACG-1,0.0
AGATAGATCGGTCACG-1,0.0
AGATCCAAGGGAGAAT-1,0.0
AGATCCACAGGCTTGC-1,0.0
AGATCCAGTCGGTGAA-1,0.0
AGATCCAGTTCAGTAC-1,0.0
AGATCCAGTTTCGGCG-1,0.0
AGATCCAGTTTGGGTT-1,0.0
AGATCGTAGGGAGTTC-1,0.0
AGATCGTCACAGAAGC-1,0.847321870751538
AGATCGTGTAATTAGG-1,0.0
AGATCGTGTCTGTGGC-1,0.0
AGATCGTGTTCAGCTA-1,0.0
AGATCGTGTTCCTAAG-1,0.0
AGATCGTTCGAACCTA-1,0.0
AGATCGTTCGAGAACG-1,0.0
AGATGAAAGTGATAAC-1,0.0
AGATGAACAAGTGGGT-1,0.44347592073090825
AGATGAACACAGCCAC-1,0.0
AGATGAACAGAGTAAT-1,0.0
AGATGAACAGCTGTCG-1,0.564191046029719
AGATGAAGTAGGCAGT-1,0.7884934907710673
AGATGAAGTTCCTAGA-1,0.0
AGATGAATCTCATAGG-1,0.0
AGATGCTAGGACATCG-1,0.0
AGATGCTCAACGTATC-1,0.0
AGATGCTCAAGGTCTT-1,0.0
AGATGCTCAAGTTCCA-1,0.0
AGATGCTTCATCACTT-1,0.0
AGATGCTTCTGTCTCG-1,0.0
AGCATCAAGTGAATAC-1,0.2382369596821067
AGCATCAGTTGGGTAG-1,0.0
AGCATCATCTTTCCGG-1,0.0
AGCCAATAGCACGGAT-1,0.0
AGCCAATAGCTAGAAT-1,0.0
AGCCAATTCGGTGTTA-1,0.0
AGCCAATTCTATCGCC-1,0.0
AGCCAATTCTGTCCCA-1,0.0
AGCCACGCACAATGCT-1,0.0
AGCCACGCACCAGCGT-1,0.0
AGCCACGCAGCTATTG-1,0.0
AGCCACGGTAGCCCTG-1,0.0
AGCCACGGTATGTCCA-1,0.0
AGCCACGGTCAAAGAT-1,0.0
AGCCACGGTCTACAGT-1,0.0
AGCCACGGTTGCAAGG-1,0.0
AGCCACGTCGGTAACT-1,0.0
AGCCAGCAGCGCTTCG-1,0.0
AGCCAGCAGTACTCGT-1,0.0
AGCCAGCCACTTGTGA-1,0.0
AGCCAGCTCTCGTTTA-1,0.0
AGCGATTAGGATTTAG-1,0.0
AGCGATTAGGTAACTA-1,0.0
AGCGATTCAACTAGAA-1,0.0
AGCGATTCATGGAACG-1,0.0
AGCGATTGTGTTACTG-1,0.0
AGCGATTGTTTGTGGT-1,0.0
AGCGCCAAGCTATCTG-1,0.0
AGCGCCACAAAGGATT-1,0.0
AGCGCCACAACCCTAA-1,0.0
AGCGCCACAGCCATTA-1,0.965150490445788
AGCGCCACATTCTTCA-1,0.0
AGCGCCAGTTCTAAGC-1,0.0
AGCGCCAGTTGCACGC-1,0.0
AGCGCCATCAGTCAGT-1,0.0
AGCGCCATCGCTCATC-1,0.0
AGCGCTGAGGCGTCCT-1,0.0
AGCGCTGCAACACGAG-1,0.29586533420374855
AGCGCTGGTCTACGTA-1,0.0
AGCGCTGGTGGCTAGA-1,0.0
AGCGTATAGCTGACCC-1,0.0
AGCGTATTCCACGGAC-1,0.0
AGCGTATTCGTGTGAT-1,0.0
AGCGTATTCTCGCCTA-1,0.5370162306333977
AGCGTCGAGACGTCCC-1,0.0
AGCGTCGAGACTTCCA-1,0.6974036298834104
AGCGTCGAGCCTTTCC-1,0.0
AGCTACAAGTGGGAAA-1,0.0
AGCTACACAGAGCCCT-1,0.0
AGCTACAGTAGCTCGC-1,0.8367468035388759
AGCTACAGTAGTATAG-1,0.0
AGCTACAGTTAGAAAC-1,0.0
AGCTACAGTTCCACAA-1,0.2439350315386862
AGCTACAGTTGTGTTG-1,0.0
AGCTCAAAGCAATAAC-1,0.0
AGCTCAAAGCGGTAAC-1,0.0
AGCTCAACACCTGTCT-1,0.3153412588698102
AGCTCAAGTGGTCTCG-1,0.0
AGCTCAAGTTCAAGTC-1,0.0
AGCTTCCAGAAGTCTA-1,0.0
AGCTTCCAGGTTCATC-1,0.0
AGCTTCCCATGTGACT-1,0.0
AGCTTCCGTTGGCTAT-1,0.0
AGCTTCCTCAGCCTTC-1,0.537016207615445
AGGAAATAGTATGCAA-1,0.0
AGGAAATCACCGGTCA-1,0.0
AGGAAATCACGCTTAA-1,0.0
AGGAAATCATCGATAC-1,0.0
AGGAAATGTCCACTCT-1,0.0
AGGAAATTCTCGGTCT-1,0.0
AGGAATAAGCTAGCCC-1,0.0
AGGAATAAGGTACATA-1,0.0
AGGAATATCCCGTAAA-1,0.5370163239572171
AGGAATATCCGTCCTA-1,0.0
AGGAATATCGCCTTTG-1,0.0
AGGACGACACCGGAAA-1,0.0
AGGACGAGTCTCTCTG-1,0.0
AGGACGATCCGTAGTA-1,0.0
AGGACGATCGGCATTA-1,0.0
AGGACGATCGGCGATC-1,0.0
AGGACTTCAGTGTATC-1,0.0
AGGACTTCATTCTCCG-1,0.0
AGGACTTGTGCATACT-1,0.0
AGGACTTGTTAAGAAC-1,0.0
AGGACTTTCGACCACG-1,0.0
AGGAGGTCAAGAATGT-1,0.0
AGGAGGTCACCCTGAG-1,0.0
AGGAGGTCACTACCCT-1,0.0
AGGAGGTTCAATCGGT-1,0.0
AGGAGGTTCCGGTTCT-1,0.0
AGGAGGTTCCTATTTG-1,0.0
AGGATAAAGCTGACCC-1,0.0
AGGATAAAGGCTGTAG-1,0.0
AGGATAACAGAGCGTA-1,0.0
AGGATAAGTGGCTTAT-1,0.0
AGGATAAGTTCGTAAC-1,0.0
AGGATAATCCCTAGGG-1,0.0
AGGATCTAGGGACCAT-1,0.0
AGGATCTCATACGCAT-1,0.0
AGGATCTGTATTTCTC-1,0.0
AGGCATTAGATTGAGT-1,0.0
AGGCATTAGCAGGGAG-1,0.0
AGGCATTAGCGTGAGT-1,0.7512469539095179
AGGCATTAGGTGCCAA-1,0.0
AGGCATTCAAGAATAC-1,0.0
AGGCATTGTTGTCAGT-1,0.0
AGGCCACCAACAACAA-1,0.0
AGGCCACCATAACCCA-1,0.0
AGGCCACGTATTGGCT-1,0.0
AGGCCACGTGTTAACC-1,0.0
AGGCCACTCTCACGAA-1,0.0
AGGCTGCAGAAGCTGC-1,0.946432092810632
AGGCTGCAGGATTCAA-1,0.9079429324880731
AGGCTGCCACCAGCCA-1,0.0
AGGCTGCCACCTGTCT-1,0.0
AGGCTGCCAGGTCTCG-1,0.0
AGGCTGCCATAATCGC-1,0.0
AGGCTGCGTACTTCCC-1,0.0
AGGCTGCGTAGTACGG-1,0.0
AGGCTGCGTGGTCTTA-1,0.0
AGGCTGCGTTCGGCTG-1,0.0
AGGCTGCTCGCAGTGC-1,0.0
AGGCTGCTCGTAGTCA-1,0.0
AGGCTGCTCTACTCAT-1,0.0
AGGGAGTAGACTCAAA-1,0.9207831827539489
AGGGAGTAGCGCCATC-1,0.0
AGGGAGTAGCGTGTCC-1,0.0
AGGGAGTCACGGTGAA-1,0.0
AGGGAGTGTTCTTGTT-1,0.0
AGGGAGTGTTTACACG-1,0.0
AGGGCCTAGCCGGAAT-1,0.0
AGGGCCTAGGTTGACG-1,0.0
AGGGCCTAGTCACAGG-1,0.0
AGGGCCTAGTGGTCAG-1,0.0
AGGGCCTCAGACCAAG-1,0.0
AGGGCCTCATTCCTCG-1,0.0
AGGGCCTGTGAATAAC-1,0.0
AGGGCTCAGGTATCTC-1,0.0
AGGGCTCAGTCCTACA-1,0.8706284727000996
AGGGCTCCACAACGAG-1,0.0
AGGGCTCCATATACCG-1,0.8715280110704263
AGGGCTCTCCATGAGT-1,0.0
AGGGCTCTCCATTTGT-1,0.0
AGGGCTCTCCGGCAAC-1,0.0
AGGGCTCTCTGAGCAT-1,0.0
AGGGTCCAGAAACACT-1,0.0
AGGGTCCAGAAACTAC-1,0.0
AGGGTCCAGGACACTG-1,0.0
AGGGTCCGTAGCTCGC-1,0.0
AGGGTCCGTTCAAGGG-1,0.0
AGGGTCCTCACTGAAC-1,0.0
AGGGTCCTCCATCGTC-1,0.0
AGGGTGAAGTTTCAGC-1,0.6563778428491367
AGGGTGAGTGCCTAAT-1,0.0
AGGGTGAGTGGTATGG-1,0.0
AGGGTGATCAGCGCAC-1,0.0
AGGGTGATCCTCTTTC-1,0.0
AGGGTTTAGGGAGGAC-1,0.0
AGGGTTTAGTCATTGC-1,0.0
AGGGTTTCACGGCACT-1,0.0
AGGGTTTTCCCATTCG-1,0.0
AGGTAGGAGAGGTTAT-1,0.699350981139581
AGGTAGGAGATTGATG-1,0.4286400273989364
AGGTAGGAGGTATAGT-1,0.0
AGGTAGGAGTAAAGCT-1,0.0
AGGTAGGCAATCTAGC-1,0.0
AGGTAGGGTCACTTAG-1,0.5908426864765471
AGGTAGGTCAATCTCT-1,0.7660587400762666
AGGTAGGTCTTCCAGC-1,0.0
AGGTCATAGTAACAGT-1,0.0
AGGTCATCAATTTCTC-1,0.0
AGGTCATGTAGCCAGA-1,0.0
AGGTCATGTGGCCACT-1,0.23891209848678563
AGGTCATGTTTCGATG-1,0.0
AGGTCATTCCTGTACC-1,0.0
AGGTCTAAGGCTAGCA-1,0.0
AGGTCTAAGTCATGAA-1,0.0
AGGTCTACACGCAGTC-1,0.0
AGGTCTATCCACAAGT-1,0.0
AGGTGTTAGCAACTCT-1,0.0
AGGTGTTAGTGCACAG-1,0.0
AGGTGTTAGTTGGCTT-1,0.6477873855855071
AGGTGTTCAGACACAG-1,0.0
AGGTTACAGAGCAAGA-1,0.0
AGGTTACAGCATCCCG-1,0.0
AGGTTACCAAGACGGT-1,0.0
AGGTTACCAAGAGAGA-1,0.0
AGGTTACCACTCCACT-1,0.0
AGGTTACCACTTCTCG-1,0.0
AGGTTACGTAGCGCCT-1,0.0
AGGTTACGTAGCTGCC-1,0.0
AGGTTACGTCTGTCAA-1,0.0
AGGTTACGTGAATAAC-1,0.7883409117477214
AGGTTACTCGCCTTTG-1,0.0
AGGTTGTAGCACTCGC-1,0.0
AGGTTGTCACATACTG-1,0.0
AGGTTGTCACGTAGAG-1,0.0
AGGTTGTCACTGAATC-1,0.0
AGGTTGTGTATATGGA-1,0.0
AGGTTGTGTCGAGCTC-1,0.0
AGGTTGTGTTAAACCC-1,0.0
AGGTTGTTCTTTCGAT-1,0.0
AGTAACCAGAGATTCA-1,0.0
AGTAACCAGCACCTGC-1,0.0
AGTAACCCACAATGTC-1,0.0
AGTAACCGTAAGGAGA-1,0.0
AGTAACCGTGGTACAG-1,0.0
AGTAACCTCATTCATC-1,0.0
AGTAACCTCTGGCTGG-1,0.9001683680033361
AGTACCAAGGCACTCC-1,0.0
AGTACCACACGGCGTT-1,0.0
AGTACCACATCGTTCC-1,0.0
AGTACCATCCAAGAGG-1,0.0
AGTACTGAGCACACAG-1,0.0
AGTACTGAGCAGATAT-1,0.0
AGTACTGAGGAGTACC-1,0.0
AGTACTGCACGATTCA-1,0.0
AGTACTGCACTCCTGT-1,0.0
AGTACTGGTATACAGA-1,0.0
AGTACTGGTGGGATTG-1,0.0
AGTACTGTCGGTAGAG-1,0.0
AGTACTGTCTATACTC-1,0.0
AGTACTGTCTGAATCG-1,0.0
AGTACTGTCTTGCGCT-1,0.0
AGTAGCTAGAACAAGG-1,0.0
AGTAGCTAGCTGACCC-1,0.0
AGTAGCTAGGCTCTCG-1,0.4836752093739176
AGTAGCTAGTGTCATC-1,0.0
AGTAGCTCACGCTGCA-1,0.5242627622527287
AGTAGCTCAGTCAGAG-1,0.0
AGTAGCTGTCCTCCAT-1,0.4839448711594631
AGTAGCTGTCGTACAT-1,0.0
AGTAGCTGTGAGACCA-1,0.0
AGTAGCTTCTCATGGA-1,0.0
AGTAGTCAGAAACTGT-1,0.0
AGTAGTCAGAGGTATT-1,0.5645907212787122
AGTAGTCAGTCTCCTC-1,0.0
AGTAGTCCATGGGAAC-1,0.0
AGTAGTCCATTGAGCT-1,0.0
AGTAGTCGTCATGACT-1,0.0
AGTAGTCGTCCAGCGT-1,0.0
AGTAGTCGTCGTTGGC-1,0.0
AGTAGTCGTGAATGTA-1,0.0
AGTCAACAGGCGTTAG-1,0.0
AGTCAACCAAACGTGG-1,0.0
AGTCAACCACCGAATT-1,0.0
AGTCAACCAGTTGGTT-1,0.0
AGTCAACTCATCGGGC-1,0.0
AGTCAACTCATTGTGG-1,0.0
AGTCAACTCCCTCAAC-1,0.0
AGTCAACTCTACGGGC-1,0.0
AGTCACACAACTGTGT-1,0.0
AGTCACACATCGAAGG-1,0.0
AGTCACAGTACGATGG-1,0.0
AGTCACAGTTATAGAG-1,0.0
AGTCACATCGTTAGTG-1,0.0
AGTCACATCTATACTC-1,0.0
AGTCATGAGATCGGTG-1,0.0
AGTCATGCACTTGGGC-1,0.0
AGTCATGGTCCTCCTA-1,0.0
AGTCATGGTCGCACGT-1,0.0
AGTCATGGTGCCTTCT-1,0.0
AGTCATGGTTCAGGTT-1,0.0
AGTCATGTCTCCAAGA-1,0.0
AGTCTCCAGTCCCAGC-1,0.0
AGTCTCCCAGTTAGGG-1,0.0
AGTCTCCCATCCGATA-1,0.0
AGTCTCCGTCCTTGTC-1,0.4114342096403713
AGTCTCCGTTCAAAGA-1,0.0
AGTCTCCTCCTACTGC-1,0.0
AGTGACTTCCAGCTCT-1,0.0
AGTGATCAGAAGCGCT-1,0.0
AGTGATCAGCAAGTGC-1,0.0
AGTGATCAGGTAATCA-1,0.0
AGTGATCCACAAAGCG-1,0.0
AGTGATCTCTTCACAT-1,0.0
AGTGATCTCTTGGTGA-1,0.0
AGTGCCGAGGGATGTC-1,0.0
AGTGCCGCATTGAAAG-1,0.5046088920403896
AGTGCCGTCGCATAGT-1,0.0
AGTGCCGTCGGAGTGA-1,0.0
AGTGTTGAGAAGCGGG-1,0.0
AGTGTTGAGTTGGCTT-1,0.0
AGTGTTGTCATGCATG-1,0.0
AGTTAGCAGGTAGTAT-1,0.0
AGTTAGCCACCAGCTG-1,0.5370163329073447
AGTTAGCGTCACATTG-1,0.0
AGTTAGCTCACGAACT-1,0.0
AGTTAGCTCAGACCTA-1,0.5239180095601111
AGTTAGCTCATCGCCT-1,0.0
AGTTAGCTCTGATGGT-1,0.0
AGTTCCCAGCCTGTGC-1,0.0
AGTTCCCAGTCACTAC-1,0.0
AGTTCCCCACGTGTGC-1,0.0
AGTTCCCCATCGTGCG-1,0.0
AGTTCCCGTAACACGG-1,0.0
AGTTCCCGTTCGATTG-1,0.0
AGTTCCCGTTTGAACC-1,0.0
AGTTCGAAGCTGTTCA-1,0.0
AGTTCGAAGGTAAAGG-1,0.0
ATACCGAAGCGAGGAG-1,0.0
ATACCGAAGTCACTGT-1,0.0
ATACCGAAGTCGAAGC-1,0.0
ATACCGACAATACGAA-1,0.0
ATACCGAGTACTTCCC-1,0.0
ATACCGATCTATACGG-1,0.0
ATACCGATCTCTCAAT-1,0.7168762399241918
ATACCTTAGCAATAGT-1,0.0
ATACCTTAGGTAAGTT-1,0.0
ATACCTTAGTTCATGC-1,0.0
ATACCTTAGTTGGGAC-1,0.0
ATACCTTTCTCTGCTG-1,0.0
ATACTTCAGACGCTCC-1,0.0
ATACTTCCAATGGCAG-1,0.0
ATACTTCCACGCGTCA-1,0.0
ATACTTCGTTACTCAG-1,0.7629393304890074
ATACTTCTCCCGTTGT-1,0.0
ATACTTCTCGCTCTAC-1,0.0
ATAGACCAGAGGGCGA-1,0.31499659462989227
ATAGACCCATGAGAAT-1,0.0
ATAGACCGTAACGCGA-1,0.0
ATAGACCGTATGTCTG-1,0.9276225562542585
ATAGACCGTCGACTGC-1,0.0
ATAGACCGTCTTCATT-1,0.0
ATAGACCGTGAGTCAG-1,0.0
ATAGACCGTGGCTTAT-1,0.0
ATAGAGAAGCAACTTC-1,0.7352983001639015
ATAGAGAAGTACTGTC-1,0.0
ATAGAGAAGTAGTCAA-1,0.5370162976191564
ATAGAGACAAAGCAAT-1,0.0
ATAGAGACAGCTTCGG-1,0.0
ATAGAGACAGTAACAA-1,0.0
ATAGAGAGTTCTTCAT-1,0.0
ATAGAGATCGTCGACG-1,0.0
ATAGAGATCTATGCCC-1,0.0
ATAGGCTAGCACAAAT-1,0.0
ATAGGCTAGGGTTTCT-1,0.0
ATAGGCTAGTGTAGAT-1,0.0
ATAGGCTCACTGCTTC-1,0.0
ATAGGCTCATTCTTCA-1,0.0
ATAGGCTGTACGTGAG-1,0.0
ATAGGCTTCGAGCACC-1,0.0
ATATCCTCACACCTTC-1,0.0
ATATCCTGTCCACAGC-1,0.0
ATATCCTGTTCAATCG-1,0.0
ATCACAGAGGTCGAGT-1,0.0
ATCACAGAGTCTCTGA-1,0.0
ATCACAGAGTGAGTGC-1,0.0
ATCACAGCAAGTGTCT-1,0.0
ATCACAGCACGCTATA-1,0.0
ATCACAGGTACCGTGC-1,0.0
ATCACAGGTGGTCTGC-1,0.0
ATCACAGTCGACATTG-1,0.0
ATCACGACACTACCCT-1,0.0
ATCACGAGTATCAGCT-1,0.0
ATCACGAGTCTTTCAT-1,0.0
ATCACGAGTGGTCCGT-1,0.0
ATCACTTAGTTCCGTA-1,0.0
ATCACTTCATGAATAG-1,0.0
ATCACTTCATGAGATA-1,0.0
ATCACTTGTCTGTGTA-1,0.30779480777437196
ATCACTTGTCTTTATC-1,0.0
ATCACTTGTGCTATTG-1,0.0
ATCAGGTAGAACTCCT-1,0.0
ATCAGGTAGATGAAGG-1,0.0
ATCAGGTAGCGACTGA-1,0.0
ATCAGGTAGGCGTTAG-1,0.0
ATCAGGTCAGTAGATA-1,0.0
ATCAGGTGTCGATTCA-1,0.0
ATCAGGTGTCGTCATA-1,0.0
ATCAGGTGTGAGATAT-1,0.6930742961101104
ATCAGGTTCACGTAGT-1,0.0
ATCAGGTTCCAAGCAT-1,0.0
ATCATTCCAATAGGGC-1,0.0
ATCATTCCATCCTTGC-1,0.0
ATCATTCCATTCTTCA-1,0.0
ATCATTCGTATCAGGG-1,0.884913054973852
ATCATTCGTTCTATCT-1,0.6091552590042322
ATCATTCTCAAGTCTG-1,0.0
ATCATTCTCATAGGCT-1,0.0
ATCATTCTCGGTTCAA-1,0.0
ATCATTCTCGTCAAAC-1,0.0
ATCCACCAGCTCTTCC-1,0.0
ATCCACCAGGGTAGCT-1,0.0
ATCCACCAGTCATGCT-1,0.0
ATCCACCAGTGACACG-1,0.9187338649571584
ATCCACCAGTTCATGC-1,0.0
ATCCACCCACATTCGA-1,0.0
ATCCACCGTAGGCAGT-1,0.0
ATCCACCGTATAGCTC-1,0.0
ATCCACCTCACTCTTA-1,0.0
ATCCACCTCCGCTGTT-1,0.0
ATCCATTAGAGCGACT-1,0.0
ATCCATTAGGAACTAT-1,0.0
ATCCATTAGGTAAGAG-1,0.0
ATCCATTCAGTGACCC-1,0.46578528744862074
ATCCATTCATAGTCGT-1,0.0
ATCCATTCATTGAAAG-1,0.0
ATCCATTGTTTGCAGT-1,0.0
ATCCATTTCCACTTCG-1,0.0
ATCCATTTCTAACGCA-1,0.0
ATCCCTGAGGTGTGAC-1,0.0
ATCCCTGCAGCCGGTT-1,0.0
ATCCCTGCAGGCATTT-1,0.0
ATCCCTGGTATCCTCC-1,0.0
ATCCCTGTCCTAAACG-1,0.427204648005589
ATCCGTCAGGCCTTCG-1,0.0
ATCCGTCAGGGACTGT-1,0.0
ATCCGTCAGGTAGATT-1,0.0
ATCCGTCCATCACAGT-1,0.0
ATCCGTCGTAAGGCCA-1,0.0
ATCCGTCGTTTCTATC-1,0.8617332241858033
ATCCGTCTCCGCATAA-1,0.9334356679385207
ATCCGTCTCGTCAGAT-1,0.7997081742677742
ATCCGTCTCGTCTCAC-1,0.0
ATCCTATAGAAACCCG-1,0.7547151918314915
ATCCTATCAAAGAACT-1,0.0
ATCCTATCAGTATGAA-1,0.0
ATCCTATGTGTCCTAA-1,0.0
ATCCTATGTTCAGCGC-1,0.0
ATCCTATTCATGACAC-1,0.0
ATCCTATTCTCGGCTT-1,0.0
ATCCTATTCTTAGCTT-1,0.0
ATCGATGAGATACCAA-1,0.0
ATCGCCTAGGATCATA-1,0.0
ATCGCCTAGTACGAGC-1,0.0
ATCGCCTGTAGACGTG-1,0.0
ATCGCCTGTAGCACGA-1,0.7939498985049037
ATCGCCTTCCCGTGAG-1,0.0
ATCGCCTTCCGAGTGC-1,0.0
ATCGGATAGAGAGCCT-1,0.0
ATCGGATCAAGTGTCT-1,0.0
ATCGGATCACAGTGTT-1,0.0
ATCGGATTCATTCATC-1,0.0
ATCGGATTCCGTGCGA-1,0.0
ATCGGCGGTATGGAAT-1,0.0
ATCGGCGTCCTCTGCA-1,0.0
ATCGGCGTCTGTAACG-1,0.0
ATCGTAGAGCTTCTAG-1,0.0
ATCGTAGAGGCTTAAA-1,0.0
ATCGTCCAGCGAACTG-1,0.0
ATCGTCCAGCTCCCTT-1,0.0
ATCGTCCAGGTTGAGC-1,0.0
ATCGTCCAGTACAGCG-1,0.0
ATCGTCCCAGTCGGAA-1,0.4353291863637178
ATCGTCCGTGCCTAAT-1,0.0
ATCGTCCGTTATGGTC-1,0.0
ATCGTCCGTTTGGGTT-1,0.0
ATCGTCCTCACTTCTA-1,0.0
ATCGTGAAGGAACTCG-1,0.0
ATCGTGAGTCAACCTA-1,0.0
ATCGTGAGTTAGTTCG-1,0.23610285961683397
ATCGTGATCGCCACTT-1,0.0
ATCTCTAAGGGCAACT-1,0.0
ATCTCTACATAATGAG-1,0.0
ATCTCTAGTCCAAATC-1,0.0
ATCTCTATCCATACTT-1,0.0
ATCTCTATCCCTTTGG-1,0.0
ATCTCTATCTTCGCTG-1,0.0
ATCTTCAAGGTAGGCT-1,0.0
ATCTTCACAAATGAAC-1,0.0
ATCTTCAGTAAGGCCA-1,0.7375230605509094
ATCTTCAGTACAAACA-1,0.0
ATCTTCAGTAGTTACC-1,0.0
ATCTTCAGTGGCATCC-1,0.678489959342445
ATCTTCATCGTCCTCA-1,0.0
ATGAAAGAGACGCAGT-1,0.0
ATGAAAGAGGGCCCTT-1,0.0
ATGAAAGAGTGCACCC-1,0.0
ATGAAAGCAACTGATC-1,0.0
ATGAAAGCAATTGCAC-1,0.0
ATGAAAGGTACGCGTC-1,0.8797383919846462
ATGAAAGGTTCAACGT-1,0.0
ATGAAAGTCGGTGTTA-1,0.0
ATGACCAAGACATAGT-1,0.5370162146358246
ATGACCAAGAGGACTC-1,0.0
ATGACCAAGCCGTTAT-1,0.0
ATGACCAAGGTCTACT-1,0.0
ATGACCAGTAGGAAAG-1,0.6914583725356604
ATGACCATCCCTTGGT-1,0.0
ATGAGGGGTACGATTC-1,0.0
ATGAGGGGTAGGGTAC-1,0.2610515076554431
ATGAGGGGTCTTACTT-1,0.7823765932090258
ATGAGTCCACTCCGAG-1,0.0
ATGAGTCCATCATTGG-1,0.0
ATGAGTCCATGTAACC-1,0.0
ATGAGTCGTGAAGCTG-1,0.0
ATGAGTCTCACTTGTT-1,0.5370162774173021
ATGAGTCTCCAGTGCG-1,0.0
ATGAGTCTCGCAGATT-1,0.0
ATGATCGAGGTAGTAT-1,0.0
ATGATCGCACACGGAA-1,0.29761495172796765
ATGATCGCAGCAGATG-1,0.0
ATGATCGGTAATCAAG-1,0.0
ATGATCGGTGGTCTTA-1,0.0
ATGCATGAGACCAAGC-1,0.9444099227126276
ATGCATGAGAGCATCG-1,0.0
ATGCATGAGGATACGC-1,0.0
ATGCATGCAACAAAGT-1,0.0
ATGCATGCATGGCTGC-1,0.6533143475182713
ATGCATGGTAGCGTCC-1,0.0
ATGCCTCCAAGCCCAC-1,0.0
ATGCCTCCATGAGGGT-1,0.0
ATGCCTCCATTGACAC-1,0.0
ATGCCTCTCTGCGAGC-1,0.0
ATGCCTCTCTGTGTGA-1,0.0
ATGCGATAGCTCCCTT-1,0.0
ATGCGATAGGTACATA-1,0.0
ATGCGATAGTGGTCAG-1,0.0
ATGCGATCACAGACGA-1,0.930130626139135
ATGCGATCAGCCTACG-1,0.0
ATGCGATTCGAAACAA-1,0.0
ATGCGATTCGAGAATA-1,0.0
ATGGAGGAGATACAGT-1,0.9298583836745591
ATGGAGGTCTACGCGG-1,0.0
ATGGATCAGACATCAA-1,0.0
ATGGATCCACGTAGAG-1,0.0
ATGGATCGTCACATTG-1,0.0
ATGGATCGTGACGCCT-1,0.0
ATGGATCTCTCTGACC-1,0.0
ATGGGAGAGACTTAAG-1,0.0
ATGGGAGCAACAGTGG-1,0.0
ATGGGAGCAGGCTATT-1,0.0
ATGGGAGTCATTGCTT-1,0.0
ATGGGAGTCCTACACC-1,0.0
ATGGGAGTCTCGCTTG-1,0.0
ATGGGTTAGACGCTCC-1,0.0
ATGGGTTAGGGCAAGG-1,0.0
ATGGGTTGTCGTTTCC-1,0.0
ATGGGTTGTGCATGTT-1,0.9554699269772324
ATGGGTTTCCCTTTGG-1,0.0
ATGGGTTTCGGAACTT-1,0.0
ATGGGTTTCGGCGATC-1,0.0
ATGGGTTTCGTCTAAG-1,0.0
ATGGTTGAGAACAAGG-1,0.0
ATGGTTGAGTGAACAT-1,0.0
ATGGTTGGTAACAAGT-1,0.0
ATGGTTGTCCCATACC-1,0.0
ATGTCCCAGCACACAG-1,0.0
ATGTCCCAGCCGATAG-1,0.0
ATGTCCCCAGTCGTTA-1,0.0
ATGTCTTAGGTAAAGG-1,0.0
ATGTCTTAGTCGTCTA-1,0.7674203802777813
ATGTCTTCAAGGTCAG-1,0.0
ATGTCTTCAATAGAGT-1,0.0
ATGTCTTCAGAGTAAT-1,0.6638581135653051
ATGTCTTTCTTACGTT-1,0.0
ATTACCTAGAAATTCG-1,0.0
ATTACCTCAACCACGC-1,0.0
ATTACCTGTATTTCTC-1,0.0
ATTACCTGTCGTACTA-1,0.7614886052820569
ATTACCTGTCTCACGG-1,0.0
ATTACCTGTGCATTAC-1,0.0
ATTACCTTCTCGAGTA-1,0.0
ATTACTCAGATTGTGA-1,0.0
ATTACTCGTAAGGCTG-1,0.0
ATTACTCGTCGTATTG-1,0.0
ATTACTCTCCTGCCAT-1,0.0
ATTATCCAGAGTTGCG-1,0.0
ATTATCCAGCAAATCA-1,0.0
ATTATCCAGCGTTACT-1,0.0
ATTATCCAGGCCCAAA-1,0.0
ATTATCCAGGGAGTTC-1,0.0
ATTATCCAGTGGTTAA-1,0.2356933617218456
ATTATCCCACCGTCTT-1,0.0
ATTATCCCACTGAGTT-1,0.0
ATTATCCCAGCTGTGC-1,0.0
ATTATCCGTCATCGGC-1,0.0
ATTATCCGTCGGAAAC-1,0.0
ATTATCCGTGGTCAAG-1,0.0
ATTCACTAGTCAGCGA-1,0.0
ATTCACTCACATATGC-1,0.0
ATTCACTTCTTACCGC-1,0.0
ATTCAGGAGTCTGCAT-1,0.0
ATTCAGGCAATCGCCG-1,0.0
ATTCAGGCATCGAAGG-1,0.0
ATTCAGGGTAAGGCTG-1,0.0
ATTCAGGGTGACACAG-1,0.0
ATTCAGGGTGTAAATG-1,0.0
ATTCAGGGTGTGCTTA-1,0.0
ATTCATCAGACATCAA-1,0.0
ATTCATCAGATAACGT-1,0.0
ATTCATCAGGTCGTGA-1,0.0
ATTCATCAGTAACCTC-1,0.0
ATTCATCCAATTTCTC-1,0.0
ATTCATCCACGAGGTA-1,0.0
ATTCATCCACTGCGAC-1,0.28126228239115847
ATTCATCCATGGTGGA-1,1.0
ATTCATCGTAGACTGG-1,0.0
ATTCATCGTGAGTCAG-1,0.0
ATTCATCTCTGTGCTC-1,0.0
ATTCCATCAGGACTTT-1,1.0
ATTCCATGTATTAAGG-1,0.0
ATTCCATGTTATCTGG-1,0.0
ATTCCCGCACTGCTTC-1,0.0
ATTCCCGCATAGATCC-1,0.5764475453611324
ATTCCCGGTCCAGTTA-1,0.0
ATTCCCGGTGGAAGTC-1,0.0
ATTCCCGGTTAAGCAA-1,0.0
ATTCCCGGTTAGTCGT-1,0.0
ATTCCCGTCATACGAC-1,0.0
ATTCCCGTCCGCTGTT-1,0.43990773383181664
ATTCCCGTCGCCAATA-1,0.0
ATTCCTAAGCGGTAGT-1,0.0
ATTCCTAAGGCAGGTT-1,0.720225641734506
ATTCCTAAGGGTCTTT-1,0.0
ATTCCTACAGGCTTGC-1,0.0
ATTCCTATCACTTGGA-1,0.0
ATTCCTATCAGGGTAG-1,0.0
ATTCCTATCATGGCCG-1,0.0
ATTCCTATCCTACAAG-1,0.0
ATTCGTTAGCGGATCA-1,0.0
ATTCGTTAGTCCCGAC-1,0.0
ATTCGTTCAGGTGAGT-1,0.0
ATTCGTTGTAAGATAC-1,0.0
ATTCTACCAAACTCTG-1,0.0
ATTCTACCACTTCAGA-1,0.0
ATTCTACCATCTATCT-1,0.0
ATTCTACGTAGCTTGT-1,0.5368146874525
ATTCTACGTCCCGGTA-1,0.0
ATTCTACGTTCTTAGG-1,0.0
ATTCTACTCTCCCAAC-1,0.0
ATTCTTGCAGGCAATG-1,0.0
ATTCTTGGTCACTTAG-1,0.0
ATTCTTGGTGCTTATG-1,0.0
ATTCTTGTCTTCACAT-1,0.0
ATTGGGTAGAGTCGAC-1,0.0
ATTGGGTAGCCGCACT-1,0.2409240089942836
ATTGGGTAGCTATCCA-1,0.0
ATTGGGTAGGGAGTGG-1,0.0
ATTGGGTAGTCAGAGC-1,0.0
ATTGGGTCATAGCTGT-1,0.0
ATTGGGTCATCATTGG-1,0.0
ATTGGGTTCCAGTGTA-1,0.0
ATTGGGTTCGGCTGGT-1,0.0
ATTGTTCAGTTTGTCG-1,0.0
ATTGTTCCAATATCCG-1,0.0
ATTGTTCCACCGTGCA-1,0.0
ATTGTTCCATAAGCGG-1,0.0
ATTGTTCGTACGGTTT-1,0.0
ATTGTTCGTAGATTGA-1,0.0
ATTGTTCGTTGCGAAG-1,0.0
ATTGTTCGTTGGTGTT-1,0.23924878590245924
ATTGTTCTCCGTCACT-1,0.0
ATTTACCCACCTGCGA-1,0.0
ATTTACCCACCTTCGT-1,0.5252624124060072
ATTTACCGTTCGTAAC-1,0.0
ATTTACCTCAAGAGGC-1,0.0
ATTTACCTCGCTGATA-1,0.0
ATTTACCTCTGGCTGG-1,0.0
ATTTCACAGCTAAGTA-1,0.0
ATTTCACAGTCGCTAT-1,0.7927218051572916
ATTTCACCAATGGCAG-1,0.0
ATTTCACGTCGTACTA-1,0.5478061167881897
ATTTCTGAGCTGTACT-1,0.0
ATTTCTGCATTGCCTC-1,0.0
ATTTCTGGTTAAGAAC-1,0.0
ATTTCTGTCGCTAAAC-1,0.0
CAAAGAAAGACTGTTC-1,0.4671309311000149
CAAAGAACAAGTCCAT-1,0.0
CAAAGAAGTAGCGATG-1,0.0
CAAAGAAGTCGCATCG-1,0.0
CAAAGAAGTGGGTATG-1,0.0
CAAAGAAGTGTGGACA-1,0.0
CAAAGAAGTTGTGTAC-1,0.0
CAACAACAGTCGCGAA-1,0.0
CAACAACCAGAGGCTA-1,0.0
CAACAACGTAACTGCT-1,0.0
CAACAACGTGTTCCTC-1,0.30926695872390036
CAACAACTCATCACTT-1,0.0
CAACAGTAGCCTGAAG-1,0.0
CAACAGTCAAGGCAAC-1,0.0
CAACAGTCAGGACGAT-1,0.0
CAACAGTCATCACAGT-1,0.0
CAACAGTGTCCGATCG-1,0.0
CAACAGTTCTACCCAC-1,0.0
CAACCAAAGACGCTCC-1,0.0
CAACCAAAGCCTTTGA-1,0.0
CAACCAAAGCGACTGA-1,0.0
CAACCAACACAAAGTA-1,0.0
CAACCAAGTACAGGTG-1,0.0
CAACCAAGTTGCACGC-1,0.0
CAACCAATCTCCTGAC-1,0.0
CAACCTCAGAAGTATC-1,0.0
CAACCTCCACTCCCTA-1,0.0
CAACCTCCATCCGCGA-1,0.0
CAACCTCTCCTCGCAT-1,0.0
CAACCTCTCTCGTCGT-1,0.5370162353607348
CAACGATAGAAGAGCA-1,0.0
CAACGATAGAGGACTC-1,0.0
CAACGATCAAGAGGCT-1,0.0
CAACGATGTGTCCATA-1,0.8086061151588539
CAACGATTCGACGCGT-1,0.0
CAACGGCAGAAATTCG-1,0.0
CAACGGCAGACAGTCG-1,0.0
CAACGGCAGAGGATGA-1,0.0
CAACGGCCATCGGCCA-1,0.0
CAACGGCGTCCAACGC-1,0.0
CAACGGCGTCCAGCGT-1,0.0
CAACGGCGTGATACCT-1,0.0
CAAGACTAGTCGTCTA-1,0.0
CAAGACTAGTGCAGCA-1,0.0
CAAGACTCAACCACGC-1,0.4358462223389981
CAAGACTCAAGTGGGT-1,0.0
CAAGACTGTCGTAATC-1,0.0
CAAGACTTCGAGAATA-1,0.0
CAAGACTTCTAATTCC-1,0.0
CAAGAGGAGAACGTGC-1,0.0
CAAGAGGCAAGGCCTC-1,0.0
CAAGAGGCAGTCGGTC-1,0.0
CAAGAGGGTAGGTACG-1,0.0
CAAGAGGGTCATCAGT-1,0.0
CAAGAGGGTTGGGAAC-1,0.0
CAAGAGGTCCAATGCA-1,0.7116685351567014
CAAGAGGTCGCTGCGA-1,0.0
CAAGCTAAGCACTAGG-1,0.0
CAAGCTACACGTAGAG-1,0.0
CAAGCTAGTCACCGCA-1,0.45292120623378496
CAAGCTATCCTCACGT-1,0.0
CAAGCTATCTACCAGA-1,0.0
CAAGGGACACCTCTGT-1,0.0
CAAGGGAGTCGACTGC-1,0.0
CAAGGGATCTCATGGA-1,0.0
CAATACGAGACCAACG-1,0.0
CAATACGAGCAGCACA-1,0.0
CAATACGAGTAGTCTC-1,0.0
CAATACGCAAGTCCAT-1,0.0
CAATACGCACACTTAG-1,0.0
CAATACGCATAATCCG-1,0.0
CAATACGCATATAGCC-1,0.0
CAATCGACAATTTCCT-1,0.641733719935423
CAATCGAGTCCATACA-1,0.0
CAATCGATCAAGAATG-1,0.0
CAATCGATCATACAGC-1,0.0
CAATCGATCTGTGCAA-1,0.0
CAATGACCAAAGGATT-1,0.0
CAATGACGTACTGCGC-1,0.0
CAATGACGTGGTCTCG-1,0.0
CAATTTCAGACATCCT-1,0.0
CAATTTCAGCAACAAT-1,0.0
CAATTTCAGCGACTAG-1,0.0
CAATTTCAGGTTCCGC-1,0.0
CAATTTCAGTTCATGC-1,0.8520754891394873
CAATTTCCACATTGTG-1,0.0
CAATTTCCAGAGAATT-1,0.0
CAATTTCCAGTATTCG-1,0.0
CAATTTCTCATCACAG-1,0.0
CACAACAAGTGAGTTA-1,0.0
CACAACACAACAGTGG-1,0.0
CACAACACAACCGACC-1,0.0
CACAACAGTCTGCGCA-1,0.0
CACAACAGTGGTACAG-1,0.0
CACAACAGTTAAGCAA-1,0.0
CACACAACACCGTCGA-1,0.0
CACACAACAGTCCGTG-1,0.0
CACACAATCGCGTAGC-1,0.0
CACACAATCTCATTAC-1,0.9512134066060547
CACACAATCTCTCGAC-1,0.0
CACAGATAGTCATCCA-1,0.0
CACAGATCATACCACA-1,0.0
CACAGATCATCGAAGG-1,0.0
CACAGATGTCTACATG-1,0.0
CACAGATTCACCTCTG-1,0.0
CACAGATTCTAGGCCG-1,0.0
CACAGATTCTCTGCTG-1,0.0
CACAGGCAGAGTCGAC-1,0.0
CACAGGCAGTACTGGG-1,0.0
CACAGGCCAAAGCTCT-1,0.0
CACAGGCCAGAGAGGG-1,0.0
CACAGGCGTTAGTCGT-1,0.0
CACAGGCGTTGCCAAT-1,0.0
CACAGGCTCTCGAGTA-1,0.0
CACATGAAGTCACACT-1,0.0
CACATGAGTCACTTCC-1,0.0
CACATGAGTCTGTCAA-1,0.0
CACATGAGTGAATAAC-1,0.0
CACATGATCCGCTGTT-1,0.0
CACATGATCGATTCCC-1,0.0
CACCAAACAGATACTC-1,0.0
CACCAAAGTGAGTAGC-1,0.0
CACCAAATCCCGTAAA-1,0.0
CACCGTTCAGAGGTTG-1,0.0
CACCGTTGTACGACAG-1,0.0
CACCGTTGTGACTAAA-1,0.48197016321840996
CACCGTTGTTACCTGA-1,0.2416330170934121
CACCGTTTCTACTCAT-1,0.5354259625234604
CACGAATCAACGGCCT-1,0.0
CACGAATCACGACGAA-1,0.0
CACGAATCATCTCAAG-1,0.0
CACGAATCATCTCATT-1,0.0
CACGAATGTAGAGATT-1,0.0
CACGAATGTCCCTAAA-1,0.7125515747259953
CACGAATTCAGTGGGA-1,0.0
CACGAATTCTTCTCAA-1,0.0
CACGGGTCACTGTCCT-1,0.0
CACGGGTGTGATTCTG-1,0.0
CACGGGTGTGCGACAA-1,0.0
CACGGGTTCAGAATAG-1,0.0
CACGGGTTCAGCCTCT-1,0.8674539884752213
CACGGGTTCGGTGTAT-1,0.0
CACGTGGCAAAGTATG-1,0.0
CACGTGGCAGGGAATC-1,0.0
CACGTGGGTTGGCCGT-1,0.0
CACGTGGTCAGAGTGG-1,0.0
CACGTGGTCGTGCATA-1,0.0
CACGTGGTCTACGCAA-1,0.0
CACGTTCAGAAACCCG-1,0.0
CACGTTCAGAGCGACT-1,0.0
CACGTTCCAATTGAGA-1,0.0
CACGTTCGTAACCCGC-1,0.0
CACGTTCGTGCCTTTC-1,0.0
CACGTTCGTTCGGTTA-1,0.0
CACGTTCTCCTTTAGT-1,0.0
CACTAAGCACGACGAA-1,0.0
CACTAAGCACTGGCGT-1,0.0
CACTAAGTCCATTGGA-1,0.0
CACTAAGTCTCCATAT-1,0.0
CACTGAAAGCACCGAA-1,0.0
CACTGAAAGCTGTTAC-1,0.0
CACTGAACACCAATTG-1,0.2540610137517198
CACTGAATCGAGAATA-1,0.0
CACTGAATCGTGTGGC-1,0.0
CACTGGGAGAATAGTC-1,0.0
CACTGGGCATAGCACT-1,0.0
CACTGGGGTACACTCA-1,0.0
CACTGGGGTCGTGTTA-1,0.0
CACTGGGTCGACGTCG-1,0.0
CACTGGGTCTTGAACG-1,0.0
CACTGTCAGGCTATCT-1,0.0
CACTGTCCAACTTGGT-1,0.0
CACTGTCCAGAGGACT-1,0.0
CACTGTCGTACTGGGA-1,0.0
CACTGTCTCCTAGCGG-1,0.0
CACTGTCTCTTTGCGC-1,0.0
CACTTCGAGTAACCTC-1,0.0
CACTTCGAGTCATACC-1,0.68666034826859
CACTTCGAGTGCCTCG-1,0.0
CACTTCGCAGATCACT-1,0.0
CACTTCGGTAGAATAC-1,0.24315804473299077
CACTTCGTCAGAGTTC-1,0.0
CACTTCGTCCTTCGAC-1,0.0
CACTTCGTCGATGGAG-1,0.0
CAGAGCCAGATTACCC-1,0.0
CAGAGCCAGGCACTCC-1,0.6034363266203261
CAGAGCCGTGAAGCTG-1,0.0
CAGAGCCTCAGTCTTT-1,0.0
CAGAGCCTCGGAATTC-1,0.0
CAGAGCCTCGGCAGTC-1,0.0
CAGATACAGAAGTCAT-1,0.0
CAGATACAGGCTCAAG-1,0.0
CAGATACAGGTCATTC-1,0.0
CAGATACCACTTGTGA-1,0.0
CAGATACGTCAGTCCG-1,0.0
CAGATACGTTCAACGT-1,0.0
CAGATACTCGACGACC-1,0.7390639483272115
CAGATCAAGACTGTTC-1,0.0
CAGATCAAGCCAGTAG-1,0.0
CAGATCACACCGTGCA-1,0.0
CAGATCACATCCGGCA-1,0.0
CAGATTGAGCCTAACT-1,0.6044111361201504
CAGATTGAGGACTGGT-1,0.0
CAGATTGAGTTTCAGC-1,0.0
CAGATTGCACACCAGC-1,0.0
CAGATTGGTCTCACAA-1,0.0
CAGATTGGTGTTAGCT-1,0.0
CAGATTGTCCGCACTT-1,0.0
CAGCAATAGACAGCGT-1,0.0
CAGCAATCAACACGTT-1,0.0
CAGCAATCAGGAATCG-1,0.0
CAGCAATGTCGAGCAA-1,0.0
CAGCAATTCTCACGAA-1,0.0
CAGCACGAGCCATGCC-1,0.0
CAGCACGAGTAGCATA-1,0.0
CAGCACGCAGGTCCCA-1,0.0
CAGCACGGTAGACAAT-1,0.0
CAGCACGGTAGTCTGT-1,0.0
CAGCACGGTCGAGCAA-1,0.0
CAGCACGTCCCTTTGG-1,0.0
CAGCAGCAGACATACA-1,0.0
CAGCAGCCACATACTG-1,0.0
CAGCAGCCATGCCGCA-1,0.0
CAGCAGCGTACGATGG-1,0.0
CAGCAGCGTCGTTATG-1,0.0
CAGCAGCTCCGGTTCT-1,0.0
CAGCAGCTCGATCCCT-1,0.0
CAGCCAGCAAGAAATC-1,0.0
CAGCCAGCACCACTGG-1,0.0
CAGCCAGGTACCTGTA-1,0.0
CAGCCAGGTACTCCGG-1,0.7591618706433365
CAGCCAGGTTGCGTAT-1,0.0
CAGCCAGTCATGGTAC-1,0.0
CAGCCAGTCCCGAGAC-1,0.0
CAGCCAGTCTCGCTTG-1,0.0
CAGCGTGAGAAACTGT-1,0.0
CAGCGTGAGTAGTCCT-1,0.0
CAGCGTGAGTCATGAA-1,0.0
CAGCGTGAGTCATGCT-1,0.0
CAGCGTGCACAGCCTG-1,0.0
CAGCGTGCAGAGAGGG-1,0.0
CAGCGTGCAGTCGGTC-1,0.0
CAGCGTGGTGTTACTG-1,0.0
CAGCGTGTCCCATAAG-1,0.6019169339543977
CAGGCCAAGAAGAACG-1,0.0
CAGGCCAAGAATAGTC-1,0.0
CAGGCCAAGAGCTGCA-1,0.0
CAGGCCAAGCAAATCA-1,0.0
CAGGCCACAAGTGTCT-1,0.0
CAGGCCACACATTCTT-1,0.0
CAGGCCACAGAGTGAC-1,0.7429019685881193
CAGGCCACATAACTCG-1,0.0
CAGGCCAGTGGCCTCA-1,0.0
CAGGCCAGTGGTGATG-1,0.0
CAGGCCAGTTTCTTAC-1,0.0
CAGGCCATCGCGTAGC-1,0.0
CAGGGCTAGCACCGTC-1,0.0
CAGGGCTAGCGACTAG-1,0.0
CAGGGCTCAAGCTGCC-1,0.0
CAGGGCTCAATAACCC-1,0.0
CAGGGCTCACAGTGTT-1,0.0
CAGGGCTCATCTAGAC-1,0.0
CAGGGCTGTACCCAGC-1,0.733347498082627
CAGGGCTGTCACCTTC-1,0.0
CAGGGCTTCGAACGGA-1,0.0
CAGGTATAGAAGTGTT-1,0.3017516143654494
CAGGTATAGGTTGCCC-1,0.0
CAGGTATCAACGACAG-1,0.0
CAGGTATCAGGTTTAC-1,0.0
CAGGTATGTATTTCGG-1,0.0
CAGGTATTCATGTCAG-1,0.0
CAGTGCGAGAATCGAT-1,0.0
CAGTGCGAGTTACTCG-1,0.5370162515116012
CAGTGCGCACATATCG-1,0.0
CAGTGCGGTGTCTTAG-1,0.0
CAGTGCGGTTCCTTGC-1,0.0
CAGTGCGTCCAGTACA-1,0.0
CAGTGCGTCCGAGAAG-1,0.0
CAGTTAGAGAAGGCTC-1,0.0
CAGTTAGAGCTACAAA-1,0.0
CAGTTAGCACAGCCAC-1,0.0
CAGTTAGCATAACGGG-1,0.0
CAGTTAGGTCCTGGGT-1,0.0
CAGTTCCAGCGATGCA-1,0.0
CAGTTCCAGTCGCCAC-1,0.0
CAGTTCCGTGGGTATG-1,0.0
CAGTTCCGTTGAAGTA-1,0.0
CAGTTCCTCAGGTGTT-1,0.0
CAGTTCCTCCTGTAAG-1,0.0
CAGTTCCTCGGTGAAG-1,0.0
CATAAGCAGCGCTGAA-1,0.0
CATAAGCCATGACGGA-1,0.0
CATAAGCGTAACTTCG-1,0.428359813877644
CATAAGCGTAGGGTAC-1,0.0
CATACAGAGAGAGGGC-1,0.0
CATACAGAGCGACCCT-1,0.0
CATACAGAGTTCATCG-1,0.0
CATACAGCAATTGCAC-1,0.0
CATACAGGTACAGTAA-1,0.0
CATACAGGTGGCCCAT-1,0.0
CATACAGGTTTGAACC-1,0.8500395788781512
CATACCCGTGTGCTTA-1,0.0
CATACTTCACAAGGTG-1,0.0
CATACTTCACTCTAGA-1,0.0
CATACTTGTGGCGCTT-1,0.0
CATAGACAGTATCTGC-1,0.0
CATAGACCACCGGAAA-1,0.0
CATAGACCAGGCATTT-1,0.0
CATAGACCATAAGCAA-1,0.0
CATAGACCATCATCCC-1,0.0
CATAGACCATCATCTT-1,0.0
CATAGACTCTGTAAGC-1,0.0
CATCAAGAGGAGAGGC-1,0.0
CATCAAGAGTTCGCAT-1,0.0
CATCAAGGTATCGATC-1,0.0
CATCAAGTCGTGCATA-1,0.0
CATCCACAGCAACAGC-1,0.0
CATCCACCAGGCAATG-1,0.0
CATCCACTCGCCGTGA-1,0.4226004375002928
CATCCACTCGCGATCG-1,0.0
CATCCCAAGGCCTGCT-1,0.0
CATCCCACAGTCTGGC-1,0.0
CATCCCACATAACGGG-1,0.0
CATCCCAGTCATCTAG-1,0.0
CATCCCAGTTTACACG-1,0.0
CATCCCATCTCTGGTC-1,0.0
CATCCGTCAAGCCATT-1,0.0
CATCCGTCATTGTGCA-1,0.0
CATCCGTGTATCGATC-1,0.0
CATCCGTGTCGAAGCA-1,0.0
CATCCGTGTGTACATC-1,0.0
CATCCGTTCGCCAACG-1,0.0
CATCGCTAGCTTTGTG-1,0.0
CATCGCTCACGTTGGC-1,0.0
CATCGCTGTATGAGAT-1,0.0
CATCGCTTCGCAGTGC-1,0.7357710225371482
CATCGCTTCGTAGAGG-1,0.0
CATCGGGAGCCTGTGC-1,0.0
CATCGGGCAAATACGA-1,0.0
CATCGGGCAGCATTGT-1,0.0
CATCGGGTCAGGACAG-1,0.0
CATCGGGTCCCTCGAT-1,0.0
CATCGGGTCCTCTCGA-1,0.6129037813201247
CATCGGGTCTCGTCAC-1,0.0
CATCGTCGTACGATTC-1,0.0
CATCGTCGTAGCTTTG-1,0.0
CATCGTCTCGGTTCAA-1,0.0
CATGAGTAGCACCAGA-1,0.0
CATGAGTAGCTAATCC-1,0.0
CATGAGTAGTCTGGTT-1,0.0
CATGAGTCACTTGTGA-1,0.4092220851811053
CATGAGTCATGTTACG-1,0.0
CATGAGTGTAGACAAT-1,0.0
CATGAGTGTTATTCCT-1,0.4098260506781091
CATGAGTTCCCATACC-1,0.0
CATGAGTTCGACATAC-1,0.0
CATGAGTTCTCAAAGC-1,0.0
CATGCAAAGGTGGTTG-1,0.0
CATGCAACACACAGCC-1,0.0
CATGCAAGTATGCTAC-1,0.0
CATGCAAGTCTGTCCT-1,0.0
CATGCAAGTGAGTCAG-1,0.0
CATGCAAGTTTACCAG-1,0.0
CATGCAATCCCAGGAC-1,0.0
CATGCAATCCTTACCG-1,0.0
CATGCAATCGTAGAGG-1,0.0
CATGCCTAGACGCTCC-1,0.0
CATGCCTAGCTAATGA-1,0.0
CATGCCTCACTCACTC-1,0.0
CATGCCTTCTAGACCA-1,0.0
CATGCGGAGAGGATCC-1,0.0
CATGCGGAGTATGCAA-1,0.0
CATGCGGCAAAGCTAA-1,0.0
CATGCGGGTCACCTTC-1,0.0
CATGCGGGTCACTTCC-1,0.0
CATGCGGGTGCATGTT-1,0.0
CATGCGGGTGGTCTCG-1,0.0
CATGCGGTCGTTGCCT-1,0.0
CATGCTCAGCAGCACA-1,0.7723835053700877
CATGCTCAGCTACTAC-1,0.0
CATGCTCAGGAAGTCC-1,0.0
CATGCTCCACAGTATC-1,0.0
CATGCTCCAGCTGGTC-1,0.0
CATGCTCCATAGCACT-1,0.0
CATGCTCCATTCACAG-1,0.0
CATGCTCTCGACCATA-1,0.0
CATGCTCTCGTGCTCT-1,0.0
CATGGATAGGCCTTGC-1,0.0
CATGGATAGTGCAACG-1,0.0
CATGGATCAGGTTCCG-1,0.0
CATGGATGTTCTTAGG-1,0.0
CATGGATGTTTACGAC-1,0.0
CATGGATTCCGCGAGT-1,0.0
CATGGATTCGGCTGGT-1,0.0
CATGGATTCGTAACCA-1,0.0
CATGGTACAGCCGGTT-1,0.0
CATGGTACAGCTTCGG-1,0.0
CATGGTAGTCCACAGC-1,0.0
CATGGTAGTCGAAACG-1,0.0
CATGGTATCACCGGTG-1,0.0
CATGGTATCACCTGTC-1,0.6696106751365507
CATGGTATCAGACATC-1,0.8220005668948072
CATGGTATCCACCTCA-1,0.0
CATTCATAGTTTGAGA-1,0.0
CATTCATCAATTCTCT-1,0.0
CATTCATGTAGAGCTG-1,0.0
CATTCATTCGCTGACG-1,0.0
CATTCATTCTCCGTGT-1,0.0
CATTCCGAGCTGTGCC-1,0.0
CATTCCGCAAGACAAT-1,0.0
CATTCCGCAATTCGTG-1,0.0
CATTCCGCAGGTTCCG-1,0.0
CATTCCGGTACAGGTG-1,0.0
CATTCCGGTCAGATTC-1,0.0
CATTCCGGTTTGTTCT-1,0.9453323794664854
CATTCCGTCATTTACC-1,0.5370162191390894
CATTCCGTCCACATAG-1,0.0
CATTCCGTCGCGTCGA-1,0.0
CATTCCGTCTAAACGC-1,0.4283754993094261
CATTCTAAGACGCCAA-1,0.0
CATTCTAAGGTGAGAA-1,0.0
CATTCTAGTCTCCCTA-1,0.0
CATTCTATCAGACTGT-1,0.0
CATTCTATCCGTGGTG-1,0.0
CATTCTATCCTTACCG-1,0.0
CATTGAGAGCCTTTGA-1,0.4534251634762498
CATTGAGGTGTTCATG-1,0.0
CATTGAGGTGTTCCAA-1,0.0
CATTGAGGTTCGGTCG-1,0.0
CATTGAGTCCGTATAG-1,0.0
CATTGAGTCCTCACTG-1,0.0
CATTGAGTCTCGGTAA-1,0.0
CATTGAGTCTCTCCGA-1,0.0
CATTGCCAGAAGCCTG-1,0.0
CATTGCCAGATAGTGT-1,0.0
CATTGCCAGCAATAGT-1,0.0
CATTGCCAGTGCAGCA-1,0.0
CATTGCCCAGAGAAAG-1,0.0
CATTGCCTCCCAGGCA-1,0.0
CATTGTTAGTCTCTGA-1,0.0
CATTGTTCAGGTGGAT-1,0.4696255753542103
CATTGTTCATGTGGTT-1,0.0
CATTGTTTCTACGCAA-1,0.0
CATTTCAAGCGTTAGG-1,0.7107261686680216
CATTTCAAGGGATCGT-1,0.0
CATTTCAAGTTTCAGC-1,0.0
CATTTCACACCTTCCA-1,0.0
CATTTCACAGTGCGCT-1,0.0
CATTTCAGTACATTGC-1,0.0
CATTTCAGTAGGTAGC-1,0.0
CATTTCAGTGATGTAA-1,0.0
CATTTCAGTGTTATCG-1,0.0
CCAAGCGAGGTCACCC-1,0.0
CCAAGCGCAATCGCGC-1,0.0
CCAAGCGCACAAAGTA-1,0.0
CCAAGCGGTAGACGGT-1,0.0
CCAATGAAGCAAATCA-1,0.45288968848130023
CCAATGACATGAGGGT-1,0.0
CCAATGAGTAGCGTCC-1,0.0
CCAATGATCCTCTTTC-1,0.0
CCAATTTAGCATCCCG-1,0.0
CCAATTTCAGGTGAGT-1,0.0
CCAATTTCAGTATGAA-1,0.0
CCAATTTGTCTGGTTA-1,0.0
CCAATTTGTGAGGAAA-1,0.0
CCAATTTTCACTAGCA-1,0.0
CCACAAAAGACATAAC-1,0.0
CCACAAAAGACGCATG-1,0.0
CCACAAAAGATGTTAG-1,0.8408238199427295
CCACAAAAGCAATAGT-1,0.0
CCACAAACATAGGTTC-1,0.0
CCACAAAGTGATGAAT-1,0.0
CCACAAAGTGTACATC-1,0.0
CCACAAAGTTCGTGCG-1,0.0
CCACACTCAATAACGA-1,0.0
CCACACTCACAGCCAC-1,0.0
CCACACTGTATCTTCT-1,0.0
CCACACTGTGATACCT-1,0.0
CCACACTGTGGCGTAA-1,0.0
CCACACTGTTTCCAAG-1,0.7067625958622497
CCACACTTCCCAGGCA-1,0.0
CCACCATAGAGCCCAA-1,0.0
CCACCATAGGAATCGC-1,0.8980569882505695
CCACCATAGGTAACTA-1,0.0
CCACCATAGTGATCGG-1,0.0
CCACCATAGTGCCTCG-1,0.0
CCACCATTCTCTGACC-1,0.0
CCACCATTCTTTCTAG-1,0.0
CCACGAGAGCGATTCT-1,0.0
CCACGAGCAGACGATG-1,0.0
CCACGAGGTAGAATGT-1,0.0
CCACGAGGTGATCGTT-1,0.0
CCACGAGTCGCGATCG-1,0.0
CCACGTTCAACCGATT-1,0.0
CCACGTTCATGGCTGC-1,0.0
CCACGTTCATTCTCCG-1,0.0
CCACGTTGTCTCGGGT-1,0.0
CCACGTTGTTGACTGT-1,0.0
CCACTTGAGTGGACGT-1,0.0
CCACTTGCAACTCCCT-1,0.0
CCACTTGCACGTCGTG-1,0.0
CCACTTGGTAGGGTAC-1,0.0
CCACTTGGTCAAGTTC-1,0.0
CCACTTGGTGTGTCCG-1,0.0
CCACTTGTCGCCGATG-1,0.0
CCACTTGTCGTGCGAC-1,0.0
CCATAAGAGACGTCGA-1,0.0
CCATAAGAGCCACTCG-1,0.0
CCATAAGCATCGAGCC-1,0.0
CCATAAGCATCGCCTT-1,0.0
CCATAAGGTCGAAGCA-1,0.0
CCATAAGGTGACAGCA-1,0.0
CCATAAGGTTGTCATG-1,0.0
CCATCACCACTGAATC-1,0.0
CCATCACCATGGAACG-1,0.0
CCATCACGTCGCCACA-1,0.0
CCATCACGTTCGCGTG-1,0.0
CCATCACGTTCTAACG-1,0.0
CCATCACTCAAGCGTT-1,0.0
CCATCACTCAAGGCTT-1,0.0
CCCAACTCACGCTTAA-1,0.0
CCCAACTGTAAGTTGA-1,0.0
CCCAACTTCCTGGCTT-1,0.0
CCCAACTTCGGCATTA-1,0.36148034263527723
CCCATTGAGCACAAAT-1,0.0
CCCATTGAGCCTTTGA-1,0.0
CCCATTGCATCAGCAT-1,0.0
CCCATTGCATCCTATT-1,0.0
CCCATTGCATTCACCC-1,0.4726639718740615
CCCATTGGTAGTCGGA-1,0.0
CCCATTGGTGGAACAC-1,0.0
CCCATTGTCAGACAAA-1,0.0
CCCATTGTCAGCTTCC-1,0.0
CCCATTGTCATCTACT-1,0.0
CCCATTGTCCGGTAGC-1,0.0
CCCGAAGAGAAGTCTA-1,0.0
CCCGAAGAGCGAGAAA-1,0.0
CCCGAAGCATTCACCC-1,0.3018994925547528
CCCGAAGTCAGCTGAT-1,0.0
CCCGAAGTCGTACCTC-1,0.0
CCCGGAAAGCGAATGC-1,0.0
CCCGGAAAGGTGAGAA-1,0.8836003474200427
CCCGGAAGTCACGTGC-1,0.0
CCCGGAATCCAATGCA-1,0.0
CCCTAACAGAAACCAT-1,0.2350962930623521
CCCTAACAGACGGATC-1,0.0
CCCTAACAGCAGGCAT-1,0.8188775952655549
CCCTAACAGTATCCTG-1,0.0
CCCTAACCAACGCCCA-1,0.0
CCCTCAAAGGCACAAC-1,0.0
CCCTCAAGTTCCGTTC-1,0.0
CCCTCAATCCTCACCA-1,0.0
CCCTCAATCTCATGGA-1,0.0
CCCTCTCAGAAACTCA-1,0.0
CCCTCTCCACAAACGG-1,0.0
CCCTCTCCACAGTCAT-1,0.36148957397994996
CCCTCTCCACTGCGAC-1,0.0
CCCTCTCGTGGGTTGA-1,0.0
CCCTCTCGTTTCGTTT-1,0.0
CCCTGATAGATAACAC-1,0.0
CCCTGATCACAATTCG-1,0.9826025800364605
CCCTGATCAGAAATTG-1,0.0
CCCTGATGTAGCTGTT-1,0.0
CCCTTAGAGCCTGTCG-1,0.0
CCCTTAGCAACTGGTT-1,0.0
CCCTTAGCATATGAAG-1,0.0
CCCTTAGCATCAGCTA-1,0.0
CCCTTAGGTCGATGCC-1,0.0
CCCTTAGTCAACTGGT-1,0.0
CCCTTAGTCCTGTACC-1,0.0
CCCTTAGTCGCAGTGC-1,0.7750075918492995
CCGAACGAGACATAAC-1,0.0
CCGAACGAGATCGGTG-1,0.0
CCGAACGAGATTGATG-1,0.0
CCGAACGGTACGACAG-1,0.0
CCGAACGGTAGCGTTT-1,0.0
CCGAACGGTCAAAGCG-1,0.0
CCGAACGGTCGCGTCA-1,0.0
CCGAACGGTGCAGGAT-1,0.0
CCGAACGTCCTAAACG-1,0.0
CCGAACGTCGCAGAGA-1,0.0
CCGATCTCAAAGCTAA-1,0.0
CCGATCTCAGATTCGT-1,0.0
CCGATCTGTAGTCTGT-1,0.0
CCGATCTTCCACAGGC-1,0.0
CCGATCTTCGTTGTGA-1,0.0
CCGATCTTCTTACTGT-1,0.0
CCGATGGAGATGAATC-1,0.0
CCGATGGCAGTAGTTC-1,0.0
CCGATGGTCTGCACCT-1,0.0
CCGCAAGAGCGACATG-1,0.0
CCGCAAGAGGATGAGA-1,0.0
CCGCAAGCAATTGAAG-1,0.0
CCGCAAGGTGACAGCA-1,0.5370161961758008
CCGCAAGTCAGGTAAA-1,0.0
CCGGACAAGCACTCGC-1,0.0
CCGGACAAGGGTGAGG-1,0.0
CCGGACACAGTCGGTC-1,0.0
CCGGACAGTTCCTAGA-1,0.0
CCGGACATCATCGACA-1,0.0
CCGGACATCGTTAGAC-1,0.0
CCGGGTAAGATAACGT-1,0.0
CCGGGTAAGTGCAGGT-1,0.0
CCGGGTAGTACAGGTG-1,0.0
CCGGGTAGTCCACACG-1,0.0
CCGGTAGAGGTTACCT-1,0.0
CCGGTAGCACTTTATC-1,0.0
CCGGTAGCAGCTGTAT-1,0.0
CCGGTAGGTGGATCAG-1,0.0
CCGGTGAAGAAGTCAT-1,0.0
CCGGTGAAGTGGTCAG-1,0.0
CCGGTGAGTCCCTGAG-1,0.22534360417915597
CCGGTGAGTCGATGCC-1,0.0
CCGGTGATCCAATCCC-1,0.0
CCGGTGATCCATCCGT-1,0.0
CCGTAGGAGACCCTTA-1,0.0
CCGTAGGAGGGCCTCT-1,0.0
CCGTAGGAGTCAACAA-1,0.0
CCGTAGGCACTAGTAC-1,0.0
CCGTAGGCAGCGATTT-1,0.0
CCGTAGGGTAGCTGTT-1,0.0
CCGTAGGGTCTGCGCA-1,0.0
CCGTAGGGTTCAATCG-1,0.0
CCGTAGGGTTCTTGTT-1,0.0
CCGTAGGTCATAGGCT-1,0.0
CCGTAGGTCTCCGATC-1,0.0
CCGTGAGAGTAACCGG-1,0.0
CCGTGAGAGTTTAGGA-1,0.7126735633430457
CCGTGAGCACAAGCTT-1,0.0
CCGTGAGGTCCTGTCT-1,0.25553123355715246
CCGTGAGTCAACCTCC-1,0.0
CCGTGAGTCCGTGTGG-1,0.0
CCGTGAGTCTGATTCT-1,0.0
CCGTTCACAAGGGTCA-1,0.0
CCGTTCACACCGTGGT-1,0.0
CCGTTCACACGGTAGA-1,0.0
CCGTTCACAGAATCGG-1,0.0
CCGTTCACAGCGGATA-1,0.0
CCGTTCATCGTAACAC-1,0.0
CCTAACCAGACGGAAA-1,0.5691343440944543
CCTAACCCAAATCGTC-1,0.4257057985629586
CCTAACCCAGATCCAT-1,0.4434064147430011
CCTAACCGTACTTCCC-1,0.3064507668633541
CCTAACCGTCAAATCC-1,0.0
CCTAACCGTGTATCCA-1,0.0
CCTAACCGTTCAAGTC-1,0.0
CCTAAGAAGACAGCGT-1,0.0
CCTAAGAAGCGAGGAG-1,0.0
CCTAAGAAGTCGAAGC-1,0.0
CCTAAGACAGATACTC-1,0.0
CCTAAGACATGACCCG-1,0.0
CCTAAGAGTACCAATC-1,0.0
CCTAAGATCTGGGCGT-1,0.0
CCTACGTAGAAACTCA-1,0.0
CCTACGTCAGAGCCCT-1,0.0
CCTACGTCAGCTATTG-1,0.0
CCTACGTTCACTGTCC-1,0.0
CCTACGTTCGCTCATC-1,0.0
CCTATCGCACTGGCCA-1,0.0
CCTATCGGTGCATTAC-1,0.0
CCTATCGGTTCGCGTG-1,0.0
CCTATCGTCGAGATAA-1,0.0
CCTATCGTCGTGTCAA-1,0.0
CCTCAACAGAAGCGGG-1,0.0
CCTCAACAGCGGTAGT-1,0.0
CCTCAACAGTCTGGAG-1,0.0
CCTCAACAGTGACCTT-1,0.0
CCTCAACCACATCATG-1,0.0
CCTCAACGTCAAACGG-1,0.0
CCTCAACGTCCGGACT-1,0.0
CCTCAACGTTACGTAC-1,0.0
CCTCAACGTTTCGTAG-1,0.0
CCTCAACTCCTGGGAC-1,0.0
CCTCACAAGAAATGGG-1,0.0
CCTCACAAGCCACTCG-1,0.0
CCTCACAAGCGTGTTT-1,0.0
CCTCACAAGCTTACGT-1,0.0
CCTCACACAATTGAAG-1,0.2283118859529135
CCTCACACAGACCGCT-1,0.6503893437100415
CCTCACACATGTCTAG-1,0.0
CCTCACATCCTTCTAA-1,0.0
CCTCAGTAGAAGTCAT-1,0.0
CCTCAGTAGACGACTG-1,0.0
CCTCAGTAGTTTCGAC-1,0.23772155880616042
CCTCAGTGTAAGGCTG-1,0.0
CCTCAGTGTAGCACAG-1,0.0
CCTCATGAGAACCGCA-1,0.0
CCTCATGAGGCAGCTA-1,0.0
CCTCATGCAACACTAC-1,0.0
CCTCATGCACCTGCGA-1,0.0
CCTCATGCATGAATAG-1,0.0
CCTCCAAAGGCCTAAG-1,0.0
CCTCCAAAGGTTAAAC-1,0.0
CCTCCAAGTCGCATTA-1,0.8414326902358872
CCTCCAAGTTACCTTT-1,0.0
CCTCCAATCACAAGGG-1,0.0
CCTCCTCAGATTGTGA-1,0.0
CCTCCTCAGTCATAGA-1,0.0
CCTCCTCGTAGAAACT-1,0.0
CCTCCTCGTCCGACGT-1,0.0
CCTCCTCGTGCACGCT-1,0.0
CCTCCTCTCCATCTCG-1,0.0
CCTCTAGGTGCATACT-1,0.0
CCTCTAGTCTCGGTAA-1,0.0
CCTCTAGTCTGCTTAT-1,0.0
CCTCTAGTCTGGCTGG-1,0.23135486247737078
CCTCTCCAGCCTCATA-1,0.0
CCTCTCCAGTGTTCAC-1,0.0
CCTCTCCAGTTCGCAT-1,0.0
CCTCTCCCACTGTGAT-1,0.0
CCTCTCCGTAACGCGA-1,0.0
CCTCTCCGTATGCAAA-1,0.0
CCTCTCCTCCCATAAG-1,0.0
CCTCTCCTCCCTCTCC-1,0.0
CCTCTCCTCGCTGCGA-1,0.5370162229794561
CCTGCATCAGAAACCG-1,0.0
CCTGCATCAGACCCGT-1,0.0
CCTGCATGTTCCACGG-1,0.0
CCTGCATTCGCTTGCT-1,0.0
CCTGCATTCTACTATC-1,0.0
CCTGTTGGTCGATGCC-1,0.0
CCTGTTGGTTGCCGCA-1,0.0
CCTGTTGTCACCCATC-1,0.0
CCTGTTGTCGTTCGCT-1,0.0
CCTTCAGAGAAATCCA-1,0.0
CCTTCAGAGCATGGGT-1,0.0
CCTTCAGGTCATTCCC-1,0.0
CCTTCAGTCAGTCCGG-1,0.0
CCTTCAGTCATTTGGG-1,0.0
CCTTCAGTCCTTGGAA-1,0.0
CCTTCAGTCGCAGAGA-1,0.0
CCTTGTGAGAGGTATT-1,0.0
CCTTGTGAGCTGGCTC-1,0.5370163018368412
CCTTGTGCAATGTTGC-1,0.7471268252143779
CCTTGTGGTCGGAACA-1,0.0
CCTTGTGTCGTGTTCC-1,0.0
CCTTTGGAGAGATTCA-1,0.0
CCTTTGGAGCTGACCC-1,0.0
CCTTTGGCAGCGAGTA-1,0.0
CCTTTGGGTACTAAGA-1,0.3242368091257452
CCTTTGGGTCTCAAGT-1,0.6121664114878802
CCTTTGGGTCTGTAAC-1,0.5937778162494004
CGAAGGAAGACTCGAG-1,0.0
CGAAGGAAGAGTTGCG-1,0.0
CGAAGGAAGATGTTGA-1,0.0
CGAAGGAAGGTCATTC-1,0.0
CGAAGGACATACCGTA-1,0.0
CGAAGGACATTGCCGG-1,0.0
CGAAGGAGTATCTTCT-1,0.9473219816310269
CGAAGGAGTCAGCGTC-1,0.0
CGAAGGAGTGAATAAC-1,0.0
CGAAGGAGTGTATTCG-1,0.7713566814122856
CGAAGGATCAGCCTTC-1,0.0
CGAAGTTAGCCGTTGC-1,0.0
CGAAGTTAGCGCTTCG-1,0.0
CGAAGTTAGGCTCTCG-1,0.0
CGAAGTTAGGTTATAG-1,0.0
CGAAGTTCACCCTCTA-1,0.0
CGAAGTTCAGTTACCA-1,0.0
CGAAGTTCATCCTATT-1,0.0
CGAATTGAGCACAAAT-1,0.0
CGAATTGAGTAGCATA-1,0.0
CGAATTGGTCAAACGG-1,0.0
CGAATTGGTGACGTCC-1,0.0
CGAATTGTCGAGTTGT-1,0.0
CGACAGCAGAACTTCC-1,0.0
CGACAGCAGTGGTTCT-1,0.0
CGACAGCGTAGGTGCA-1,0.0
CGACAGCGTCCGACGT-1,0.0
CGACAGCTCGATACTG-1,0.0
CGAGAAGCAGCGAGTA-1,0.0
CGAGAAGCAGGCCTGT-1,0.0
CGAGAAGGTACACGCC-1,0.0
CGAGAAGGTCGACTTA-1,0.5370162452098469
CGAGGAACAACCGACC-1,0.0
CGAGGAAGTGACTCTA-1,0.0
CGAGGAAGTGTTACAC-1,0.0
CGAGGAATCGCGCTGA-1,0.0
CGAGGCTCAAGGTCAG-1,0.0
CGAGGCTCACCGTCTT-1,0.0
CGAGGCTCATGTTTGG-1,0.0
CGAGGCTTCATGCTAG-1,0.0
CGAGGCTTCTACGGTA-1,0.0
CGAGTGCAGACAGTCG-1,0.0
CGAGTGCCAAGTCATC-1,0.0
CGAGTGCCAGCAGTGA-1,0.0
CGAGTGCCAGTAACGG-1,0.9142783611512233
CGAGTGCGTAAGCAAT-1,0.0
CGAGTGCGTTCTAACG-1,0.0
CGAGTGCTCAGCTTCC-1,0.0
CGAGTGCTCGTCCATC-1,0.0
CGAGTGCTCTACTCAT-1,0.537016259486301
CGAGTTAAGCGGTATG-1,0.0
CGAGTTACAACGGCCT-1,0.0
CGAGTTACAAGCAATA-1,0.962597393430188
CGAGTTAGTCTAACGT-1,0.0
CGAGTTATCTCTAGGA-1,0.0
CGATCGGAGCTCGAAG-1,0.0
CGATCGGTCGGCTGAC-1,0.0
CGATGCGAGAAACACT-1,0.8119316699044579
CGATGCGAGACCAACG-1,0.0
CGATGCGAGCTTCATG-1,0.0
CGATGCGAGTCAGCGA-1,0.2375331794393151
CGATGCGAGTCTGGAG-1,0.0
CGATGCGCAATCTAGC-1,0.0
CGATGCGCAGTGTGCC-1,0.0
CGATGCGCATAGGTTC-1,0.7104234328989358
CGATGCGCATCGCTGG-1,0.4561068906255491
CGATGCGGTGCCTGCA-1,0.0
CGATGCGTCTAACGGT-1,0.0
CGATGCGTCTGGGAGA-1,0.0
CGATGGCAGGTAGTAT-1,0.0
CGATGGCCAAATCAGA-1,0.0
CGATGGCCATCCTCAC-1,0.0
CGATGGCTCGACGCGT-1,0.0
CGCAGGTAGGATATAC-1,0.0
CGCAGGTGTCGCATGC-1,0.0
CGCAGGTGTCTCCCTA-1,0.0
CGCAGGTGTGGTCTGC-1,0.2872096352894118
CGCAGGTGTTCTCAGA-1,0.0
CGCAGGTTCACTGAAC-1,0.0
CGCATAAGTAGCGTCC-1,0.0
CGCATGGAGACATAAC-1,0.0
CGCATGGCAAGACGGT-1,0.7410996922438854
CGCATGGCACCAGGTC-1,0.0
CGCATGGCACCTTCCA-1,0.0
CGCATGGGTCGTATTG-1,0.0
CGCATGGGTGCCCTTT-1,0.0
CGCATGGGTTCGTTCC-1,0.5207754920482283
CGCCAGAAGCGCATCC-1,0.0
CGCCAGAAGTCGCTAT-1,0.0
CGCCAGACAACACGTT-1,0.0
CGCCAGACACGACAGA-1,0.0
CGCCAGAGTCATCTAG-1,0.0
CGCCAGATCTGCATGA-1,0.7045849079697852
CGCCATTCAGTTACCA-1,0.0
CGCCATTGTGTAGTGG-1,0.0
CGCCATTTCGCCTATC-1,0.0
CGCGTGAAGCTGCGAA-1,0.0
CGCGTGAAGGTGCTGA-1,0.0
CGCGTGAAGTAACCTC-1,0.8586436119036308
CGCGTGAAGTCACGCC-1,0.0
CGCGTGAGTTTACTGG-1,0.0
CGGAACCAGAGGTTAT-1,0.0
CGGAACCAGCAAGCCA-1,0.0
CGGAACCCAGCGAGTA-1,0.0
CGGAACCTCAAAGGAT-1,0.0
CGGAACCTCGATTTCT-1,0.0
CGGAATTAGGCCACTC-1,0.0
CGGAATTAGTCTTGGT-1,0.0
CGGAATTCAAGGTCTT-1,0.0
CGGAATTCACTTCAAG-1,0.0
CGGAATTCAGAAGTTA-1,0.0
CGGAATTGTCCTGGGT-1,0.0
CGGAATTGTCGACTGC-1,0.0
CGGAATTGTGAGACCA-1,0.0
CGGAATTGTTATGGTC-1,0.0
CGGAATTTCGTTCGCT-1,0.0
CGGAATTTCTTCTCAA-1,0.0
CGGACACGTGGATTTC-1,0.0
CGGACACTCTAGCCTC-1,0.0
CGGACACTCTCGAACA-1,0.0
CGGAGAAAGAAGCGGG-1,0.0
CGGAGAAAGAGAGGTA-1,0.3680995071868296
CGGAGAAAGTACGAGC-1,0.0
CGGAGAACATCACAGT-1,0.0
CGGAGAACATGTGCTA-1,0.0
CGGAGAATCTCAACCC-1,0.0
CGGCAGTAGCACTAAA-1,0.0
CGGCAGTAGGGTCAAC-1,0.0
CGGCAGTCACTCCGGA-1,0.46283482648234825
CGGCAGTCATTCACCC-1,0.0
CGGCAGTGTTTACGAC-1,0.0
CGGCAGTTCAGTCTTT-1,0.0
CGGCAGTTCCTACCGT-1,0.0
CGGGACTAGCATCCTA-1,0.0
CGGGACTAGCTGTTAC-1,0.0
CGGGACTCAAGTGCAG-1,0.0
CGGGACTGTTCGGTAT-1,0.0
CGGGACTTCCCGGTAG-1,0.0
CGGGACTTCCCGTTGT-1,0.0
CGGGCATCATGATGCT-1,0.0
CGGGCATGTATTGACC-1,0.0
CGGGCATGTGGACTGA-1,0.0
CGGGCATGTTCTCAGA-1,0.0
CGGGCATTCCAAGCAT-1,0.0
CGGGCATTCCGAGGCT-1,0.0
CGGGTCAAGCGCCATC-1,0.0
CGGGTCAAGTCTGCAT-1,0.0
CGGGTCAAGTGCAGGT-1,0.0
CGGGTCACAAGCGAAC-1,0.0
CGGGTCACAGAGGACT-1,0.5664981108521728
CGGGTCAGTTCAATCG-1,0.0
CGGGTCATCACGGACC-1,0.0
CGGGTGTAGAACCGCA-1,0.0
CGGGTGTAGGTAGATT-1,0.0
CGGGTGTCAGACATCT-1,0.0
CGGGTGTCAGTTAAAG-1,0.0
CGGTCAGAGCTGACCC-1,0.837217423909231
CGGTCAGAGGGCAGTT-1,0.0
CGGTCAGCACAAGCCC-1,0.0
CGGTCAGCACACCTTC-1,0.459017942638409
CGGTCAGTCATGAGAA-1,0.0
CGTAAGTAGCTGAAAT-1,0.0
CGTAATGTCAACGCTA-1,0.7572787902250303
CGTAATGTCACTGCTC-1,0.0
CGTAGTAAGACATCCT-1,0.0
CGTAGTAAGCTGTTAC-1,0.0
CGTAGTAAGTAGGATT-1,0.0
CGTAGTACAGAGATTA-1,0.0
CGTAGTACAGCTGCCA-1,0.0
CGTAGTAGTGCATTAC-1,0.0
CGTAGTATCAATCCAG-1,0.0
CGTAGTATCTCCTGAC-1,0.0
CGTAGTATCTCGACGG-1,0.0
CGTCAAAAGCAAGCCA-1,0.0
CGTCAAAAGCCGTCGT-1,0.0
CGTCAAAAGCCTCTGG-1,0.0
CGTCAAAAGCTCGGCT-1,0.0
CGTCAAAGTCGTGCCA-1,0.0
CGTCAAAGTGAATATG-1,0.0
CGTCAAAGTTAGGAGC-1,0.0
CGTCAAATCCTATGGA-1,0.23644686430125997
CGTCCATAGCTGACCC-1,0.0
CGTCCATCAGAGCTAG-1,0.0
CGTCCATCAGCGATTT-1,0.0
CGTCCATTCTTCCCAG-1,0.0
CGTGAATAGCGTCAAG-1,0.0
CGTGAATCAACTGGTT-1,0.0
CGTGAATCACGCTGTG-1,0.796472448971446
CGTGAATGTACAAAGT-1,0.0
CGTGAATGTGTGAATA-1,0.0
CGTGATAAGGCCTGCT-1,0.0
CGTGATACAACGCCCA-1,0.7701986989430247
CGTGATAGTAGCGTAG-1,0.0
CGTGATAGTCAACACT-1,0.0
CGTGATAGTCTTTCTA-1,0.0
CGTGATAGTGTCATTG-1,0.0
CGTGATAGTTTACGAC-1,0.0
CGTGATATCAGTGGGA-1,0.0
CGTGATATCCAGCCTT-1,0.0
CGTGATATCTAAACGC-1,0.0
CGTGCTTAGCAATAAC-1,0.7829174978578688
CGTGCTTAGCTCCGAC-1,0.0
CGTGCTTCAAGACGAC-1,0.0
CGTGCTTCACCAAAGG-1,0.0
CGTGCTTCAGAGTTCT-1,0.0
CGTGCTTCAGCGAACA-1,0.0
CGTGCTTCAGGTGTGA-1,0.0
CGTGCTTGTGACAGGT-1,0.0
CGTGCTTGTTTACACG-1,0.0
CGTGCTTTCCTGTAGA-1,0.0
CGTGTCTAGATCGGTG-1,0.0
CGTGTCTAGCTTCGTA-1,0.0
CGTGTCTCAGTGTGCC-1,0.0
CGTGTCTTCAAAGGAT-1,0.0
CGTGTCTTCAAATGAG-1,0.0
CGTTAGACACTGAATC-1,0.0
CGTTAGAGTAAGGCCA-1,0.0
CGTTAGAGTTTGAACC-1,0.0
CGTTAGATCACCTGGG-1,0.0
CGTTAGATCTATGCCC-1,0.0
CGTTCTGCACACCTGG-1,0.7370101846979205
CGTTCTGTCAGCGTCG-1,0.0
CGTTCTGTCGGCAGTC-1,0.0
CGTTGGGAGCCGATAG-1,0.0
CGTTGGGAGTCTCGTA-1,0.0
CGTTGGGAGTGGATTA-1,0.0
CGTTGGGAGTGTCATC-1,0.0
CGTTGGGCAATGAACA-1,0.784596026297455
CGTTGGGTCAGACTGT-1,0.0
CGTTGGGTCCGTAGTA-1,0.0
CTAACCCAGAGTCAGC-1,0.0
CTAACCCAGATTGGGC-1,0.7136042516688043
CTAACCCAGCCATTTG-1,0.0
CTAACCCCACCTTCCA-1,0.0
CTAACCCGTCACGTGC-1,0.0
CTAACCCTCATTCTTG-1,0.0
CTAACCCTCGAGTGAG-1,0.0
CTAACTTAGAAGGATG-1,0.0
CTAACTTAGCTAAATG-1,0.0
CTAACTTAGCTCTATG-1,0.0
CTAACTTAGTAGAATC-1,0.0
CTAACTTCAAACGAGC-1,0.0
CTAACTTCATCCGCGA-1,0.0
CTAACTTGTACAGTTC-1,0.9640493087507104
CTAACTTTCAGGACAG-1,0.0
CTAAGTGAGTGCCTCG-1,0.0
CTAAGTGAGTTGGAGC-1,0.0
CTAAGTGCACTCCGAG-1,0.0
CTAAGTGCACTGTCCT-1,0.0
CTAAGTGGTACAATAG-1,0.0
CTAAGTGGTCTCTCCA-1,0.0
CTAAGTGGTGATTCTG-1,0.0
CTAAGTGTCGGTTCAA-1,0.0
CTACAGAAGAGCAACC-1,0.0
CTACAGAAGGGCTGAT-1,0.5370162285059877
CTACAGAAGTATTGCC-1,0.0
CTACAGACACTCCACT-1,0.0
CTACAGAGTACCTAAC-1,0.6760367778032863
CTACAGAGTACTGCCG-1,0.0
CTACAGAGTAGCTCGC-1,0.0
CTACAGAGTATGGGAC-1,0.0
CTACAGAGTTAAGGAT-1,0.0
CTACAGATCGCAATTG-1,0.0
CTACATTAGACCAAGC-1,0.0
CTACATTAGTGCACAG-1,0.0
CTACATTCAGCAGTCC-1,0.0
CTACCCACACTTCAGA-1,0.2713784271969678
CTACCCAGTCTGTGGC-1,0.0
CTACCCAGTTGACGGA-1,0.0
CTACCCATCTATCGTT-1,0.5753861931415681
CTACCCATCTGTGCGG-1,0.0
CTACCTGAGGTGATCG-1,0.0
CTACCTGGTCGCTTAA-1,0.0
CTACCTGGTCGGAACA-1,0.0
CTACCTGGTGTCCATA-1,0.0
CTACCTGTCTTCTAAC-1,0.0
CTACGGGAGCCGTTGC-1,0.0
CTACGGGAGCGTGAGT-1,0.2604974255201211
CTACGGGAGTGTTGTC-1,0.0
CTACGGGCAGGATTCT-1,0.0
CTACGGGGTGCCTACG-1,0.3055857614597631
CTACGGGTCATTCCTA-1,0.0
CTACGGGTCCGCCTAT-1,0.0
CTACGGGTCTGGTCAA-1,0.0
CTACTATCAATATCCG-1,0.0
CTACTATTCAGACCTA-1,0.0
CTACTATTCATTACGG-1,0.0
CTAGACAAGATGCAGC-1,0.5821887281005653
CTAGACAAGCCTATTG-1,0.0
CTAGACACAGCTCCTT-1,0.0
CTAGACACAGTCGGAA-1,0.0
CTAGACAGTGACCGTC-1,0.0
CTAGGTAAGTATAGGT-1,0.0
CTAGGTAAGTCTCTGA-1,0.0
CTAGGTAAGTCTGGTT-1,0.0
CTAGGTACATATCTGG-1,0.0
CTAGGTAGTACACTCA-1,0.3075574645808068
CTAGGTAGTATGAAAC-1,0.0
CTAGGTATCCCGTTCA-1,0.6587865261498833
CTAGGTATCGAATGCT-1,0.0
CTATAGGAGCACGATG-1,0.0
CTATAGGAGCGTGAGT-1,0.0
CTATAGGGTCTCTCAC-1,0.0
CTATAGGTCAGGTAAA-1,0.0
CTATAGGTCTCGGCTT-1,0.0
CTATAGGTCTGGACCG-1,0.53701629540204
CTATCCGAGACGACTG-1,0.0
CTATCCGAGGGTGAGG-1,0.0
CTATCCGAGTCGGGAT-1,0.0
CTATCCGGTCGATGCC-1,0.0
CTATCCGTCTCATGCC-1,0.0
CTATCCGTCTCTCAAT-1,0.0
CTATCTAAGGTTGACG-1,0.0
CTATCTAAGTAGACAT-1,0.0
CTATCTACATGGTACT-1,0.0
CTATCTATCCCGAGGT-1,0.0
CTATCTATCGTGCAGC-1,0.0
CTCAACCAGCAGGCAT-1,0.0
CTCAACCAGGGTACGT-1,0.0
CTCAACCCAATACCTG-1,0.0
CTCAACCCAGTCTGGC-1,0.26786992814445554
CTCAACCGTCGTCTCT-1,0.0
CTCAACCGTGTCCAAT-1,0.0
CTCAACCGTTCAAGTC-1,0.8940030456847161
CTCAACCTCTCCTACG-1,0.0
CTCAAGACAACAGCCC-1,0.31442614495840987
CTCAAGACAACTTGCA-1,0.0
CTCAAGACACTTACAG-1,0.0
CTCAAGACAGGCGTTC-1,0.0
CTCAAGACAGTAGTGG-1,0.0
CTCAAGAGTCCAAAGG-1,0.0
CTCAAGATCGAGAACG-1,0.0
CTCAAGATCGTGGACC-1,0.0
CTCAAGATCTCTAAGG-1,0.0
CTCAATTCACATACGT-1,0.7278049726284473
CTCAATTGTATCGTAC-1,0.0
CTCACTGAGATAACGT-1,0.0
CTCACTGCAGACCAGA-1,0.0
CTCACTGCATCCTATT-1,0.0
CTCACTGGTTAGTTCG-1,0.0
CTCACTGTCCACACCT-1,0.0
CTCACTGTCCCTGGTT-1,0.0
CTCACTGTCGATGCTA-1,0.0
CTCACTGTCTGCGAGC-1,0.0
CTCAGAAAGCGCTGAA-1,0.0
CTCAGAAAGGGCCAAT-1,0.0
CTCAGAACAATGTTGC-1,0.0
CTCAGAACAATTGCTG-1,0.0
CTCAGAATCTCACGAA-1,0.0
CTCAGGGAGAGAGCCT-1,0.6897987273265166
CTCAGGGCATCATCCC-1,0.0
CTCAGGGTCGCATGAT-1,0.0
CTCAGTCAGTTGAATG-1,0.0
CTCAGTCAGTTGCCTA-1,0.0
CTCAGTCGTCCTACGG-1,0.0
CTCAGTCTCGACTCCT-1,0.5370161911396705
CTCATCGAGCCATTTG-1,0.0
CTCATCGAGCGACCCT-1,0.0
CTCATCGAGGTGAGAA-1,0.0
CTCATCGCACACCAGC-1,0.0
CTCATCGCAGCACAGA-1,0.0
CTCATCGGTGCAACAG-1,0.0
CTCATCGTCCCATTCG-1,0.0
CTCATCGTCCTCAGGG-1,0.0
CTCATCGTCTGGAGAG-1,0.0
CTCATGCAGGCAATGC-1,0.0
CTCATGCAGTAAGCAT-1,0.0
CTCATGCAGTCCCAGC-1,0.0
CTCATGCAGTGCACCC-1,0.0
CTCATGCCATGACGAG-1,0.0
CTCATGCGTAACAGTA-1,0.0
CTCATGCGTCGTATGT-1,0.0
CTCATGCGTCTCCCTA-1,0.0
CTCATGCTCTGGGCGT-1,0.0
CTCATTAAGCCGTTAT-1,0.0
CTCATTATCTAGCAAC-1,0.0
CTCATTATCTCGACCT-1,0.0
CTCCAACAGTGGATTA-1,0.0
CTCCAACCACGACTAT-1,0.0
CTCCAACGTCATCGGC-1,0.304162659676653
CTCCAACGTGGTTTAC-1,0.0
CTCCAACTCTTTCAGT-1,0.0
CTCCACAAGACAAGCC-1,0.0
CTCCACAAGCACAAAT-1,0.0
CTCCACAAGGACTGGT-1,0.0
CTCCACAAGTACGAGC-1,0.0
CTCCACACAAGAATAC-1,0.0
CTCCACATCGGAAACG-1,0.0
CTCCATGAGCGACTAG-1,0.0
CTCCATGAGCGTCAAG-1,0.0
CTCCATGAGCGTGAAC-1,0.0
CTCCATGCACGACCTG-1,0.0
CTCCATGGTACTGCCG-1,0.0
CTCCATGGTTCGTAAC-1,0.0
CTCCCAAAGATACAGT-1,0.0
CTCCCAAAGGCAGGTT-1,0.0
CTCCCAACAACGTATC-1,0.0
CTCCCAACAGAGGTAC-1,0.0
CTCCCAACAGCGACAA-1,0.0
CTCCCAATCCCAACTC-1,0.0
CTCCCTCAGGAGATAG-1,0.0
CTCCCTCCACTTCTCG-1,0.0
CTCCCTCCAGTAACAA-1,0.0
CTCCCTCCATACAGGG-1,0.0
CTCCCTCGTACTCGTA-1,0.0
CTCCCTCGTGAGAGGG-1,0.0
CTCCCTCTCGGCTTCT-1,0.0
CTCCGATAGAATCGCG-1,0.0
CTCCGATCACGGTGAA-1,0.0
CTCCGATCACGTAGAG-1,0.0
CTCCGATGTAGTGCGA-1,0.27946984873121977
CTCCGATGTTCGTAAC-1,0.0
CTCCGATGTTTGGAAA-1,0.0
CTCCTCCGTAGCACAG-1,0.0
CTCCTCCTCAAGTCTG-1,0.0
CTCCTCCTCATCACTT-1,0.0
CTCCTCCTCCCAACTC-1,0.0
CTCCTCCTCCTCTGCA-1,0.0
CTCCTTTTCGCCGAGT-1,0.0
CTCCTTTTCGGCTTGG-1,0.0
CTCGAGGTCCAGCTCT-1,0.8379560898138037
CTCGAGGTCGCTTAAG-1,0.0
CTCGAGGTCTCGGTCT-1,0.0
CTCTCAGAGAGTTGAT-1,0.0
CTCTCAGCAAAGGCAC-1,0.5754304966267656
CTCTCAGCAATCGCAT-1,0.7938834805400375
CTCTCAGCAATTCGTG-1,0.0
CTCTCAGCATTGCCGG-1,0.0
CTCTCGACATTGAGGG-1,0.0
CTCTCGAGTAGAGGAA-1,0.0
CTCTCGAGTTTGTGGT-1,0.0
CTCTCGATCCACCTCA-1,0.0
CTCTGGTAGCATTGAA-1,0.0
CTCTGGTAGCGTCAAG-1,0.0
CTCTGGTTCGAAGCCC-1,0.0
CTCTGGTTCGGCTGAC-1,0.0
CTCTGGTTCTGACGCG-1,0.0
CTGAATGAGCTCCGAC-1,0.0
CTGAATGAGCTGAAAT-1,0.0
CTGAATGGTATGTGTC-1,0.0
CTGAATGGTCTTCCGT-1,0.0
CTGAATGTCATGGATC-1,0.0
CTGAGCGAGAACTTCC-1,0.0
CTGAGCGAGTCATGGG-1,0.0
CTGAGCGGTATGCGGA-1,0.0
CTGAGCGGTTAACCTG-1,0.0
CTGAGCGTCTCTCTAA-1,0.41022587368703795
CTGAGGCAGACGCCCT-1,0.0
CTGAGGCAGAGAGCCT-1,0.0
CTGAGGCAGCCTCAAT-1,0.0
CTGAGGCGTAGCGTTT-1,0.0
CTGAGGCGTGATACCT-1,0.0
CTGAGGCGTTGGAGGT-1,0.0
CTGAGGCTCACCTCAC-1,0.0
CTGAGGCTCAGCCTTC-1,0.0
CTGAGGCTCCGCAACG-1,0.6460896803865597
CTGAGGCTCCTTGGAA-1,0.0
CTGATCCAGTACAGCG-1,0.0
CTGATCCGTCGAAACG-1,0.0
CTGATCCTCTCCTGTG-1,0.7765712845640569
CTGCAGGAGCTTAAGA-1,0.0
CTGCAGGCACAGCCAC-1,0.0
CTGCAGGGTAGTAAGT-1,0.0
CTGCAGGGTGACGCCT-1,0.0
CTGCAGGGTGTCGATT-1,0.0
CTGCAGGGTGTGTACT-1,0.0
CTGCAGGGTTGTTGCA-1,0.0
CTGCAGGTCACGAGGA-1,0.0
CTGCAGGTCATGCATG-1,0.0
CTGCAGGTCATTACTC-1,0.5306925467381536
CTGCAGGTCGGCTGAC-1,0.0
CTGCAGGTCGGCTGGT-1,0.0
CTGCAGGTCGGTCGGT-1,0.0
CTGCAGGTCTCGTCGT-1,0.0
CTGCAGGTCTTACGTT-1,0.0
CTGCAGGTCTTCTAAC-1,0.0
CTGCAGGTCTTCTGGC-1,0.0
CTGCATCAGACCCTTA-1,0.0
CTGCATCAGGTATAGT-1,0.0
CTGCATCAGTGCACCC-1,0.0
CTGCATCCAAAGACTA-1,0.0
CTGCATCCAAGAAACT-1,0.2453342925259745
CTGCATCGTAGTTAGA-1,0.0
CTGCATCGTCCAACGC-1,0.0
CTGCATCGTGCAACGA-1,0.0
CTGCATCTCCCTCGAT-1,0.4924393331799862
CTGCATCTCGGATTAC-1,0.0
CTGCATCTCGTCCTCA-1,0.0
CTGCATCTCTGAGCAT-1,0.0
CTGCATCTCTGTAACG-1,0.8614254848864081
CTGCATCTCTGTCCGT-1,0.0
CTGCCATCAAGTGGTG-1,0.0
CTGCCATTCTCCTACG-1,0.0
CTGCCATTCTGACGCG-1,0.0
CTGCCTAAGTGCACTT-1,0.0
CTGCCTACAAATGAGT-1,0.0
CTGCCTAGTATCACGT-1,0.0
CTGCCTAGTTGGCCTG-1,0.0
CTGCGAGGTATCGAAA-1,0.0
CTGCGAGGTTCTCTAT-1,0.0
CTGCGAGTCTAACACG-1,0.0
CTGCTCAAGAGATCGC-1,0.0
CTGCTCAAGAGGATCC-1,0.0
CTGCTCAAGGTCACTT-1,0.5370162936547633
CTGGACGAGCATGATA-1,0.0
CTGGACGCAGTCCGTG-1,0.0
CTGGACGGTCTGTCCT-1,0.0
CTGGACGTCATCCTGC-1,0.0
CTGGACGTCCAACCGG-1,0.9778972687346467
CTGGACGTCCATTTAC-1,0.0
CTGGACGTCGCGATCG-1,0.0
CTGGACGTCTTGGTGA-1,0.0
CTGGCAGAGTATGGCG-1,0.0
CTGGCAGCAAATGGAT-1,0.0
CTGGCAGTCGATTGGT-1,0.0
CTGGTCTAGCAGCCTC-1,0.0
CTGGTCTAGCCAGACA-1,0.0
CTGGTCTAGGCGTTGA-1,0.0
CTGGTCTAGTTAACAG-1,0.0
CTGGTCTGTTGTCATG-1,0.0
CTGGTCTTCGTCGATA-1,0.0
CTGTACCAGTAGGGTC-1,0.0
CTGTACCCAGAGGTTG-1,0.0
CTGTACCGTCGGCACT-1,0.0
CTGTACCGTTGCCATA-1,0.0
CTGTACCTCATGGTAC-1,0.0
CTGTACCTCCTGCTAC-1,0.0
CTGTACCTCCTGTTGC-1,0.0
CTGTACCTCCTTCTGG-1,0.9081722036529573
CTGTACCTCGAGTCCG-1,0.0
CTGTAGAGTCACGACC-1,0.6660682183102626
CTGTAGATCTCGTTTA-1,0.0
CTGTAGATCTGCGGAC-1,0.0
CTGTCGTAGTTGGGAC-1,0.0
CTGTCGTCAAAGACGC-1,0.8364565692977889
CTGTCGTCAATTGCGT-1,0.0
CTGTCGTGTCGCAGTC-1,0.0
CTGTCGTGTGTCCATA-1,0.0
CTGTGAAAGGTTATAG-1,0.0
CTGTGAACAAATTGGA-1,0.0
CTGTGAACACAATGCT-1,0.0
CTGTGAACAGACCATT-1,0.0
CTGTGAAGTGACCGAA-1,0.0
CTGTGAAGTTAGGGTG-1,0.0
CTGTGAATCATGACAC-1,0.0
CTGTGAATCGCTACGG-1,0.0
CTGTGAATCGTGCACG-1,0.0
CTGTGAATCTTCTCAA-1,0.0
CTGTGGGCAGGCAATG-1,0.0
CTGTGGGCATGAGATA-1,0.0
CTGTGGGGTACAGAAT-1,0.0
CTTACCGAGATTACCC-1,0.0
CTTACCGAGCTTAAGA-1,0.0
CTTACCGCAATGAACA-1,0.0
CTTACCGCACGACGTC-1,0.0
CTTACCGGTATCCCAA-1,0.0
CTTACCGTCGTTCTAT-1,0.8606909655411261
CTTAGGAAGCGCCGTT-1,0.0
CTTAGGAAGTCGAATA-1,0.0
CTTAGGAGTAGGATAT-1,0.0
CTTCAATAGCGAAACC-1,0.0
CTTCAATCATATTCGG-1,0.0
CTTCAATGTTCAAGGG-1,0.0
CTTCCGACACCAGCCA-1,0.0
CTTCCGACATCGAACT-1,0.0
CTTCCGATCGAGAAGC-1,0.0
CTTCCGATCGCTGTCT-1,0.0
CTTCCTTAGACTCTAC-1,0.0
CTTCCTTAGCACAAAT-1,0.0
CTTCCTTCAAGGATGC-1,0.0
CTTCCTTGTACAGTCT-1,0.0
CTTCCTTGTGACATCT-1,0.0
CTTCCTTGTGCCGTTG-1,0.0
CTTCGGTAGATTGCGG-1,0.0
CTTCGGTAGCACTCTA-1,0.0
CTTCGGTAGCTACGTT-1,0.0
CTTCGGTCATACGCAT-1,0.0
CTTCGGTGTCCAGAAG-1,0.0
CTTCGGTTCTAGGCAT-1,0.0
CTTCTAAAGAGGTATT-1,0.0
CTTCTAAAGCGGGTAT-1,0.0
CTTCTAACACAAAGTA-1,0.0
CTTCTAACATTCCTAT-1,0.0
CTTCTAAGTACACGCC-1,0.0
CTTCTAAGTGAGCAGT-1,0.0
CTTCTAAGTTCATCTT-1,0.0
CTTCTAATCTCTATGT-1,0.0
CTTCTCTAGCTCATAC-1,0.0
CTTCTCTAGGCTTAAA-1,0.0
CTTCTCTAGTAAGAGG-1,0.2584313330689678
CTTCTCTCAAGTTTGC-1,0.0
CTTCTCTCACGTACAT-1,0.0
CTTCTCTCAGCCTTCT-1,0.0
CTTCTCTGTGATATAG-1,0.49195202928981263
CTTCTCTTCAAACGAA-1,0.6428014639936454
CTTCTCTTCGTTCATT-1,0.0
CTTCTCTTCTGACCCT-1,0.0
CTTGAGAAGCAGAAAG-1,0.0
CTTGAGAAGGAATCGC-1,0.0
CTTGAGACAGAACGCA-1,0.0
CTTGAGAGTCGCTCGA-1,0.0
CTTGATTAGAAACCCG-1,0.0
CTTGATTCAAGTACCT-1,0.7830690747949559
CTTGATTCACTCCTTG-1,0.0
CTTGATTCAGCGATTT-1,0.0
CTTGATTGTAACCAGG-1,0.0
CTTTCAAAGACCGTTT-1,0.8818373257876575
CTTTCAAAGAGAGCAA-1,0.0
CTTTCAAAGCCAAGGT-1,0.0
CTTTCAAAGTAATACG-1,0.0
CTTTCAACAATTGAAG-1,0.5370163452384547
CTTTCAACACTACCCT-1,0.0
CTTTCAACATAATGAG-1,0.0
CTTTCAACATCATCTT-1,0.0
CTTTCAAGTAAGACCG-1,0.0
CTTTCAAGTACGAGTG-1,0.602889264313317
CTTTCAAGTATGCTAC-1,0.0
CTTTCAAGTCACTCGG-1,0.0
CTTTCAAGTCATCAGT-1,0.0
CTTTCAAGTGGACTAG-1,0.0
CTTTCAATCCGCTGTT-1,0.0
CTTTCGGAGGTAATCA-1,0.0
CTTTCGGCAACCAATC-1,0.0
CTTTCGGCACGGCGTT-1,0.0
CTTTCGGCAGGAGACT-1,0.0
CTTTCGGGTAATACCC-1,0.0
CTTTCGGGTATCGTTG-1,0.0
CTTTCGGGTCTACGAT-1,0.0
CTTTCGGTCCATTTAC-1,0.0
CTTTCGGTCGAAGAAT-1,0.0
CTTTCGGTCGCGTCGA-1,0.0
GAAACCTAGCGCCTCA-1,0.0
GAAACCTCAAGTCCCG-1,0.0
GAAACCTCACTGTGTA-1,0.0
GAAACCTGTATGAGAT-1,0.0
GAAACCTGTCGTATTG-1,0.0
GAAACCTGTGTTAACC-1,0.0
GAAACCTTCCGTGGTG-1,0.0
GAAACCTTCGGTCACG-1,0.0
GAAATGAAGCCGGAAT-1,0.0
GAAATGAAGGACTAAT-1,0.0
GAAATGAAGGTATCTC-1,0.0
GAAATGACAGCATGCC-1,0.0
GAAATGAGTAGCTGAG-1,0.0
GAAATGAGTCGAAACG-1,0.0
GAAATGAGTGGAGGTT-1,0.0
GAAATGAGTTCATCGA-1,0.0
GAAATGATCTCCAATT-1,0.0
GAACACTAGAATTGCA-1,0.0
GAACACTGTCACTCGG-1,0.0
GAACACTGTGCCTGCA-1,0.0
GAACACTTCCCTTTGG-1,0.5370162463128375
GAACACTTCGGTCGGT-1,0.0
GAACACTTCTACCAGA-1,0.0
GAACGTTAGGTGGTTG-1,0.0
GAACGTTTCTCGACCT-1,0.30240855111784254
GAACTGTAGGTAGACC-1,0.0
GAACTGTCACGACAAG-1,0.0
GAACTGTCATCGAAGG-1,0.0
GAACTGTTCAGACATC-1,0.28220765599519426
GAAGAATAGCTGGTGA-1,0.0
GAAGAATCAACCGTAT-1,0.0
GAAGAATCAGACCATT-1,0.0
GAAGAATGTACAAACA-1,0.0
GAAGAATTCAAGTCTG-1,0.0
GAAGCCCAGCGGGTTA-1,0.0
GAAGCCCAGCTTGTTG-1,0.0
GAAGCCCCAACGATCT-1,0.0
GAAGCCCCACCAGCCA-1,0.0
GAAGCCCCATATGGCT-1,0.0
GAAGCCCGTTATCCAG-1,0.0
GAAGCCCTCGAACACT-1,0.0
GAAGCCCTCTTCCACG-1,0.0
GAAGCGAAGGTACCTT-1,0.0
GAAGCGAGTCGAGCTC-1,0.0
GAAGCGATCCATAGAC-1,0.4546420616720828
GAAGGACAGAGCAACC-1,0.0
GAAGGACAGGCCCACT-1,0.0
GAAGGACGTACAGCGA-1,0.0
GAAGGACTCGCAACAT-1,0.0
GAAGGGTCAAGTTGGG-1,0.0
GAAGGGTCAATACCTG-1,0.0
GAAGGGTGTATTAAGG-1,0.0
GAAGGGTGTCATCTAG-1,0.0
GAAGGGTGTTCGATTG-1,0.0
GAAGGGTTCCCAATAG-1,0.0
GAAGTAAAGCTCTTCC-1,0.0
GAAGTAAGTAACAAGT-1,0.0
GAAGTAAGTGGCTTAT-1,0.0
GAAGTAATCTGAGCAT-1,0.0
GAATAGAAGAAGCGCT-1,0.3034397623647083
GAATAGAAGTGCCTCG-1,0.0
GAATAGACACATCCCT-1,0.0
GAATAGAGTTTGGGAG-1,0.4907251433373901
GAATAGATCGAGTCCG-1,0.0
GAATAGATCGGTCGAC-1,0.0
GAATAGATCTGGGAGA-1,0.0
GAATCACAGAAGATCT-1,0.0
GAATCACAGACCAAGC-1,0.0
GAATCACAGTGCACAG-1,0.0
GAATCACCAATCTCGA-1,0.0
GAATCACCACAGTCAT-1,0.0
GAATCACGTTTGAACC-1,0.0
GAATCACTCTACCAGA-1,0.0
GAATCGTAGGTCCTGC-1,0.0
GAATCGTAGTGCAGGT-1,0.0
GAATCGTAGTGCTACT-1,0.0
GAATCGTCACATACTG-1,0.0
GAATCGTTCGGTTAGT-1,0.0
GACACGCTCACGACTA-1,0.0
GACACGCTCGTAACCA-1,0.0
GACAGCCAGACATAAC-1,0.0
GACAGCCAGGTTAAAC-1,0.0
GACAGCCGTAGGAGGG-1,0.0
GACAGCCTCAATCAGC-1,0.0
GACAGCCTCCGCACTT-1,0.0
GACATCAAGCGTGTTT-1,0.0
GACATCAAGTTTCGGT-1,0.0
GACATCACACCGTACG-1,0.0
GACATCACACTAGAGG-1,0.0
GACATCAGTTCGTACA-1,0.0
GACCAATAGATGAACT-1,0.0
GACCAATTCTATCCAT-1,0.0
GACCCAGAGACTCTAC-1,0.0
GACCCAGAGAGGTTTA-1,0.0
GACCCAGAGCACAAAT-1,0.0
GACCCAGAGGCTGTAG-1,0.0
GACCCAGCACATACGT-1,0.0
GACCCAGGTCCGGATC-1,0.0
GACCCAGGTCGGTACC-1,0.0
GACCCAGTCTAGCAAC-1,0.0
GACCCTTAGTGAGTGC-1,0.0
GACCCTTAGTTTCGGT-1,0.3029853615718063
GACCCTTCAAAGTGTA-1,0.0
GACCCTTCAACATACC-1,0.0
GACCCTTCAACGTAAA-1,0.0
GACCCTTGTAACAGGC-1,0.0
GACCCTTGTCTTACAG-1,0.0
GACCCTTGTGAGATAT-1,0.0
GACCGTGAGTTTGCTG-1,0.0
GACCGTGCATCACAGT-1,0.0
GACCGTGCATGTGGTT-1,0.0
GACCGTGTCAACCTTT-1,0.0
GACCGTGTCACGTCCT-1,0.0
GACCGTGTCCGAGAAG-1,0.0
GACCTTCAGAAGTATC-1,0.0
GACCTTCGTAGCACAG-1,0.0
GACCTTCTCACATACG-1,0.0
GACCTTCTCCTCCACA-1,0.9997999285969107
GACGCTGCATGGGTTT-1,0.4708031924813386
GACGCTGTCATGAGAA-1,0.0
GACGCTGTCCGTATAG-1,0.0
GACGCTGTCCTTGGAA-1,0.0
GACGTTAAGAGCCGAT-1,0.0
GACGTTAAGGCGTTAG-1,0.0
GACGTTAGTACGGGAT-1,0.26626567872422796
GACGTTAGTCTCTCCA-1,0.0
GACGTTAGTGGCATCC-1,0.0
GACTATGAGCATCAAA-1,0.0
GACTATGCAAGAGTGC-1,0.0
GACTATGGTCGCAACC-1,0.0
GACTATGGTCTAATCG-1,0.0
GACTATGGTGGGCTTC-1,0.0
GACTATGTCTCGACCT-1,0.0
GACTCAAAGACGCATG-1,0.0
GACTCAAAGCTCGGCT-1,0.0
GACTCAACAACCAACT-1,0.0
GACTCAACACAATGTC-1,0.0
GACTCAAGTGCTCGTG-1,0.0
GACTCAATCATCGGGC-1,0.0
GACTCAATCCTCTAGC-1,0.0
GACTCTCCAAGGTCAG-1,0.4393700888585262
GACTCTCCAATGGCAG-1,0.0
GACTCTCCACACCTAA-1,0.41134645010300774
GACTCTCCACCAGTTA-1,0.0
GACTCTCCAGCAGAAC-1,0.0
GACTCTCTCGAACTCA-1,0.0
GACTGATAGTATAGGT-1,0.0
GACTGATAGTCATCCA-1,0.0
GACTGATCAACCGCCA-1,0.0
GACTGATCAGTATTCG-1,0.0
GACTGATGTGTGTCGC-1,0.0
GACTGATGTTCCTTGC-1,0.0
GACTTCCAGAAGGGAT-1,0.0
GACTTCCAGCCTCAGC-1,0.0
GACTTCCAGGGAGGGT-1,0.0
GACTTCCAGGGCTTCC-1,0.0
GACTTCCCAAGTGATA-1,0.0
GACTTCCGTACATACC-1,0.0
GACTTCCTCAACTTTC-1,0.0
GAGAAATAGAAGTCTA-1,0.0
GAGAAATAGTAACGAT-1,0.0
GAGAAATCAATTGCAC-1,0.0
GAGAAATGTAGCCCTG-1,0.0
GAGAAATGTAGGTGCA-1,0.0
GAGAAATGTTTAAGGA-1,0.0
GAGAAATTCCCGAACG-1,0.0
GAGAAATTCGTTTACT-1,0.0
GAGACCCAGAGAGGGC-1,0.0
GAGACCCAGGAAACGA-1,0.0
GAGACCCCACGGGTAA-1,0.0
GAGACCCCATGCTGCG-1,0.0
GAGACCCGTAAGATCA-1,0.0
GAGACCCGTGCAACGA-1,0.0
GAGACCCTCCGTCACT-1,0.0
GAGACCCTCGTTGTAG-1,0.0
GAGACTTCAAGCCCAC-1,0.6988571876935363
GAGACTTCAAGCGATG-1,0.0
GAGACTTCAAGTGCTT-1,0.0
GAGACTTCACTCGATA-1,0.0
GAGACTTCACTTCAGA-1,0.0
GAGACTTCAGCAGGAT-1,0.0
GAGACTTCATCATGAC-1,0.0
GAGACTTTCTTGGTGA-1,0.0
GAGAGGTAGATGCTTC-1,0.0
GAGAGGTAGGGAGGAC-1,0.0
GAGAGGTCACTCTCGT-1,0.0
GAGAGGTGTATCGCAT-1,0.0
GAGATGGAGGCTGGAT-1,0.0
GAGATGGCAAATCAGA-1,0.0
GAGATGGCAACTCCCT-1,0.0
GAGATGGGTTCGGTAT-1,0.0
GAGATGGGTTGATCGT-1,0.0
GAGCCTGAGAAACTCA-1,0.0
GAGCCTGAGACCAGAC-1,0.0
GAGCCTGAGCGAGAAA-1,0.5542662012332266
GAGCCTGCACGTCGTG-1,0.0
GAGCCTGGTACGCGTC-1,0.0
GAGCCTGGTGTAGCAG-1,0.0
GAGCTGCAGACAGTCG-1,0.0
GAGCTGCCATTAAGCC-1,0.0
GAGCTGCGTTGTACGT-1,0.0
GAGCTGCTCAGATTGC-1,0.0
GAGCTGCTCGAAGTGG-1,0.0
GAGGCAAAGACGACGT-1,0.0
GAGGCAAAGGTAAACT-1,0.0
GAGGCAAGTCCCTGTT-1,0.0
GAGGCAAGTGACACAG-1,0.7818786005352493
GAGGCAAGTGTTCGAT-1,0.0
GAGGCAAGTTGGGCCT-1,0.0
GAGGCCTAGATGGTAT-1,0.6766831332546569
GAGGCCTCAAGCTCTA-1,0.6986698421120637
GAGGCCTGTGAGATAT-1,0.0
GAGGCCTTCCCATAGA-1,0.0
GAGGCCTTCGACCCAG-1,0.0
GAGGCCTTCGGACTTA-1,0.0
GAGGGATAGTACCGGA-1,0.0
GAGGGATCAAGCCTGC-1,0.0
GAGGGATCAGATCCAT-1,0.0
GAGGGATGTATTGCCA-1,0.0
GAGGGATTCATTGAGC-1,0.0
GAGGGTAAGTGCACCC-1,0.7260341869425518
GAGGGTACATGAGTAA-1,0.0
GAGGGTAGTAGGCAGT-1,0.0
GAGGGTATCAAACGTC-1,0.0
GAGTCATCAGAGCTAG-1,0.0
GAGTCATCAGAGGAAA-1,0.0
GAGTCATCAGTGGGTA-1,0.0
GAGTCATGTAGGCAGT-1,0.0
GAGTCATGTATTTCCT-1,0.0
GAGTCATGTCACAGAG-1,0.0
GAGTCTAAGCCTGTGC-1,0.0
GAGTCTACATCTATCT-1,0.0
GAGTCTAGTAGGTAGC-1,0.5153859756297033
GAGTCTAGTGGACCAA-1,0.0
GAGTCTATCAGGCGAA-1,0.43791362228217007
GAGTCTATCCACCCTA-1,0.0
GAGTGAGAGACGAAGA-1,0.0
GAGTGAGCACGCGGTT-1,0.0
GAGTGAGCAGGCATTT-1,0.48897574132210764
GAGTGAGCATTGTGCA-1,0.0
GAGTGTTAGAAACTCA-1,0.0
GAGTGTTAGTAACAGT-1,0.643626883335323
GAGTGTTGTCGCAGTC-1,0.0
GAGTGTTGTGGTCTTA-1,0.0
GAGTGTTGTTCGAGCC-1,0.0
GAGTGTTGTTGGCTAT-1,0.0
GAGTGTTGTTGTCTAG-1,0.0
GAGTTACAGCAATTCC-1,0.0
GAGTTACCAAGATGGC-1,0.0
GAGTTACCACTACCCT-1,0.0
GAGTTACGTCGCATGC-1,0.0
GAGTTGTAGCGTGAGT-1,0.0
GAGTTGTAGTTGTCGT-1,0.0
GAGTTGTCACAAATGA-1,0.7406172526330908
GAGTTGTCACAGGATG-1,0.0
GAGTTGTGTTAAGAAC-1,0.0
GAGTTTGAGCAAGTCG-1,0.5370162721657452
GAGTTTGAGTGATCGG-1,0.0
GAGTTTGGTGGACCTC-1,0.0
GAGTTTGGTTAACCTG-1,0.0
GAGTTTGTCGCAACAT-1,0.0
GATAGAAAGACTTCCA-1,0.0
GATAGAAAGCCTGTGC-1,0.0
GATAGAAAGGCCCACT-1,0.0
GATAGAACAAATCAGA-1,0.0
GATAGAACACTCACTC-1,0.0
GATAGAACATCGGCCA-1,0.0
GATAGAATCCTCTTTC-1,0.0
GATAGCTAGAGCTTTC-1,0.0
GATAGCTAGCAGTACG-1,0.0
GATAGCTGTACTTCCC-1,0.0
GATAGCTGTAGGGTAC-1,0.0
GATAGCTTCATCGCCT-1,0.0
GATAGCTTCGATACAC-1,0.0
GATAGCTTCTCGTCGT-1,0.0
GATAGCTTCTCTATAC-1,0.0
GATAGCTTCTTCCGTG-1,0.0
GATCACAAGCAAGTGC-1,0.0
GATCACAGTTTGAAAG-1,0.0
GATCAGTCAAGGTTGG-1,0.0
GATCAGTCATGTGGCC-1,0.0
GATCAGTGTGGGCTTC-1,0.0
GATCAGTTCGAACCAT-1,0.0
GATCATGAGAGGATCC-1,0.0
GATCATGAGCCACAAG-1,0.0
GATCATGAGTTAACGA-1,0.26025059553146596
GATCATGCAATTCACG-1,0.0
GATCATGCATTGAGGG-1,0.0
GATCATGGTATCGCAT-1,0.0
GATCATGGTCTGCAAT-1,0.0
GATCATGTCATAAGGA-1,0.0
GATCATGTCCGATCTC-1,0.0
GATCCCTAGTGCCAGA-1,0.0
GATCCCTCACGAGAAC-1,0.0
GATCCCTCACGGCTAC-1,0.0
GATCCCTCATGTCTAG-1,0.0
GATCCCTGTCGTAATC-1,0.0
GATCCCTGTGGTCTGC-1,0.0
GATCCCTTCATGGGAG-1,0.0
GATCCCTTCCGAGAAG-1,0.0
GATCGTAAGCACTTTG-1,0.0
GATCGTAAGCATCGAG-1,0.0
GATCGTAAGTTACGGG-1,0.0
GATCGTACAATTGCGT-1,0.0
GATCGTACAGAGGTAC-1,0.8743149581069041
GATCGTACAGCAAGAC-1,0.0
GATCGTACAGGTCCCA-1,0.0
GATCGTACATAGAGGC-1,0.0
GATCGTACATGGAAGC-1,0.0
GATCGTAGTCTGCGCA-1,0.0
GATCGTATCATGACAC-1,0.0
GATGACTGTTACCTGA-1,0.0
GATGACTGTTGCTAGT-1,0.0
GATGAGGAGCCTGAGA-1,0.0
GATGAGGAGGAATCGC-1,0.0
GATGAGGGTAAGTTGA-1,0.0
GATGAGGGTCAAAGCG-1,0.0
GATGATCAGATAACAC-1,0.0
GATGATCAGCGACCCT-1,0.0
GATGATCAGGTTCCAT-1,0.0
GATGATCCACTCTAGA-1,0.0
GATGATCCATAGGCGA-1,0.0
GATGATCGTCGTGTTA-1,0.0
GATGATCGTCTAGATC-1,0.0
GATGATCGTGATAGAT-1,0.0
GATGATCGTTGCCGCA-1,0.0
GATGATCTCAATGCAC-1,0.0
GATGATCTCGATAACC-1,0.0
GATGCTAAGCCACTCG-1,0.0
GATGCTACAGCTACTA-1,0.0
GATGCTACATGGTACT-1,0.0
GATGCTAGTATGATCC-1,0.0
GATGCTATCAGCGCAC-1,0.0
GATGGAGGTCAAACGG-1,0.0
GATGTTGAGAGTACCG-1,0.0
GATGTTGAGGAACATT-1,0.0
GATGTTGCATCATCCC-1,0.0
GATGTTGGTCTTACAG-1,0.47516274862387325
GATGTTGTCATTTACC-1,0.0
GATGTTGTCTCTGAGA-1,0.0
GATTCGAAGAGCAGTC-1,0.0
GATTCGAAGCATTGAA-1,0.0
GATTCGACAGCGACCT-1,0.0
GATTCGAGTCTCTCTG-1,0.0
GATTCTTAGAGCGACT-1,0.0
GATTCTTAGCACAAAT-1,0.0
GATTCTTAGGAACATT-1,0.0
GATTCTTAGGCTGAAC-1,0.0
GATTCTTCACAGCATT-1,0.0
GATTCTTGTAACGTTC-1,0.0
GATTCTTGTCCTTTGC-1,0.0
GATTCTTTCCTAGCGG-1,0.0
GATTGGTAGCGGGTAT-1,0.0
GATTGGTAGTGCGACA-1,0.0
GATTGGTCACGAAAGC-1,0.6315880855710433
GATTGGTCAGACCAGA-1,0.0
GATTGGTCATACGCAT-1,0.0
GATTGGTCATCTGTTT-1,0.0
GATTGGTGTACCTTCC-1,0.0
GATTGGTGTCAGGTAG-1,0.5522174475854906
GATTGGTGTGTTGATC-1,0.0
GATTGGTGTTAGGACG-1,0.0
GATTGGTTCTTACTGT-1,0.0
GATTTCTAGGTTTGAA-1,0.0
GATTTCTCACAAGGTG-1,0.0
GATTTCTCACGCTGAC-1,0.0
GATTTCTGTCTCAGAT-1,0.0
GATTTCTTCCTAAGTG-1,0.0
GCAACATAGAATTTGG-1,0.0
GCAACATCATGTGACT-1,0.0
GCAACATTCGTGGCGT-1,0.0
GCAACCGAGAGATCGC-1,0.6553406131485686
GCAACCGAGGTACAAT-1,0.0
GCAACCGAGGTAGCAC-1,0.0
GCAACCGAGTTAGTAG-1,0.0
GCAACCGCAATGCTCA-1,0.3700288833686615
GCAACCGCATGGGTCC-1,0.0
GCAACCGGTCCCACGA-1,0.0
GCAACCGTCATTACGG-1,0.0
GCAACCGTCCTCTCGA-1,0.0
GCACATAAGGTTGAGC-1,0.0
GCACATATCTACTATC-1,0.0
GCACGGTAGGCCTTGC-1,0.0
GCACGGTAGTATCCTG-1,0.0
GCACGGTCAAGAGGCT-1,0.0
GCACGGTCAATGTGGG-1,0.0
GCACGGTGTCTTGGTA-1,0.8030551570480604
GCACGGTTCCACATAG-1,0.5380512200199108
GCACGGTTCCAGTACA-1,0.0
GCACGTGAGAGGCTGT-1,0.9130565456110918
GCACGTGAGCCTCTGG-1,0.0
GCACGTGCAGGATCTT-1,0.0
GCACGTGGTGGTCCGT-1,0.0
GCACGTGGTTTAAGGA-1,0.0
GCACGTGTCACTTGTT-1,0.0
GCACGTGTCCAGTGCG-1,0.0
GCACGTGTCTCTATAC-1,0.0
GCACTAAAGTGGTTCT-1,0.0
GCACTAACAAGAGGTC-1,0.0
GCACTAATCATCACAG-1,0.0
GCAGCCAAGCCTCACG-1,0.0
GCAGCCACAATGTCAC-1,0.0
GCAGCCACATAGCACT-1,0.0
GCAGCCAGTCTATGAC-1,0.0
GCAGCCAGTTGTAAAG-1,0.4983744384191749
GCAGCTGAGCCATTCA-1,0.5370162499323269
GCAGCTGAGGCGTCCT-1,0.0
GCAGCTGCACCGAATT-1,0.0
GCAGCTGCATGGATCT-1,0.0
GCAGCTGGTACCGGCT-1,0.0
GCAGCTGGTGTGATGG-1,0.0
GCAGGCTAGTTGGAGC-1,0.5364647551796469
GCAGGCTCAAGAGTAT-1,0.5142816759357086
GCAGGCTCATAACTCG-1,0.0
GCAGGCTCATGCAGCC-1,0.0
GCAGGCTGTCAAGCGA-1,0.0
GCAGGCTGTCATATGC-1,0.7306490216920776
GCAGGCTGTCCCTAAA-1,0.0
GCAGGCTGTCCGATCG-1,0.0
GCAGGCTGTCCGGTCA-1,0.0
GCAGGCTGTGTACGCC-1,0.0
GCAGGCTGTTAGGCTT-1,0.0
GCAGGCTTCTACTTCA-1,0.25601840355826316
GCAGTTACAGCACACC-1,0.0
GCAGTTACATGGCTAT-1,0.0
GCAGTTAGTGGATCGA-1,0.0
GCAGTTATCCATTTAC-1,0.0
GCAGTTATCGACACTA-1,0.0
GCATCGGAGAGGCCAT-1,0.0
GCATCGGAGCGCACAA-1,0.0
GCATCGGCACTACACA-1,0.0
GCATCGGCAGGCATTT-1,0.0
GCATCGGCAGGTATGG-1,0.0
GCATCGGGTACAAAGT-1,0.0
GCATCGGGTTCCACGG-1,0.2587855601909939
GCATCGGTCAGGAGAC-1,0.0
GCATCTCAGCTTGTTG-1,0.0
GCATCTCAGGACAACC-1,0.0
GCATCTCGTACGAGCA-1,0.0
GCATCTCTCCAAGCTA-1,0.0
GCATCTCTCCCTTCCC-1,0.0
GCATCTCTCGTAGGGA-1,0.5370162606923496
GCATGATAGAAGGCTC-1,0.0
GCATGATAGACGTCGA-1,0.0
GCATGATCAAGTACCT-1,0.0
GCATGATCAGACAAAT-1,0.0
GCATGATCAGAGTCTT-1,0.0
GCATGATTCACCCTTG-1,0.0
GCATGATTCCACAGGC-1,0.0
GCATGATTCCATCTCG-1,0.0
GCATGATTCTTTCCAA-1,0.0
GCATTAGAGATAGCTA-1,0.0
GCATTAGCAACCTAAC-1,0.0
GCATTAGGTATGCTAC-1,0.0
GCATTAGGTCTCTCCA-1,0.604193150201549
GCATTAGGTTGCTCCT-1,0.0
GCCAACGAGGTAAACT-1,0.7069548310174785
GCCAACGAGGTTATAG-1,0.0
GCCAACGAGTTAGTAG-1,0.0
GCCAACGCAACGGGTA-1,0.0
GCCAACGGTGAATGTA-1,0.0
GCCAACGGTTCAGCGC-1,0.0
GCCAACGTCGCAGAGA-1,0.0
GCCAACGTCTCGCTCA-1,0.0
GCCAACGTCTGACGCG-1,0.0
GCCAGCACAACTGAAA-1,0.0
GCCAGCAGTACTGCGC-1,0.0
GCCAGCAGTATCGTAC-1,0.0
GCCAGCAGTCAGGTAG-1,0.0
GCCAGCAGTTCTCCAC-1,0.0
GCCAGGTAGCTAAGTA-1,0.0
GCCAGGTAGTTCCGGC-1,0.0
GCCAGGTAGTTGTAGA-1,0.0
GCCAGGTCAAGAAACT-1,0.0
GCCAGGTCACTTGACA-1,0.0
GCCAGGTCAGACATCT-1,0.0
GCCAGGTGTGCGGATA-1,0.0
GCCAGGTGTTAGAAGT-1,0.0
GCCAGGTGTTGGGACA-1,0.0
GCCAGGTTCCCGAGAC-1,0.0
GCCAGTGAGATGCAGC-1,0.0
GCCAGTGAGCCTGTGC-1,0.0
GCCAGTGCATATCTGG-1,0.0
GCCAGTGCATCCTTCG-1,0.0
GCCAGTGGTCATAAAG-1,0.0
GCCAGTGTCGTGTTCC-1,0.0
GCCAGTGTCTAGTTCT-1,0.0
GCCAGTGTCTTCTTCC-1,0.0
GCCATGGAGATACAGT-1,0.0
GCCATGGCAAGCAATA-1,0.28602239405556196
GCCATGGGTATGAGAT-1,0.0
GCCATGGTCCAAGCCG-1,0.0
GCCATGGTCCCGTGTT-1,0.0
GCCATGGTCCCGTTGT-1,0.0
GCCATTCCAGCTATAC-1,0.0
GCCATTCCATGCTGCG-1,0.0
GCCATTCGTAGGTCAG-1,0.0
GCCATTCGTGGCTTGC-1,0.0
GCCCAGAAGTGTTCCA-1,0.0
GCCCAGACACCAGTTA-1,0.26007699526129074
GCCCAGAGTAGTCTTG-1,0.0
GCCCAGAGTATCAGCT-1,0.0
GCCCGAAAGCACTCCG-1,0.8897287592112137
GCCCGAAAGTACAGCG-1,0.0
GCCCGAACAGCAGTCC-1,0.0
GCCCGAACAGCTACTA-1,0.0
GCCCGAACATAAGCAA-1,0.0
GCCCGAAGTGGTCCGT-1,0.0
GCCCGAAGTTGAGTCT-1,0.0
GCCCGAATCACGTCCT-1,0.0
GCCGATGAGAATTCAG-1,0.0
GCCGATGAGCAACAGC-1,0.0
GCCGATGCACCAACAT-1,0.3095082667259962
GCCGATGGTCTCACGG-1,0.0
GCCGATGTCAAAGAAC-1,0.0
GCCGATGTCAAGGCTT-1,0.0
GCCGTGACAACTGCTA-1,0.0
GCCGTGACAGTTCCAA-1,0.9825439027729425
GCCGTGAGTCGTCGGT-1,0.0
GCCGTGATCTGCCTGT-1,0.0
GCCTGTTAGCCATCCG-1,0.0
GCCTGTTAGCGAGTAC-1,0.0
GCCTGTTAGCGATGAC-1,0.0
GCCTGTTAGTTCCGGC-1,0.0
GCCTGTTCAAAGGTTA-1,0.0
GCCTGTTCATCTAACG-1,0.0
GCCTGTTGTGACTATC-1,0.0
GCCTGTTGTGGGCTTC-1,0.0
GCCTGTTTCAGCAATC-1,0.0
GCCTGTTTCTGGTGGC-1,0.0
GCGAGAAAGAAGGCTC-1,0.0
GCGAGAAAGACTAAGT-1,0.0
GCGAGAAAGCGCCGTT-1,0.0
GCGAGAACAGAGTCTT-1,0.6070796452634145
GCGATCGCAGTGGGTA-1,0.0
GCGATCGGTCCTTTGC-1,0.0
GCGATCGGTCGTTGGC-1,0.0
GCGATCGGTGACTAAA-1,0.9609935638268693
GCGATCGGTTCTTAGG-1,0.0
GCGATCGGTTGTATGC-1,0.0
GCGATCGTCGGATTAC-1,0.0
GCGATCGTCTGGAAGG-1,0.5962294999132659
GCGATCGTCTTTGCTA-1,0.0
GCGGAAAAGATCCTAC-1,0.0
GCGGAAAAGCTGTTAC-1,0.0
GCGGAAAAGGGACTGT-1,0.0
GCGGAAAAGTGCGCTC-1,0.0
GCGGAAATCAAGGAGC-1,0.0
GCGGAAATCATGTCAG-1,0.0
GCGGAAATCCAGCACG-1,0.0
GCGGATCCACGACGCT-1,0.0
GCGGATCGTAGAGTTA-1,0.0
GCGGATCTCGGTGAAG-1,0.0
GCGTGCAAGGGAGGTG-1,0.0
GCGTGCACACACACTA-1,0.0
GCGTGCACAGCACACC-1,0.0
GCGTGCAGTCAGTTTG-1,0.0
GCGTGCAGTCGAGCTC-1,0.0
GCGTGCAGTGAGTGAC-1,0.0
GCGTGCATCTCAACGA-1,0.0
GCGTTTCAGATAGCAT-1,0.0
GCGTTTCAGGCACTCC-1,0.0
GCGTTTCCAGAGCGTA-1,0.0
GCGTTTCGTCATCTAG-1,0.0
GCGTTTCGTGCATACT-1,0.0
GCGTTTCTCCTGATAG-1,0.0
GCTACAAAGGGTCAAC-1,0.2992086083106467
GCTACAAAGGTCGTAG-1,0.0
GCTACAACAGGCTCTG-1,0.0
GCTACAAGTCTCTCAC-1,0.0
GCTACAAGTGCGGCTT-1,0.0
GCTACAAGTGTCCGTG-1,0.0
GCTACAAGTTCGGTTA-1,0.0
GCTACCTTCTGGGATT-1,0.0
GCTCAAAAGTATTAGG-1,0.2957902613134684
GCTCAAAGTCTCGCGA-1,0.0
GCTCAAATCATGAGGG-1,0.0
GCTCAAATCCCGATCT-1,0.0
GCTCAAATCTTTGGAG-1,0.0
GCTGAATAGTGTGTTC-1,0.0
GCTGAATCAACAGTGG-1,0.0
GCTGAATCATGACGGA-1,0.0
GCTGAATTCCATATGG-1,0.0
GCTGCAGAGAAGTCAT-1,0.0
GCTGCAGAGAGATCGC-1,0.0
GCTGCAGAGCTAGAGC-1,0.0
GCTGCAGCAACTGCCG-1,0.0
GCTGCAGCAGTTCCAA-1,0.0
GCTGGGTAGCGACTTT-1,0.0
GCTGGGTAGTCAGCCC-1,0.0
GCTGGGTCATCACGGC-1,0.0
GCTGGGTGTGGTTTGT-1,0.0
GCTGGGTTCCAACCGG-1,0.0
GCTTCACAGAACGCGT-1,0.0
GCTTCACAGAATAACC-1,0.0
GCTTCACAGCGTCAAG-1,0.0
GCTTCACAGTAGAATC-1,0.0
GCTTCACAGTCCGTCG-1,0.0
GCTTCACAGTTCCATG-1,0.0
GCTTCACCACTCCTGT-1,0.0
GCTTCACCATTCCTCG-1,0.0
GCTTCACGTACACGTT-1,0.0
GCTTGGGAGACGTCGA-1,0.0
GCTTGGGAGTCAACAA-1,0.0
GCTTGGGAGTGACACG-1,0.0
GCTTGGGGTCGAAGCA-1,0.0
GCTTGGGTCAAGCCCG-1,0.0
GCTTGGGTCGTAACTG-1,0.0
GCTTTCGGTTCAATCG-1,0.0
GCTTTCGTCCATAGAC-1,0.0
GGAACCCAGGATGAGA-1,0.0
GGAACCCGTTCTCGTC-1,0.0
GGAACCCTCATTACTC-1,0.0
GGAAGTGAGTTGTAAG-1,0.0
GGAAGTGCAAGCACAG-1,0.0
GGAAGTGCACGCTGTG-1,0.0
GGAAGTGGTAGATCCT-1,0.0
GGAAGTGGTATCCTTT-1,0.0
GGAAGTGTCAGACCTA-1,0.0
GGAATCTAGCCTGACC-1,0.0
GGAATCTAGCTAGAAT-1,0.5370162603499126
GGAATCTCACCCAACG-1,0.0
GGAATCTCACGCAAAG-1,0.0
GGAATCTCAGCGATTT-1,0.0
GGAATCTCAGCGTGAA-1,0.0
GGAATCTCATGAAGGC-1,0.0
GGAATCTTCCGTCCTA-1,0.0
GGAATGGAGTGAGGTC-1,0.0
GGAATGGCATGATCTG-1,0.0
GGAATGGGTCAGATTC-1,0.0
GGAATGGTCAGGACGA-1,0.0
GGACGTCCACCGTGAC-1,0.0
GGACGTCTCACCCTTG-1,0.0
GGACGTCTCTTTGCAT-1,0.9148592969480038
GGAGAACAGAGTCCGA-1,0.0
GGAGAACCACGGATCC-1,0.0
GGAGAACGTACTCGTA-1,0.0
GGAGAACTCATCTGTT-1,0.0
GGAGAACTCCCGTGAG-1,0.0
GGAGATGAGGATTTCC-1,0.0
GGAGATGAGTTAGAAC-1,0.0
GGAGATGCAATGCTCA-1,0.0
GGAGATGCAGTAACGG-1,0.0
GGAGATGCAGTTAGAA-1,0.0
GGAGATGTCACGGTCG-1,0.0
GGAGATGTCTCAGGCG-1,0.0
GGAGCAAAGGCGAAGG-1,0.0
GGAGCAAAGTATAGAC-1,0.0
GGAGCAACAAACACGG-1,0.0
GGAGCAACACGACAAG-1,0.0
GGAGCAACAGGCGATA-1,0.0
GGAGCAAGTGATTCTG-1,0.0
GGAGGATCAAGCCTGC-1,0.0
GGAGGATCAGGTCTCG-1,0.0
GGAGGATGTACTGACT-1,0.0
GGAGGATGTCCACGCA-1,0.0
GGAGGATGTTTGAACC-1,0.0
GGAGGATTCTCATGGA-1,0.0
GGAGGTAAGCATGCGA-1,0.0
GGAGGTAAGTCAATCC-1,0.0
GGAGGTAGTAGTCTGT-1,0.0
GGAGGTAGTATCTCTT-1,0.0
GGAGGTAGTCCGGACT-1,0.0
GGAGGTAGTTCGGACC-1,0.0
GGAGGTATCTAGACCA-1,0.0
GGATCTAAGAATAACC-1,0.0
GGATCTAAGATTCGAA-1,0.0
GGATCTAAGGCCTAGA-1,0.0
GGATCTACAAGGTCTT-1,0.0
GGATCTACAATTGAGA-1,0.0
GGATCTAGTCTCCCTA-1,0.0
GGATGTTAGGATCATA-1,0.0
GGATGTTAGGGTAATT-1,0.0
GGATGTTAGGTCCAGA-1,0.0
GGATGTTCACAGTCGC-1,0.0
GGATGTTGTATCTCTT-1,0.9913790289507383
GGATGTTGTATGAAGT-1,0.0
GGATGTTTCCCAGCGA-1,0.0
GGATGTTTCGGAATGG-1,0.0
GGATGTTTCTCCGAAA-1,0.0
GGATGTTTCTTGGTGA-1,0.39489556927647684
GGCACGTAGCCTATTG-1,0.0
GGCACGTCATAGTCAC-1,0.0
GGCACGTGTGCTCGTG-1,0.0
GGCACGTTCCTGCTAC-1,0.0
GGCACGTTCGACCTAA-1,0.0
GGCACGTTCTAACGGT-1,0.0
GGCAGTCAGGGCAGTT-1,0.0
GGCAGTCCACTTTAGG-1,0.0
GGCAGTCGTTGTATGC-1,0.0
GGCGTCAAGAGGGTCT-1,0.0
GGCGTCACAAGGTACG-1,0.0
GGCGTCACAATGTCAC-1,0.0
GGCGTCACATACAGAA-1,0.0
GGCGTCAGTAGGACTG-1,0.0
GGCGTCAGTAGTCGGA-1,0.0
GGCGTCAGTCCTACAA-1,0.0
GGCGTCAGTCTGTGTA-1,0.0
GGCGTCATCCATTGGA-1,0.0
GGCGTCATCCTTGGAA-1,0.0
GGCGTCATCTCGACGG-1,0.0
GGCGTCATCTTCTCAA-1,0.0
GGCTGTGCATGTTCGA-1,0.0
GGCTGTGGTAGCACGA-1,0.0
GGCTGTGTCGATTTCT-1,0.0
GGCTTGGCAACCGGAA-1,0.0
GGCTTGGGTCTTTCTA-1,0.0
GGCTTGGGTTAGAGAT-1,0.0
GGCTTGGGTTGTCAGT-1,0.0
GGCTTGGGTTTACTGG-1,0.0
GGCTTGGTCAGTGGGA-1,0.0
GGCTTGGTCTAGAACC-1,0.0
GGCTTTCAGAAATTGC-1,0.0
GGCTTTCCACGTTGGC-1,0.0
GGCTTTCGTTTCCATT-1,0.0
GGCTTTCTCGGTGAAG-1,0.4705901662242828
GGGAAGTAGTGGTGAC-1,0.0
GGGAAGTCAGGACGAT-1,0.0
GGGAAGTGTATGACAA-1,0.0
GGGAAGTGTCTACACA-1,0.0
GGGAAGTGTCTGTCCT-1,0.0
GGGACAAAGGGAGGGT-1,0.0
GGGACAAAGGGATCTG-1,0.0
GGGACAAAGTTGCATC-1,0.0
GGGACAAGTAGCACGA-1,0.0
GGGACAAGTTTGAAAG-1,0.0
GGGACAATCCAAACCA-1,0.0
GGGACAATCTGGAGAG-1,0.0
GGGACCTAGCTAAACA-1,0.0
GGGACCTCACCCGTAG-1,0.0
GGGACCTCACGGTAGA-1,0.0
GGGACCTGTAACAGGC-1,0.0
GGGACCTGTACGTGTT-1,0.0
GGGACCTGTCTACAGT-1,0.0
GGGACTCAGTAGGATT-1,0.0
GGGACTCCAGCACCCA-1,0.0
GGGACTCCAGGTCCCA-1,0.0
GGGACTCGTGAGTTGG-1,0.0
GGGAGATAGACTACGG-1,0.0
GGGAGATAGTGGGAAA-1,0.0
GGGAGATGTGGCTTGC-1,0.0
GGGAGATGTGGTCAAG-1,0.4073391371358592
GGGAGTAAGATCCAAA-1,0.0
GGGAGTAAGGCACCAA-1,0.0
GGGAGTAGTACTGTTG-1,0.0
GGGAGTAGTGTCATGT-1,0.0
GGGAGTATCAAGTGGG-1,0.0
GGGAGTATCCCTCTTT-1,0.31939164956495153
GGGATCCAGATCCTAC-1,0.0
GGGATCCAGCTCTTCC-1,0.778680207305026
GGGATCCAGGCAGGTT-1,0.0
GGGATCCGTCAGGTAG-1,0.0
GGGATGAAGAGTGTTA-1,0.0
GGGATGAAGCCTCTGG-1,0.0
GGGATGAAGGTTACAA-1,0.0
GGGATGACACCCTTGT-1,0.0
GGGATGACAGCGGTTC-1,0.0
GGGATGACATCGAGCC-1,0.0
GGGATGAGTGTACAGG-1,0.0
GGGATGATCCTCCACA-1,0.0
GGGATGATCGTTCTCG-1,0.0
GGGATGATCTGCAGCG-1,0.0
GGGCCATAGCCAAGTG-1,0.0
GGGCCATAGGAACTCG-1,0.0
GGGCCATCAACGTATC-1,0.0
GGGCCATCACTTTATC-1,0.0
GGGCCATGTCGTTTCC-1,0.0
GGGCCATTCAAGATAG-1,0.0
GGGCCATTCGCCAATA-1,0.0
GGGCGTTAGCCTTTCC-1,0.0
GGGCGTTAGTGAGGTC-1,0.0
GGGCGTTCAGAGATGC-1,0.0
GGGCGTTTCGCACTCT-1,0.0
GGGCGTTTCTATGTGG-1,0.23540495872234887
GGGCTACAGCAAGCCA-1,0.0
GGGCTACAGTCGAGGT-1,0.0
GGGCTACCACAATCTG-1,0.0
GGGCTACCACCAGACC-1,0.0
GGGCTACGTATACCTG-1,0.0
GGGCTACGTGAATAAC-1,0.0
GGGCTACGTGTTAACC-1,0.0
GGGCTCAAGGATCATA-1,0.5118399725184543
GGGCTCAAGGGTATAT-1,0.0
GGGCTCACATGAAGGC-1,0.0
GGGCTCAGTAGTGTGG-1,0.0
GGGCTCAGTAGTTAGA-1,0.0
GGGCTCAGTCCTCCTA-1,0.0
GGGCTCATCCTTCTAA-1,0.0
GGGCTCATCGATTGAC-1,0.0
GGGTAGAAGATGCTAA-1,0.6128104906771896
GGGTAGACAACGCATT-1,0.0
GGGTAGACACCAGTAT-1,0.0
GGGTAGAGTGAATAAC-1,0.0
GGGTATTAGAAGAGCA-1,0.36835756768589883
GGGTATTAGATTTGCC-1,0.0
GGGTATTAGTTACTCG-1,0.0
GGGTATTCAATGCAGG-1,0.0
GGGTATTCACAATCTG-1,0.0
GGGTATTCATCCGAGC-1,0.7573666499308042
GGGTATTGTAGTTACC-1,0.0
GGGTCACAGACTCGAG-1,0.0
GGGTCACGTCGTGATT-1,0.0
GGGTCACTCGTAGAGG-1,0.0
GGGTCACTCTGAGCAT-1,0.0
GGGTCTGAGAAGCCTG-1,0.0
GGGTCTGAGAGCAGTC-1,0.23192200629644644
GGGTCTGAGCACCGTC-1,0.0
GGGTCTGAGGGCAGTT-1,0.0
GGGTCTGAGTGTTCCA-1,0.0
GGGTCTGCAAGTGGTG-1,0.0
GGGTCTGCAGTCGCAC-1,0.0
GGGTCTGTCAAACGAA-1,0.0
GGGTGAAAGATTGCGG-1,0.0
GGGTGAAAGCGATGAC-1,0.0
GGGTGAAAGGACGCTA-1,0.0
GGGTGAACAGCAGAAC-1,0.0
GGGTGAATCATTTCCA-1,0.46270637651766644
GGGTGTCAGATGTTGA-1,0.0
GGGTGTCAGCAGGCTA-1,0.0
GGGTGTCCACCCATAA-1,0.0
GGGTGTCGTCTGTTAG-1,0.0
GGGTGTCTCGTCTACC-1,0.0
GGGTGTCTCTCTAGGA-1,0.0
GGGTGTCTCTGGTCAA-1,0.0
GGGTTATAGCTCACTA-1,0.0
GGGTTATAGGCAGGGA-1,0.0
GGGTTATAGGCCTTCG-1,0.0
GGGTTATCAACATCGT-1,0.0
GGGTTATCAACCCTCT-1,0.0
GGGTTATCAATTCTTC-1,0.0
GGGTTATCATCGGATT-1,0.0
GGGTTATTCTGATGGT-1,0.0
GGGTTTAAGGTATAGT-1,0.0
GGGTTTAAGTGCCCGT-1,0.0
GGGTTTACAGGTAGTG-1,0.0
GGGTTTAGTAAGCTCT-1,0.0
GGGTTTAGTCCAAAGG-1,0.0
GGGTTTAGTGGTCTTA-1,0.0
GGGTTTAGTGTCCGTG-1,0.0
GGGTTTAGTTCTCCCA-1,0.0
GGGTTTATCACTAGCA-1,0.0
GGTAACTAGACTCAAA-1,0.0
GGTAACTCACGCTATA-1,0.0
GGTAACTCAGAACGCA-1,0.0
GGTAACTCATATACCG-1,0.0
GGTAACTGTCTACGAT-1,0.0
GGTAACTGTGGCTACC-1,0.0
GGTAACTGTTGAAGTA-1,0.0
GGTAACTTCCAAGCTA-1,0.0
GGTAACTTCGGACGTC-1,0.0
GGTAACTTCTTCGTAT-1,0.0
GGTAATCAGGGTAATT-1,0.0
GGTAATCAGTATGATG-1,0.0
GGTAATCAGTTACGGG-1,0.5370162497789754
GGTAATCCAGCGAGTA-1,0.0
GGTAATCTCAGCAGAG-1,0.0
GGTAGAGAGCGGTAAC-1,0.0
GGTAGAGGTTTCACTT-1,0.0
GGTAGAGTCCATCGTC-1,0.0
GGTAGAGTCGAAACAA-1,0.0
GGTAGAGTCGGCTGGT-1,0.0
GGTAGAGTCTTCTGTA-1,0.0
GGTCACGAGATCCCAT-1,0.0
GGTCACGCACAATGAA-1,0.0
GGTCACGCACCTCGTT-1,0.0
GGTCACGGTAATGCGG-1,0.0
GGTCACGGTAGACACG-1,0.0
GGTCACGGTGAATAAC-1,0.0
GGTCACGTCAGCTAGT-1,0.0
GGTCACGTCCGCAAAT-1,0.0
GGTCACGTCTCAGAAC-1,0.0
GGTCTGGCAGCTGTTA-1,0.0
GGTCTGGCATGTACGT-1,0.5370162767296318
GGTCTGGTCTGCTCTG-1,0.0
GGTGAAGAGACAACAT-1,0.0
GGTGAAGAGACAGTCG-1,0.0
GGTGAAGAGCACTGGA-1,0.0
GGTGAAGTCCTTCTTC-1,0.0
GGTGAAGTCGTAACTG-1,0.0
GGTGAAGTCTTGCGCT-1,0.0
GGTGATTCAAACTCTG-1,0.0
GGTGATTGTTAAGGGC-1,0.0
GGTGATTTCATCCTGC-1,0.0
GGTGATTTCCAGTACA-1,0.0
GGTGATTTCGAGAATA-1,0.0
GGTGGCTAGCACCTGC-1,0.0
GGTGGCTAGCTGGTGA-1,0.0
GGTGGCTAGGCTGGAT-1,0.0
GGTGGCTAGGTTTACC-1,0.0
GGTGGCTCAATGAGCG-1,0.0
GGTGGCTTCACGTCCT-1,0.0
GGTGTCGAGCCATTGT-1,0.8030243182976631
GGTGTCGAGTCGCTAT-1,0.0
GGTGTCGCACGGTCTG-1,0.0
GGTGTCGGTACGAAAT-1,0.0
GGTGTCGGTACGACAG-1,0.3072380325981837
GGTGTCGTCGTTCTGC-1,0.0
GGTGTTAAGACAAGCC-1,0.0
GGTGTTAAGAGTTGAT-1,0.0
GGTGTTAAGGATACGC-1,0.0
GGTGTTACAATCTGCA-1,0.7451471125363154
GGTGTTACATTGAAAG-1,0.0
GGTGTTAGTATCATGC-1,0.0
GGTGTTAGTGTTCGAT-1,0.0
GGTGTTATCATCCTGC-1,0.0
GGTGTTATCCCTCAAC-1,0.5248000577781401
GGTTAACCACAGAGAC-1,0.0
GGTTAACGTTAAACAG-1,0.0
GGTTAACGTTCGCGTG-1,0.0
GGTTAACTCGTTCATT-1,0.0
GGTTAACTCTGAGAGG-1,0.0
GGTTCTCAGATGCTTC-1,0.0
GGTTCTCAGCCAGACA-1,0.0
GGTTCTCAGCGCTGAA-1,0.0
GGTTCTCCACTGTGAT-1,0.0
GGTTCTCCACTTCAGA-1,0.0
GGTTCTCCAGCTATAC-1,0.0
GGTTCTCCATGTGCCG-1,0.0
GGTTCTCGTACTGGGA-1,0.0
GGTTCTCTCCCAGCGA-1,0.0
GGTTGTACAACCGTGC-1,0.0
GGTTGTAGTGAGGCAT-1,0.0
GGTTGTAGTGCATTTG-1,0.0
GGTTGTAGTGGAGAAA-1,0.832707466171634
GGTTGTAGTTCAGTAC-1,0.0
GGTTGTATCAACTGAC-1,0.0
GGTTGTATCGGTAGAG-1,0.0
GGTTGTATCTGCTTAT-1,0.0
GTAACACAGCTAAATG-1,0.0
GTAACACAGGCTCAAG-1,0.0
GTAACACCAAGGCGTA-1,0.5370162293749151
GTAACACCATGAGGGT-1,0.0
GTAACACGTAAGCGGT-1,0.0
GTAACACGTCACAATC-1,0.0
GTAACACGTCACTCAA-1,0.0
GTAACACGTGAGTAAT-1,0.0
GTAACACTCTATACGG-1,0.0
GTAACCAAGATGTTCC-1,0.0
GTAACCAAGCCAGAGT-1,0.0
GTAACCAAGGACATCG-1,0.0
GTAACCAAGTCCCGGT-1,0.0
GTAACCACACCAGCTG-1,0.0
GTAACCACAGGTCAGA-1,0.0
GTAACCAGTTCAGTAC-1,0.0
GTAACCATCTGTGCAA-1,0.0
GTAACCATCTTCCGTG-1,0.0
GTAAGTCAGTCACTAC-1,0.0
GTAAGTCGTACAGAGC-1,0.0
GTAATCGAGAGTTGAT-1,0.9418328205860117
GTAATCGAGCGTGTTT-1,0.0
GTAATCGGTATTCCGA-1,0.0
GTAATCGGTCTAGTGT-1,0.0
GTAATCGGTTACCCAA-1,0.0
GTAATCGTCAGGAACG-1,0.0
GTAATCGTCGTTGTGA-1,0.0
GTAATGCAGACTCGAG-1,0.0
GTAATGCAGCATGAAT-1,0.0
GTAATGCAGCCTCTTC-1,0.0
GTAATGCAGGAAGAAC-1,0.5370161051024567
GTAATGCCAACCAACT-1,0.8413039076119411
GTAATGCCACGAAAGC-1,0.0
GTAATGCCATGGTGGA-1,0.0
GTAATGCGTAGGTACG-1,0.0
GTAATGCGTCACGACC-1,0.0
GTAATGCGTCTCCTGT-1,0.0
GTAATGCGTCTTGTCC-1,0.0
GTAATGCGTGATATAG-1,0.0
GTAATGCTCCTGTACC-1,0.0
GTAATGCTCTTTCAGT-1,0.0
GTACAACAGGTTAAAC-1,0.0
GTACAACCAACAGATA-1,0.0
GTACAACCATCCGCGA-1,0.0
GTACAACTCTCTCGAC-1,0.0
GTACAACTCTGGTGCG-1,0.0
GTACAGTAGTATTAGG-1,0.0
GTACAGTCAATGAGCG-1,0.0
GTACAGTCACAAGCTT-1,0.0
GTACAGTGTAGGATAT-1,0.0
GTACAGTGTGGAATGC-1,0.0
GTAGAAAAGGCAGGGA-1,0.0
GTAGAAACAAATGCGG-1,0.0
GTAGAAACAGCTTTGA-1,0.0
GTAGAAAGTCGCATCG-1,0.0
GTAGAAAGTGCCGAAA-1,0.0
GTAGAAAGTTCGGGTC-1,0.0
GTAGAAAGTTTAGAGA-1,0.0
GTAGAAATCTCGTCGT-1,0.0
GTAGAGGAGGATGCGT-1,0.0
GTAGAGGGTAGTCTTG-1,0.5370162370161023
GTAGAGGGTCACCTTC-1,0.0
GTAGAGGTCACTTGGA-1,0.0
GTAGAGGTCTAAGAAG-1,0.0
GTAGAGGTCTGGCCTT-1,0.0
GTAGATCCACCAAAGG-1,0.40721623226293135
GTAGATCCAGATGCGA-1,0.0
GTAGATCCATAAGCGG-1,0.0
GTAGATCGTCATCACA-1,0.0
GTAGATCGTGTGAGCA-1,0.0
GTAGATCTCAAGCCGC-1,0.0
GTAGATCTCAATCTTC-1,0.0
GTAGATCTCGCTACAA-1,0.0
GTAGCTAAGCCTGGAA-1,0.0
GTAGCTAAGGAGGCAG-1,0.0
GTAGCTAAGTATAACG-1,0.0
GTAGCTACAGCTATTG-1,0.0
GTAGCTACAGGCGTTC-1,0.0
GTAGCTAGTGTCTCCT-1,0.0
GTAGCTAGTTACACAC-1,0.0
GTAGCTAGTTGTCAGT-1,0.0
GTAGCTAGTTTACTTC-1,0.0
GTAGCTATCCTAGCTC-1,0.0
GTAGCTATCTTTGCTA-1,0.0
GTAGGAGAGCACCAGA-1,0.0
GTAGGAGAGCCGAACA-1,0.0
GTAGGAGAGTTGGACG-1,0.0
GTAGGAGCAACCCTAA-1,0.0
GTAGGAGCAAGCAATA-1,0.0
GTAGGAGCACCTTCGT-1,0.0
GTAGGAGCATCTAACG-1,0.0
GTAGGAGGTGTAGGAC-1,0.0
GTAGGAGGTTCAAACC-1,0.0
GTAGGAGTCAGCTGTA-1,0.0
GTAGGAGTCTCGCAGG-1,0.0
GTAGGAGTCTGCGGAC-1,0.0
GTAGGTTAGCCTGTCG-1,0.0
GTAGGTTGTATACAGA-1,0.0
GTAGGTTGTTGGATCT-1,0.0
GTAGGTTTCGGACTGC-1,0.0
GTAGTACAGCGTACAG-1,0.0
GTAGTACCATGAAAGT-1,0.0
GTAGTACGTGCAGATG-1,0.0
GTAGTACTCAAAGCCT-1,0.0
GTATTGGAGGCTTAGG-1,0.0
GTATTGGCACCACTGG-1,0.0
GTATTGGGTCTTTCAT-1,0.0
GTATTGGGTGCATACT-1,0.0
GTATTGGGTTGGCTAT-1,0.0
GTATTGGTCGAACGGA-1,0.0
GTATTGGTCGTGGGTC-1,0.7868083558884655
GTATTTCCAAATGGTA-1,0.0
GTATTTCCACTCCTTG-1,0.0
GTATTTCCAGCAGTCC-1,0.0
GTATTTCCAGCATGCC-1,0.0
GTATTTCCAGGAGGAG-1,0.0
GTATTTCGTATCGCAT-1,0.0
GTATTTCGTCACAGAG-1,0.9890178951197734
GTATTTCTCCACGGGT-1,0.0
GTCAAACAGAGGGCGA-1,0.0
GTCAAACGTGACTCGC-1,0.0
GTCAAACTCCCGAGTG-1,0.0
GTCAAGTAGGTCGTCC-1,0.0
GTCAAGTCACACCAGC-1,0.0
GTCAAGTGTACAGTTC-1,0.0
GTCAAGTGTAGCGTAG-1,0.0
GTCAAGTGTGCTCTTC-1,0.0
GTCACGGAGGTTGGTG-1,0.0
GTCACGGAGTCGAAGC-1,0.33534396064206784
GTCACGGCAACTTGCA-1,0.0
GTCACGGCATCCGGCA-1,0.0
GTCACGGCATGGGTCC-1,0.0
GTCACGGGTGTTAACC-1,0.0
GTCACGGTCAAGGCTT-1,0.0
GTCACGGTCCGTGTGG-1,0.0
GTCACTCGTGCAAGAC-1,0.0
GTCACTCGTTAAGGGC-1,0.0
GTCACTCGTTGGGCCT-1,0.0
GTCAGCGAGGATTCCT-1,0.0
GTCAGCGCACTTGGCG-1,0.0
GTCAGCGCAGCCCACA-1,0.0
GTCAGCGCATGACTCA-1,0.0
GTCAGCGTCGACATCA-1,0.0
GTCATCCAGACTGAGC-1,0.0
GTCATCCCACTTGGGC-1,0.0
GTCATCCGTATGTCCA-1,0.0
GTCATCCGTGAGATCG-1,0.0
GTCATCCGTGTTGAGG-1,0.0
GTCATCCTCGACATTG-1,0.0
GTCATGAAGCTGAGTG-1,0.0
GTCATGAAGGCATGGT-1,0.0
GTCATGACAACAGAGC-1,0.0
GTCATGACAAGAGTGC-1,0.0
GTCATGACACCCTAAA-1,0.0
GTCATGAGTAGTCTGT-1,0.843105649775191
GTCATGATCCTAGCGG-1,0.0
GTCATTTAGGATACGC-1,0.0
GTCATTTCACATATGC-1,0.0
GTCATTTCAGGACATG-1,0.0
GTCATTTGTATGCAAA-1,0.0
GTCATTTGTCTGCCTT-1,0.0
GTCATTTGTGCTATTG-1,0.6796135162093246
GTCATTTTCATTGTGG-1,0.0
GTCATTTTCTAGGCCG-1,0.0
GTCATTTTCTCATGCC-1,0.8271735344915058
GTCCACTAGCATCAAA-1,0.9817306405720913
GTCCACTAGGTGGTTG-1,0.0
GTCCACTAGTATGATG-1,0.0
GTCCACTCACTCCCTA-1,0.0
GTCCACTCATCTCGTC-1,0.0
GTCCACTCATGGAACG-1,0.0
GTCCACTGTATGCGGA-1,0.0
GTCCACTGTTTAGACC-1,0.0
GTCCACTTCATGGGAG-1,0.0
GTCCACTTCCTGTAAG-1,0.0
GTCCCATGTAACTGCT-1,0.0
GTCCCATTCGACCATA-1,0.0
GTCCTCAAGCTGGCCT-1,0.0
GTCCTCAGTCAACATC-1,0.0
GTCCTCAGTCTGTCAA-1,0.0
GTCCTCAGTGTCTTAG-1,0.0
GTCCTCAGTTACGCCG-1,0.0
GTCCTCATCAAGAGGC-1,0.0
GTCCTCATCCCATACC-1,0.0
GTCGAATAGAGCATTA-1,0.0
GTCGAATAGATTACCC-1,0.0
GTCGAATAGTTTCTTC-1,0.0
GTCGAATCAGCGAGTA-1,0.0
GTCGAATGTGATGAAT-1,0.4946512308260243
GTCGAATTCAGACCGC-1,0.0
GTCGAATTCCGACGGT-1,0.0
GTCGAATTCGTAACTG-1,0.0
GTCGCGAAGAAGCCTG-1,0.0
GTCGCGAAGGAAGAAC-1,0.0
GTCGTAAAGAGGGTCT-1,0.0
GTCGTAACAATGTTGC-1,0.0
GTCGTAAGTCAAACGG-1,0.0
GTCGTAAGTGCGAACA-1,0.0
GTCGTAAGTGCTCTTC-1,0.0
GTCGTAATCTACACTT-1,0.6370206172717157
GTCGTTCCAATTGCCA-1,0.0
GTCGTTCCAGATCATC-1,0.0
GTCGTTCCATACCAGT-1,0.0
GTCGTTCCATCAGCGC-1,0.0
GTCGTTCCATTACGGT-1,0.8803210229024013
GTCGTTCGTCTACAAC-1,0.0
GTCGTTCTCATTTGGG-1,0.0
GTCGTTCTCCACCTGT-1,0.0
GTCGTTCTCTCGTGAA-1,0.0
GTCTACCAGCGCGTTC-1,0.0
GTCTACCCACAGCCAC-1,0.0
GTCTACCGTGTCATGT-1,0.0
GTCTACCGTTTCCAAG-1,0.0
GTCTACCTCATCCTGC-1,0.0
GTCTACCTCTCAGTCC-1,0.0
GTCTAGAAGTACTGGG-1,0.0
GTCTAGAGTACGCGTC-1,0.0
GTCTAGAGTCCTGTTC-1,0.0
GTCTAGAGTCTCAAGT-1,0.0
GTCTAGATCACTCGAA-1,0.0
GTCTAGATCATGCGGC-1,0.0
GTCTCACCAGGTACGA-1,0.0
GTCTCACGTATGTCAC-1,0.0
GTCTCACGTCATGACT-1,0.0
GTCTCACGTTACCGTA-1,0.0
GTCTCACTCGACGATT-1,0.0
GTCTCACTCGAGCCTG-1,0.0
GTCTCACTCGATTGGT-1,0.0
GTCTGTCAGCGAGTCA-1,0.0
GTCTGTCAGGCTCACC-1,0.0
GTCTGTCCACAAACGG-1,0.0
GTCTGTCGTTCGAGCC-1,0.7602419801984684
GTCTGTCGTTGTACGT-1,0.0
GTCTGTCTCAATGCAC-1,0.0
GTCTGTCTCCAAACCA-1,0.0
GTCTTTAAGACCAACG-1,0.0
GTCTTTAAGCATCTTG-1,0.4811276273740731
GTCTTTACACGCGTCA-1,0.0
GTCTTTACACTCCTTG-1,0.0
GTCTTTACATCTCAAG-1,0.0
GTGACGCAGCCAGAGT-1,0.0
GTGACGCAGGGAACAA-1,0.0
GTGACGCCACTGCGTG-1,0.0
GTGACGCGTCGGATTT-1,0.0
GTGAGCCAGAAGCGCT-1,0.0
GTGAGCCCAGGACATG-1,0.0
GTGAGCCGTCCGCAGT-1,0.0
GTGAGCCTCATGGTAC-1,0.0
GTGAGGAAGACATAAC-1,0.0
GTGAGGAAGTATGAGT-1,0.0
GTGAGGACAAGTGGGT-1,0.0
GTGAGGACAGCACCCA-1,0.0
GTGAGGACAGCGCTTG-1,0.0
GTGAGGAGTCACGCTG-1,0.0
GTGAGGATCCGTATGA-1,0.0
GTGAGTTAGCGCCTTG-1,0.0
GTGAGTTAGTGGAAAG-1,0.7309720873403707
GTGAGTTCAGTTTGGT-1,0.0
GTGAGTTTCTTAAGGC-1,0.0
GTGATGTAGAGAGTGA-1,0.0
GTGATGTCACCCAAGC-1,0.0
GTGATGTGTCGAGCAA-1,0.0
GTGATGTGTGAGCCAA-1,0.0
GTGCACGCAAAGGCTG-1,0.0
GTGCACGGTGATTCTG-1,0.0
GTGCAGCAGACCAAAT-1,0.0
GTGCAGCAGAGCAGTC-1,0.0
GTGCAGCAGCGTCAGA-1,0.0
GTGCAGCAGCTGTACT-1,0.0
GTGCAGCCACTTGAGT-1,0.0
GTGCAGCCAGACCATT-1,0.0
GTGCAGCCATCCGGCA-1,0.0
GTGCAGCGTAATCAGA-1,0.0
GTGCAGCGTCAATCTG-1,0.0
GTGCAGCGTCCTTTGC-1,0.0
GTGCGTGCAAGAATGT-1,0.0
GTGCGTGCAAGTACCT-1,0.0
GTGCGTGCACGTTCGG-1,0.0
GTGCGTGCACTGAGGA-1,0.0
GTGCGTGCATCATTTC-1,0.0
GTGCGTGCATCCCACT-1,0.0
GTGCGTGGTACGCTAT-1,0.0
GTGCGTGGTCGATTTG-1,0.0
GTGCGTGTCCGGACTG-1,0.0
GTGCGTGTCTTACGGA-1,0.0
GTGCTGGAGATGGTAT-1,0.0
GTGCTGGAGCTCCGAC-1,0.0
GTGCTGGAGGGCTAAC-1,0.0
GTGCTGGGTAGTCACT-1,0.0
GTGCTGGTCCTCACTG-1,0.0
GTGCTGGTCGTGACTA-1,0.0
GTGCTTCCATCGATGT-1,0.0
GTGCTTCGTATGTGTC-1,0.0
GTGCTTCGTCGATTTG-1,0.0
GTGCTTCGTGTAAATG-1,0.0
GTGCTTCTCAAAGACA-1,0.0
GTGCTTCTCGAAACAA-1,0.0
GTGCTTCTCTTCTCAA-1,0.0
GTGGAAGAGACGAGCT-1,0.0
GTGGAAGAGAGAGCCT-1,0.0
GTGGAAGCAGCACAGA-1,0.0
GTGGAAGCATGACCCG-1,0.0
GTGGAAGCATTGGATC-1,0.0
GTGGAAGGTACTCCCT-1,0.0
GTGGAAGTCCACAGCG-1,0.0
GTGGAAGTCTCTGGTC-1,0.0
GTGGAGAAGAGTATAC-1,0.0
GTGGAGACAATTAGGA-1,0.0
GTGGAGACAATTGTGC-1,0.0
GTGGAGACACCGTGGT-1,0.0
GTGGAGACAGGACTTT-1,0.0
GTGGCGTAGGATGAGA-1,0.0
GTGGCGTAGGCATCTT-1,0.0
GTGGCGTAGGTAAAGG-1,0.0
GTGGCGTCAGACACAG-1,0.0
GTGGCGTCAGTCGCTG-1,0.0
GTGGCGTGTCTTAGTG-1,0.0
GTGGCGTTCAGTGTGT-1,0.0
GTGGGAAAGCGAGTCA-1,0.0
GTGGGAAAGCTGTGCC-1,0.0
GTGGGAACAATGTGGG-1,0.0
GTGGGAATCAAGTTGC-1,0.0
GTGGTTAAGTATGACA-1,0.0
GTGGTTAAGTTGCTCA-1,0.0
GTGGTTAGTAGAATAC-1,0.0
GTGGTTAGTGGACTGA-1,0.7211721833638397
GTGTAACAGTGACACG-1,0.0
GTGTAACCACCCATAA-1,0.0
GTGTAACCATAACTCG-1,0.0
GTGTAACGTAACGGTG-1,0.9414293262894909
GTGTAACGTCTACGTA-1,0.0
GTGTAACTCACCGCTT-1,0.0
GTGTAACTCCAGCCTT-1,0.0
GTGTAACTCGCCGATG-1,0.0
GTGTCCTAGAGGGTCT-1,0.0
GTGTCCTAGCATTGTC-1,0.0
GTGTCCTCAAGATGGC-1,0.0
GTGTCCTCATCTCGTC-1,0.8827361110765601
GTGTCCTGTGCTATTG-1,0.0
GTGTCCTGTGGCCCAT-1,0.0
GTGTCCTGTTCGTACA-1,0.0
GTGTCCTTCTTCTGGC-1,0.0
GTGTGATAGAAACCCG-1,0.0
GTGTGATCATGAGGGT-1,0.0
GTGTGATGTCGCATTA-1,0.0
GTGTGATTCTTCGTGC-1,0.0
GTGTGGCAGGCACTAG-1,0.3019584592895485
GTGTGGCCAATGGGTG-1,0.0
GTGTGGCCATGATCTG-1,0.29233013827097065
GTGTGGCGTCCAAATC-1,0.0
GTGTGGCGTTCTAACG-1,0.0
GTGTGGCTCTCCAAGA-1,0.6333007066642691
GTGTGGCTCTTGGTCC-1,0.0
GTGTTAGAGCCTATTG-1,0.0
GTGTTAGAGTATGATG-1,0.0
GTGTTAGCATGCCGGT-1,0.0
GTGTTAGGTACTTCCC-1,0.2746896283017719
GTGTTAGTCAATCAGC-1,0.0
GTGTTCCAGCTGGTGA-1,0.0
GTGTTCCCACTGTCGG-1,0.0
GTGTTCCCAGTGCGCT-1,0.0
GTGTTCCCATATACCG-1,0.0
GTGTTCCGTACTTCCC-1,0.0
GTGTTCCGTTCTCACC-1,0.0
GTGTTCCTCCAACTGA-1,0.0
GTTACAGAGACGCATG-1,0.0
GTTACAGCATTGAAGA-1,0.0
GTTACAGGTAGGTACG-1,0.0
GTTACAGGTATTAAGG-1,0.0
GTTACAGGTGTGGTCC-1,0.0
GTTACAGTCTGAACGT-1,0.0
GTTACCCAGCCATCCG-1,0.0
GTTACCCCACCCAATA-1,0.0
GTTACCCCATGTACGT-1,0.0
GTTACCCGTAGCTTAC-1,0.0
GTTACCCGTCGGAACA-1,0.0
GTTACCCGTGTTCCTC-1,0.5370162338283854
GTTACGAAGGCATGCA-1,0.0
GTTACGAAGTCCTACA-1,0.0
GTTACGACAAGCGCAA-1,0.0
GTTACGACATGCGGTC-1,0.0
GTTACGATCCCAACTC-1,0.0
GTTACGATCGTAATGC-1,0.0
GTTAGACAGAGTTCGG-1,0.0
GTTAGACCAAGACAAT-1,0.0
GTTAGACGTATCGAGG-1,0.0
GTTAGACGTTAAACCC-1,0.7169603725732248
GTTAGACTCTGCTTTA-1,0.0
GTTAGTGAGCCAAGGT-1,0.0
GTTAGTGCAAGCACCC-1,0.0
GTTAGTGCAGCAGAAC-1,0.0
GTTAGTGGTGTTGAGG-1,0.24591626522286836
GTTAGTGTCCTGTTGC-1,0.0
GTTATGGAGCCGAATG-1,0.0
GTTATGGAGTTGAAAC-1,0.6433526958163719
GTTATGGCACTGGACC-1,0.0
GTTATGGGTGAGACCA-1,0.0
GTTATGGGTGATACTC-1,0.0
GTTATGGTCGTGCAGC-1,0.0
GTTATGGTCTTCCACG-1,0.0
GTTCATTAGAAGCTGC-1,0.0
GTTCATTAGCCTCAAT-1,0.0
GTTCATTAGGTTTGAA-1,0.0
GTTCATTGTATCCTCC-1,0.6729637309534426
GTTCATTGTCGAGTGA-1,0.0
GTTCATTGTGAGTTTC-1,0.0
GTTCATTTCAACGCTA-1,0.0
GTTCATTTCCATAAGC-1,0.0
GTTCATTTCTTACGGA-1,0.0
GTTCCGTAGCAACAGC-1,0.0
GTTCCGTCACTAACCA-1,0.0
GTTCCGTCATGACTGT-1,0.0
GTTCCGTGTCGGAACA-1,0.0
GTTCCGTGTGAGTAGC-1,0.0
GTTCCGTGTGTATACC-1,0.0
GTTCCGTTCATTGCTT-1,0.9127313061456498
GTTCCGTTCCATTGTT-1,0.0
GTTCCGTTCTGACGCG-1,0.0
GTTCGCTCAAGAGTGC-1,0.0
GTTCGCTCACCATATG-1,0.0
GTTCGCTGTTCCCACT-1,0.0
GTTCGCTGTTCCGCAG-1,0.5624761521626604
GTTCGCTGTTGTTGTG-1,0.0
GTTCGCTTCTAAGAAG-1,0.0
GTTCTATCAATAGGAT-1,0.0
GTTCTATCACTCTAGA-1,0.0
GTTCTATCAGGTATGG-1,0.6977453051248809
GTTCTATGTACAGTAA-1,0.0
GTTCTATGTCGTTTCC-1,0.0
GTTCTATTCGAATGCT-1,0.0
GTTGAACCAATGAACA-1,0.0
GTTGAACGTACATACC-1,0.0
GTTGAACTCAATCAGC-1,0.0
GTTGCGGAGAAGGTAG-1,0.0
GTTGCGGAGGTGGCTA-1,0.0
GTTGCGGAGTCCGCGT-1,0.8472286702458249
GTTGCGGCAGAACATA-1,0.0
GTTGCGGGTAATTAGG-1,0.0
GTTGCGGGTCGCGGTT-1,0.0
GTTGCGGGTCGTAATC-1,0.0
GTTGCTCAGTCTTCGA-1,0.0
GTTGCTCCAAGGATGC-1,0.0
GTTGCTCCACGTAGAG-1,0.0
GTTGCTCGTAGACTGG-1,0.6840300194779081
GTTGCTCTCGACCTAA-1,0.0
GTTGTAGAGTTAGTGA-1,0.0
GTTGTAGCAGCCGTCA-1,0.0
GTTGTAGGTACAAGTA-1,0.0
GTTGTAGGTAGGACCA-1,0.0
GTTGTAGGTTAAGCAA-1,0.0
GTTGTAGTCACCCTCA-1,0.0
GTTGTAGTCCCTCAAC-1,0.0
GTTGTCCAGGTCCTGC-1,0.0
GTTGTCCCACAGCCTG-1,0.0
GTTGTCCCACCTGCTT-1,0.0
GTTGTCCGTCAGATTC-1,0.0
GTTGTCCTCAAAGACA-1,0.0
GTTGTCCTCAAGGTGG-1,0.0
GTTGTCCTCTTACACT-1,0.0
GTTGTGAAGAAGAACG-1,0.0
GTTGTGACAGAAGTTA-1,0.0
GTTGTGACAGCATTGT-1,0.0
GTTGTGACATGGCCAC-1,0.0
GTTGTGATCGCGCCAA-1,0.0
GTTTACTAGAGTTCGG-1,0.0
GTTTACTAGCCTAGGA-1,0.0
GTTTACTAGGCGAACT-1,0.0
GTTTACTGTAGGGAGG-1,0.0
GTTTACTTCGGCTATA-1,0.0
GTTTGGAAGGCATCAG-1,0.0
GTTTGGAAGTCCCGGT-1,0.0
GTTTGGAAGTCCGTCG-1,0.0
GTTTGGAGTCTGCATA-1,0.0
GTTTGGAGTTCGGTAT-1,0.0
GTTTGGAGTTTCACAG-1,0.0
GTTTGGATCCCTCGTA-1,0.0
GTTTGGATCGAACGGA-1,0.0
TAACACGAGCGCCTCA-1,0.771871384529076
TAACACGGTATACCTG-1,0.0
TAACACGTCCCTCATG-1,0.0
TAACCAGAGCCTCAAT-1,0.0
TAACCAGAGTGCTCGC-1,0.0
TAACCAGCAACCGCCA-1,0.0
TAACCAGCACTAACCA-1,0.0
TAACCAGGTATGCAAA-1,0.0
TAACGACAGTTGAAAC-1,0.0
TAACGACCAGTTCCAA-1,0.0
TAACGACGTAACCCGC-1,0.0
TAACGACGTATCGCGC-1,0.0
TAACGACGTGCCTGCA-1,0.7685894049774757
TAACGACTCCGGTAGC-1,0.5856123970876841
TAACTTCAGATACTGA-1,0.0
TAACTTCCATACTGTG-1,0.0
TAACTTCCATCGCCTT-1,0.0
TAACTTCTCCAACCGG-1,0.0
TAACTTCTCGCGGTAC-1,0.0
TAAGCACCACCCTAGG-1,0.0
TAAGCACGTGATGAAT-1,0.3023859736113838
TAAGCACGTTCTCGTC-1,0.0
TAAGCCAAGACCCTTA-1,0.8860892643116816
TAAGCCAAGCGAGTAC-1,0.0
TAAGCCAAGTGCAGGT-1,0.0
TAAGCCACAAACAGGC-1,0.0
TAAGCCAGTCTCCTGT-1,0.0
TAAGCGTAGAAGGCTC-1,0.0
TAAGCGTAGATCACTC-1,0.0
TAAGCGTAGCCATCCG-1,0.0
TAAGCGTAGCCTAGGA-1,0.0
TAAGCGTCAATACCTG-1,0.0
TAAGCGTGTAGCTGCC-1,0.0
TAAGCGTGTGGCTCTG-1,0.0
TAAGCGTGTTCCATTT-1,0.6921076756872708
TAAGTCGCAGCCTACG-1,0.0
TAAGTCGCATACATCG-1,0.0
TAAGTCGGTAGCGATG-1,0.0
TAAGTCGGTTGTCAGT-1,0.0
TAAGTCGTCCGCATAA-1,0.0
TAAGTCGTCTGCCCTA-1,0.0
TAATCTCAGCGTGTCC-1,0.0
TAATCTCAGTGCTCAT-1,0.0
TAATCTCCAGATTCGT-1,0.0
TAATCTCGTCTAACTG-1,0.6914101126161049
TAATCTCGTGTACATC-1,0.0
TAATTCCAGATCGCCC-1,0.0
TAATTCCCAGTGCGCT-1,0.0
TAATTCCGTACAGCGA-1,0.0
TAATTCCGTACTTCCC-1,0.0
TAATTCCGTCTGTGGC-1,0.0
TAATTCCGTGAGTCAG-1,0.0
TAATTCCGTTCTGAGT-1,0.0
TAATTCCTCGCCTCTA-1,0.0
TACAACGAGCCTTTGA-1,0.0
TACAACGCATACCAGT-1,0.0
TACAACGTCTCGCCTA-1,0.0
TACACCCAGAAAGTCT-1,0.0
TACACCCAGAGGTTAT-1,0.0
TACACCCCAATGTGGG-1,0.6156464574689223
TACACCCGTAGGATAT-1,0.0
TACACCCTCTCGGCTT-1,0.0
TACAGGTAGCCTCTTC-1,0.0
TACAGGTAGGTCTACT-1,0.0
TACAGGTAGGTTACAA-1,0.7722684309214302
TACAGGTAGTAGGGTC-1,0.0
TACAGGTAGTGCTCAT-1,0.0
TACAGGTGTACAGAAT-1,0.0
TACAGGTGTACCACGC-1,0.0
TACAGGTGTATCACCA-1,0.0
TACAGGTGTTAGCGGA-1,0.0
TACAGGTTCATAGAGA-1,0.0
TACATTCAGCTAATCC-1,0.49528198064951307
TACATTCAGGAGAATG-1,0.0
TACATTCCACACCTGG-1,0.22482226009644046
TACATTCGTACAGCGA-1,0.5477140483247708
TACATTCGTACTCCCT-1,0.0
TACATTCGTGCGGTAA-1,0.0
TACATTCTCTATTGTC-1,0.0
TACCCACCAACCAATC-1,0.5597139990093112
TACCCACCAATGGCCC-1,0.0
TACCCACCACTGATTG-1,0.0
TACCCACTCATCGACA-1,0.6093015777416418
TACCCACTCCACGGGT-1,0.0
TACCCGTAGGCACTCC-1,0.0
TACCCGTAGGGCTTCC-1,0.0
TACCCGTAGGTAAAGG-1,0.2587101230924389
TACCCGTGTCCCGTGA-1,0.0
TACCCGTTCCCAATAG-1,0.0
TACCCGTTCGCTCATC-1,0.0
TACCGAAAGGACAACC-1,0.0
TACCGAAAGTATCTGC-1,0.0
TACCGAACAAGGGCAT-1,0.4830258889955828
TACCGAACACTTACAG-1,0.0
TACCGAATCAATCCGA-1,0.0
TACCGAATCAGCTGTA-1,0.0
TACCGAATCTATTGTC-1,0.0
TACCGGGAGGTATAGT-1,0.0
TACCGGGCAGACCATT-1,0.0
TACCGGGGTCTACGAT-1,0.0
TACCTCGAGACCTCAT-1,0.0
TACCTCGAGATACATG-1,0.4842602907187575
TACCTCGAGATTCGAA-1,0.0
TACCTCGAGTCGAAAT-1,0.0
TACCTCGCAGTTTCGA-1,0.0
TACCTCGCATCCTATT-1,0.0
TACCTGCAGAATAGTC-1,0.0
TACCTGCCAACACAGG-1,0.0
TACCTGCCACCAACAT-1,0.0
TACCTGCGTCCAGGTC-1,0.0
TACCTGCGTTATAGAG-1,0.0
TACCTGCTCGACCAAT-1,0.0
TACCTGCTCTCTAAGG-1,0.0
TACGCTCAGCTTCATG-1,0.0
TACGCTCCACAGACGA-1,0.49928055788001335
TACGCTCCAGAAATCA-1,0.0
TACGCTCGTGCACGCT-1,0.0
TACGCTCGTTAAGTCC-1,0.0
TACGCTCTCATCAGTG-1,0.0
TACGCTCTCCGGTTCT-1,0.0
TACGCTCTCGTGGGAA-1,0.0
TACGCTCTCTGCGGGT-1,0.0
TACGGGCAGGTCCGAA-1,0.0
TACGGGCCAACGCCCA-1,0.0
TACGGGCCACCGGCTA-1,0.0
TACGGGCCAGACCAAG-1,0.0
TACGGGCCAGAGGGTT-1,0.7144066106534059
TACGGGCCAGCTTTGA-1,0.0
TACGGGCGTGGCATCC-1,0.9375046992611772
TACGGGCGTTGTGTAC-1,0.5370162510819069
TACGGGCTCCGACAGC-1,0.0
TACGGTAAGATCGCTT-1,0.0
TACGGTACACTCTAGA-1,0.0
TACGGTACATACAGCT-1,0.0
TACGGTAGTTTGGGAG-1,0.0
TACGTCCAGATAGCAT-1,0.0
TACGTCCAGGATACAT-1,0.0
TACGTCCCACAACCGC-1,0.0
TACGTCCCAGCTGGTC-1,0.0
TACGTCCTCAAACGTC-1,0.0
TACGTCCTCGCATAGT-1,0.0
TACTGCCAGAGCAGCT-1,0.0
TACTGCCAGATTGATG-1,0.0
TACTGCCAGGAACTAT-1,0.0
TACTGCCCACGCTTAA-1,0.0
TACTGCCCACGTCATA-1,0.0
TACTGCCGTGAGTCAG-1,0.0
TACTGCCTCGACGACC-1,0.0
TACTGCCTCTCAATCT-1,0.69727953689601
TACTTACAGCACAAAT-1,0.0
TACTTACAGCTGTCCG-1,0.0
TACTTACCAAATACAG-1,0.0
TACTTACGTCAGGTAG-1,0.722633792013749
TACTTACGTGCATTAC-1,0.0
TACTTACGTGGTTCTA-1,0.0
TACTTACGTGTACAGG-1,0.0
TACTTCACAATGAGCG-1,0.0
TACTTCAGTTTCGCTC-1,0.0
TACTTCATCGATACAC-1,0.7852035064307437
TACTTGTCATGCCGGT-1,0.0
TACTTGTGTAAGAACT-1,0.0
TACTTGTGTGTCCAAT-1,0.0
TACTTGTGTTAAACCC-1,0.0
TACTTGTGTTCAGGTT-1,0.0
TACTTGTTCCATTGCC-1,0.0
TACTTGTTCTCGTCGT-1,0.0
TACTTGTTCTTCACGC-1,0.6559252750191048
TAGACCAAGATCACCT-1,0.0
TAGACCAGTATCGTTG-1,0.0
TAGACCAGTCATTCCC-1,0.0
TAGACCAGTGCGGATA-1,0.0
TAGACCAGTTCGAACT-1,0.0
TAGACCATCAGACCCG-1,0.0
TAGACTGAGTGGCAGT-1,0.0
TAGACTGCATATCTCT-1,0.0
TAGACTGGTACAGGTG-1,0.0
TAGACTGTCCCAATAG-1,0.5370162161835941
TAGACTGTCTGAGCAT-1,0.2733627757828008
TAGAGTCAGCAAGGAA-1,0.0
TAGAGTCCACATCCCT-1,0.0
TAGAGTCGTATATGGA-1,0.0
TAGAGTCGTCTTCCGT-1,0.0
TAGAGTCTCACCCATC-1,0.0
TAGAGTCTCAGAATAG-1,0.0
TAGAGTCTCGCGGACT-1,0.0
TAGAGTCTCTAGGCCG-1,0.0
TAGATCGAGAGCAACC-1,0.0
TAGATCGAGCCACCGT-1,0.0
TAGATCGAGCTTTCTT-1,0.0
TAGATCGAGGTTCCGC-1,0.7256412670274367
TAGATCGCAAAGGCTG-1,0.0
TAGATCGCACAGCGCT-1,0.0
TAGATCGCAGGAATCG-1,0.0
TAGATCGCATCAGCTA-1,0.0
TAGATCGGTATTTCCT-1,0.0
TAGATCGTCTGACAGT-1,0.0
TAGCACAAGGACGGAG-1,0.0
TAGCACAAGGTGCATG-1,0.0
TAGCACACACGAAAGC-1,0.0
TAGCACACATAATGCC-1,0.0
TAGCACACATGACGTT-1,0.0
TAGCACATCGTCGACG-1,0.0
TAGGAGGGTCAGGAGT-1,0.0
TAGGAGGGTCCTATAG-1,0.5576444996291247
TAGGAGGTCTGGGATT-1,0.0
TAGGGTTAGGGATCAC-1,0.0
TAGGGTTCAAATCGGG-1,0.0
TAGGGTTCAACGACTT-1,0.0
TAGGGTTGTAACAGGC-1,0.0
TAGGGTTGTAAGTTAG-1,0.0
TAGGGTTTCAGGTGTT-1,0.0
TAGGTACAGAGCAGTC-1,0.0
TAGGTACGTTCAATCG-1,0.0
TAGGTACGTTGGGTAG-1,0.0
TAGGTACTCAGCCCAG-1,0.0
TAGGTTGCAAAGTGTA-1,0.0
TAGGTTGCAGTCTACA-1,0.0
TAGGTTGGTTTCGTTT-1,0.0
TAGGTTGTCATCGTAG-1,0.0
TAGTGCAAGTGATTCC-1,0.0
TAGTGCAGTAACACGG-1,0.0
TAGTGCAGTGGTCAAG-1,0.0
TATACCTAGGCGAACT-1,0.0
TATACCTCAAATCCCA-1,0.0
TATACCTTCGAGCCTG-1,0.0
TATACCTTCGAGCTGC-1,0.0
TATATCCAGACATCCT-1,0.0
TATATCCAGAGGTCAC-1,0.0
TATATCCAGCGCCATC-1,0.0
TATATCCCAGACATCT-1,0.0
TATATCCCATACCACA-1,0.0
TATATCCGTCTGTGTA-1,0.0
TATATCCGTGATACAA-1,0.0
TATCAGGAGAGTAACT-1,0.0
TATCAGGGTAGTCTTG-1,0.0
TATCAGGGTTGATGTC-1,0.0
TATCAGGTCCATGAGT-1,0.0
TATCAGGTCCCAGCGA-1,0.0
TATCAGGTCTGAGAGG-1,0.0
TATCCTACATACAGCT-1,0.0
TATCCTAGTCGGTACC-1,0.0
TATCCTATCAGTGTGT-1,0.0
TATCCTATCGACCAAT-1,0.0
TATCGCCAGACCATGG-1,0.0
TATCGCCAGACGGTTG-1,0.0
TATCGCCCAAGCGGAT-1,0.0
TATCGCCGTTTCGCTC-1,0.0
TATCGCCTCATGCCAA-1,0.0
TATCGCCTCGCACGAC-1,0.9357885883650707
TATCTGTCATATGCGT-1,0.0
TATCTGTCATCGTGGC-1,0.0
TATCTGTGTAGAATGT-1,0.40964032213429
TATCTGTGTCGAATGG-1,0.0
TATCTGTGTTCGGCCA-1,0.0
TATCTGTTCATAGAGA-1,0.0
TATCTGTTCCATATGG-1,0.0
TATCTGTTCTGAATGC-1,0.0
TATCTGTTCTGGGCCA-1,0.0
TATCTGTTCTTGCAAG-1,0.0
TATCTTGCATCTCCCA-1,0.0
TATGTTCAGCGACTTT-1,0.0
TATGTTCCACAATGTC-1,0.0
TATGTTCGTAGCTTTG-1,0.0
TATGTTCGTGTGTTTG-1,0.0
TATGTTCTCCATCCGT-1,0.0
TATTCCAAGACATCCT-1,0.4931008296829525
TATTCCAAGATAGCAT-1,0.0
TATTCCAAGATCCAAA-1,0.0
TATTCCAAGCCGGAAT-1,0.0
TATTCCAAGTGTTGTC-1,0.0
TATTCCACAAAGACGC-1,0.0
TATTCCAGTAACACCT-1,0.0
TATTCCATCGACGCGT-1,0.0
TATTCCATCTCACTCG-1,0.0
TATTGCTCATGACTTG-1,0.0
TATTGCTGTCTCGGAC-1,0.0
TATTGGGCAGCTCTGG-1,0.0
TATTGGGCAGGCATGA-1,0.0
TATTGGGGTCCCTAAA-1,0.7476489476752923
TATTGGGGTCGACTGC-1,0.0
TATTGGGGTTAACCTG-1,0.0
TATTGGGTCAACACCA-1,0.0
TATTTCGAGAAACTAC-1,0.0
TATTTCGAGGCTTCCG-1,0.0
TATTTCGAGGTTGGTG-1,0.0
TATTTCGCAACCCTCT-1,0.0
TATTTCGCAGACCTAT-1,0.9707146034129283
TATTTCGGTCAAAGCG-1,0.0
TATTTCGTCATCCTAT-1,0.0
TATTTCGTCTTGGAAC-1,0.0
TCAAGACCAATTGAGA-1,0.0
TCAAGACCAGGTGACA-1,0.0
TCAAGACCAGTCCCGA-1,0.0
TCAAGCAAGAACCCGA-1,0.0
TCAAGCAAGGTTCCAT-1,0.0
TCAAGCACAAATCCCA-1,0.0
TCAAGCACAGATACTC-1,0.0
TCAAGCAGTCATTCCC-1,0.0
TCAAGCAGTCTCAGGC-1,0.739997914926198
TCAAGCATCTCGAACA-1,0.0
TCAAGTGAGTGGAAAG-1,0.0
TCAAGTGCAATCCTAG-1,0.0
TCAAGTGCACACCTTC-1,0.0
TCAAGTGCATGATCTG-1,0.0
TCAAGTGGTTGCCTAA-1,0.0
TCAAGTGTCCGCGAGT-1,0.0
TCAAGTGTCCGGCAGT-1,0.556097446448685
TCAATCTCAAGGACAC-1,0.0
TCAATCTCAATGTCTG-1,0.0
TCAATCTCACACGGAA-1,0.6457022564843289
TCAATCTCACACGTGC-1,0.0
TCAATCTCACGGCACT-1,0.0
TCAATCTGTTTGGGTT-1,0.0
TCAATCTTCAGCTGAT-1,0.0
TCAATCTTCGATACGT-1,0.6873591251705082
TCAATTCAGCATCTTG-1,0.0
TCAATTCAGGTTCCAT-1,0.2389646121978101
TCAATTCCAATAAGGT-1,0.0
TCAATTCCAATCCTAG-1,0.0
TCAATTCCAGACCAGA-1,0.5424049673973097
TCAATTCCAGCACACC-1,0.0
TCAATTCGTCGGATTT-1,0.0
TCAATTCTCTCGGCTT-1,0.0
TCACAAGAGGCTGAAC-1,0.0
TCACAAGAGGGCTAAC-1,0.0
TCACAAGAGTGCAACG-1,0.0
TCACAAGCAATTGCGT-1,0.0
TCACAAGCACGTGAGA-1,0.0
TCACAAGCACTGCGAC-1,0.0
TCACAAGTCTAGATCG-1,0.0
TCACACCAGCACGATG-1,0.0
TCACACCAGCCGTAAG-1,0.0
TCACACCCAACCGCTG-1,0.6213383919451135
TCACACCCAATACAGA-1,0.0
TCACACCGTCTAGGCC-1,0.0
TCACACCGTGCCCACA-1,0.0
TCACACCGTTACAGCT-1,0.0
TCACATTAGGCTTAAA-1,0.0
TCACATTCAAGGGTCA-1,0.5088451196660442
TCACATTGTGGTTTGT-1,0.0
TCACATTGTGTGTACT-1,0.0
TCACATTGTGTTTGCA-1,0.0
TCACATTTCCAAGAGG-1,0.0
TCACGCTCAGCAGGAT-1,0.0
TCACGCTGTACCACGC-1,0.0
TCACGCTTCACATTGG-1,0.0
TCACGCTTCTCGGTCT-1,0.0
TCACGGGAGCTGACCC-1,0.0
TCACGGGAGTTGGACG-1,0.0
TCACGGGCAGTGCGCT-1,0.0
TCACGGGCATCTGGGC-1,0.0
TCACGGGGTCCACATA-1,0.0
TCACGGGTCAGACCCG-1,0.0
TCACTATCAGCCGGTT-1,0.4769840392880555
TCACTATCATGACAGG-1,0.0
TCACTATTCTGCTTAT-1,0.0
TCACTCGAGGAGTACC-1,0.0
TCACTCGCAACTTGCA-1,0.0
TCACTCGCATGACTGT-1,0.0
TCACTCGCATGAGTAA-1,0.0
TCACTCGGTAACTTCG-1,0.0
TCACTCGGTCCGTTTC-1,0.5370162559299604
TCACTCGGTCGCATGC-1,0.0
TCACTCGTCCCTAGGG-1,0.0
TCAGCAAAGATGGGCT-1,0.0
TCAGCAAAGGACTAAT-1,0.0
TCAGCAAAGGATTTCC-1,0.0
TCAGCAAAGTGTACCT-1,0.0
TCAGCAACACGGGTAA-1,0.0
TCAGCAACAGTAGTTC-1,0.0
TCAGCAACATCTGCGG-1,0.0
TCAGCAAGTCATTCCC-1,0.0
TCAGCAAGTGTTGCCG-1,0.0
TCAGCCTAGCGCCATC-1,0.0
TCAGCCTCAAATGAGT-1,0.0
TCAGCCTGTCTACGAT-1,0.0
TCAGCCTGTTCTTGTT-1,0.0
TCAGCCTTCGGTCTGG-1,0.0
TCAGCCTTCGTCGCTT-1,0.0
TCAGGGCTCATACGAC-1,0.0
TCAGGTAAGCCGGAAT-1,0.9648077641641102
TCAGGTAAGCGGCTCT-1,0.0
TCAGGTAGTCAGTCGC-1,0.0
TCAGGTAGTTGGACTT-1,0.5821881163836957
TCAGTCCAGAAAGCGA-1,0.0
TCAGTCCAGCTCCATA-1,0.0
TCAGTCCAGCTCGGCT-1,0.0
TCAGTCCCACGCTGCA-1,0.0
TCAGTCCTCACAGAGG-1,0.0
TCAGTGACATGGATCT-1,0.0
TCAGTGAGTCGTTATG-1,0.0
TCAGTGATCCACGTAA-1,0.0
TCAGTGATCCCGATCT-1,0.0
TCAGTTTAGAAAGCGA-1,0.0
TCAGTTTTCTGTGCGG-1,0.0
TCATACTAGGTTAAAC-1,0.0
TCATACTCATCTCAAG-1,0.0
TCATATCAGAGGATGA-1,0.0
TCATATCAGCCTGTGC-1,0.0
TCATATCAGCTCAGAG-1,0.0
TCATATCAGCTGTACT-1,0.0
TCATATCCAGCTTTCC-1,0.0
TCATATCCATGACAGG-1,0.0
TCATATCTCCACTGAA-1,0.0
TCATATCTCCATACAG-1,0.0
TCATATCTCCGCGGAT-1,0.0
TCATATCTCGCCACTT-1,0.7667325297300979
TCATATCTCGGTGTAT-1,0.0
TCATCATAGGGCAAGG-1,0.0
TCATCATCAAAGGCTG-1,0.0
TCATCATTCTAACACG-1,0.0
TCATCCGAGCGTCTCG-1,0.0
TCATCCGAGTATAACG-1,0.0
TCATCCGCAACCAGAG-1,0.0
TCATCCGCAACCCTAA-1,0.0
TCATCCGTCACATTGG-1,0.0
TCATCCGTCCGCATAA-1,0.0
TCATCCGTCTGGGCGT-1,0.0
TCATGAGAGTGCTCAT-1,0.0
TCATGAGTCGCTGTCT-1,0.0
TCATGCCAGATGGTAT-1,0.47431942758127144
TCATGCCGTCGATGCC-1,0.0
TCATGCCTCATCACTT-1,0.0
TCATGCCTCCTTATAC-1,0.0
TCATGGAAGACATAAC-1,0.8470041347417864
TCATGGAAGCGGTATG-1,0.0
TCATGGAAGTTTGGCT-1,0.0
TCATGGATCACTGGTA-1,0.0
TCATGTTAGAGTTGCG-1,0.0
TCATGTTAGCCGTTGC-1,0.7587843102670259
TCATGTTAGCTGTTCA-1,0.0
TCATGTTAGTTGGCGA-1,0.0
TCATGTTCATGTTCGA-1,0.0
TCATGTTGTCCAAATC-1,0.0
TCATGTTGTCTACAGT-1,0.0
TCATGTTGTGACTATC-1,0.0
TCATGTTGTGTTATCG-1,0.0
TCATGTTGTTACCGTA-1,0.31420984738488594
TCATGTTTCTGGACCG-1,0.0
TCATTACAGATGACAT-1,0.0
TCATTACAGGGAGTGG-1,0.0
TCATTACAGGTGAGAA-1,0.6742134788988812
TCATTACTCCGCTAGG-1,0.0
TCATTACTCGAGAGAC-1,0.0
TCATTCAAGATACTGA-1,0.0
TCATTCACAACTCGAT-1,0.9883376407400111
TCATTCACATGTCTAG-1,0.0
TCATTCAGTAAGACCG-1,0.0
TCATTCAGTCCTTGTC-1,0.6522157511698733
TCATTCAGTTGCATGT-1,0.0
TCATTGTAGCCATTTG-1,0.0
TCATTGTAGTTCGCAT-1,0.0
TCATTGTAGTTGCTGT-1,0.0
TCATTGTCACTAACCA-1,0.0
TCATTGTGTAACCCGC-1,0.0
TCATTGTGTTGGCCTG-1,0.0
TCATTTGAGTTCTCTT-1,0.902907034280696
TCATTTGTCAGCTCTC-1,0.6644064529219784
TCATTTGTCCAACCAA-1,0.0
TCATTTGTCTATGCCC-1,0.0
TCATTTGTCTTACCAT-1,0.0
TCCACCAAGATAGTCA-1,0.0
TCCACCAAGTCGGCCT-1,0.0
TCCACCAGTGAGAACC-1,0.0
TCCACCAGTGGGCTCT-1,0.0
TCCACCAGTTGCCGAC-1,0.0
TCCACCATCCCAGGAC-1,0.9222118153730524
TCCACGTAGAAACCCG-1,0.0
TCCACGTAGACAAGCC-1,0.0
TCCACGTAGAGCTGAC-1,0.0
TCCACGTAGGACAGTC-1,0.0
TCCACGTAGGGCCCTT-1,0.0
TCCACGTCAAAGGAGA-1,0.30925524656448583
TCCACGTCAGCAGTTT-1,0.0
TCCACGTGTCATCAGT-1,0.0
TCCACGTGTGTGTTTG-1,0.0
TCCAGAAAGACTCAAA-1,0.0
TCCAGAACAACCGACC-1,0.0
TCCAGAATCCGTGGTG-1,0.0
TCCAGAATCTACTGAG-1,0.0
TCCATCGAGATGGCAC-1,0.0
TCCATCGCAAGGAGTC-1,0.0
TCCATCGCAAGTCCCG-1,0.4539444892049786
TCCATCGCAGCTAACT-1,0.0
TCCATCGCATGAAAGT-1,0.0
TCCATCGGTCATACCA-1,0.0
TCCATCGGTCGACTGC-1,0.0
TCCATCGTCAATCTCT-1,0.0
TCCATCGTCTTTGCTA-1,0.0
TCCATGCCAAGGCAAC-1,0.0
TCCATGCCAGCCTACG-1,0.0
TCCATGCGTTGGTACT-1,0.0
TCCATGCTCCTACGAA-1,0.5098221883129656
TCCCACAAGGACAACC-1,0.0
TCCCACACAAGGGTCA-1,0.0
TCCCACACAGACCTAT-1,0.0
TCCCACACATAGGTAA-1,0.0
TCCCACAGTAGCTTAC-1,0.0
TCCCACAGTTGGACCC-1,0.0
TCCCACATCCATTGGA-1,0.0
TCCCACATCCTCTCGA-1,0.7712894366765396
TCCCACATCCTTCACG-1,0.0
TCCCACATCTCCACTG-1,0.0
TCCCAGTCAACAGAGC-1,0.0
TCCCAGTGTCGCAACC-1,0.0
TCCCAGTTCCGCAAAT-1,0.7040929249327988
TCCCAGTTCCGGACGT-1,0.0
TCCCATGCACGACTAT-1,0.0
TCCCATGCAGTATACC-1,0.0
TCCGAAAGTTTAGTCG-1,0.0
TCCGATCAGAAGCCTG-1,0.9586392535339876
TCCGATCCACGACGAA-1,0.0
TCCGATCCACTACCCT-1,0.0
TCCGATCCACTGTCCT-1,0.0
TCCGATCCAGGAACCA-1,0.0
TCCGATCGTCGCAGTC-1,0.0
TCCGATCGTGGAACAC-1,0.0
TCCGATCGTTCCGCGA-1,0.0
TCCGATCTCAAGCTGT-1,0.0
TCCGGGAAGATAGTCA-1,0.0
TCCGGGAGTAGAGATT-1,0.0
TCCGGGAGTATGACAA-1,0.0
TCCGGGAGTGGCCCAT-1,0.0
TCCGGGAGTGTCCCTT-1,0.0
TCCGGGATCTGGCTGG-1,0.0
TCCGGGATCTTAAGGC-1,0.0
TCCGTGTGTCACTCGG-1,0.0
TCCGTGTGTTTCAGAC-1,0.0
TCCGTGTTCGGCGATC-1,0.0
TCCTAATAGAGGGTCT-1,0.0
TCCTAATAGTTTGTCG-1,0.0
TCCTAATCAGTGCCTG-1,0.0
TCCTAATTCCTTGACC-1,0.0
TCCTCCCAGAAATGGG-1,0.5370162644839259
TCCTCCCAGACTTAAG-1,0.0
TCCTCCCCACGATAGG-1,0.0
TCCTCCCCAGTTCTAG-1,0.0
TCCTCCCGTACGGATG-1,0.0
TCCTCCCGTCTCACGG-1,0.7241145161362553
TCCTCCCGTCTTTCAT-1,0.0
TCCTCCCTCACAGTGT-1,0.0
TCCTCCCTCTTAGCTT-1,0.0
TCCTCGACAGAGGCTA-1,0.0
TCCTCGAGTCTCGACG-1,0.6894386012613262
TCCTCGATCCACTTCG-1,0.0
TCCTCTTAGGACATCG-1,0.0
TCCTCTTCATGCTGCG-1,0.0
TCCTCTTGTGACACAG-1,0.0
TCCTCTTTCTTCTTCC-1,0.0
TCCTGCAAGTATGGAT-1,0.6262806884441557
TCCTGCAAGTGAGCCA-1,0.0
TCCTGCACAGTTCACA-1,0.0
TCCTGCAGTATTAAGG-1,0.0
TCCTGCAGTCTCAAGT-1,0.0
TCCTGCAGTGCTCTCT-1,0.0
TCCTGCATCAACTTTC-1,0.0
TCCTGCATCGAGCCTG-1,0.0
TCCTTCTAGTATAGGT-1,0.0
TCCTTCTGTTGTAAAG-1,0.0
TCCTTCTTCTAGGAAA-1,0.0
TCCTTCTTCTGCTCTG-1,0.0
TCCTTTCCATCCTTCG-1,0.0
TCCTTTCTCACCCATC-1,0.0
TCCTTTCTCACCCTCA-1,0.0
TCCTTTCTCTCGACCT-1,0.0
TCGAACAAGCGACTAG-1,0.0
TCGAACAAGCTGAAGC-1,0.0
TCGAACATCACTTGGA-1,0.0
TCGAACATCCGGACTG-1,0.0
TCGAAGTAGCATACTC-1,0.0
TCGAAGTCAAATAGCA-1,0.0
TCGAAGTCAGACTCTA-1,0.0
TCGAAGTCATAACTCG-1,0.0
TCGAAGTCATATGAAG-1,0.0
TCGAAGTCATCCTCAC-1,0.0
TCGACCTAGCCGGAAT-1,0.0
TCGACCTAGGAAGTAG-1,0.0
TCGACCTCAAGACAAT-1,0.0
TCGACCTCACTAGTAC-1,0.0
TCGACCTCAGAAATCA-1,0.0
TCGACCTTCCTAAACG-1,0.0
TCGACCTTCCTTGAAG-1,0.0
TCGACCTTCGCTCCTA-1,0.0
TCGACCTTCGTAGTCA-1,0.0
TCGACCTTCTAGTGTG-1,0.8509188096261321
TCGACGGAGTGTAGAT-1,0.0
TCGACGGCACGAGGTA-1,0.0
TCGACGGCAGTAGATA-1,0.0
TCGACGGCAGTAGTGG-1,0.0
TCGACGGCAGTTCACA-1,0.22766123618093367
TCGACGGGTGTGTGTT-1,0.0
TCGACGGTCCGAAATC-1,0.0
TCGACGGTCGCTATTT-1,0.0
TCGATTTAGCGTTGTT-1,0.0
TCGATTTAGGAGCTGT-1,0.0
TCGATTTGTCCCGCAA-1,0.0
TCGATTTGTGTGGTCC-1,0.0
TCGATTTTCACTGTCC-1,0.0
TCGATTTTCATGCCCT-1,0.0
TCGATTTTCGTTCTAT-1,0.0
TCGCACTCAAGAAATC-1,0.0
TCGCACTGTGTACAGG-1,0.0
TCGCACTTCATACGGT-1,0.5454747167410922
TCGCACTTCCCGAATA-1,0.0
TCGCACTTCGATACTG-1,0.0
TCGCAGGAGCGGTAAC-1,0.7788259122844274
TCGCAGGCACGCTGTG-1,0.0
TCGCAGGCAGATTAAG-1,0.0
TCGCAGGGTCTACGTA-1,0.0
TCGCAGGGTGTCCACG-1,0.6762511860117266
TCGCAGGTCGAAGGAC-1,0.0
TCGCTCAAGGCTGGAT-1,0.7550990421733601
TCGCTCACAAATCGTC-1,0.0
TCGCTCACACGTACTA-1,0.0
TCGCTCACAGACGATG-1,0.0
TCGCTCATCCTGTACC-1,0.0
TCGCTCATCTCCAATT-1,0.0
TCGCTTGAGACATACA-1,0.0
TCGCTTGAGACTCGAG-1,0.4363873275840544
TCGCTTGCAGTAGAGC-1,0.0
TCGCTTGTCAAGGACG-1,0.0
TCGCTTGTCCCGAACG-1,0.0
TCGCTTGTCCTAAACG-1,0.0
TCGGATACACACTGGC-1,0.0
TCGGATAGTTGGAGGT-1,0.0
TCGGATATCGTAGCCG-1,0.0
TCGGATATCTAACACG-1,0.0
TCGGATATCTTGAACG-1,0.0
TCGGGACAGCCTGAAG-1,0.0
TCGGGACAGGTAGCAC-1,0.5370162075753568
TCGGGACAGTGTACAA-1,0.0
TCGGGACCAGCGTGCT-1,0.0
TCGGGACCAGTTAGAA-1,0.0
TCGGGACGTCGTAATC-1,0.8150752593182309
TCGGGACGTGGAACAC-1,0.0
TCGGGACGTTAAGGAT-1,0.0
TCGGGACTCCAAGGGA-1,0.0
TCGGGCACAAGGGTCA-1,0.0
TCGGGCATCTCATGCC-1,0.0
TCGGGCATCTCGTCGT-1,0.0
TCGGGCATCTGAGATC-1,0.0
TCGGGTGAGCGAGTCA-1,0.0
TCGGGTGAGTGCCGAA-1,0.0
TCGGGTGCAGTGTATC-1,0.5370162219052494
TCGGGTGCATGATGCT-1,0.0
TCGGGTGGTGCAACAG-1,0.0
TCGGGTGGTGCGGCTT-1,0.0
TCGGTCTAGAAGCCTG-1,0.32348952040778095
TCGGTCTCAAGGTTGG-1,0.0
TCGGTCTGTAATGCGG-1,0.0
TCGGTCTGTCTACAGT-1,0.0
TCGGTCTGTTACCCTC-1,0.0
TCGTAGAGTAAGTTAG-1,0.0
TCGTAGAGTACAGTCT-1,0.0
TCGTAGAGTGTGGTCC-1,0.24098822637399545
TCGTAGATCACTGCTC-1,0.0
TCGTAGATCAGGACAG-1,0.0
TCGTAGATCGCCGATG-1,0.0
TCGTCCAAGACATCAA-1,0.0
TCGTCCAAGCCTCAGC-1,0.0
TCGTCCAAGTTCGCAT-1,0.0
TCGTCCACAAGATGGC-1,0.0
TCGTCCACAGCGCGTT-1,0.0
TCGTCCAGTTACCTGA-1,0.0
TCGTCCATCATTCGGA-1,0.0
TCGTCCATCTAGCATG-1,0.0
TCGTCCATCTCGCTCA-1,0.0
TCGTGCTAGGAGAATG-1,0.0
TCGTGCTAGGCATCAG-1,0.0
TCGTGCTAGGGATCAC-1,0.0
TCGTGCTAGTTGCATC-1,0.0
TCGTGCTGTGAATTGA-1,0.0
TCGTGCTTCAGAGCAG-1,0.6266747638904044
TCGTGCTTCCGAGATT-1,0.0
TCGTGCTTCCGGGACT-1,0.0
TCGTGGGAGCAAATGT-1,0.0
TCGTGGGAGGGTCTTT-1,0.0
TCGTGGGCAGTTGTTG-1,0.0
TCGTGGGGTGGGTCAA-1,0.0
TCGTGGGTCTGTGTGA-1,0.0
TCTAACTGTACTGACT-1,0.0
TCTAACTGTTTCGTAG-1,0.0
TCTAACTTCGTGTTCC-1,0.0
TCTACATCACCGTGGT-1,0.0
TCTACATGTTGAAGTA-1,0.0
TCTACATGTTGGACTT-1,0.0
TCTACATTCCATTTAC-1,0.6194314592193614
TCTACATTCCGGCAAC-1,0.7299346040098325
TCTACATTCGTGTCAA-1,0.0
TCTACCGAGTTACGAA-1,0.0
TCTACCGGTCTCCCTA-1,0.0
TCTACCGTCACTGCTC-1,0.0
TCTATACAGCCTTTCC-1,0.0
TCTATACCAATCTGCA-1,0.0
TCTATACCAGGGCTTC-1,0.0
TCTATACGTATGCGGA-1,0.0
TCTATACGTTTGAAAG-1,0.6479874234949395
TCTATACTCGGAATGG-1,0.0
TCTATACTCTTTCCAA-1,0.5370162028892225
TCTATCAAGCACACAG-1,0.0
TCTATCAAGGCAATGC-1,0.0
TCTATCAAGTCCCAGC-1,0.0
TCTATCAAGTGCACCC-1,0.0
TCTATCAGTATCCCAA-1,0.617149184674318
TCTATCAGTGTTGCCG-1,0.0
TCTATCATCTTCGCTG-1,0.0
TCTCACGAGACAACAT-1,0.99568927188741
TCTCACGCAAGACAAT-1,0.0
TCTCACGGTCATAGTC-1,0.7630820999974927
TCTCACGGTCATATGC-1,0.0
TCTCACGTCGTTCAGA-1,0.0
TCTCACGTCTGCCTCA-1,0.0
TCTCACGTCTTCCTAA-1,0.0
TCTCAGCAGTAGGATT-1,0.0
TCTCAGCAGTGATAAC-1,0.0
TCTCAGCCACGCGCAT-1,0.0
TCTCAGCCAGTAACCT-1,0.0
TCTCAGCGTACCCAGC-1,0.0
TCTCAGCGTAGACAGC-1,0.0
TCTCAGCGTCCCGCAA-1,0.22514162080537492
TCTCAGCTCATGCTAG-1,0.0
TCTCAGCTCTGCTAGA-1,0.0
TCTCCGACAAGTAGTA-1,0.0
TCTCCGACACTCTGCT-1,0.0
TCTCCGAGTTATGTGC-1,0.0
TCTCCGAGTTGGACCC-1,0.0
TCTCCGATCACTGGTA-1,0.0
TCTCCGATCCAAGGGA-1,0.0
TCTCCGATCCATACTT-1,0.0
TCTCTGGCAAGGCTTT-1,0.0
TCTCTGGCACAGAGAC-1,0.0
TCTCTGGGTATCCTCC-1,0.26831732995237106
TCTCTGGGTCTCTCCA-1,0.0
TCTCTGGTCCTCACCA-1,0.0
TCTCTGGTCTAGGAAA-1,0.2443070615014485
TCTCTGGTCTCAGAAC-1,0.0
TCTGCCACAAGCGGAT-1,0.0
TCTGCCACAGGCACAA-1,0.0
TCTGCCAGTGGGCTTC-1,0.0
TCTGCCAGTTCTAAGC-1,0.0
TCTGCCATCTAGAACC-1,0.0
TCTGGCTCAACCTATG-1,0.0
TCTGGCTCACGACGAA-1,0.0
TCTGGCTCAGGCGATA-1,0.0
TCTGGCTCATTCCTAT-1,0.0
TCTGGCTGTAAGTTGA-1,0.0
TCTGGCTGTTCCTAGA-1,0.9076747852157518
TCTGGCTGTTCGTTCC-1,0.9128098089553617
TCTGGCTTCCGATAAC-1,0.0
TCTGGCTTCTTGAACG-1,0.4607404362097441
TCTGTCGAGCACTCCG-1,0.0
TCTGTCGAGTAGGATT-1,0.0
TCTGTCGAGTGCGCTC-1,0.0
TCTGTCGCACAGCTGC-1,0.0
TCTGTCGCAGAACTTC-1,0.26174157847167984
TCTGTCGCAGGTGTGA-1,0.0
TCTTAGTAGATCACCT-1,0.6960653670446848
TCTTAGTAGCGTGTCC-1,0.0
TCTTAGTCACCCAAGC-1,0.0
TCTTAGTCATGTACGT-1,0.0
TCTTAGTGTAAGTTAG-1,0.0
TCTTAGTGTGAGATCG-1,0.0
TCTTAGTGTGCATTAC-1,0.0
TCTTAGTTCCCTCAAC-1,0.0
TCTTCCTCAAACTGCT-1,0.0
TCTTGCGAGCCGAACA-1,0.0
TCTTGCGCACATGTTG-1,0.0
TCTTGCGCAGGTACGA-1,0.0
TCTTGCGGTAGTCGGA-1,0.0
TCTTTGAGTAGATGTA-1,0.0
TCTTTGATCACCCTCA-1,0.854770472453513
TCTTTGATCCAGGACC-1,0.0
TCTTTGATCGTCGCTT-1,0.0
TGAACGTCAGCTTCGG-1,0.0
TGAACGTGTCTGTGTA-1,0.5902056027358409
TGAACGTGTTGTCAGT-1,0.0
TGAACGTTCACTTTGT-1,0.0
TGAACGTTCCTTCAGC-1,0.0
TGAACGTTCTTACGGA-1,0.0
TGAATCGGTCACCGAC-1,0.0
TGAATCGGTCAGTCCG-1,0.5370162206335137
TGAATGCCAGAGTGTG-1,0.7195142893302637
TGAATGCCAGCTCTGG-1,0.0
TGAATGCCATGTAACC-1,0.5335439111221733
TGAATGCTCTGGGCCA-1,0.0
TGACAGTAGAGTTGTA-1,0.0
TGACAGTCACAACGTT-1,0.0
TGACAGTCACCTAAAC-1,0.0
TGACAGTCACTCTCGT-1,0.0
TGACAGTCAGTACTAC-1,0.0
TGACAGTCATCAGCGC-1,0.0
TGACAGTGTAATTAGG-1,0.0
TGACAGTGTATACCTG-1,0.6960623194708857
TGACAGTGTTCCTAAG-1,0.0
TGACAGTGTTCCTACC-1,0.0
TGACCCTAGCCAACCC-1,0.0
TGACCCTCAACTGCCG-1,0.0
TGACCCTGTTGGTAGG-1,0.0
TGACGCGAGATTCGAA-1,0.0
TGACGCGAGGATTTAG-1,0.0
TGACGCGTCTGTACAG-1,0.0
TGACTCCAGCCAGACA-1,0.5379043489015011
TGACTCCCATCGCTGG-1,0.0
TGACTCCTCGGTCTAA-1,0.0
TGACTCCTCTCGTCAC-1,0.0
TGAGACTAGAGGTATT-1,0.0
TGAGACTAGCCGCTTG-1,0.0
TGAGACTCACTAACCA-1,0.0
TGAGACTCAGCTAACT-1,0.0
TGAGACTCAGCTACCG-1,0.0
TGAGACTTCCCAAGTA-1,0.0
TGAGACTTCTGTTGGA-1,0.0
TGAGCATAGCTGAAGC-1,0.0
TGAGCATTCACAGAGG-1,0.0
TGAGCATTCCGGCAGT-1,0.0
TGAGCGCAGGTCATAA-1,0.0
TGAGCGCCAGCAGAAC-1,0.0
TGAGCGCCAGTTGCGC-1,0.0
TGAGGAGAGAGTGTTA-1,0.3369591063751301
TGAGGAGAGCTTAAGA-1,0.0
TGAGGAGAGTACGTCT-1,0.0
TGAGGAGCACAACATC-1,0.0
TGAGGAGCACACTGGC-1,0.0
TGAGGAGCACGATTCA-1,0.0
TGAGGAGCAGCAATTC-1,0.0
TGAGGAGGTCTGTGCG-1,0.0
TGAGGAGTCCATTGTT-1,0.0
TGAGGAGTCGGAATGG-1,0.0
TGAGGGACAGACCGCT-1,0.0
TGAGGGACATCGATAC-1,0.0
TGAGGGACATGCAGGA-1,0.0
TGAGGGAGTTAAAGTG-1,0.0
TGAGGGATCTCTGGTC-1,0.0
TGAGGGATCTTTCCGG-1,0.0
TGAGGTTAGCATTTGC-1,0.0
TGAGGTTGTTGTCTAG-1,0.0
TGAGGTTTCAATGTCG-1,0.0
TGAGGTTTCATGGGAG-1,0.0
TGAGGTTTCCCTCATG-1,0.0
TGAGTCAAGACCTGGA-1,0.0
TGAGTCAAGGATCATA-1,0.0
TGAGTCAAGGTTTACC-1,0.0
TGAGTCACACAATTCG-1,0.0
TGATCAGAGAGCCATG-1,0.0
TGATCAGCAGTTCTAG-1,0.7007178952028266
TGATCAGGTCGTTATG-1,0.0
TGATCAGGTTGGGACA-1,0.26308977736064015
TGATCAGTCACCTTGC-1,0.0
TGATCAGTCGCTATTT-1,0.0
TGATCTTAGTCCGTCG-1,0.0
TGATCTTCATGGAAGC-1,0.0
TGATCTTGTAAGTTGA-1,0.0
TGATCTTGTCATCCGG-1,0.0
TGATCTTTCCGCACGA-1,0.0
TGATGCAAGCGACAGT-1,0.0
TGATGCAAGGGCTGAT-1,0.0
TGATGCAAGTGCAGCA-1,0.0
TGATGCACAGAGCCCT-1,0.0
TGATGCACAGTGGTGA-1,0.0
TGATGCAGTACTAGCT-1,0.0
TGATGCAGTCCTCATC-1,0.0
TGATGCAGTGCTGATT-1,0.0
TGATGCATCACTCACC-1,0.0
TGATGCATCAGGAGAC-1,0.0
TGATGCATCCTCAGAA-1,0.5699604026731551
TGATGGTAGCGTCTGC-1,0.0
TGATGGTAGGCAATGC-1,0.0
TGATGGTAGGGATGTC-1,0.0
TGATGGTCAAACTCGT-1,0.0
TGATGGTGTCGTTGGC-1,0.0
TGATGGTTCGATTGAC-1,0.0
TGATGGTTCTACTCAT-1,0.0
TGATGGTTCTCCAAGA-1,0.0
TGATTCTAGAATAACC-1,0.0
TGATTCTAGAGCCGTA-1,0.0
TGATTCTAGATGGTCG-1,0.0
TGATTCTAGGACCCAA-1,0.0
TGATTCTAGTGAGTGC-1,0.0
TGATTCTAGTTTGTCG-1,0.0
TGATTCTCACAATCTG-1,0.0
TGATTCTCAGATCATC-1,0.0
TGATTCTTCGCAAGAG-1,0.0
TGATTCTTCGTTCCCA-1,0.0
TGATTCTTCTCCGCAT-1,0.0
TGATTCTTCTCTTCAA-1,0.0
TGATTCTTCTTCTGTA-1,0.0
TGATTTCAGTCTCCTC-1,0.0
TGATTTCCAAACCACT-1,0.0
TGATTTCGTACTTCCC-1,0.0
TGATTTCGTCTTAGTG-1,0.0
TGATTTCGTGACGCCT-1,0.0
TGATTTCGTTGGTGTT-1,0.0
TGCACGGAGGGCCCTT-1,0.0
TGCACGGCAATTGAAG-1,0.0
TGCACGGGTAGACAAT-1,0.0
TGCACGGGTGCTGATT-1,0.9647300940720189
TGCAGATAGCCTGTGC-1,0.0
TGCAGATCAAGAGAGA-1,0.0
TGCAGATCATCCTAAG-1,0.0
TGCAGATGTATCTTCT-1,0.0
TGCAGATGTATGATCC-1,0.0
TGCAGATTCCCTCTAG-1,0.0
TGCAGGCAGATACATG-1,0.0
TGCAGGCAGCGTTAGG-1,0.0
TGCAGGCAGCTGAGCA-1,0.0
TGCAGGCAGGGATCAC-1,0.0
TGCAGGCCAACACACT-1,0.0
TGCAGGCCACCGGAAA-1,0.0
TGCAGGCTCAGACCTA-1,0.0
TGCAGGCTCCAGTTCC-1,0.0
TGCAGTAAGTGTACCT-1,0.0
TGCATCCAGATGTTAG-1,0.0
TGCATCCAGCGTATAA-1,0.0
TGCATCCAGGATGGCT-1,0.0
TGCATCCGTGGTCTAT-1,0.0
TGCATCCGTGTTACAC-1,0.0
TGCATCCGTTACTCAG-1,0.0
TGCATCCGTTGTCCCT-1,0.0
TGCATGAAGGGTGGGA-1,0.0
TGCATGAGTACCTAAC-1,0.0
TGCATGAGTCAAGCCC-1,0.0
TGCATGAGTGCATGAG-1,0.0
TGCATGATCCTCCACA-1,0.0
TGCCGAGAGGACATCG-1,0.0
TGCCGAGCAGGCACTC-1,0.0
TGCCGAGCATCATCTT-1,0.0
TGCCGAGGTGGCTACC-1,0.0
TGCCGAGGTTAGTTCG-1,0.0
TGCCGAGTCGGACCAC-1,0.0
TGCCGAGTCTCCCAAC-1,0.9590223473432852
TGCGACGAGATACGAT-1,0.0
TGCGACGCAACGCCCA-1,0.0
TGCGACGCACTCCGGA-1,0.0
TGCGACGTCCAGTGCG-1,0.705179786275735
TGCGACGTCCATCGTC-1,0.0
TGCGATACAATCGCAT-1,0.0
TGCGATACACCCATAA-1,0.0
TGCGATACAGTCGGTC-1,0.0
TGCGATAGTACTCCGG-1,0.0
TGCGATATCCTCACCA-1,0.0
TGCGGCAAGACCACGA-1,0.0
TGCGGCAAGCCGAACA-1,0.6612186138776125
TGCGGCAAGGTTCCGC-1,0.0
TGCGGCACATGTCAGT-1,0.99668114904508
TGCGGCAGTAAGCGGT-1,0.0
TGCGGCAGTCTACAAC-1,0.0
TGCGGCAGTCTGTTAG-1,0.0
TGCGGCAGTTCAGTAC-1,0.0
TGCGGGTCAAATACGA-1,0.0
TGCGGGTCATAACAGA-1,0.0
TGCTCCAAGTTATGGA-1,0.0
TGCTCCACAGTCAGAG-1,0.0
TGCTCCAGTTTGAACC-1,0.0
TGCTCCATCATGGAGG-1,0.0
TGCTCCATCCTTCACG-1,0.7019490027035054
TGCTCCATCGTTCTGC-1,0.0
TGCTCCATCTCAGGCG-1,0.0
TGCTCGTAGGTTCATC-1,0.0
TGCTCGTCAATGTCTG-1,0.0
TGCTCGTCACAACGTT-1,0.0
TGCTCGTCAGTCTCTC-1,0.0
TGCTCGTGTCGAGTTT-1,0.0
TGCTCGTTCATGCTAG-1,0.0
TGCTCGTTCCGGTAAT-1,0.0
TGCTCGTTCTGCCCTA-1,0.0
TGCTGAACAACTGAAA-1,0.0
TGCTGAACAGTCGGAA-1,0.0
TGCTGAAGTGGATTTC-1,0.0
TGCTGAATCGCGATCG-1,0.0
TGCTTCGCAAGAGAGA-1,0.0
TGCTTCGGTAGTCACT-1,0.0
TGCTTCGGTCCTGGGT-1,0.0
TGCTTCGTCGTAATGC-1,0.0
TGCTTGCAGAATTTGG-1,0.0
TGCTTGCAGGCCTTCG-1,0.0
TGCTTGCAGTCGCCCA-1,0.0
TGCTTGCCAGGTTTAC-1,0.0
TGCTTGCGTGTCCAAT-1,0.0
TGCTTGCTCGATTGGT-1,0.827659145790045
TGCTTGCTCGCATAGT-1,0.0
TGGAACTAGACATATG-1,0.5605504194928824
TGGAACTAGTTTGAGA-1,0.5965525696399422
TGGAACTCAACCGCCA-1,0.0
TGGAACTGTTGAGGAC-1,0.0
TGGAACTTCCTAACAG-1,0.46997534274931185
TGGAACTTCGCTCCTA-1,0.0
TGGAGAGAGTGTAGTA-1,0.0
TGGAGAGCATAAGCGG-1,0.8869798735127107
TGGAGAGGTCTCAAGT-1,0.0
TGGAGAGGTTGAATCC-1,0.0
TGGAGAGTCATTCTTG-1,0.26312977032203233
TGGAGAGTCGGAACTT-1,0.0
TGGAGAGTCTTCGCTG-1,0.0
TGGAGGAAGATCGACG-1,0.8083521437057167
TGGAGGAAGGCTATCT-1,0.0
TGGAGGACAATGCAGG-1,0.0
TGGAGGACATGCTGCG-1,0.0
TGGAGGAGTAGGTAGC-1,0.0
TGGAGGAGTCTAGGCC-1,0.0
TGGAGGATCCACGTCT-1,0.9307212096530332
TGGAGGATCGCATTAG-1,0.0
TGGATCACATGTCTAG-1,0.483067153130628
TGGATCAGTCTTACAG-1,0.953365503373073
TGGATCAGTGAGTTTC-1,0.6416544729380442
TGGATCATCCGCTGTT-1,0.0
TGGATCATCGGATAAA-1,0.0
TGGATCATCTGTCGTC-1,0.0
TGGATGTAGAGTCAAT-1,0.0
TGGATGTCAGACAAAT-1,0.8284038735909786
TGGATGTCAGGCACTC-1,0.0
TGGATGTGTAACATAG-1,0.0
TGGATGTTCGGCTTCT-1,0.8239718303841717
TGGCGTGAGGACCCAA-1,0.0
TGGCGTGAGGCATTTC-1,0.0
TGGCGTGAGTTCATCG-1,0.0
TGGCGTGCACTATCGA-1,0.0
TGGCGTGCATCGGAAG-1,0.0
TGGCGTGGTCTTCGAA-1,0.0
TGGCGTGGTGACCGAA-1,0.0
TGGGAAGAGGCTGGAT-1,0.0
TGGGAAGAGTATGGCG-1,0.0
TGGGAAGCAACAACAA-1,0.0
TGGGAAGCAACAGCCC-1,0.0
TGGGAAGGTAACGTTC-1,0.0
TGGGAAGGTAAGACCG-1,0.0
TGGGAAGGTAATGCGG-1,0.0
TGGGAAGGTCCTCCTA-1,0.8551664635063435
TGGGAAGGTCTAGGTT-1,0.7988086647789336
TGGGAAGTCCGGGACT-1,0.0
TGGGAAGTCCGTGACG-1,0.0
TGGGAAGTCTCGAACA-1,0.0
TGGGAGAAGCGAGTCA-1,0.0
TGGGAGAAGGCTTAGG-1,0.0
TGGGAGAAGGTCCCGT-1,0.0
TGGGAGACAATGAACA-1,0.0
TGGGAGACAGGTCAAG-1,0.0
TGGGAGAGTTGGCCGT-1,0.0
TGGGATTAGGTGCAGT-1,0.4824184812486463
TGGGATTAGTAGCATA-1,0.0
TGGGATTCAGTTCCAA-1,0.0
TGGGATTGTGTTCGTA-1,0.0
TGGGATTTCGCGCCAA-1,0.0
TGGGCGTCAGTTGTCA-1,0.0
TGGGCGTGTACGTAGG-1,0.0
TGGGCGTGTTAACCTG-1,0.0
TGGGCGTTCGTACACA-1,0.0
TGGGCTGGTCTAGGCC-1,0.0
TGGGCTGGTCTCAGGC-1,0.0
TGGGCTGGTGAATGAT-1,0.0
TGGGCTGTCTAGCATG-1,0.0
TGGGTTAAGAACAGGA-1,0.0
TGGGTTACAAAGCACG-1,0.0
TGGGTTACAGAGATGC-1,0.0
TGGGTTACATTGAAAG-1,0.0
TGGGTTAGTATCCTCC-1,0.0
TGGGTTAGTTGCAAGG-1,0.0
TGGTACACAAATGGAT-1,0.0
TGGTACACAAGCTCTA-1,0.0
TGGTACATCACTGCTC-1,0.0
TGGTAGTCATGTCTAG-1,0.0
TGGTAGTGTAGCTTTG-1,0.0
TGGTAGTGTGCACATT-1,0.0
TGGTAGTGTGCGCTCA-1,0.0
TGGTAGTGTGGCAGAT-1,0.0
TGGTAGTTCAGCTGTA-1,0.0
TGGTAGTTCAGTAGGG-1,0.0
TGGTGATCAGAGGAAA-1,0.2444742371246058
TGGTGATCAGCGGTCT-1,0.0
TGGTGATGTCTAGGTT-1,0.626345711400414
TGGTGATGTCTTGCGG-1,0.0
TGGTTAGCAATCTGCA-1,0.0
TGGTTAGCATTGCTTT-1,0.0
TGGTTAGGTAAGGCCA-1,0.2959431261299255
TGGTTAGGTTGATCGT-1,0.0
TGTAACGCATCTAGAC-1,0.0
TGTAACGGTGTGTACT-1,0.0
TGTAACGTCGCCAATA-1,0.0
TGTAAGCAGCAAGCCA-1,0.0
TGTAAGCGTCCATAGT-1,0.0
TGTAAGCGTCTGTGGC-1,0.0
TGTAAGCTCCTTCACG-1,0.948416805021782
TGTACAGAGAGGCTGT-1,0.6482675426052912
TGTACAGCATTCCTCG-1,0.0
TGTACAGGTGTCGATT-1,0.0
TGTAGACCAATAGGAT-1,0.0
TGTAGACGTCCGCAGT-1,0.0
TGTAGACTCACTGATG-1,0.0
TGTAGACTCTCATGCC-1,0.5639596428668892
TGTCAGAAGGGTGGGA-1,0.0
TGTCAGACACAGTGTT-1,0.0
TGTCAGATCCCGAGTG-1,0.0
TGTCAGATCGAAGAAT-1,0.0
TGTCCACCAGTGGGTA-1,0.0
TGTCCACCATAATCGC-1,0.0
TGTCCACCATTCTCCG-1,0.0
TGTCCACGTCGTTGGC-1,0.0
TGTCCACTCGTGCGAC-1,0.0
TGTCCCAAGCGCAATG-1,0.8540814331610636
TGTCCCAAGTGGAATT-1,0.0
TGTCCCACACAGACGA-1,0.0
TGTCCCACATGGGATG-1,0.0
TGTCCCATCAACCTCC-1,0.0
TGTCCCATCGGCTATA-1,0.0
TGTCCTGCATGGCTAT-1,0.0
TGTCCTGGTACGTACT-1,0.0
TGTCCTGTCTGCGGGT-1,0.0
TGTGAGTAGGTAGCAC-1,0.0
TGTGAGTCAAGACAAT-1,0.0
TGTGAGTCAGCAGGAT-1,0.0
TGTGAGTGTCAAAGCG-1,0.0
TGTGAGTTCACACCGG-1,0.0
TGTGATGAGGCTTAGG-1,0.0
TGTGATGCAGGCGATA-1,0.0
TGTGATGGTACAAACA-1,0.0
TGTGATGTCAGCATTG-1,0.0
TGTGCGGAGATCCTAC-1,0.0
TGTGCGGAGTCTAGAA-1,0.0
TGTGCGGGTGTTTCTT-1,0.8040905000580643
TGTGCGGTCGGTTCAA-1,0.0
TGTGCGGTCTGTCGCT-1,0.0
TGTGGCGAGAATCGCG-1,0.0
TGTGGCGAGCACCAGA-1,0.0
TGTGGCGAGCGTCTGC-1,0.0
TGTGGCGAGGTTCCAT-1,0.5668656867233897
TGTGGCGAGTCGGGAT-1,0.0
TGTGGCGAGTTGCTCA-1,0.0
TGTGGCGCAACATCGT-1,0.0
TGTGGCGCACGTCGGT-1,0.0
TGTGGCGCAGCTACTA-1,0.0
TGTGGCGCATAGAATG-1,0.0
TGTGGCGGTATCGCTA-1,0.0
TGTGGCGTCAAAGGAT-1,0.7264287412718811
TGTGTGAAGGTGATCG-1,0.0
TGTGTGACAGGTCAGA-1,0.0
TGTGTGAGTTCTCTAT-1,0.0
TGTTACTAGAAGTGTT-1,0.8058955140238596
TGTTACTAGAATCGAT-1,0.0
TGTTACTAGTCAGCCC-1,0.0
TGTTACTGTGGCTTGC-1,0.0
TGTTACTTCTCTCGCA-1,0.5133840471280773
TGTTCATAGACCAGAC-1,0.0
TGTTCATAGACGTCGA-1,0.0
TGTTCATAGTAATCCC-1,0.8963055108130686
TGTTCATAGTATGAGT-1,0.0
TGTTCATAGTGTAGTA-1,0.0
TGTTCATCACGACGCT-1,0.0
TGTTCATCACGTACTA-1,0.0
TGTTCATCATCGATCA-1,0.0
TGTTCATCATGGTGGA-1,0.0
TGTTCATTCCGTGTAA-1,0.0
TGTTCCGAGAGGTGCT-1,0.0
TGTTCCGGTCGGCACT-1,0.0
TGTTCCGTCTATCACT-1,0.0
TGTTCTAAGGCTATCT-1,0.0
TGTTCTAAGTAGAGTT-1,0.5370161879485309
TGTTCTAGTATGCTTG-1,0.0
TGTTCTATCATTATCC-1,0.0
TGTTCTATCGAATGCT-1,0.26558561474869746
TGTTGAGAGATGCCGA-1,0.0
TGTTGAGAGGTAGTCG-1,0.0
TGTTGAGAGGTCGTCC-1,0.0
TGTTGAGCACACGGTC-1,0.0
TGTTGAGCACAGTACT-1,0.0
TGTTGAGCACCTCAGG-1,0.0
TGTTGAGTCGAGCCTG-1,0.0
TGTTGGAAGATGTTAG-1,0.0
TGTTGGAAGGAAAGGT-1,0.0
TGTTGGAAGGGCAACT-1,0.0
TGTTGGAAGTCATAGA-1,0.0
TGTTGGAGTCAGTCTA-1,0.0
TGTTGGAGTCGTGGTC-1,0.0
TGTTGGAGTGATAGAT-1,0.0
TGTTGGATCGACGATT-1,0.0
TGTTGGATCTCGTGAA-1,0.0
TGTTGGATCTGTCCGT-1,0.0
TGTTTGTAGCGCTGCT-1,0.0
TGTTTGTCAGGCGTTC-1,0.0
TGTTTGTCATTAAGCC-1,0.6355751471704644
TGTTTGTGTCGATTCA-1,0.0
TGTTTGTTCCCTAGGG-1,0.5689636214538736
TTAATCCAGTCACTAC-1,0.0
TTAATCCAGTTGGCTT-1,0.0
TTAATCCCACGGCTAC-1,0.0
TTAATCCCACTTGTGA-1,0.0
TTAATCCCATCCTTCG-1,0.24882906759717105
TTAATCCGTTCTCCAC-1,0.0
TTACAGGCAAGAGTGC-1,0.0
TTACAGGGTACGATTC-1,0.0
TTACAGGGTAGAGGAA-1,0.7010773129360065
TTACAGGGTCAAGCCC-1,0.0
TTACAGGGTCCTCCAT-1,0.0
TTACAGGGTCGAAACG-1,0.0
TTACAGGTCCAATCTT-1,0.0
TTACAGGTCGATTGGT-1,0.0
TTACAGGTCTGAACGT-1,0.0
TTACAGGTCTGAGAGG-1,0.0
TTACCATCACGTAGAG-1,0.0
TTACCATCAGGTATGG-1,0.0
TTACCATGTCATACCA-1,0.0
TTACCATGTGAACGGT-1,0.0
TTACCATTCGCGCCAA-1,0.0
TTACCATTCGGACAAG-1,0.0
TTACCATTCTTCGGTC-1,0.0
TTACCGCAGGCTGAAC-1,0.0
TTACCGCCAGGGTCTC-1,0.0
TTACCGCCATGTGCTA-1,0.4679092971865129
TTACCGCTCCTCAGAA-1,0.0
TTACGCCAGTTGAAAC-1,0.2541334061132983
TTACGCCGTCCCACGA-1,0.5983617005291311
TTACGCCGTTCAATCG-1,0.0
TTACGCCGTTCCAAAC-1,0.30216817171315286
TTACGCCTCCATACTT-1,0.0
TTACGCCTCTTACCAT-1,0.0
TTACGTTTCAAAGACA-1,0.0
TTACGTTTCAAGTCGT-1,0.0
TTACGTTTCGAGATGG-1,0.0
TTACTGTAGAATCCCT-1,0.0
TTACTGTAGGACTATA-1,0.0
TTACTGTAGGCTCAAG-1,0.0
TTACTGTAGGGAACAA-1,0.0
TTACTGTGTCATGCAT-1,0.0
TTACTGTGTCGACTTA-1,0.0
TTACTGTTCTCCGAAA-1,0.0
TTACTGTTCTTCGGTC-1,0.0
TTAGGCAAGCGAGAAA-1,0.0
TTAGGCACAATACGCT-1,0.0
TTAGGCAGTAATACCC-1,0.0
TTAGGCAGTAGTAAGT-1,0.47360102881339317
TTAGGCAGTCTTGAAC-1,0.0
TTAGGCAGTTTATGCG-1,0.0
TTAGGCATCCGCTGTT-1,0.0
TTAGGGTAGCGACTGA-1,0.0
TTAGGGTCACCTATCC-1,0.0
TTAGGGTCATTCTTCA-1,0.0
TTAGGGTGTCTATGAC-1,0.0
TTAGGGTTCGGCACTG-1,0.0
TTAGGGTTCTTTGGAG-1,0.0
TTAGTCTAGACGAGCT-1,0.0
TTAGTCTAGGCTGAAC-1,0.0
TTAGTCTCAGAGGACT-1,0.0
TTATTGCCAGTCTTCC-1,0.0
TTATTGCGTATCGCTA-1,0.0
TTATTGCTCCTCTAAT-1,0.0
TTCAATCAGACAACTA-1,0.0
TTCAATCAGCGGCTCT-1,0.0
TTCAATCCAGGCTCTG-1,0.0
TTCAATCTCACGGGCT-1,0.0
TTCAATCTCGACGACC-1,0.0
TTCACCGAGGGCCAAT-1,0.0
TTCACCGCACTCACTC-1,0.0
TTCACCGTCAGTGTCA-1,0.0
TTCACGCAGTCATCCA-1,0.0
TTCACGCAGTTCTACG-1,0.0
TTCACGCCAACACAGG-1,0.0
TTCACGCCACCAGTAT-1,0.0
TTCACGCGTCTACACA-1,0.0
TTCACGCGTGGTCAAG-1,0.0
TTCACGCGTTAATGAG-1,0.0
TTCACGCGTTCAGGTT-1,0.0
TTCACGCGTTGCCGCA-1,0.0
TTCACGCTCCACCCTA-1,0.0
TTCACGCTCCTCACGT-1,0.0
TTCAGGAAGATAACAC-1,0.31041233906919763
TTCAGGAAGATAGTCA-1,0.0
TTCAGGAAGCAAATCA-1,0.0
TTCAGGACAATAACGA-1,0.0
TTCAGGACACTAGGCC-1,0.0
TTCAGGACAGAGGCAT-1,0.0
TTCAGGACAGCTCTGG-1,0.0
TTCAGGACATCGCCTT-1,0.0
TTCAGGAGTAGGCTCC-1,0.0
TTCAGGATCAAGGCTT-1,0.0
TTCAGGATCACTACGA-1,0.0
TTCAGGATCGCATGAT-1,0.0
TTCAGGATCGCGCCAA-1,0.0
TTCATGTAGATTGATG-1,0.0
TTCATGTAGCCTGGAA-1,0.0
TTCATGTAGCTAAATG-1,0.0
TTCATGTAGGTCCCGT-1,0.0
TTCATGTCAACGTTAC-1,0.0
TTCATGTCAACTTGGT-1,0.0
TTCATGTCAGAAGTGC-1,0.0
TTCATGTCATCCTATT-1,0.0
TTCATGTCATGTTACG-1,0.0
TTCATGTCATGTTTGG-1,0.0
TTCATGTGTAATTGGA-1,0.0
TTCATGTGTATTGCCA-1,0.0
TTCATGTGTCGATGCC-1,0.0
TTCATGTGTTGCATAC-1,0.0
TTCATGTTCACACGAT-1,0.0
TTCATGTTCTGCCTGT-1,0.0
TTCATTGCAATCGCGC-1,0.0
TTCATTGCATAAGCAA-1,0.0
TTCATTGGTACGAGTG-1,0.7873990692372422
TTCATTGGTATCAAGA-1,0.0
TTCATTGGTCGCTGCA-1,0.0
TTCATTGTCTATCCAT-1,0.0
TTCCAATAGCCTGCCA-1,0.0
TTCCAATGTCATCGCG-1,0.7466263634119685
TTCCAATGTGCCCAGT-1,0.0
TTCCAATTCATGCTAG-1,0.0
TTCCAATTCGCTGCGA-1,0.0
TTCCACGCACGACAAG-1,0.0
TTCCACGCATAGCACT-1,0.0
TTCCACGGTACGTTCA-1,0.0
TTCCACGGTTGCATAC-1,0.0
TTCCACGGTTTGGGAG-1,0.0
TTCCACGTCCTCGATC-1,0.0
TTCCACGTCTGCGAGC-1,0.0
TTCCGGTAGCTGCCAC-1,0.2254503582840268
TTCCGGTAGGGTCACA-1,0.0
TTCCGGTCACCGGAAA-1,0.0
TTCCGGTGTATGGAAT-1,0.0
TTCCGGTGTCGAGCAA-1,0.0
TTCCGGTGTCTCCTGT-1,0.0
TTCCGGTGTTACGTAC-1,0.0
TTCCGGTTCTGTTCAT-1,0.9833386431348347
TTCCGTGAGTAAGAGG-1,0.0
TTCCGTGCAACCACAT-1,0.0
TTCCGTGCATTCACCC-1,0.0
TTCCGTGGTGGTTTAC-1,0.0
TTCCGTGTCATCTGTT-1,0.0
TTCCGTGTCGGTTAGT-1,0.0
TTCCGTGTCTCGGTAA-1,0.0
TTCCTAAAGAGGTCAC-1,0.0
TTCCTAAAGTTGTAGA-1,0.0
TTCCTAACAAGACGAC-1,0.0
TTCCTAAGTCGCGTCA-1,0.0
TTCCTCTCATTGAGGG-1,0.0
TTCCTCTGTAATTGGA-1,0.0
TTCCTCTGTACGGGAT-1,0.0
TTCCTCTGTTACCGTA-1,0.0
TTCCTCTTCAAGGCTT-1,0.0
TTCCTCTTCATCTACT-1,0.2339883645609625
TTCCTTCAGACAACTA-1,0.0
TTCCTTCCAAGAATAC-1,0.0
TTCCTTCCATCACCAA-1,0.0
TTCCTTCCATGAGTAA-1,0.0
TTCCTTCGTAGTACGG-1,0.0
TTCCTTCTCCACTTCG-1,0.5623008650134498
TTCCTTCTCGTGTGAT-1,0.0
TTCGATTAGCGTCAGA-1,0.0
TTCGATTAGTACCATC-1,0.0
TTCGATTCACCCTAGG-1,0.7096555942771753
TTCGATTTCCGAACGC-1,0.0
TTCGATTTCTAGTACG-1,0.0
TTCGCTGAGTGGAAGA-1,0.0
TTCGCTGCAAGCGGAT-1,0.0
TTCGCTGGTAATGATG-1,0.0
TTCGCTGGTTTAGTCG-1,0.5370162121095573
TTCGGTCAGCGATGGT-1,0.0
TTCGGTCAGCTCGGCT-1,0.0
TTCGGTCCAATCGCAT-1,0.0
TTCGGTCCATCGTGCG-1,0.0
TTCGGTCGTCCCGGTA-1,0.0
TTCGGTCGTTTGGAAA-1,0.0
TTCTAACAGACCAACG-1,0.0
TTCTAACAGTTTGAGA-1,0.0
TTCTAACCAATGCAAA-1,0.0
TTCTAACCACAACGTT-1,0.5782633267649319
TTCTAACCAGTCTACA-1,0.0
TTCTAACCATATGAAG-1,0.0
TTCTAACGTTAGCGGA-1,0.0
TTCTAACTCTTCTAAC-1,0.0
TTCTAGTAGTCTGGTT-1,0.0
TTCTAGTCAGCTGAGA-1,0.0
TTCTAGTCAGGGCTTC-1,0.0
TTCTAGTCAGTGAGCA-1,0.0
TTCTAGTGTAGCACGA-1,0.0
TTCTAGTGTCGCTTGG-1,0.0
TTCTAGTGTCTAGGTT-1,0.0
TTCTAGTGTGAGATCG-1,0.0
TTCTAGTTCTTGGGCG-1,0.0
TTCTCTCCAAGGTCGA-1,0.0
TTCTCTCCAGTATTCG-1,0.6353413529731292
TTCTCTCCATGAAGCG-1,0.0
TTCTCTCGTAGACAAT-1,0.0
TTCTGTAAGTTACGGG-1,0.25170451631217716
TTCTGTACACAGTCCG-1,0.0
TTCTGTACATCCGATA-1,0.0
TTCTGTAGTCGGTAAG-1,0.0
TTCTGTATCATCCTGC-1,0.0
TTCTGTATCCTTTGAT-1,0.0
TTCTGTATCGCAATGT-1,0.0
TTCTTCCAGATTCGCT-1,0.0
TTCTTCCAGCTCTGTA-1,0.0
TTCTTCCGTGCTGCAC-1,0.0
TTCTTCCTCCCAACTC-1,0.0
TTCTTGAAGTGATAGT-1,0.0
TTCTTGAAGTTGGAGC-1,0.0
TTCTTGACAACTTGCA-1,0.0
TTCTTGACAGTTCACA-1,0.0
TTCTTGAGTGAGCGAT-1,0.0
TTCTTGAGTTCTATCT-1,0.0
TTCTTGATCCTAGCCT-1,0.9769965017579393
TTCTTGATCGTAGAGG-1,0.0
TTGAACGAGGTAATCA-1,0.0
TTGAACGGTGCCTGCA-1,0.0
TTGAACGGTTGATGTC-1,0.0
TTGACCCAGGTGCGAT-1,0.0
TTGACCCCAAGATGGC-1,0.0
TTGACCCCACCAAAGG-1,0.0
TTGACCCCAGCAGACA-1,0.0
TTGACCCGTACCGTCG-1,0.0
TTGACCCTCCACATAG-1,0.0
TTGAGTGAGAGTGAAG-1,0.0
TTGAGTGAGAGTTGAT-1,0.0
TTGAGTGAGCTAAACA-1,0.0
TTGAGTGGTAGACAGC-1,0.0
TTGAGTGGTCGAATGG-1,0.0
TTGAGTGTCGCTGATA-1,0.0
TTGATGGAGATTAGCA-1,0.0
TTGATGGAGCTTGTGT-1,0.0
TTGATGGCAACGACAG-1,0.0
TTGATGGCAGTATGAA-1,0.0
TTGATGGGTCATCAGT-1,0.0
TTGATGGGTCGAACGA-1,0.0
TTGATGGGTCTCGGAC-1,0.0
TTGATGGTCGGTTAGT-1,0.0
TTGATGGTCTGCGAGC-1,0.654708593859391
TTGCATTAGCAAGGAA-1,0.32755552524250436
TTGCATTCAGCATGCC-1,0.0
TTGCATTCATGGAGAC-1,0.0
TTGCATTGTCACAGAG-1,0.0
TTGCCTGAGCCACCGT-1,0.0
TTGCCTGAGGAGATAG-1,0.0
TTGCCTGCACAAACGG-1,0.0
TTGCCTGGTAAGTTGA-1,0.0
TTGCCTGGTGGACAGT-1,0.0
TTGCCTGGTGGCCTCA-1,0.0
TTGCCTGGTTCTCGCT-1,0.640297332485653
TTGCCTGTCCACAAGT-1,0.0
TTGCCTGTCCTCATAT-1,0.6818684319029468
TTGCGTCAGACGGTCA-1,0.0
TTGCGTCAGAGAATCT-1,0.0
TTGCGTCCAGAGGACT-1,0.0
TTGCGTCCAGTAACCT-1,0.0
TTGCGTCGTCTGATAC-1,0.0
TTGCGTCTCGGCGATC-1,0.0
TTGCTGCAGGGAGTTC-1,0.0
TTGCTGCCATAATGAG-1,0.0
TTGCTGCGTTTACCTT-1,0.0
TTGCTGCTCCGTGTCT-1,0.0
TTGCTGCTCGGTTAGT-1,0.6830349475468221
TTGCTGCTCGTTAGTG-1,0.0
TTGGATGAGATGCTAA-1,0.0
TTGGATGCAAGTCCAT-1,0.0
TTGGATGCATAGCACT-1,0.0
TTGGATGGTATGAAGT-1,0.6510186180242375
TTGGATGGTCCACTTC-1,0.0
TTGGATGGTTGTTGCA-1,0.43776061784123466
TTGGATGTCTACCAGA-1,0.0
TTGGGATCAATGAGCG-1,0.0
TTGGGATCACGCAGTC-1,0.0
TTGGGATGTCGAGTTT-1,0.0
TTGGGATGTTCAAAGA-1,0.0
TTGGGCGAGCGTCAAG-1,0.0
TTGGGCGCACAACGCC-1,0.0
TTGGGCGCATGAATCC-1,0.0
TTGGGCGGTTGTTGCA-1,0.623558916056478
TTGGGTACAATCTAGC-1,0.0
TTGGGTACAGAGTAAT-1,0.0
TTGGGTATCTTTCCAA-1,0.47727080913356446
TTGGTTTAGTCATAGA-1,0.0
TTGGTTTCAGCGGTTC-1,0.0
TTGGTTTCATTGCCGG-1,0.0
TTGGTTTTCGCTCTAC-1,0.6867055216418971
TTGTGGAAGCGCTTCG-1,0.0
TTGTGGAAGTCGGCCT-1,0.0
TTGTGGACAGTATTCG-1,0.0
TTGTGGAGTAATGTGA-1,0.0
TTGTGGATCCTCTGCA-1,0.0
TTGTGGATCTCTATGT-1,0.0
TTGTGTTAGGAGAGGC-1,0.0
TTGTGTTAGGGTGGGA-1,0.0
TTGTGTTAGTCTCCTC-1,0.0
TTGTGTTCAGTGCGCT-1,0.0
TTGTGTTGTCGCGTTG-1,0.0
TTGTGTTGTTTCGTTT-1,0.0
TTGTGTTTCGTTGCCT-1,0.0
TTGTTCAAGACTACCT-1,0.0
TTGTTCAAGAGTGGCT-1,0.0
TTGTTCAAGCACCAGA-1,0.0
TTGTTCAAGCCGGATA-1,0.5540124928794031
TTGTTCAAGGAACGTC-1,0.0
TTGTTCACAAGTGACG-1,0.0
TTGTTCAGTCAATGGG-1,0.0
TTGTTCAGTCTACACA-1,0.0
TTGTTGTAGGTACAGC-1,0.0
TTGTTGTAGTCTTCCC-1,0.0
TTGTTGTCACTGAGGA-1,0.0
TTGTTGTCATACCATG-1,0.0
TTGTTGTCATCGCTGG-1,0.3017735616637636
TTGTTGTGTGAATGTA-1,0.0
TTGTTGTGTGCAAGAC-1,0.0
TTGTTTGAGTATTCCG-1,0.0
TTGTTTGCAATGCAGG-1,0.0
TTGTTTGCACTAGTAC-1,0.0
TTGTTTGCAGAATCGG-1,0.0
TTGTTTGGTCGTTTCC-1,0.0
TTGTTTGGTGCTGCAC-1,0.0
TTGTTTGTCTAGTGTG-1,0.0
TTTACCAAGGATTACA-1,0.0
TTTACCACAGGCATTT-1,0.0
TTTACCAGTCCAGTTA-1,0.7503897438376752
TTTACGTAGAGAGTTT-1,0.0
TTTACGTAGCAATAGT-1,0.0
TTTACGTAGCGCCTTG-1,0.0
TTTACGTGTCGAATTC-1,0.0
TTTACGTTCGCCGTGA-1,0.0
TTTACGTTCGCCTTTG-1,0.8698879561729557
TTTACTGAGCCGTAAG-1,0.0
TTTACTGAGGGAGGGT-1,0.0
TTTACTGCAATCGCCG-1,0.0
TTTACTGCAGATGCGA-1,0.5370161809751769
TTTACTGCATCCGGCA-1,0.5370162110521276
TTTACTGGTACGGCAA-1,0.6331898748455114
TTTACTGTCCGTACGG-1,0.0
TTTACTGTCTCAGGCG-1,0.0
TTTAGTCAGCAATTCC-1,0.0
TTTAGTCCAGCTTCGG-1,0.0
TTTAGTCGTAAGCTCT-1,0.0
TTTAGTCGTATTGCCA-1,0.0
TTTAGTCGTTCGTACA-1,0.0
TTTAGTCTCTGTTGGA-1,0.0
TTTATGCAGCCGTCGT-1,0.0
TTTATGCCAGATAAAC-1,0.0
TTTATGCCAGATTTCG-1,0.0
TTTATGCGTACGCTTA-1,0.5287334803079492
TTTATGCGTTCTTGTT-1,0.0
TTTATGCTCATCGCAA-1,0.0
TTTATGCTCATTCCTA-1,0.0
TTTATGCTCCCATACC-1,0.0
TTTATGCTCTCGCTCA-1,0.0
TTTCACAAGCAAATGT-1,0.0
TTTCACAAGTTCCAGT-1,0.0
TTTCACACAACTGAAA-1,0.0
TTTCACACACTCCTTG-1,0.0
TTTCACAGTAGGAGTC-1,0.0
TTTCACAGTGAGCCAA-1,0.0
TTTCAGTGTCCTGTTC-1,0.0
TTTCAGTGTGCTCCGA-1,0.0
TTTCAGTGTTAGTCGT-1,0.8584150397856318
TTTCAGTGTTCGGTTA-1,0.0
TTTCATGAGACCAAAT-1,0.0
TTTCATGAGACCAGCA-1,0.0
TTTCATGAGGTAGCCA-1,0.0
TTTCATGCACGCTGAC-1,0.0
TTTCATGCACTGCTTC-1,0.0
TTTCATGCATGGCGCT-1,0.0
TTTCATGGTGCTCTCT-1,0.0
TTTCCTCAGGGAGATA-1,0.0
TTTCCTCTCATGGATC-1,0.0
TTTCCTCTCGGTGTAT-1,0.0
TTTCCTCTCTGCGGCA-1,0.0
TTTCGATAGGAACATT-1,0.0
TTTCGATAGGGTTGCA-1,0.0
TTTCGATCAACCGGAA-1,0.0
TTTCGATCACCTAAAC-1,0.0
TTTCGATGTACAACGG-1,0.0
TTTCGATGTTAGAGTA-1,0.0
TTTCGATTCCGTAATG-1,0.0
TTTCGATTCGGCTCTT-1,0.0
TTTGACTAGTGTAGAT-1,0.0
TTTGACTCAATCCAGT-1,0.0
TTTGACTGTAACATCC-1,0.9458051773838982
TTTGACTGTACTCGCG-1,0.0
TTTGACTGTCTGATCA-1,0.0
TTTGACTTCTCATTTG-1,0.7643392734296283
TTTGATCCACCACTGG-1,0.0
TTTGATCGTACGACTT-1,0.0
TTTGATCGTATGAAAC-1,0.0
TTTGATCTCCTGTAGA-1,0.0
TTTGATCTCGGATACT-1,0.0
TTTGATCTCTCGTCAC-1,0.0
TTTGGAGAGTCCGTCG-1,0.0
TTTGGAGCATGACTCA-1,0.0
TTTGGAGGTGTACGCC-1,0.0
TTTGGAGGTTAACCTG-1,0.0
TTTGGAGTCTTCGGTC-1,0.0
TTTGGTTAGACTACCT-1,0.0
TTTGGTTAGTTAGAAC-1,0.9676921084091552
TTTGGTTAGTTTGAGA-1,0.0
TTTGGTTCATGTGACT-1,0.0
TTTGGTTGTACAGCGA-1,0.0
TTTGGTTGTCCACACG-1,0.0
TTTGGTTTCGGAGTAG-1,0.0
TTTGTTGCAGGGACTA-1,0.0
TTTGTTGCATTGTAGC-1,0.0
TTTGTTGGTACCACGC-1,0.0
TTTGTTGGTCTGTCCT-1,0.0
TTTGTTGTCATGCGGC-1,0.0
