cell_id,label
AAACCCAAGCGCCTTG-1,5
AAACCCAAGTGGACGT-1,1
AAACCCACAGAAGTGC-1,10
AAACCCAGTCATTGCA-1,11
AAACCCATCATCGCAA-1,7
AAACCCATCCGATCGG-1,6
AAACCCATCGGTTAGT-1,11
AAACGAAAGTGCAGGT-1,15
AAACGAATCAATCTCT-1,2
AAACGAATCCCTCAAC-1,14
AAACGAATCCGTCCTA-1,1
AAACGAATCTTTGGAG-1,19
AAACGCTAGTCATTGC-1,3
AAACGCTCAATTTCTC-1,2
AAACGCTCAGCTGAAG-1,10
AAACGCTCAGGGAATC-1,10
AAACGCTCAGTGTACT-1,1
AAACGCTCATGGGATG-1,16
AAACGCTGTCGACGCT-1,10
AAACGCTGTTAAGACA-1,5
AAACGCTTCCGACATA-1,17
AAAGAACAGACAGCGT-1,3
AAAGAACAGATTGATG-1,15
AAAGAACAGTTCATGC-1,0
AAAGAACCACTGCGTG-1,10
AAAGGATCAGCTCTGG-1,12
AAAGGATGTATAATGG-1,2
AAAGGATGTGACTAAA-1,0
AAAGGATGTGAGGATC-1,7
AAAGGGCAGAATCGAT-1,12
AAAGGGCAGCTACTGT-1,17
AAAGGGCAGCTCTTCC-1,4
AAAGGGCCAGGGAGAG-1,7
AAAGGGCGTGGCTGCT-1,3
AAAGGGCTCAGACCGC-1,2
AAAGGGCTCCCTAGGG-1,2
AAAGGGCTCGCTCATC-1,0
AAAGGGCTCTAACACG-1,2
AAAGGGCTCTAGCAAC-1,9
AAAGGGCTCTCCACTG-1,4
AAAGGGCTCTTCGGAA-1,7
AAAGGTACAATCGTCA-1,8
AAAGGTACAGCACCCA-1,5
AAAGGTACAGGGATAC-1,12
AAAGGTATCCAAACCA-1,1
AAAGGTATCCGGTAGC-1,2
AAAGGTATCGCCGATG-1,2
AAAGTCCAGGCAGCTA-1,6
AAAGTCCAGTTGGAGC-1,6
AAAGTCCCAAGCGGAT-1,5
AAAGTCCTCAGGAAGC-1,6
AAAGTCCTCGCATGAT-1,10
AAAGTCCTCGGTGCAC-1,3
AAAGTGAAGGGTCACA-1,5
AAAGTGACAACAAGTA-1,18
AAAGTGAGTGATACCT-1,6
AAAGTGATCCAAATGC-1,16
AAATGGAAGTCGTCTA-1,16
AAATGGACAATCGAAA-1,2
AAATGGACACAGTACT-1,0
AAATGGACAGGGACTA-1,1
AACAAAGAGGCATTTC-1,0
AACAAAGAGTCACACT-1,0
AACAAAGCATGAGATA-1,1
AACAAAGGTTACGCCG-1,0
AACAAAGTCCGAGGCT-1,19
AACAAAGTCGCCTTTG-1,13
AACAACCGTCTACATG-1,15
AACAACCTCGCTAATG-1,3
AACAAGAAGAAAGTCT-1,1
AACAAGAAGATTGACA-1,2
AACAAGACAATAACGA-1,9
AACAAGAGTGATCGTT-1,18
AACAAGATCGACACCG-1,5
AACACACAGGGACACT-1,1
AACACACAGTAAACGT-1,9
AACACACTCTGAGGTT-1,5
AACAGGGCATACAGCT-1,6
AACAGGGGTAATCAAG-1,13
AACAGGGGTATTCTCT-1,16
AACAGGGGTGCCCACA-1,13
AACAGGGTCCTTATGT-1,3
AACAGGGTCGTGGGTC-1,4
AACAGGGTCTCCATAT-1,6
AACAGGGTCTCTTCAA-1,12
AACCAACCAAGTACCT-1,8
AACCAACCAGAGGACT-1,10
AACCAACCATATGCGT-1,3
AACCAACCATTACTCT-1,3
AACCAACGTACTAACC-1,16
AACCAACGTGAACTAA-1,3
AACCAACTCGTTCAGA-1,12
AACCAACTCTTAGGAC-1,4
AACCAACTCTTCCAGC-1,12
AACCAACTCTTCCTAA-1,1
AACCAACTCTTGCAGA-1,3
AACCACAAGCAGTACG-1,0
AACCACAAGCTCCATA-1,10
AACCACAGTTAGGACG-1,8
AACCACATCCACAGCG-1,0
AACCATGAGCGCACAA-1,14
AACCATGAGGTCGAGT-1,10
AACCATGCACACGGAA-1,5
AACCATGCAGCTGTTA-1,15
AACCATGGTGCAATAA-1,3
AACCATGGTGGTATGG-1,1
AACCATGGTTGAATCC-1,3
AACCCAAAGCTATCTG-1,1
AACCCAACAGAAATCA-1,8
AACCCAATCGTAATGC-1,6
AACCTGAAGCAGGTCA-1,17
AACCTGAAGTTACGAA-1,14
AACCTGAGTATGCAAA-1,4
AACCTGAGTCGATTCA-1,7
AACCTGATCTTGCGCT-1,1
AACCTTTAGCTTAGTC-1,11
AACCTTTAGTCGAAGC-1,0
AACCTTTGTGGAGGTT-1,7
AACGAAAAGATTGGGC-1,0
AACGAAAAGGTAGCAC-1,5
AACGAAAGTGAGATTA-1,11
AACGAAAGTGGACAGT-1,9
AACGAAATCGAGAACG-1,3
AACGGGAAGGTAGCCA-1,1
AACGGGAAGTTTCTTC-1,18
AACGGGAGTGCCGTTG-1,3
AACGGGATCGAACACT-1,3
AACGGGATCGAGTCCG-1,8
AACGGGATCTTGCAGA-1,18
AACGTCAAGCTACGTT-1,3
AACGTCACAAAGTGTA-1,3
AACGTCAGTGTAGTGG-1,14
AACGTCATCACGGAGA-1,13
AACTTCTAGAATAGTC-1,14
AACTTCTAGAGAGAAC-1,11
AACTTCTAGGTCACCC-1,2
AACTTCTCACCCAACG-1,3
AACTTCTGTAACGCGA-1,12
AACTTCTTCATCTATC-1,6
AACTTCTTCTACGGTA-1,4
AAGAACAAGCATCAAA-1,7
AAGAACACACGAGGAT-1,11
AAGAACAGTCGCACGT-1,3
AAGAACATCACGAACT-1,9
AAGAACATCACTCACC-1,8
AAGACAAAGTTTCTTC-1,0
AAGACAACACAAACGG-1,8
AAGACAACATCGTCCT-1,5
AAGACAAGTCCCAAAT-1,6
AAGACAAGTTGAGGAC-1,11
AAGACAATCGTGGAAG-1,0
AAGACTCAGAGTGGCT-1,11
AAGACTCAGTCATACC-1,12
AAGACTCCAAGCAGGT-1,18
AAGACTCCACAGTGTT-1,1
AAGACTCGTATCTCGA-1,6
AAGACTCTCCTAAGTG-1,8
AAGATAGAGAAGTCAT-1,15
AAGATAGAGCAACAAT-1,4
AAGATAGAGCTGTTCA-1,0
AAGATAGAGGTAACTA-1,12
AAGATAGAGGTACCTT-1,2
AAGATAGCACTTTATC-1,0
AAGATAGGTAATTGGA-1,2
AAGATAGGTGGTCTGC-1,0
AAGATAGGTGTGCCTG-1,7
AAGATAGTCAAGAGTA-1,2
AAGATAGTCCCTCTTT-1,5
AAGATAGTCGCTAAAC-1,13
AAGCATCAGATACATG-1,7
AAGCATCCATGTAACC-1,2
AAGCATCGTCAGGTGA-1,8
AAGCCATAGGGTCACA-1,13
AAGCCATCAAAGGTTA-1,19
AAGCCATCAGCAGTGA-1,4
AAGCCATCATTGTAGC-1,1
AAGCCATGTACTTGTG-1,8
AAGCCATGTATTCCTT-1,14
AAGCCATGTCCCTAAA-1,3
AAGCCATTCAGAACCT-1,0
AAGCCATTCCGTGGCA-1,3
AAGCGAGGTAGCTCGC-1,13
AAGCGAGGTTAATGAG-1,18
AAGCGAGTCAAAGGTA-1,4
AAGCGTTAGCGTGTCC-1,13
AAGCGTTAGGAGAGGC-1,3
AAGCGTTGTATCTTCT-1,17
AAGCGTTTCAAAGGAT-1,3
AAGGAATAGGCATCGA-1,0
AAGGAATCAAACCACT-1,7
AAGGAATCAGTTAGAA-1,1
AAGGAATGTATGTGTC-1,6
AAGGAATGTTATAGAG-1,14
AAGGAATTCAAGAAAC-1,2
AAGGAATTCCTGGCTT-1,19
AAGGAATTCGGACAAG-1,17
AAGGAATTCTCACGAA-1,7
AAGGTAAAGGGTTAGC-1,3
AAGGTAAAGTGAATAC-1,5
AAGGTAACAATGCTCA-1,2
AAGGTAAGTCTACACA-1,6
AAGGTAATCCCTTGTG-1,2
AAGGTAATCCTTCGAC-1,12
AAGGTAATCTGTTGGA-1,15
AAGTACCAGTCTGCGC-1,2
AAGTACCCAACTCCCT-1,15
AAGTACCCAGAGGCAT-1,2
AAGTACCGTAATCAGA-1,13
AAGTACCGTACCCACG-1,8
AAGTACCGTCGGAACA-1,15
AAGTACCGTTTGGAAA-1,8
AAGTACCTCAAGGCTT-1,0
AAGTACCTCACGGTCG-1,4
AAGTACCTCTAGACCA-1,2
AAGTCGTAGGAGACCT-1,5
AAGTCGTAGTCCCAGC-1,6
AAGTCGTCAATGAACA-1,12
AAGTCGTCACCGGTCA-1,8
AAGTCGTCACTCGATA-1,7
AAGTCGTCAGGCTATT-1,19
AAGTCGTCAGTAGAAT-1,3
AAGTCGTCATCTCAAG-1,7
AAGTCGTGTCGTACTA-1,9
AAGTGAAAGAAGTATC-1,1
AAGTGAAAGGAACATT-1,0
AAGTGAACAAGTGTCT-1,3
AAGTGAACAGGCAATG-1,3
AAGTGAACATCCTGTC-1,8
AAGTGAAGTATGAAGT-1,0
AAGTGAAGTCGGTGAA-1,3
AAGTGAATCAGAGTTC-1,4
AAGTGAATCGTCAAAC-1,1
AAGTTCGAGTCCGTCG-1,5
AAGTTCGAGTTTGTCG-1,6
AAGTTCGCAATTGGTC-1,9
AAGTTCGCAGAAGCTG-1,2
AAGTTCGGTACGCGTC-1,9
AAGTTCGGTCTTAGTG-1,0
AAGTTCGGTGTCTCCT-1,11
AAGTTCGGTTAGAAGT-1,10
AAGTTCGGTTCGGTTA-1,2
AAGTTCGGTTTGTGGT-1,15
AATAGAGAGAGCATTA-1,6
AATAGAGAGATACAGT-1,6
AATAGAGAGTTTGAGA-1,10
AATAGAGCAATTAGGA-1,15
AATAGAGCAGAAATTG-1,15
AATAGAGCAGTGCGCT-1,12
AATAGAGGTAGCGAGT-1,11
AATAGAGGTGGTCTGC-1,7
AATAGAGTCACTCCGT-1,3
AATAGAGTCCGATTAG-1,2
AATCACGAGTCGCTAT-1,0
AATCACGCAGCTCTGG-1,2
AATCACGCATTCGGGC-1,16
AATCACGGTAGATGTA-1,1
AATCACGGTTCTCAGA-1,19
AATCACGTCACCGGGT-1,12
AATCACGTCCAATCCC-1,12
AATCACGTCGTTGTGA-1,2
AATCGACGTACGCTTA-1,8
AATCGTGCATGTGACT-1,8
AATCGTGGTAGGTGCA-1,5
AATCGTGGTGTAGGAC-1,19
AATCGTGTCGTCACCT-1,10
AATCGTGTCTAGTGTG-1,0
AATGAAGAGACTTCAC-1,9
AATGAAGAGCGCCTTG-1,2
AATGAAGAGCTTCGTA-1,19
AATGAAGCACGTAACT-1,5
AATGAAGGTACAGGTG-1,10
AATGAAGTCCGATGCG-1,12
AATGACCCATGTGGCC-1,8
AATGACCGTAGGCTGA-1,19
AATGACCGTCAACATC-1,12
AATGCCAAGCTGAGTG-1,9
AATGCCACAGGCGATA-1,11
AATGCCAGTTAACCTG-1,10
AATGCCATCGTGCGAC-1,0
AATGGAAAGAGCAGTC-1,8
AATGGAAGTGAGTAAT-1,5
AATGGAAGTGCCCGTA-1,13
AATGGAAGTGGAAGTC-1,0
AATGGAATCGCCACTT-1,6
AATGGCTTCGAACGCC-1,4
AATTCCTAGGAGGGTG-1,8
AATTCCTCACGCGCAT-1,16
AATTCCTCACGGTGTC-1,1
AATTCCTGTTCTGACA-1,7
AATTCCTTCATTCGGA-1,0
AATTTCCTCCAGTACA-1,8
AATTTCCTCGTGCAGC-1,17
ACAAAGAAGAAGTGTT-1,8
ACAAAGAAGATGCCGA-1,3
ACAAAGACAAGGCGTA-1,6
ACAAAGACAGCAGATG-1,1
ACAAAGACATGCTGCG-1,12
ACAAAGAGTCATATGC-1,2
ACAACCACACTCTAGA-1,7
ACAACCACAGAACTCT-1,9
ACAACCACATTCTCCG-1,10
ACAACCAGTTCTCCAC-1,12
ACAACCATCCAGCACG-1,8
ACAAGCTAGCCTGCCA-1,17
ACAAGCTCACGGCGTT-1,16
ACAAGCTGTGAATGTA-1,8
ACAAGCTGTTCGTAAC-1,19
ACAAGCTTCGTAATGC-1,3
ACAAGCTTCTCTCAAT-1,12
ACACAGTAGGCGATAC-1,11
ACACAGTCAGAAATTG-1,11
ACACAGTGTAAGCAAT-1,11
ACACAGTGTAGCACGA-1,5
ACACAGTGTTCTATCT-1,17
ACACAGTGTTGACTGT-1,10
ACACAGTTCTCGCGTT-1,18
ACACCAACAATGAGCG-1,16
ACACCAACAGAGGACT-1,11
ACACCAACATGCCGGT-1,11
ACACCAACATGGAACG-1,15
ACACCAAGTACCAGAG-1,11
ACACCAAGTCACGTGC-1,2
ACACCAATCCGACATA-1,6
ACACGCGAGGCTCAAG-1,17
ACACGCGCACGAGGAT-1,10
ACACGCGGTGATTCAC-1,11
ACACGCGGTGCCCACA-1,15
ACACGCGTCTTTCGAT-1,6
ACACTGAGTACGCGTC-1,11
ACACTGAGTCCTCCAT-1,3
ACACTGAGTGCCAAGA-1,15
ACACTGATCATACGAC-1,14
ACAGAAAAGGACGCTA-1,7
ACAGAAAAGTATGATG-1,6
ACAGAAAGTCAGATTC-1,8
ACAGAAAGTCTACGTA-1,0
ACAGAAAGTGCCTTTC-1,9
ACAGAAATCCAAGCCG-1,17
ACAGCCGAGCTGACCC-1,2
ACAGCCGCACTTGTCC-1,0
ACAGCCGCATTGAAAG-1,1
ACAGCCGGTGCATGTT-1,1
ACAGCCGTCCACTTTA-1,11
ACAGCCGTCGTAGCTA-1,16
ACAGGGAAGGGAACAA-1,16
ACAGGGAAGGGACAGG-1,4
ACAGGGACACAACGAG-1,18
ACAGGGACAGGCTATT-1,14
ACAGGGACATGACTAC-1,9
ACAGGGACATGGGAAC-1,10
ACAGGGAGTTCCTAGA-1,16
ACAGGGAGTTCGGTAT-1,9
ACATCCCAGCTTAGTC-1,14
ACATCCCAGGCCTGAA-1,18
ACATCCCGTGCTGCAC-1,7
ACATCCCGTGCTGTCG-1,14
ACATCCCTCCACTAGA-1,0
ACATCCCTCGACATAC-1,7
ACATCGACAAAGTGTA-1,0
ACATCGACACCAGACC-1,15
ACATCGACAGGACTAG-1,3
ACATCGAGTAGCCAGA-1,14
ACATCGAGTGTCTTAG-1,14
ACATGCAAGAGCAAGA-1,13
ACATGCAAGGCCCACT-1,11
ACATGCACAGTGTGGA-1,3
ACATGCAGTACAACGG-1,4
ACATGCAGTGCATTTG-1,1
ACATGCATCTCGCGTT-1,3
ACATTTCAGTAATCCC-1,15
ACATTTCCAAATGCTC-1,10
ACATTTCCAATGCAGG-1,2
ACATTTCCAGTTGTCA-1,16
ACATTTCGTACTCCGG-1,5
ACATTTCTCCGGGACT-1,11
ACATTTCTCGAGAAAT-1,7
ACCAAACAGCATTGTC-1,17
ACCAAACAGCTGTACT-1,0
ACCAAACAGTTACTCG-1,4
ACCAAACCACGGCGTT-1,2
ACCAAACCAGCTATAC-1,3
ACCAAACCATCACGGC-1,1
ACCAAACCATGTCGTA-1,2
ACCAAACTCAAGTCTG-1,0
ACCAAACTCGTCTAAG-1,6
ACCAACAAGACGTCGA-1,8
ACCAACAAGCGTTCAT-1,14
ACCAACACATGAATAG-1,14
ACCAACAGTTGCATCA-1,1
ACCACAAAGCGAAACC-1,5
ACCACAAAGTACAGAT-1,1
ACCACAATCCGTGTCT-1,10
ACCATTTAGAAGGTAG-1,8
ACCATTTAGTAGCATA-1,7
ACCATTTCAAGGGTCA-1,14
ACCATTTGTTGCGGCT-1,14
ACCCAAAAGCACACAG-1,15
ACCCAAAAGCGCACAA-1,9
ACCCAAAAGGTACTGG-1,15
ACCCAAACAGGCGATA-1,11
ACCCAAAGTAAGAACT-1,7
ACCCAAAGTAGGACCA-1,8
ACCCAAAGTCACGCTG-1,1
ACCCAAAGTTTAGAGA-1,0
ACCCAAATCGATACAC-1,7
ACCCAAATCTCTGACC-1,5
ACCCTCACAAACGTGG-1,8
ACCCTCACACCGGCTA-1,7
ACCCTCACAGCACAAG-1,15
ACCCTCACATGAGTAA-1,4
ACCCTCAGTGCTAGCC-1,0
ACCCTCAGTGTCATTG-1,2
ACCCTCAGTTTCAGAC-1,4
ACCCTTGAGTATAGGT-1,16
ACCCTTGCAATGCTCA-1,10
ACCCTTGCACGACGTC-1,0
ACCCTTGCATCTCAAG-1,2
ACCCTTGGTCGGAAAC-1,8
ACCCTTGGTTAAGACA-1,16
ACCGTTCAGACTCATC-1,0
ACCGTTCAGCAACCAG-1,0
ACCGTTCGTGGAAGTC-1,3
ACCGTTCGTGTATACC-1,12
ACCGTTCTCACCGCTT-1,6
ACCTACCAGTCATACC-1,18
ACCTACCCAATAGGGC-1,18
ACCTACCCAATGCTCA-1,1
ACCTACCGTAGAATGT-1,11
ACCTACCGTCACATTG-1,5
ACCTACCGTTACCTGA-1,12
ACCTACCTCGTGGGAA-1,1
ACCTACCTCTACGGGC-1,5
ACCTGAAAGTTGGACG-1,4
ACCTGAACAACGCCCA-1,1
ACCTGAACAGGTCCCA-1,8
ACCTGAACATAGGTTC-1,6
ACCTGAAGTACACGCC-1,2
ACCTGAAGTATCGTTG-1,8
ACCTGAATCTGCACCT-1,0
ACCTGTCAGAGAAGGT-1,9
ACCTGTCCAGAGTGAC-1,9
ACCTGTCTCCGATCTC-1,7
ACCTGTCTCTTCGATT-1,12
ACGATCACAGTTTCAG-1,8
ACGATCACATGACGAG-1,18
ACGATCAGTAGTCTTG-1,0
ACGATCATCATTTCCA-1,5
ACGATCATCCTTGACC-1,0
ACGATCATCTCAGAAC-1,5
ACGATGTGTCTCGCGA-1,0
ACGATGTGTTACACTG-1,2
ACGCACGAGCAACAGC-1,5
ACGCACGAGCTCATAC-1,9
ACGCACGAGTCTCCTC-1,16
ACGCACGCAAGTTCGT-1,11
ACGCACGCATTGCCGG-1,14
ACGCACGGTTGCGTAT-1,4
ACGCACGGTTGGGAAC-1,7
ACGCACGTCAGATTGC-1,0
ACGCACGTCCCATAGA-1,5
ACGCACGTCTACGGGC-1,1
ACGGAAGAGATCCCAT-1,18
ACGGAAGAGGAACGTC-1,13
ACGGAAGCATCCCACT-1,3
ACGGAAGTCTGGAGAG-1,9
ACGGAAGTCTTGGATG-1,0
ACGGGTCAGGAACGTC-1,2
ACGGGTCCAGGTGACA-1,13
ACGGGTCCATGAAAGT-1,7
ACGGGTCTCACCTCTG-1,6
ACGGGTCTCCTGGGAC-1,8
ACGGTCGAGCCATGCC-1,15
ACGGTCGCAAACTGCT-1,1
ACGGTCGCAAGAAACT-1,18
ACGGTCGCAGTTAGAA-1,1
ACGGTCGCATGGATCT-1,3
ACGGTCGGTCAAGCCC-1,10
ACGGTCGGTGACTGAG-1,1
ACGGTTAAGCGTACAG-1,5
ACGGTTAAGGCCCGTT-1,7
ACGGTTAAGGTCCGAA-1,8
ACGGTTAAGGTTCCGC-1,6
ACGGTTACAGCAGTTT-1,14
ACGGTTACAGGATCTT-1,12
ACGGTTACATAATGAG-1,5
ACGGTTAGTGCTATTG-1,11
ACGGTTATCATGCATG-1,14
ACGGTTATCGCTATTT-1,16
ACGTAACAGCCATTGT-1,14
ACGTAACAGGAATTAC-1,0
ACGTAACAGTTGTACC-1,2
ACGTAACCAAGTACCT-1,14
ACGTAACGTCAACCAT-1,10
ACGTAACGTGCCCACA-1,3
ACGTAACGTGGATCAG-1,0
ACGTAACTCCAACCGG-1,4
ACGTAACTCCTGTAAG-1,2
ACGTACAAGCAAGGAA-1,19
ACGTACACAAGGCGTA-1,0
ACGTACACATCATCTT-1,4
ACGTACAGTACGGATG-1,8
ACGTACAGTCGCATGC-1,3
ACGTACAGTTATGGTC-1,15
ACGTACATCACTGAAC-1,1
ACGTAGTAGAAGCGAA-1,13
ACGTAGTAGCATCAGG-1,17
ACGTAGTCACCTATCC-1,15
ACGTAGTCAGTCTCTC-1,3
ACGTAGTCATCAGCGC-1,18
ACGTAGTTCGGCCCAA-1,1
ACGTAGTTCTGGACTA-1,3
ACGTCCTAGAACTGAT-1,2
ACGTCCTAGGAACGTC-1,16
ACGTCCTAGGACATCG-1,6
ACGTCCTAGTAGACCG-1,13
ACGTCCTCATATCTCT-1,6
ACGTTCCAGTCTAGCT-1,16
ACGTTCCCAAAGGCAC-1,8
ACGTTCCCAGCTGGTC-1,7
ACGTTCCGTCGAATGG-1,1
ACGTTCCGTTTCGATG-1,12
ACGTTCCTCCAGTACA-1,14
ACTACGAAGGGTGGGA-1,15
ACTACGACAAGTGCAG-1,8
ACTACGACAGGCTTGC-1,6
ACTACGACATGGAATA-1,6
ACTACGATCACTTGGA-1,7
ACTACGATCCTTGACC-1,13
ACTACGATCTTCACAT-1,15
ACTATCTAGTGCACAG-1,8
ACTATCTCACTTGTCC-1,7
ACTATCTCATTAAGCC-1,2
ACTATCTGTACTCAAC-1,6
ACTATCTGTTCCGTTC-1,3
ACTATCTTCCCTTGGT-1,5
ACTATCTTCGGCTGTG-1,16
ACTATGGAGCAGATAT-1,7
ACTATGGAGCCGGAAT-1,3
ACTATGGCAAGATGGC-1,2
ACTATGGTCATCCTGC-1,13
ACTATGGTCGGAGATG-1,15
ACTATTCCAGGTTCCG-1,2
ACTATTCCATTGAGCT-1,5
ACTATTCGTAGATTAG-1,13
ACTCCCAAGGTGATCG-1,13
ACTCCCAAGGTTACCT-1,18
ACTCCCACAGCTCGGT-1,16
ACTCCCAGTCACAGTT-1,0
ACTCCCAGTCGCACAC-1,15
ACTCCCAGTGGACTAG-1,0
ACTCCCAGTGGAGAAA-1,11
ACTCCCATCAAACCCA-1,8
ACTCCCATCGGAATGG-1,7
ACTCTCGAGACTTCGT-1,18
ACTCTCGAGAGGATGA-1,4
ACTCTCGTCCAACTAG-1,11
ACTGATGAGAGATTCA-1,5
ACTGATGAGTAGGTTA-1,10
ACTGATGCAGACCTAT-1,0
ACTGATGGTACTAAGA-1,1
ACTGATGGTATCACGT-1,4
ACTGATGGTGAATATG-1,19
ACTGATGTCATCGCCT-1,1
ACTGATGTCTCATTAC-1,8
ACTGCAAAGAAGTATC-1,3
ACTGCAAAGACCGCCT-1,5
ACTGCAAAGGGAGTGG-1,14
ACTGCAACAACCACGC-1,10
ACTGCAACACAAGGTG-1,3
ACTGCAACATACTGTG-1,2
ACTGCAAGTCCGATCG-1,16
ACTGCAAGTCTAACTG-1,7
ACTGCAATCTCAGTCC-1,16
ACTGTCCAGGACAGTC-1,6
ACTGTCCAGGCCTTCG-1,3
ACTGTCCAGTGCGCTC-1,2
ACTGTCCGTGGGCTCT-1,3
ACTGTCCGTTTGGAAA-1,5
ACTGTCCTCCTGGGTG-1,5
ACTGTCCTCGAATCCA-1,0
ACTGTCCTCTTTCTAG-1,6
ACTGTGAAGACTCTAC-1,12
ACTGTGAAGGGAGATA-1,15
ACTGTGATCCATTTCA-1,18
ACTTAGGAGGCTGAAC-1,1
ACTTAGGAGGGTGGGA-1,0
ACTTAGGAGTAAACTG-1,4
ACTTAGGCACACACGC-1,3
ACTTAGGCACTGAATC-1,7
ACTTAGGGTCATGGCC-1,11
ACTTAGGGTCGACTGC-1,6
ACTTAGGGTCTACACA-1,13
ACTTAGGTCGGTCTGG-1,14
ACTTATCAGGAAGTCC-1,10
ACTTATCCAACCCTAA-1,12
ACTTATCCAAGGCGTA-1,6
ACTTATCCATGGCACC-1,3
ACTTATCGTCAACCAT-1,0
ACTTATCGTCAGCGTC-1,14
ACTTATCGTGAGCTCC-1,11
ACTTATCGTTGCATGT-1,6
ACTTATCTCCATACTT-1,1
ACTTCCGAGACGTCGA-1,15
ACTTCCGCACCCAACG-1,6
ACTTCCGCATGCACTA-1,4
ACTTCCGGTGTATTGC-1,5
ACTTCGCAGCCATTTG-1,0
ACTTCGCAGTCATGAA-1,17
ACTTCGCAGTTCAACC-1,15
ACTTCGCCATTGGATC-1,7
ACTTCGCGTTTGGGAG-1,5
ACTTTCACACCAGACC-1,12
ACTTTCAGTCAGACGA-1,11
ACTTTCAGTCTTACAG-1,1
ACTTTCAGTGCTGCAC-1,15
ACTTTCATCAAAGGTA-1,1
ACTTTGTAGATGAAGG-1,18
ACTTTGTAGCAATTAG-1,6
ACTTTGTGTACCTAGT-1,2
AGAAATGCACAGTCGC-1,14
AGAAATGCAGAGGTAC-1,7
AGAAATGGTCCTCCTA-1,2
AGAAATGGTCTTCTAT-1,7
AGAAATGTCACAGTGT-1,10
AGAACAACAGTGGGTA-1,10
AGAACAAGTACCGTGC-1,12
AGAACAAGTCCACAGC-1,5
AGAACAAGTGGTAATA-1,11
AGAACAAGTTGGTACT-1,5
AGAACAATCTTTGGAG-1,3
AGAACCTGTATGATCC-1,12
AGAACCTGTCGCGGTT-1,6
AGAACCTGTGTCCAAT-1,14
AGAACCTGTGTCCACG-1,9
AGAACCTTCATAAGGA-1,4
AGAAGCGAGTATGGAT-1,1
AGAAGCGCATGGCGCT-1,0
AGAAGCGGTCCACATA-1,7
AGAAGCGGTCCGGTCA-1,3
AGAAGTACACCCTAAA-1,16
AGAAGTAGTCAAAGTA-1,8
AGAAGTAGTCCGAAAG-1,2
AGACAAAAGTGTTGAA-1,5
AGACAAAGTAGCCCTG-1,6
AGACAAAGTCTAACTG-1,13
AGACAAAGTCTTCCGT-1,7
AGACAAATCGCTATTT-1,15
AGACAAATCGTGCGAC-1,3
AGACACTAGCCATATC-1,10
AGACACTAGTACAGAT-1,1
AGACACTAGTGCAACG-1,15
AGACACTGTAATACCC-1,3
AGACACTGTCCACAGC-1,15
AGACACTGTCCTGAAT-1,11
AGACACTTCATTTGGG-1,5
AGACACTTCCCTCGAT-1,0
AGACAGGAGTTCGCAT-1,15
AGACAGGCATACGCAT-1,17
AGACAGGGTGGCTACC-1,0
AGACAGGTCTTGGTCC-1,5
AGACCATCACCACATA-1,2
AGACCATGTCTCAAGT-1,4
AGACCATGTCTTAGTG-1,6
AGACCATTCAAGAGGC-1,15
AGACCATTCAGGCGAA-1,11
AGACCATTCCGCTGTT-1,9
AGACCCGAGAATTGCA-1,1
AGACCCGCATAGTCGT-1,1
AGACCCGCATCGGATT-1,15
AGACCCGGTCGAGCAA-1,4
AGACCCGGTGGCTCTG-1,15
AGACTCAAGAGGGCGA-1,10
AGACTCACAAGTATCC-1,16
AGACTCACACTTCTCG-1,15
AGACTCACATCTCCCA-1,6
AGACTCAGTCTTGAGT-1,0
AGACTCAGTTGAAGTA-1,2
AGACTCAGTTGCGTAT-1,7
AGAGAATAGGCTATCT-1,3
AGAGAATCACGCGCAT-1,1
AGAGAATGTCCAACGC-1,0
AGAGAATTCAGCTGAT-1,9
AGAGAATTCCCACAGG-1,1
AGAGAGCAGTGAGTTA-1,16
AGAGAGCCAAGTCCAT-1,0
AGAGAGCCATCCCACT-1,3
AGAGAGCCATGTGGTT-1,7
AGAGAGCGTCAACCTA-1,12
AGAGAGCGTCTCGGAC-1,14
AGAGAGCGTTCTCCAC-1,1
AGAGAGCTCACCCTGT-1,9
AGAGAGCTCTTTCTAG-1,8
AGAGCAGGTTGCAACT-1,4
AGAGCAGTCCTGGGTG-1,19
AGAGCAGTCTTGGCTC-1,1
AGAGCCCAGACTCCGC-1,2
AGAGCCCAGCAGGGAG-1,7
AGAGCCCAGTTGGAAT-1,1
AGAGCCCCACAATGCT-1,5
AGAGCCCGTCAACATC-1,0
AGAGCCCTCAGACCCG-1,9
AGAGCCCTCATTGCGA-1,15
AGAGCCCTCCATACAG-1,0
AGATAGACAAGGATGC-1,3
AGATAGACATCTAACG-1,9
AGATAGATCGGTCACG-1,2
AGATCCAAGGGAGAAT-1,14
AGATCCACAGGCTTGC-1,1
AGATCCAGTCGGTGAA-1,4
AGATCCAGTTCAGTAC-1,8
AGATCCAGTTTCGGCG-1,13
AGATCCAGTTTGGGTT-1,16
AGATCGTAGGGAGTTC-1,6
AGATCGTCACAGAAGC-1,5
AGATCGTGTAATTAGG-1,8
AGATCGTGTCTGTGGC-1,5
AGATCGTGTTCAGCTA-1,4
AGATCGTGTTCCTAAG-1,16
AGATCGTTCGAACCTA-1,9
AGATCGTTCGAGAACG-1,11
AGATGAAAGTGATAAC-1,2
AGATGAACAAGTGGGT-1,0
AGATGAACACAGCCAC-1,11
AGATGAACAGAGTAAT-1,1
AGATGAACAGCTGTCG-1,4
AGATGAAGTAGGCAGT-1,2
AGATGAAGTTCCTAGA-1,13
AGATGAATCTCATAGG-1,16
AGATGCTAGGACATCG-1,12
AGATGCTCAACGTATC-1,13
AGATGCTCAAGGTCTT-1,9
AGATGCTCAAGTTCCA-1,7
AGATGCTTCATCACTT-1,14
AGATGCTTCTGTCTCG-1,17
AGCATCAAGTGAATAC-1,2
AGCATCAGTTGGGTAG-1,10
AGCATCATCTTTCCGG-1,12
AGCCAATAGCACGGAT-1,10
AGCCAATAGCTAGAAT-1,3
AGCCAATTCGGTGTTA-1,8
AGCCAATTCTATCGCC-1,0
AGCCAATTCTGTCCCA-1,13
AGCCACGCACAATGCT-1,12
AGCCACGCACCAGCGT-1,6
AGCCACGCAGCTATTG-1,1
AGCCACGGTAGCCCTG-1,1
AGCCACGGTATGTCCA-1,1
AGCCACGGTCAAAGAT-1,19
AGCCACGGTCTACAGT-1,7
AGCCACGGTTGCAAGG-1,8
AGCCACGTCGGTAACT-1,4
AGCCAGCAGCGCTTCG-1,16
AGCCAGCAGTACTCGT-1,0
AGCCAGCCACTTGTGA-1,6
AGCCAGCTCTCGTTTA-1,9
AGCGATTAGGATTTAG-1,7
AGCGATTAGGTAACTA-1,16
AGCGATTCAACTAGAA-1,9
AGCGATTCATGGAACG-1,7
AGCGATTGTGTTACTG-1,5
AGCGATTGTTTGTGGT-1,4
AGCGCCAAGCTATCTG-1,4
AGCGCCACAAAGGATT-1,3
AGCGCCACAACCCTAA-1,2
AGCGCCACAGCCATTA-1,5
AGCGCCACATTCTTCA-1,3
AGCGCCAGTTCTAAGC-1,2
AGCGCCAGTTGCACGC-1,17
AGCGCCATCAGTCAGT-1,4
AGCGCCATCGCTCATC-1,3
AGCGCTGAGGCGTCCT-1,6
AGCGCTGCAACACGAG-1,7
AGCGCTGGTCTACGTA-1,13
AGCGCTGGTGGCTAGA-1,9
AGCGTATAGCTGACCC-1,3
AGCGTATTCCACGGAC-1,9
AGCGTATTCGTGTGAT-1,3
AGCGTATTCTCGCCTA-1,5
AGCGTCGAGACGTCCC-1,7
AGCGTCGAGACTTCCA-1,2
AGCTACAAGTGGGAAA-1,7
AGCTACACAGAGCCCT-1,11
AGCTACAGTAGCTCGC-1,2
AGCTACAGTAGTATAG-1,7
AGCTACAGTTAGAAAC-1,3
AGCTACAGTTCCACAA-1,15
AGCTACAGTTGTGTTG-1,5
AGCTCAAAGCAATAAC-1,10
AGCTCAAAGCGGTAAC-1,12
AGCTCAACACCTGTCT-1,12
AGCTCAAGTGGTCTCG-1,12
AGCTCAAGTTCAAGTC-1,8
AGCTTCCAGAAGTCTA-1,18
AGCTTCCAGGTTCATC-1,13
AGCTTCCCATGTGACT-1,6
AGCTTCCGTTGGCTAT-1,0
AGCTTCCTCAGCCTTC-1,5
AGGAAATAGTATGCAA-1,1
AGGAAATCACCGGTCA-1,6
AGGAAATCACGCTTAA-1,12
AGGAAATCATCGATAC-1,8
AGGAAATGTCCACTCT-1,5
AGGAAATTCTCGGTCT-1,12
AGGAATAAGCTAGCCC-1,15
AGGAATAAGGTACATA-1,9
AGGAATATCCCGTAAA-1,5
AGGAATATCCGTCCTA-1,6
AGGAATATCGCCTTTG-1,8
AGGACGACACCGGAAA-1,10
AGGACGAGTCTCTCTG-1,5
AGGACGATCCGTAGTA-1,6
AGGACGATCGGCATTA-1,9
AGGACGATCGGCGATC-1,9
AGGACTTCAGTGTATC-1,16
AGGACTTCATTCTCCG-1,5
AGGACTTGTGCATACT-1,3
AGGACTTGTTAAGAAC-1,13
AGGACTTTCGACCACG-1,5
AGGAGGTCAAGAATGT-1,6
AGGAGGTCACCCTGAG-1,0
AGGAGGTCACTACCCT-1,15
AGGAGGTTCAATCGGT-1,6
AGGAGGTTCCGGTTCT-1,4
AGGAGGTTCCTATTTG-1,9
AGGATAAAGCTGACCC-1,7
AGGATAAAGGCTGTAG-1,12
AGGATAACAGAGCGTA-1,0
AGGATAAGTGGCTTAT-1,3
AGGATAAGTTCGTAAC-1,1
AGGATAATCCCTAGGG-1,16
AGGATCTAGGGACCAT-1,10
AGGATCTCATACGCAT-1,9
AGGATCTGTATTTCTC-1,1
AGGCATTAGCAGGGAG-1,16
AGGCATTAGCGTGAGT-1,2
AGGCATTAGGTGCCAA-1,6
AGGCATTCAAGAATAC-1,0
AGGCATTGTTGTCAGT-1,14
AGGCCACCAACAACAA-1,6
AGGCCACCATAACCCA-1,6
AGGCCACGTATTGGCT-1,15
AGGCCACGTGTTAACC-1,2
AGGCCACTCTCACGAA-1,6
AGGCTGCAGAAGCTGC-1,2
AGGCTGCAGGATTCAA-1,5
AGGCTGCCACCAGCCA-1,12
AGGCTGCCACCTGTCT-1,1
AGGCTGCCAGGTCTCG-1,16
AGGCTGCCATAATCGC-1,4
AGGCTGCGTACTTCCC-1,15
AGGCTGCGTAGTACGG-1,13
AGGCTGCGTGGTCTTA-1,16
AGGCTGCGTTCGGCTG-1,7
AGGCTGCTCGCAGTGC-1,9
AGGCTGCTCGTAGTCA-1,1
AGGCTGCTCTACTCAT-1,17
AGGGAGTAGACTCAAA-1,7
AGGGAGTAGCGCCATC-1,9
AGGGAGTAGCGTGTCC-1,3
AGGGAGTCACGGTGAA-1,17
AGGGAGTGTTCTTGTT-1,9
AGGGAGTGTTTACACG-1,1
AGGGCCTAGCCGGAAT-1,8
AGGGCCTAGGTTGACG-1,0
AGGGCCTAGTCACAGG-1,4
AGGGCCTAGTGGTCAG-1,14
AGGGCCTCAGACCAAG-1,19
AGGGCCTCATTCCTCG-1,3
AGGGCCTGTGAATAAC-1,0
AGGGCTCAGGTATCTC-1,12
AGGGCTCAGTCCTACA-1,2
AGGGCTCCACAACGAG-1,4
AGGGCTCCATATACCG-1,2
AGGGCTCTCCATGAGT-1,1
AGGGCTCTCCATTTGT-1,2
AGGGCTCTCCGGCAAC-1,11
AGGGCTCTCTGAGCAT-1,10
AGGGTCCAGAAACACT-1,16
AGGGTCCAGAAACTAC-1,4
AGGGTCCAGGACACTG-1,15
AGGGTCCGTAGCTCGC-1,14
AGGGTCCGTTCAAGGG-1,12
AGGGTCCTCACTGAAC-1,4
AGGGTCCTCCATCGTC-1,14
AGGGTGAAGTTTCAGC-1,2
AGGGTGAGTGCCTAAT-1,16
AGGGTGAGTGGTATGG-1,18
AGGGTGATCAGCGCAC-1,4
AGGGTGATCCTCTTTC-1,14
AGGGTTTAGGGAGGAC-1,4
AGGGTTTAGTCATTGC-1,6
AGGGTTTCACGGCACT-1,3
AGGGTTTTCCCATTCG-1,11
AGGTAGGAGAGGTTAT-1,2
AGGTAGGAGATTGATG-1,15
AGGTAGGAGGTATAGT-1,16
AGGTAGGAGTAAAGCT-1,11
AGGTAGGCAATCTAGC-1,10
AGGTAGGGTCACTTAG-1,0
AGGTAGGTCAATCTCT-1,2
AGGTAGGTCTTCCAGC-1,7
AGGTCATAGTAACAGT-1,11
AGGTCATCAATTTCTC-1,14
AGGTCATGTAGCCAGA-1,4
AGGTCATGTGGCCACT-1,2
AGGTCATGTTTCGATG-1,14
AGGTCATTCCTGTACC-1,3
AGGTCTAAGGCTAGCA-1,18
AGGTCTAAGTCATGAA-1,0
AGGTCTACACGCAGTC-1,12
AGGTCTATCCACAAGT-1,2
AGGTGTTAGCAACTCT-1,0
AGGTGTTAGTGCACAG-1,6
AGGTGTTAGTTGGCTT-1,0
AGGTGTTCAGACACAG-1,4
AGGTTACAGAGCAAGA-1,0
AGGTTACAGCATCCCG-1,9
AGGTTACCAAGACGGT-1,17
AGGTTACCAAGAGAGA-1,6
AGGTTACCACTCCACT-1,4
AGGTTACCACTTCTCG-1,11
AGGTTACGTAGCGCCT-1,11
AGGTTACGTAGCTGCC-1,1
AGGTTACGTGAATAAC-1,2
AGGTTACTCGCCTTTG-1,17
AGGTTGTAGCACTCGC-1,12
AGGTTGTCACATACTG-1,5
AGGTTGTCACGTAGAG-1,8
AGGTTGTCACTGAATC-1,0
AGGTTGTGTATATGGA-1,8
AGGTTGTGTCGAGCTC-1,15
AGGTTGTGTTAAACCC-1,8
AGGTTGTTCTTTCGAT-1,11
AGTAACCAGAGATTCA-1,4
AGTAACCAGCACCTGC-1,11
AGTAACCCACAATGTC-1,16
AGTAACCGTAAGGAGA-1,0
AGTAACCGTGGTACAG-1,6
AGTAACCTCATTCATC-1,17
AGTAACCTCTGGCTGG-1,12
AGTACCAAGGCACTCC-1,7
AGTACCACACGGCGTT-1,2
AGTACCACATCGTTCC-1,9
AGTACCATCCAAGAGG-1,18
AGTACTGAGCACACAG-1,7
AGTACTGAGCAGATAT-1,2
AGTACTGAGGAGTACC-1,18
AGTACTGCACGATTCA-1,3
AGTACTGCACTCCTGT-1,7
AGTACTGGTATACAGA-1,1
AGTACTGTCGGTAGAG-1,17
AGTACTGTCTATACTC-1,15
AGTACTGTCTTGCGCT-1,9
AGTAGCTAGAACAAGG-1,4
AGTAGCTAGCTGACCC-1,17
AGTAGCTAGGCTCTCG-1,7
AGTAGCTAGTGTCATC-1,12
AGTAGCTCACGCTGCA-1,2
AGTAGCTCAGTCAGAG-1,15
AGTAGCTGTCCTCCAT-1,5
AGTAGCTGTCGTACAT-1,8
AGTAGCTGTGAGACCA-1,13
AGTAGCTTCTCATGGA-1,10
AGTAGTCAGAAACTGT-1,2
AGTAGTCAGAGGTATT-1,2
AGTAGTCAGTCTCCTC-1,3
AGTAGTCCATGGGAAC-1,15
AGTAGTCCATTGAGCT-1,19
AGTAGTCGTCATGACT-1,0
AGTAGTCGTCCAGCGT-1,8
AGTAGTCGTCGTTGGC-1,15
AGTAGTCGTGAATGTA-1,9
AGTCAACAGGCGTTAG-1,3
AGTCAACCAAACGTGG-1,6
AGTCAACCACCGAATT-1,19
AGTCAACCAGTTGGTT-1,8
AGTCAACTCATCGGGC-1,0
AGTCAACTCATTGTGG-1,1
AGTCAACTCCCTCAAC-1,5
AGTCAACTCTACGGGC-1,3
AGTCACACAACTGTGT-1,18
AGTCACACATCGAAGG-1,0
AGTCACAGTACGATGG-1,0
AGTCACAGTTATAGAG-1,3
AGTCACATCGTTAGTG-1,6
AGTCACATCTATACTC-1,2
AGTCATGAGATCGGTG-1,11
AGTCATGCACTTGGGC-1,8
AGTCATGGTCCTCCTA-1,12
AGTCATGGTCGCACGT-1,14
AGTCATGGTGCCTTCT-1,15
AGTCATGGTTCAGGTT-1,9
AGTCATGTCTCCAAGA-1,6
AGTCTCCAGTCCCAGC-1,14
AGTCTCCCAGTTAGGG-1,1
AGTCTCCCATCCGATA-1,19
AGTCTCCGTCCTTGTC-1,2
AGTCTCCGTTCAAAGA-1,14
AGTCTCCTCCTACTGC-1,5
AGTGACTTCCAGCTCT-1,18
AGTGATCAGAAGCGCT-1,12
AGTGATCAGCAAGTGC-1,9
AGTGATCAGGTAATCA-1,6
AGTGATCCACAAAGCG-1,14
AGTGATCTCTTCACAT-1,3
AGTGATCTCTTGGTGA-1,8
AGTGCCGAGGGATGTC-1,5
AGTGCCGCATTGAAAG-1,5
AGTGCCGTCGCATAGT-1,10
AGTGCCGTCGGAGTGA-1,9
AGTGTTGAGAAGCGGG-1,1
AGTGTTGAGTTGGCTT-1,15
AGTGTTGTCATGCATG-1,7
AGTTAGCAGGTAGTAT-1,3
AGTTAGCCACCAGCTG-1,7
AGTTAGCGTCACATTG-1,4
AGTTAGCTCACGAACT-1,6
AGTTAGCTCAGACCTA-1,7
AGTTAGCTCATCGCCT-1,1
AGTTAGCTCTGATGGT-1,4
AGTTCCCAGCCTGTGC-1,6
AGTTCCCAGTCACTAC-1,14
AGTTCCCCACGTGTGC-1,0
AGTTCCCCATCGTGCG-1,14
AGTTCCCGTAACACGG-1,3
AGTTCCCGTTCGATTG-1,17
AGTTCCCGTTTGAACC-1,9
AGTTCGAAGCTGTTCA-1,8
AGTTCGAAGGTAAAGG-1,1
ATACCGAAGCGAGGAG-1,16
ATACCGAAGTCACTGT-1,7
ATACCGAAGTCGAAGC-1,6
ATACCGACAATACGAA-1,6
ATACCGAGTACTTCCC-1,14
ATACCGATCTATACGG-1,16
ATACCGATCTCTCAAT-1,2
ATACCTTAGCAATAGT-1,1
ATACCTTAGGTAAGTT-1,3
ATACCTTAGTTCATGC-1,4
ATACCTTAGTTGGGAC-1,0
ATACCTTTCTCTGCTG-1,6
ATACTTCAGACGCTCC-1,17
ATACTTCCAATGGCAG-1,15
ATACTTCCACGCGTCA-1,16
ATACTTCGTTACTCAG-1,15
ATACTTCTCCCGTTGT-1,10
ATACTTCTCGCTCTAC-1,10
ATAGACCAGAGGGCGA-1,12
ATAGACCCATGAGAAT-1,0
ATAGACCGTAACGCGA-1,14
ATAGACCGTATGTCTG-1,2
ATAGACCGTCGACTGC-1,7
ATAGACCGTCTTCATT-1,1
ATAGACCGTGAGTCAG-1,13
ATAGACCGTGGCTTAT-1,2
ATAGAGAAGCAACTTC-1,7
ATAGAGAAGTACTGTC-1,7
ATAGAGAAGTAGTCAA-1,15
ATAGAGACAAAGCAAT-1,19
ATAGAGACAGCTTCGG-1,12
ATAGAGACAGTAACAA-1,5
ATAGAGAGTTCTTCAT-1,1
ATAGAGATCGTCGACG-1,7
ATAGAGATCTATGCCC-1,19
ATAGGCTAGCACAAAT-1,0
ATAGGCTAGGGTTTCT-1,15
ATAGGCTAGTGTAGAT-1,6
ATAGGCTCACTGCTTC-1,1
ATAGGCTCATTCTTCA-1,6
ATAGGCTGTACGTGAG-1,8
ATAGGCTTCGAGCACC-1,1
ATATCCTCACACCTTC-1,5
ATATCCTGTCCACAGC-1,8
ATATCCTGTTCAATCG-1,10
ATCACAGAGGTCGAGT-1,19
ATCACAGAGTCTCTGA-1,1
ATCACAGAGTGAGTGC-1,14
ATCACAGCAAGTGTCT-1,18
ATCACAGCACGCTATA-1,6
ATCACAGGTACCGTGC-1,17
ATCACAGGTGGTCTGC-1,0
ATCACAGTCGACATTG-1,1
ATCACGACACTACCCT-1,10
ATCACGAGTATCAGCT-1,10
ATCACGAGTCTTTCAT-1,18
ATCACGAGTGGTCCGT-1,17
ATCACTTAGTTCCGTA-1,6
ATCACTTCATGAATAG-1,19
ATCACTTCATGAGATA-1,7
ATCACTTGTCTGTGTA-1,5
ATCACTTGTCTTTATC-1,8
ATCACTTGTGCTATTG-1,18
ATCAGGTAGAACTCCT-1,13
ATCAGGTAGATGAAGG-1,7
ATCAGGTAGCGACTGA-1,19
ATCAGGTAGGCGTTAG-1,3
ATCAGGTCAGTAGATA-1,4
ATCAGGTGTCGTCATA-1,8
ATCAGGTGTGAGATAT-1,2
ATCAGGTTCACGTAGT-1,1
ATCAGGTTCCAAGCAT-1,13
ATCATTCCAATAGGGC-1,10
ATCATTCCATCCTTGC-1,16
ATCATTCCATTCTTCA-1,14
ATCATTCGTATCAGGG-1,2
ATCATTCGTTCTATCT-1,12
ATCATTCTCAAGTCTG-1,14
ATCATTCTCATAGGCT-1,15
ATCATTCTCGGTTCAA-1,7
ATCATTCTCGTCAAAC-1,4
ATCCACCAGCTCTTCC-1,15
ATCCACCAGGGTAGCT-1,9
ATCCACCAGTCATGCT-1,0
ATCCACCAGTGACACG-1,2
ATCCACCAGTTCATGC-1,15
ATCCACCCACATTCGA-1,11
ATCCACCGTAGGCAGT-1,10
ATCCACCGTATAGCTC-1,1
ATCCACCTCACTCTTA-1,5
ATCCACCTCCGCTGTT-1,10
ATCCATTAGAGCGACT-1,8
ATCCATTAGGAACTAT-1,9
ATCCATTAGGTAAGAG-1,11
ATCCATTCAGTGACCC-1,0
ATCCATTCATAGTCGT-1,10
ATCCATTCATTGAAAG-1,9
ATCCATTGTTTGCAGT-1,15
ATCCATTTCCACTTCG-1,17
ATCCATTTCTAACGCA-1,0
ATCCCTGAGGTGTGAC-1,7
ATCCCTGCAGCCGGTT-1,5
ATCCCTGCAGGCATTT-1,13
ATCCCTGGTATCCTCC-1,5
ATCCCTGTCCTAAACG-1,2
ATCCGTCAGGCCTTCG-1,3
ATCCGTCAGGGACTGT-1,17
ATCCGTCAGGTAGATT-1,17
ATCCGTCCATCACAGT-1,0
ATCCGTCGTAAGGCCA-1,19
ATCCGTCGTTTCTATC-1,2
ATCCGTCTCCGCATAA-1,15
ATCCGTCTCGTCAGAT-1,2
ATCCGTCTCGTCTCAC-1,5
ATCCTATAGAAACCCG-1,15
ATCCTATCAAAGAACT-1,12
ATCCTATCAGTATGAA-1,9
ATCCTATGTGTCCTAA-1,0
ATCCTATGTTCAGCGC-1,4
ATCCTATTCATGACAC-1,0
ATCCTATTCTCGGCTT-1,0
ATCCTATTCTTAGCTT-1,11
ATCGCCTAGGATCATA-1,8
ATCGCCTAGTACGAGC-1,3
ATCGCCTGTAGACGTG-1,16
ATCGCCTGTAGCACGA-1,7
ATCGCCTTCCCGTGAG-1,7
ATCGCCTTCCGAGTGC-1,9
ATCGGATAGAGAGCCT-1,12
ATCGGATCAAGTGTCT-1,18
ATCGGATCACAGTGTT-1,7
ATCGGATTCATTCATC-1,12
ATCGGATTCCGTGCGA-1,2
ATCGGCGGTATGGAAT-1,3
ATCGGCGTCCTCTGCA-1,8
ATCGGCGTCTGTAACG-1,14
ATCGTAGAGCTTCTAG-1,13
ATCGTAGAGGCTTAAA-1,6
ATCGTCCAGCGAACTG-1,1
ATCGTCCAGCTCCCTT-1,4
ATCGTCCAGGTTGAGC-1,14
ATCGTCCAGTACAGCG-1,8
ATCGTCCCAGTCGGAA-1,12
ATCGTCCGTGCCTAAT-1,9
ATCGTCCGTTATGGTC-1,4
ATCGTCCGTTTGGGTT-1,1
ATCGTCCTCACTTCTA-1,11
ATCGTGAAGGAACTCG-1,7
ATCGTGAGTCAACCTA-1,6
ATCGTGAGTTAGTTCG-1,5
ATCGTGATCGCCACTT-1,12
ATCTCTAAGGGCAACT-1,18
ATCTCTACATAATGAG-1,2
ATCTCTAGTCCAAATC-1,13
ATCTCTATCCATACTT-1,15
ATCTCTATCCCTTTGG-1,15
ATCTCTATCTTCGCTG-1,11
ATCTTCAAGGTAGGCT-1,0
ATCTTCACAAATGAAC-1,9
ATCTTCAGTAAGGCCA-1,2
ATCTTCAGTACAAACA-1,10
ATCTTCAGTAGTTACC-1,4
ATCTTCAGTGGCATCC-1,5
ATCTTCATCGTCCTCA-1,14
ATGAAAGAGGGCCCTT-1,19
ATGAAAGAGTGCACCC-1,9
ATGAAAGCAACTGATC-1,3
ATGAAAGCAATTGCAC-1,9
ATGAAAGGTTCAACGT-1,9
ATGAAAGTCGGTGTTA-1,13
ATGACCAAGACATAGT-1,5
ATGACCAAGAGGACTC-1,11
ATGACCAAGCCGTTAT-1,13
ATGACCAAGGTCTACT-1,9
ATGACCAGTAGGAAAG-1,2
ATGACCATCCCTTGGT-1,0
ATGAGGGGTACGATTC-1,14
ATGAGGGGTAGGGTAC-1,7
ATGAGGGGTCTTACTT-1,5
ATGAGTCCACTCCGAG-1,14
ATGAGTCCATCATTGG-1,4
ATGAGTCCATGTAACC-1,8
ATGAGTCGTGAAGCTG-1,3
ATGAGTCTCACTTGTT-1,2
ATGAGTCTCCAGTGCG-1,0
ATGAGTCTCGCAGATT-1,4
ATGATCGAGGTAGTAT-1,3
ATGATCGCACACGGAA-1,5
ATGATCGCAGCAGATG-1,12
ATGATCGGTAATCAAG-1,3
ATGATCGGTGGTCTTA-1,3
ATGCATGAGACCAAGC-1,2
ATGCATGAGAGCATCG-1,9
ATGCATGAGGATACGC-1,7
ATGCATGCAACAAAGT-1,13
ATGCATGCATGGCTGC-1,7
ATGCATGGTAGCGTCC-1,0
ATGCCTCCAAGCCCAC-1,16
ATGCCTCCATGAGGGT-1,3
ATGCCTCCATTGACAC-1,17
ATGCCTCTCTGCGAGC-1,17
ATGCCTCTCTGTGTGA-1,7
ATGCGATAGCTCCCTT-1,6
ATGCGATAGGTACATA-1,0
ATGCGATAGTGGTCAG-1,0
ATGCGATCACAGACGA-1,2
ATGCGATCAGCCTACG-1,2
ATGCGATTCGAAACAA-1,6
ATGCGATTCGAGAATA-1,3
ATGGAGGAGATACAGT-1,2
ATGGAGGTCTACGCGG-1,18
ATGGATCAGACATCAA-1,5
ATGGATCCACGTAGAG-1,16
ATGGATCGTCACATTG-1,11
ATGGATCGTGACGCCT-1,14
ATGGATCTCTCTGACC-1,13
ATGGGAGAGACTTAAG-1,6
ATGGGAGCAACAGTGG-1,12
ATGGGAGCAGGCTATT-1,13
ATGGGAGTCATTGCTT-1,12
ATGGGAGTCCTACACC-1,5
ATGGGAGTCTCGCTTG-1,2
ATGGGTTAGACGCTCC-1,5
ATGGGTTAGGGCAAGG-1,4
ATGGGTTGTCGTTTCC-1,10
ATGGGTTGTGCATGTT-1,12
ATGGGTTTCCCTTTGG-1,9
ATGGGTTTCGGAACTT-1,7
ATGGGTTTCGGCGATC-1,14
ATGGGTTTCGTCTAAG-1,17
ATGGTTGAGAACAAGG-1,0
ATGGTTGAGTGAACAT-1,5
ATGGTTGGTAACAAGT-1,5
ATGGTTGTCCCATACC-1,14
ATGTCCCAGCACACAG-1,10
ATGTCCCAGCCGATAG-1,8
ATGTCCCCAGTCGTTA-1,7
ATGTCTTAGGTAAAGG-1,1
ATGTCTTAGTCGTCTA-1,2
ATGTCTTCAAGGTCAG-1,1
ATGTCTTCAATAGAGT-1,8
ATGTCTTCAGAGTAAT-1,2
ATGTCTTTCTTACGTT-1,1
ATTACCTAGAAATTCG-1,19
ATTACCTCAACCACGC-1,15
ATTACCTGTATTTCTC-1,6
ATTACCTGTCGTACTA-1,7
ATTACCTGTCTCACGG-1,1
ATTACCTGTGCATTAC-1,13
ATTACCTTCTCGAGTA-1,9
ATTACTCAGATTGTGA-1,3
ATTACTCGTAAGGCTG-1,3
ATTACTCGTCGTATTG-1,0
ATTACTCTCCTGCCAT-1,12
ATTATCCAGAGTTGCG-1,13
ATTATCCAGCAAATCA-1,16
ATTATCCAGCGTTACT-1,12
ATTATCCAGGCCCAAA-1,11
ATTATCCAGGGAGTTC-1,8
ATTATCCAGTGGTTAA-1,5
ATTATCCCACCGTCTT-1,0
ATTATCCCACTGAGTT-1,9
ATTATCCCAGCTGTGC-1,1
ATTATCCGTCATCGGC-1,18
ATTATCCGTCGGAAAC-1,10
ATTATCCGTGGTCAAG-1,18
ATTCACTAGTCAGCGA-1,6
ATTCACTCACATATGC-1,14
ATTCACTTCTTACCGC-1,2
ATTCAGGAGTCTGCAT-1,13
ATTCAGGCAATCGCCG-1,9
ATTCAGGCATCGAAGG-1,0
ATTCAGGGTAAGGCTG-1,3
ATTCAGGGTGACACAG-1,6
ATTCAGGGTGTAAATG-1,0
ATTCAGGGTGTGCTTA-1,16
ATTCATCAGACATCAA-1,6
ATTCATCAGATAACGT-1,9
ATTCATCAGGTCGTGA-1,13
ATTCATCAGTAACCTC-1,0
ATTCATCCAATTTCTC-1,1
ATTCATCCACGAGGTA-1,6
ATTCATCCACTGCGAC-1,5
ATTCATCCATGGTGGA-1,2
ATTCATCGTAGACTGG-1,11
ATTCATCGTGAGTCAG-1,11
ATTCATCTCTGTGCTC-1,11
ATTCCATCAGGACTTT-1,15
ATTCCATGTATTAAGG-1,1
ATTCCATGTTATCTGG-1,6
ATTCCCGCACTGCTTC-1,14
ATTCCCGCATAGATCC-1,2
ATTCCCGGTCCAGTTA-1,1
ATTCCCGGTGGAAGTC-1,17
ATTCCCGGTTAAGCAA-1,0
ATTCCCGGTTAGTCGT-1,2
ATTCCCGTCATACGAC-1,1
ATTCCCGTCCGCTGTT-1,2
ATTCCTAAGCGGTAGT-1,18
ATTCCTAAGGCAGGTT-1,2
ATTCCTAAGGGTCTTT-1,14
ATTCCTACAGGCTTGC-1,19
ATTCCTATCACTTGGA-1,17
ATTCCTATCAGGGTAG-1,8
ATTCCTATCATGGCCG-1,5
ATTCCTATCCTACAAG-1,9
ATTCGTTAGCGGATCA-1,5
ATTCGTTAGTCCCGAC-1,19
ATTCGTTGTAAGATAC-1,6
ATTCTACCAAACTCTG-1,13
ATTCTACCACTTCAGA-1,16
ATTCTACCATCTATCT-1,11
ATTCTACGTAGCTTGT-1,2
ATTCTACGTCCCGGTA-1,13
ATTCTACGTTCTTAGG-1,1
ATTCTACTCTCCCAAC-1,3
ATTCTTGCAGGCAATG-1,15
ATTCTTGGTCACTTAG-1,10
ATTCTTGGTGCTTATG-1,1
ATTCTTGTCTTCACAT-1,1
ATTGGGTAGAGTCGAC-1,7
ATTGGGTAGCCGCACT-1,5
ATTGGGTAGCTATCCA-1,4
ATTGGGTAGGGAGTGG-1,8
ATTGGGTAGTCAGAGC-1,17
ATTGGGTCATAGCTGT-1,16
ATTGGGTCATCATTGG-1,4
ATTGGGTTCCAGTGTA-1,18
ATTGGGTTCGGCTGGT-1,12
ATTGTTCAGTTTGTCG-1,15
ATTGTTCCAATATCCG-1,18
ATTGTTCCACCGTGCA-1,12
ATTGTTCCATAAGCGG-1,1
ATTGTTCGTACGGTTT-1,14
ATTGTTCGTAGATTGA-1,6
ATTGTTCGTTGCGAAG-1,15
ATTGTTCGTTGGTGTT-1,0
ATTGTTCTCCGTCACT-1,0
ATTTACCCACCTGCGA-1,8
ATTTACCCACCTTCGT-1,2
ATTTACCGTTCGTAAC-1,8
ATTTACCTCAAGAGGC-1,14
ATTTACCTCGCTGATA-1,7
ATTTACCTCTGGCTGG-1,15
ATTTCACAGCTAAGTA-1,8
ATTTCACAGTCGCTAT-1,2
ATTTCACCAATGGCAG-1,1
ATTTCACGTCGTACTA-1,0
ATTTCTGAGCTGTACT-1,2
ATTTCTGCATTGCCTC-1,3
ATTTCTGGTTAAGAAC-1,1
ATTTCTGTCGCTAAAC-1,0
CAAAGAAAGACTGTTC-1,5
CAAAGAACAAGTCCAT-1,0
CAAAGAAGTAGCGATG-1,1
CAAAGAAGTCGCATCG-1,4
CAAAGAAGTGGGTATG-1,10
CAAAGAAGTGTGGACA-1,12
CAAAGAAGTTGTGTAC-1,16
CAACAACAGTCGCGAA-1,8
CAACAACCAGAGGCTA-1,8
CAACAACGTAACTGCT-1,1
CAACAACGTGTTCCTC-1,0
CAACAACTCATCACTT-1,8
CAACAGTAGCCTGAAG-1,17
CAACAGTCAAGGCAAC-1,1
CAACAGTCAGGACGAT-1,14
CAACAGTCATCACAGT-1,8
CAACAGTGTCCGATCG-1,8
CAACAGTTCTACCCAC-1,0
CAACCAAAGACGCTCC-1,4
CAACCAAAGCCTTTGA-1,11
CAACCAAAGCGACTGA-1,2
CAACCAACACAAAGTA-1,8
CAACCAAGTACAGGTG-1,19
CAACCAAGTTGCACGC-1,0
CAACCAATCTCCTGAC-1,4
CAACCTCCACTCCCTA-1,9
CAACCTCCATCCGCGA-1,17
CAACCTCTCCTCGCAT-1,4
CAACCTCTCTCGTCGT-1,15
CAACGATAGAAGAGCA-1,3
CAACGATAGAGGACTC-1,0
CAACGATCAAGAGGCT-1,9
CAACGATGTGTCCATA-1,2
CAACGATTCGACGCGT-1,13
CAACGGCAGAAATTCG-1,3
CAACGGCAGACAGTCG-1,10
CAACGGCAGAGGATGA-1,3
CAACGGCCATCGGCCA-1,16
CAACGGCGTCCAACGC-1,16
CAACGGCGTCCAGCGT-1,13
CAACGGCGTGATACCT-1,6
CAAGACTAGTCGTCTA-1,4
CAAGACTAGTGCAGCA-1,1
CAAGACTCAACCACGC-1,15
CAAGACTCAAGTGGGT-1,0
CAAGACTGTCGTAATC-1,7
CAAGACTTCGAGAATA-1,8
CAAGACTTCTAATTCC-1,14
CAAGAGGAGAACGTGC-1,5
CAAGAGGCAAGGCCTC-1,16
CAAGAGGCAGTCGGTC-1,16
CAAGAGGGTAGGTACG-1,3
CAAGAGGGTCATCAGT-1,0
CAAGAGGGTTGGGAAC-1,16
CAAGAGGTCCAATGCA-1,2
CAAGAGGTCGCTGCGA-1,10
CAAGCTAAGCACTAGG-1,0
CAAGCTACACGTAGAG-1,1
CAAGCTAGTCACCGCA-1,12
CAAGCTATCCTCACGT-1,1
CAAGCTATCTACCAGA-1,10
CAAGGGACACCTCTGT-1,7
CAAGGGAGTCGACTGC-1,17
CAATACGAGACCAACG-1,16
CAATACGAGCAGCACA-1,4
CAATACGAGTAGTCTC-1,10
CAATACGCAAGTCCAT-1,13
CAATACGCATAATCCG-1,4
CAATACGCATATAGCC-1,16
CAATCGACAATTTCCT-1,2
CAATCGAGTCCATACA-1,6
CAATCGATCAAGAATG-1,15
CAATCGATCATACAGC-1,11
CAATCGATCTGTGCAA-1,7
CAATGACCAAAGGATT-1,14
CAATGACGTACTGCGC-1,3
CAATGACGTGGTCTCG-1,14
CAATTTCAGACATCCT-1,4
CAATTTCAGCAACAAT-1,5
CAATTTCAGCGACTAG-1,17
CAATTTCAGGTTCCGC-1,1
CAATTTCAGTTCATGC-1,2
CAATTTCCACATTGTG-1,13
CAATTTCCAGAGAATT-1,1
CAATTTCTCATCACAG-1,13
CACAACAAGTGAGTTA-1,4
CACAACACAACAGTGG-1,11
CACAACACAACCGACC-1,8
CACAACAGTCTGCGCA-1,17
CACAACAGTGGTACAG-1,5
CACAACAGTTAAGCAA-1,10
CACACAACACCGTCGA-1,6
CACACAACAGTCCGTG-1,8
CACACAATCGCGTAGC-1,10
CACACAATCTCATTAC-1,2
CACACAATCTCTCGAC-1,4
CACAGATAGTCATCCA-1,9
CACAGATCATACCACA-1,3
CACAGATCATCGAAGG-1,2
CACAGATGTCTACATG-1,13
CACAGATTCACCTCTG-1,1
CACAGATTCTAGGCCG-1,6
CACAGATTCTCTGCTG-1,13
CACAGGCAGAGTCGAC-1,1
CACAGGCAGTACTGGG-1,10
CACAGGCCAAAGCTCT-1,16
CACAGGCCAGAGAGGG-1,3
CACAGGCGTTAGTCGT-1,1
CACAGGCGTTGCCAAT-1,10
CACAGGCTCTCGAGTA-1,13
CACATGAAGTCACACT-1,0
CACATGAGTCACTTCC-1,8
CACATGAGTCTGTCAA-1,12
CACATGAGTGAATAAC-1,10
CACATGATCCGCTGTT-1,2
CACATGATCGATTCCC-1,6
CACCAAACAGATACTC-1,7
CACCAAAGTGAGTAGC-1,15
CACCAAATCCCGTAAA-1,1
CACCGTTCAGAGGTTG-1,3
CACCGTTGTACGACAG-1,3
CACCGTTGTGACTAAA-1,0
CACCGTTGTTACCTGA-1,15
CACCGTTTCTACTCAT-1,2
CACGAATCAACGGCCT-1,6
CACGAATCACGACGAA-1,8
CACGAATCATCTCAAG-1,12
CACGAATCATCTCATT-1,1
CACGAATGTAGAGATT-1,4
CACGAATGTCCCTAAA-1,2
CACGAATTCAGTGGGA-1,13
CACGAATTCTTCTCAA-1,4
CACGGGTCACTGTCCT-1,11
CACGGGTGTGATTCTG-1,4
CACGGGTGTGCGACAA-1,0
CACGGGTTCAGAATAG-1,8
CACGGGTTCAGCCTCT-1,2
CACGGGTTCGGTGTAT-1,3
CACGTGGCAAAGTATG-1,16
CACGTGGCAGGGAATC-1,3
CACGTGGGTTGGCCGT-1,1
CACGTGGTCAGAGTGG-1,5
CACGTGGTCTACGCAA-1,6
CACGTTCAGAAACCCG-1,11
CACGTTCAGAGCGACT-1,12
CACGTTCCAATTGAGA-1,10
CACGTTCGTAACCCGC-1,1
CACGTTCGTGCCTTTC-1,5
CACGTTCGTTCGGTTA-1,1
CACGTTCTCCTTTAGT-1,4
CACTAAGCACGACGAA-1,1
CACTAAGCACTGGCGT-1,15
CACTAAGTCCATTGGA-1,7
CACTAAGTCTCCATAT-1,15
CACTGAAAGCACCGAA-1,9
CACTGAAAGCTGTTAC-1,5
CACTGAACACCAATTG-1,5
CACTGAATCGAGAATA-1,1
CACTGAATCGTGTGGC-1,7
CACTGGGAGAATAGTC-1,0
CACTGGGCATAGCACT-1,7
CACTGGGGTACACTCA-1,4
CACTGGGGTCGTGTTA-1,8
CACTGGGTCGACGTCG-1,10
CACTGGGTCTTGAACG-1,12
CACTGTCAGGCTATCT-1,8
CACTGTCCAACTTGGT-1,19
CACTGTCCAGAGGACT-1,5
CACTGTCGTACTGGGA-1,19
CACTGTCTCCTAGCGG-1,3
CACTGTCTCTTTGCGC-1,5
CACTTCGAGTAACCTC-1,8
CACTTCGAGTCATACC-1,2
CACTTCGAGTGCCTCG-1,18
CACTTCGGTAGAATAC-1,12
CACTTCGTCAGAGTTC-1,15
CACTTCGTCCTTCGAC-1,5
CACTTCGTCGATGGAG-1,10
CAGAGCCAGATTACCC-1,13
CAGAGCCAGGCACTCC-1,2
CAGAGCCGTGAAGCTG-1,5
CAGAGCCTCAGTCTTT-1,9
CAGAGCCTCGGAATTC-1,8
CAGAGCCTCGGCAGTC-1,12
CAGATACAGAAGTCAT-1,12
CAGATACAGGCTCAAG-1,12
CAGATACAGGTCATTC-1,15
CAGATACCACTTGTGA-1,0
CAGATACGTCAGTCCG-1,6
CAGATACGTTCAACGT-1,0
CAGATACTCGACGACC-1,0
CAGATCAAGACTGTTC-1,0
CAGATCAAGCCAGTAG-1,19
CAGATCACACCGTGCA-1,1
CAGATCACATCCGGCA-1,9
CAGATTGAGCCTAACT-1,2
CAGATTGAGGACTGGT-1,0
CAGATTGAGTTTCAGC-1,1
CAGATTGCACACCAGC-1,3
CAGATTGGTCTCACAA-1,14
CAGATTGGTGTTAGCT-1,10
CAGATTGTCCGCACTT-1,11
CAGCAATAGACAGCGT-1,0
CAGCAATCAACACGTT-1,5
CAGCAATCAGGAATCG-1,18
CAGCAATGTCGAGCAA-1,6
CAGCAATTCTCACGAA-1,13
CAGCACGAGCCATGCC-1,3
CAGCACGAGTAGCATA-1,9
CAGCACGCAGGTCCCA-1,8
CAGCACGGTAGACAAT-1,4
CAGCACGGTAGTCTGT-1,3
CAGCACGGTCGAGCAA-1,8
CAGCACGTCCCTTTGG-1,11
CAGCAGCAGACATACA-1,1
CAGCAGCCACATACTG-1,11
CAGCAGCCATGCCGCA-1,9
CAGCAGCGTACGATGG-1,10
CAGCAGCGTCGTTATG-1,0
CAGCAGCTCCGGTTCT-1,10
CAGCAGCTCGATCCCT-1,16
CAGCCAGCAAGAAATC-1,5
CAGCCAGCACCACTGG-1,0
CAGCCAGGTACCTGTA-1,0
CAGCCAGGTACTCCGG-1,2
CAGCCAGGTTGCGTAT-1,4
CAGCCAGTCATGGTAC-1,7
CAGCCAGTCCCGAGAC-1,11
CAGCCAGTCTCGCTTG-1,6
CAGCGTGAGAAACTGT-1,3
CAGCGTGAGTAGTCCT-1,0
CAGCGTGAGTCATGAA-1,1
CAGCGTGAGTCATGCT-1,15
CAGCGTGCACAGCCTG-1,4
CAGCGTGCAGAGAGGG-1,11
CAGCGTGCAGTCGGTC-1,8
CAGCGTGGTGTTACTG-1,2
CAGCGTGTCCCATAAG-1,2
CAGGCCAAGAAGAACG-1,1
CAGGCCAAGAATAGTC-1,2
CAGGCCAAGAGCTGCA-1,3
CAGGCCAAGCAAATCA-1,3
CAGGCCACAAGTGTCT-1,14
CAGGCCACACATTCTT-1,13
CAGGCCACAGAGTGAC-1,2
CAGGCCACATAACTCG-1,3
CAGGCCAGTGGCCTCA-1,12
CAGGCCAGTGGTGATG-1,10
CAGGCCAGTTTCTTAC-1,17
CAGGCCATCGCGTAGC-1,2
CAGGGCTAGCACCGTC-1,9
CAGGGCTAGCGACTAG-1,5
CAGGGCTCAAGCTGCC-1,4
CAGGGCTCAATAACCC-1,5
CAGGGCTCACAGTGTT-1,16
CAGGGCTCATCTAGAC-1,5
CAGGGCTGTACCCAGC-1,2
CAGGGCTGTCACCTTC-1,11
CAGGGCTTCGAACGGA-1,1
CAGGTATAGAAGTGTT-1,0
CAGGTATAGGTTGCCC-1,1
CAGGTATCAACGACAG-1,7
CAGGTATCAGGTTTAC-1,4
CAGGTATGTATTTCGG-1,9
CAGGTATTCATGTCAG-1,1
CAGTGCGAGAATCGAT-1,4
CAGTGCGAGTTACTCG-1,12
CAGTGCGCACATATCG-1,4
CAGTGCGGTGTCTTAG-1,4
CAGTGCGGTTCCTTGC-1,7
CAGTGCGTCCAGTACA-1,3
CAGTGCGTCCGAGAAG-1,4
CAGTTAGAGAAGGCTC-1,7
CAGTTAGAGCTACAAA-1,6
CAGTTAGCACAGCCAC-1,12
CAGTTAGCATAACGGG-1,3
CAGTTAGGTCCTGGGT-1,9
CAGTTCCAGCGATGCA-1,4
CAGTTCCAGTCGCCAC-1,6
CAGTTCCGTGGGTATG-1,0
CAGTTCCGTTGAAGTA-1,6
CAGTTCCTCAGGTGTT-1,8
CAGTTCCTCCTGTAAG-1,5
CAGTTCCTCGGTGAAG-1,5
CATAAGCAGCGCTGAA-1,17
CATAAGCCATGACGGA-1,9
CATAAGCGTAACTTCG-1,7
CATAAGCGTAGGGTAC-1,3
CATACAGAGAGAGGGC-1,3
CATACAGAGCGACCCT-1,16
CATACAGAGTTCATCG-1,13
CATACAGCAATTGCAC-1,6
CATACAGGTACAGTAA-1,3
CATACAGGTGGCCCAT-1,9
CATACAGGTTTGAACC-1,2
CATACCCGTGTGCTTA-1,10
CATACTTCACAAGGTG-1,7
CATACTTCACTCTAGA-1,14
CATACTTGTGGCGCTT-1,4
CATAGACAGTATCTGC-1,15
CATAGACCACCGGAAA-1,5
CATAGACCAGGCATTT-1,19
CATAGACCATAAGCAA-1,11
CATAGACCATCATCCC-1,3
CATAGACCATCATCTT-1,13
CATAGACTCTGTAAGC-1,3
CATCAAGAGGAGAGGC-1,1
CATCAAGAGTTCGCAT-1,13
CATCAAGGTATCGATC-1,16
CATCAAGTCGTGCATA-1,3
CATCCACAGCAACAGC-1,3
CATCCACCAGGCAATG-1,9
CATCCACTCGCCGTGA-1,0
CATCCACTCGCGATCG-1,18
CATCCCAAGGCCTGCT-1,0
CATCCCACAGTCTGGC-1,8
CATCCCACATAACGGG-1,3
CATCCCAGTCATCTAG-1,4
CATCCCAGTTTACACG-1,0
CATCCCATCTCTGGTC-1,1
CATCCGTCAAGCCATT-1,9
CATCCGTCATTGTGCA-1,13
CATCCGTGTATCGATC-1,0
CATCCGTGTCGAAGCA-1,11
CATCCGTGTGTACATC-1,4
CATCCGTTCGCCAACG-1,17
CATCGCTAGCTTTGTG-1,16
CATCGCTCACGTTGGC-1,13
CATCGCTGTATGAGAT-1,0
CATCGCTTCGCAGTGC-1,2
CATCGCTTCGTAGAGG-1,13
CATCGGGAGCCTGTGC-1,6
CATCGGGCAAATACGA-1,10
CATCGGGCAGCATTGT-1,9
CATCGGGTCAGGACAG-1,10
CATCGGGTCCCTCGAT-1,8
CATCGGGTCCTCTCGA-1,5
CATCGGGTCTCGTCAC-1,10
CATCGTCGTACGATTC-1,14
CATCGTCGTAGCTTTG-1,4
CATCGTCTCGGTTCAA-1,7
CATGAGTAGCACCAGA-1,19
CATGAGTAGCTAATCC-1,9
CATGAGTAGTCTGGTT-1,5
CATGAGTCACTTGTGA-1,15
CATGAGTCATGTTACG-1,13
CATGAGTGTTATTCCT-1,5
CATGAGTTCCCATACC-1,1
CATGAGTTCGACATAC-1,17
CATGAGTTCTCAAAGC-1,7
CATGCAAAGGTGGTTG-1,15
CATGCAACACACAGCC-1,14
CATGCAAGTATGCTAC-1,3
CATGCAAGTCTGTCCT-1,18
CATGCAAGTGAGTCAG-1,13
CATGCAAGTTTACCAG-1,5
CATGCAATCCCAGGAC-1,12
CATGCAATCCTTACCG-1,0
CATGCAATCGTAGAGG-1,15
CATGCCTAGACGCTCC-1,6
CATGCCTAGCTAATGA-1,9
CATGCCTCACTCACTC-1,12
CATGCCTTCTAGACCA-1,11
CATGCGGAGAGGATCC-1,1
CATGCGGAGTATGCAA-1,1
CATGCGGCAAAGCTAA-1,17
CATGCGGGTCACCTTC-1,3
CATGCGGGTCACTTCC-1,10
CATGCGGGTGCATGTT-1,13
CATGCGGGTGGTCTCG-1,8
CATGCGGTCGTTGCCT-1,4
CATGCTCAGCAGCACA-1,12
CATGCTCAGCTACTAC-1,5
CATGCTCAGGAAGTCC-1,10
CATGCTCCACAGTATC-1,3
CATGCTCCAGCTGGTC-1,8
CATGCTCCATAGCACT-1,3
CATGCTCCATTCACAG-1,15
CATGCTCTCGACCATA-1,4
CATGCTCTCGTGCTCT-1,10
CATGGATAGGCCTTGC-1,0
CATGGATAGTGCAACG-1,1
CATGGATCAGGTTCCG-1,4
CATGGATGTTCTTAGG-1,0
CATGGATGTTTACGAC-1,8
CATGGATTCCGCGAGT-1,13
CATGGATTCGGCTGGT-1,4
CATGGATTCGTAACCA-1,19
CATGGTACAGCCGGTT-1,13
CATGGTACAGCTTCGG-1,7
CATGGTAGTCCACAGC-1,6
CATGGTAGTCGAAACG-1,7
CATGGTATCACCGGTG-1,4
CATGGTATCACCTGTC-1,2
CATGGTATCAGACATC-1,2
CATGGTATCCACCTCA-1,5
CATTCATAGTTTGAGA-1,8
CATTCATCAATTCTCT-1,14
CATTCATGTAGAGCTG-1,8
CATTCATTCGCTGACG-1,9
CATTCATTCTCCGTGT-1,9
CATTCCGAGCTGTGCC-1,14
CATTCCGCAAGACAAT-1,6
CATTCCGCAATTCGTG-1,7
CATTCCGCAGGTTCCG-1,3
CATTCCGGTACAGGTG-1,10
CATTCCGGTCAGATTC-1,9
CATTCCGGTTTGTTCT-1,2
CATTCCGTCATTTACC-1,0
CATTCCGTCCACATAG-1,3
CATTCCGTCGCGTCGA-1,0
CATTCCGTCTAAACGC-1,5
CATTCTAAGACGCCAA-1,6
CATTCTAAGGTGAGAA-1,15
CATTCTAGTCTCCCTA-1,8
CATTCTATCAGACTGT-1,3
CATTCTATCCGTGGTG-1,7
CATTCTATCCTTACCG-1,13
CATTGAGAGCCTTTGA-1,2
CATTGAGGTGTTCATG-1,0
CATTGAGGTGTTCCAA-1,4
CATTGAGGTTCGGTCG-1,9
CATTGAGTCCGTATAG-1,17
CATTGAGTCCTCACTG-1,8
CATTGAGTCTCGGTAA-1,0
CATTGAGTCTCTCCGA-1,1
CATTGCCAGAAGCCTG-1,16
CATTGCCAGATAGTGT-1,4
CATTGCCAGCAATAGT-1,0
CATTGCCAGTGCAGCA-1,12
CATTGCCCAGAGAAAG-1,13
CATTGCCTCCCAGGCA-1,14
CATTGTTAGTCTCTGA-1,0
CATTGTTCAGGTGGAT-1,5
CATTGTTCATGTGGTT-1,6
CATTGTTTCTACGCAA-1,5
CATTTCAAGCGTTAGG-1,2
CATTTCAAGGGATCGT-1,12
CATTTCAAGTTTCAGC-1,9
CATTTCACACCTTCCA-1,17
CATTTCACAGTGCGCT-1,14
CATTTCAGTACATTGC-1,6
CATTTCAGTAGGTAGC-1,1
CATTTCAGTGATGTAA-1,17
CATTTCAGTGTTATCG-1,12
CCAAGCGAGGTCACCC-1,10
CCAAGCGCAATCGCGC-1,11
CCAAGCGCACAAAGTA-1,1
CCAAGCGGTAGACGGT-1,18
CCAATGAAGCAAATCA-1,2
CCAATGACATGAGGGT-1,3
CCAATGAGTAGCGTCC-1,7
CCAATGATCCTCTTTC-1,12
CCAATTTAGCATCCCG-1,14
CCAATTTCAGGTGAGT-1,14
CCAATTTCAGTATGAA-1,8
CCAATTTGTCTGGTTA-1,1
CCAATTTGTGAGGAAA-1,0
CCAATTTTCACTAGCA-1,16
CCACAAAAGACATAAC-1,0
CCACAAAAGACGCATG-1,1
CCACAAAAGATGTTAG-1,12
CCACAAAAGCAATAGT-1,4
CCACAAACATAGGTTC-1,2
CCACAAAGTGATGAAT-1,1
CCACAAAGTTCGTGCG-1,2
CCACACTCAATAACGA-1,8
CCACACTCACAGCCAC-1,5
CCACACTGTATCTTCT-1,14
CCACACTGTGATACCT-1,17
CCACACTGTGGCGTAA-1,16
CCACACTGTTTCCAAG-1,2
CCACACTTCCCAGGCA-1,8
CCACCATAGAGCCCAA-1,10
CCACCATAGGAATCGC-1,2
CCACCATAGGTAACTA-1,14
CCACCATAGTGATCGG-1,4
CCACCATAGTGCCTCG-1,7
CCACCATTCTCTGACC-1,4
CCACCATTCTTTCTAG-1,10
CCACGAGAGCGATTCT-1,8
CCACGAGCAGACGATG-1,5
CCACGAGGTAGAATGT-1,9
CCACGAGGTGATCGTT-1,6
CCACGAGTCGCGATCG-1,7
CCACGTTCAACCGATT-1,9
CCACGTTCATGGCTGC-1,15
CCACGTTCATTCTCCG-1,13
CCACGTTGTCTCGGGT-1,19
CCACGTTGTTGACTGT-1,15
CCACTTGAGTGGACGT-1,3
CCACTTGCAACTCCCT-1,8
CCACTTGCACGTCGTG-1,8
CCACTTGGTAGGGTAC-1,1
CCACTTGGTCAAGTTC-1,6
CCACTTGGTGTGTCCG-1,7
CCACTTGTCGCCGATG-1,9
CCACTTGTCGTGCGAC-1,7
CCATAAGAGACGTCGA-1,8
CCATAAGAGCCACTCG-1,5
CCATAAGCATCGAGCC-1,16
CCATAAGCATCGCCTT-1,8
CCATAAGGTCGAAGCA-1,15
CCATAAGGTGACAGCA-1,16
CCATAAGGTTGTCATG-1,0
CCATCACCACTGAATC-1,1
CCATCACCATGGAACG-1,13
CCATCACGTCGCCACA-1,1
CCATCACGTTCGCGTG-1,7
CCATCACGTTCTAACG-1,9
CCATCACTCAAGCGTT-1,1
CCATCACTCAAGGCTT-1,10
CCCAACTCACGCTTAA-1,4
CCCAACTGTAAGTTGA-1,1
CCCAACTTCCTGGCTT-1,14
CCCAACTTCGGCATTA-1,12
CCCATTGAGCACAAAT-1,1
CCCATTGAGCCTTTGA-1,1
CCCATTGCATCAGCAT-1,12
CCCATTGCATCCTATT-1,6
CCCATTGCATTCACCC-1,2
CCCATTGGTAGTCGGA-1,18
CCCATTGGTGGAACAC-1,13
CCCATTGTCAGACAAA-1,12
CCCATTGTCAGCTTCC-1,1
CCCATTGTCATCTACT-1,10
CCCATTGTCCGGTAGC-1,3
CCCGAAGAGAAGTCTA-1,11
CCCGAAGAGCGAGAAA-1,3
CCCGAAGCATTCACCC-1,5
CCCGAAGTCAGCTGAT-1,5
CCCGAAGTCGTACCTC-1,15
CCCGGAAAGCGAATGC-1,0
CCCGGAAAGGTGAGAA-1,2
CCCGGAAGTCACGTGC-1,18
CCCGGAATCCAATGCA-1,1
CCCTAACAGAAACCAT-1,5
CCCTAACAGACGGATC-1,10
CCCTAACAGCAGGCAT-1,15
CCCTAACAGTATCCTG-1,5
CCCTAACCAACGCCCA-1,4
CCCTCAAAGGCACAAC-1,18
CCCTCAAGTTCCGTTC-1,0
CCCTCAATCTCATGGA-1,5
CCCTCTCAGAAACTCA-1,3
CCCTCTCCACAAACGG-1,9
CCCTCTCCACAGTCAT-1,12
CCCTCTCCACTGCGAC-1,2
CCCTCTCGTGGGTTGA-1,10
CCCTCTCGTTTCGTTT-1,14
CCCTGATAGATAACAC-1,11
CCCTGATCACAATTCG-1,0
CCCTGATCAGAAATTG-1,1
CCCTGATGTAGCTGTT-1,15
CCCTTAGAGCCTGTCG-1,13
CCCTTAGCAACTGGTT-1,19
CCCTTAGCATATGAAG-1,5
CCCTTAGCATCAGCTA-1,13
CCCTTAGGTCGATGCC-1,16
CCCTTAGTCAACTGGT-1,8
CCCTTAGTCCTGTACC-1,1
CCCTTAGTCGCAGTGC-1,2
CCGAACGAGACATAAC-1,0
CCGAACGAGATCGGTG-1,1
CCGAACGAGATTGATG-1,0
CCGAACGGTACGACAG-1,9
CCGAACGGTAGCGTTT-1,12
CCGAACGGTCAAAGCG-1,15
CCGAACGGTCGCGTCA-1,1
CCGAACGGTGCAGGAT-1,3
CCGAACGTCCTAAACG-1,9
CCGAACGTCGCAGAGA-1,0
CCGATCTCAGATTCGT-1,0
CCGATCTGTAGTCTGT-1,7
CCGATCTTCCACAGGC-1,10
CCGATCTTCTTACTGT-1,0
CCGATGGAGATGAATC-1,17
CCGATGGCAGTAGTTC-1,0
CCGATGGTCTGCACCT-1,7
CCGCAAGAGCGACATG-1,0
CCGCAAGAGGATGAGA-1,13
CCGCAAGCAATTGAAG-1,0
CCGCAAGGTGACAGCA-1,7
CCGCAAGTCAGGTAAA-1,1
CCGGACAAGCACTCGC-1,7
CCGGACAAGGGTGAGG-1,4
CCGGACACAGTCGGTC-1,12
CCGGACAGTTCCTAGA-1,14
CCGGACATCATCGACA-1,5
CCGGACATCGTTAGAC-1,5
CCGGGTAAGATAACGT-1,5
CCGGGTAAGTGCAGGT-1,18
CCGGGTAGTACAGGTG-1,4
CCGGGTAGTCCACACG-1,8
CCGGTAGAGGTTACCT-1,8
CCGGTAGCACTTTATC-1,18
CCGGTAGCAGCTGTAT-1,16
CCGGTAGGTGGATCAG-1,11
CCGGTGAAGAAGTCAT-1,9
CCGGTGAAGTGGTCAG-1,1
CCGGTGAGTCCCTGAG-1,5
CCGGTGAGTCGATGCC-1,10
CCGGTGATCCAATCCC-1,9
CCGGTGATCCATCCGT-1,1
CCGTAGGAGACCCTTA-1,0
CCGTAGGAGGGCCTCT-1,16
CCGTAGGAGTCAACAA-1,14
CCGTAGGCACTAGTAC-1,9
CCGTAGGCAGCGATTT-1,5
CCGTAGGGTAGCTGTT-1,11
CCGTAGGGTCTGCGCA-1,4
CCGTAGGGTTCAATCG-1,7
CCGTAGGGTTCTTGTT-1,4
CCGTAGGTCATAGGCT-1,1
CCGTGAGAGTAACCGG-1,19
CCGTGAGAGTTTAGGA-1,2
CCGTGAGCACAAGCTT-1,15
CCGTGAGGTCCTGTCT-1,0
CCGTGAGTCAACCTCC-1,15
CCGTGAGTCCGTGTGG-1,15
CCGTGAGTCTGATTCT-1,3
CCGTTCACAAGGGTCA-1,4
CCGTTCACACCGTGGT-1,10
CCGTTCACACGGTAGA-1,13
CCGTTCACAGAATCGG-1,1
CCGTTCACAGCGGATA-1,10
CCGTTCATCGTAACAC-1,13
CCTAACCAGACGGAAA-1,2
CCTAACCCAAATCGTC-1,5
CCTAACCCAGATCCAT-1,14
CCTAACCGTACTTCCC-1,5
CCTAACCGTCAAATCC-1,12
CCTAACCGTGTATCCA-1,1
CCTAACCGTTCAAGTC-1,14
CCTAAGAAGCGAGGAG-1,1
CCTAAGAAGTCGAAGC-1,0
CCTAAGACAGATACTC-1,4
CCTAAGACATGACCCG-1,11
CCTAAGAGTACCAATC-1,17
CCTAAGATCTGGGCGT-1,1
CCTACGTAGAAACTCA-1,1
CCTACGTCAGAGCCCT-1,4
CCTACGTCAGCTATTG-1,13
CCTACGTTCACTGTCC-1,13
CCTACGTTCGCTCATC-1,12
CCTATCGCACTGGCCA-1,11
CCTATCGGTGCATTAC-1,10
CCTATCGGTTCGCGTG-1,3
CCTATCGTCGAGATAA-1,12
CCTATCGTCGTGTCAA-1,3
CCTCAACAGAAGCGGG-1,6
CCTCAACAGCGGTAGT-1,4
CCTCAACAGTCTGGAG-1,11
CCTCAACAGTGACCTT-1,19
CCTCAACCACATCATG-1,6
CCTCAACGTCAAACGG-1,0
CCTCAACGTCCGGACT-1,6
CCTCAACGTTACGTAC-1,16
CCTCAACGTTTCGTAG-1,9
CCTCAACTCCTGGGAC-1,1
CCTCACAAGAAATGGG-1,13
CCTCACAAGCCACTCG-1,0
CCTCACAAGCGTGTTT-1,17
CCTCACAAGCTTACGT-1,2
CCTCACACAATTGAAG-1,5
CCTCACACAGACCGCT-1,15
CCTCACACATGTCTAG-1,8
CCTCACATCCTTCTAA-1,5
CCTCAGTAGAAGTCAT-1,18
CCTCAGTAGACGACTG-1,0
CCTCAGTAGTTTCGAC-1,7
CCTCAGTGTAAGGCTG-1,10
CCTCAGTGTAGCACAG-1,14
CCTCATGAGAACCGCA-1,7
CCTCATGAGGCAGCTA-1,3
CCTCATGCAACACTAC-1,18
CCTCATGCACCTGCGA-1,2
CCTCATGCATGAATAG-1,8
CCTCCAAAGGCCTAAG-1,1
CCTCCAAAGGTTAAAC-1,18
CCTCCAAGTCGCATTA-1,2
CCTCCAAGTTACCTTT-1,10
CCTCCAATCACAAGGG-1,18
CCTCCTCAGATTGTGA-1,1
CCTCCTCAGTCATAGA-1,14
CCTCCTCGTAGAAACT-1,10
CCTCCTCGTCCGACGT-1,18
CCTCCTCGTGCACGCT-1,5
CCTCCTCTCCATCTCG-1,18
CCTCTAGGTGCATACT-1,7
CCTCTAGTCTCGGTAA-1,18
CCTCTAGTCTGCTTAT-1,8
CCTCTAGTCTGGCTGG-1,12
CCTCTCCAGCCTCATA-1,3
CCTCTCCAGTGTTCAC-1,10
CCTCTCCAGTTCGCAT-1,18
CCTCTCCCACTGTGAT-1,7
CCTCTCCGTAACGCGA-1,1
CCTCTCCGTATGCAAA-1,13
CCTCTCCTCCCATAAG-1,3
CCTCTCCTCCCTCTCC-1,17
CCTCTCCTCGCTGCGA-1,7
CCTGCATCAGAAACCG-1,4
CCTGCATCAGACCCGT-1,3
CCTGCATGTTCCACGG-1,3
CCTGCATTCGCTTGCT-1,16
CCTGCATTCTACTATC-1,11
CCTGTTGGTCGATGCC-1,3
CCTGTTGGTTGCCGCA-1,1
CCTGTTGTCACCCATC-1,12
CCTGTTGTCGTTCGCT-1,0
CCTTCAGAGAAATCCA-1,4
CCTTCAGAGCATGGGT-1,1
CCTTCAGGTCATTCCC-1,5
CCTTCAGTCAGTCCGG-1,19
CCTTCAGTCATTTGGG-1,10
CCTTCAGTCCTTGGAA-1,14
CCTTCAGTCGCAGAGA-1,9
CCTTGTGAGAGGTATT-1,10
CCTTGTGAGCTGGCTC-1,15
CCTTGTGCAATGTTGC-1,2
CCTTGTGGTCGGAACA-1,1
CCTTGTGTCGTGTTCC-1,0
CCTTTGGAGAGATTCA-1,12
CCTTTGGAGCTGACCC-1,1
CCTTTGGCAGCGAGTA-1,0
CCTTTGGGTACTAAGA-1,12
CCTTTGGGTCTCAAGT-1,2
CCTTTGGGTCTGTAAC-1,2
CGAAGGAAGACTCGAG-1,4
CGAAGGAAGAGTTGCG-1,14
CGAAGGAAGATGTTGA-1,4
CGAAGGAAGGTCATTC-1,7
CGAAGGACATACCGTA-1,16
CGAAGGACATTGCCGG-1,1
CGAAGGAGTATCTTCT-1,2
CGAAGGAGTCAGCGTC-1,1
CGAAGGAGTGAATAAC-1,9
CGAAGGAGTGTATTCG-1,2
CGAAGTTAGCCGTTGC-1,9
CGAAGTTAGCGCTTCG-1,12
CGAAGTTAGGCTCTCG-1,14
CGAAGTTAGGTTATAG-1,0
CGAAGTTCACCCTCTA-1,6
CGAAGTTCATCCTATT-1,8
CGAATTGAGCACAAAT-1,13
CGAATTGAGTAGCATA-1,11
CGAATTGGTCAAACGG-1,6
CGAATTGGTGACGTCC-1,3
CGAATTGTCGAGTTGT-1,1
CGACAGCAGAACTTCC-1,9
CGACAGCAGTGGTTCT-1,7
CGACAGCGTAGGTGCA-1,17
CGACAGCGTCCGACGT-1,0
CGACAGCTCGATACTG-1,8
CGAGAAGCAGCGAGTA-1,9
CGAGAAGCAGGCCTGT-1,11
CGAGAAGGTACACGCC-1,7
CGAGAAGGTCGACTTA-1,12
CGAGGAACAACCGACC-1,0
CGAGGAAGTGACTCTA-1,0
CGAGGAAGTGTTACAC-1,7
CGAGGAATCGCGCTGA-1,4
CGAGGCTCAAGGTCAG-1,9
CGAGGCTCACCGTCTT-1,5
CGAGGCTCATGTTTGG-1,9
CGAGGCTTCATGCTAG-1,0
CGAGGCTTCTACGGTA-1,0
CGAGTGCAGACAGTCG-1,7
CGAGTGCCAAGTCATC-1,7
CGAGTGCCAGCAGTGA-1,7
CGAGTGCCAGTAACGG-1,2
CGAGTGCGTAAGCAAT-1,18
CGAGTGCGTTCTAACG-1,15
CGAGTGCTCAGCTTCC-1,16
CGAGTGCTCGTCCATC-1,17
CGAGTGCTCTACTCAT-1,12
CGAGTTAAGCGGTATG-1,4
CGAGTTACAACGGCCT-1,6
CGAGTTACAAGCAATA-1,2
CGAGTTAGTCTAACGT-1,2
CGAGTTATCTCTAGGA-1,7
CGATCGGAGCTCGAAG-1,19
CGATCGGTCGGCTGAC-1,4
CGATGCGAGAAACACT-1,2
CGATGCGAGACCAACG-1,3
CGATGCGAGCTTCATG-1,6
CGATGCGAGTCAGCGA-1,0
CGATGCGAGTCTGGAG-1,8
CGATGCGCAATCTAGC-1,5
CGATGCGCAGTGTGCC-1,14
CGATGCGCATAGGTTC-1,15
CGATGCGCATCGCTGG-1,0
CGATGCGGTGCCTGCA-1,3
CGATGCGTCTAACGGT-1,19
CGATGCGTCTGGGAGA-1,3
CGATGGCAGGTAGTAT-1,10
CGATGGCCAAATCAGA-1,3
CGATGGCCATCCTCAC-1,6
CGATGGCTCGACGCGT-1,1
CGCAGGTAGGATATAC-1,1
CGCAGGTGTCGCATGC-1,3
CGCAGGTGTGGTCTGC-1,15
CGCAGGTGTTCTCAGA-1,9
CGCAGGTTCACTGAAC-1,13
CGCATAAGTAGCGTCC-1,2
CGCATGGCAAGACGGT-1,5
CGCATGGCACCAGGTC-1,9
CGCATGGCACCTTCCA-1,11
CGCATGGGTCGTATTG-1,1
CGCATGGGTGCCCTTT-1,8
CGCATGGGTTCGTTCC-1,5
CGCCAGAAGCGCATCC-1,0
CGCCAGAAGTCGCTAT-1,11
CGCCAGACAACACGTT-1,0
CGCCAGACACGACAGA-1,15
CGCCAGAGTCATCTAG-1,6
CGCCAGATCTGCATGA-1,2
CGCCATTCAGTTACCA-1,5
CGCCATTGTGTAGTGG-1,18
CGCCATTTCGCCTATC-1,3
CGCGTGAAGCTGCGAA-1,16
CGCGTGAAGGTGCTGA-1,15
CGCGTGAAGTAACCTC-1,0
CGCGTGAAGTCACGCC-1,10
CGCGTGAGTTTACTGG-1,2
CGGAACCAGAGGTTAT-1,8
CGGAACCAGCAAGCCA-1,6
CGGAACCCAGCGAGTA-1,2
CGGAACCTCAAAGGAT-1,0
CGGAACCTCGATTTCT-1,8
CGGAATTAGGCCACTC-1,8
CGGAATTAGTCTTGGT-1,13
CGGAATTCAAGGTCTT-1,7
CGGAATTCACTTCAAG-1,4
CGGAATTCAGAAGTTA-1,3
CGGAATTGTCCTGGGT-1,3
CGGAATTGTCGACTGC-1,13
CGGAATTGTGAGACCA-1,15
CGGAATTGTTATGGTC-1,4
CGGAATTTCGTTCGCT-1,1
CGGAATTTCTTCTCAA-1,1
CGGACACGTGGATTTC-1,13
CGGACACTCTAGCCTC-1,10
CGGAGAAAGAAGCGGG-1,1
CGGAGAAAGAGAGGTA-1,5
CGGAGAAAGTACGAGC-1,15
CGGAGAACATCACAGT-1,6
CGGAGAACATGTGCTA-1,2
CGGAGAATCTCAACCC-1,4
CGGCAGTAGCACTAAA-1,4
CGGCAGTAGGGTCAAC-1,16
CGGCAGTCACTCCGGA-1,2
CGGCAGTCATTCACCC-1,3
CGGCAGTGTTTACGAC-1,16
CGGCAGTTCAGTCTTT-1,8
CGGCAGTTCCTACCGT-1,19
CGGGACTAGCATCCTA-1,7
CGGGACTAGCTGTTAC-1,8
CGGGACTCAAGTGCAG-1,4
CGGGACTGTTCGGTAT-1,18
CGGGACTTCCCGGTAG-1,4
CGGGACTTCCCGTTGT-1,14
CGGGCATCATGATGCT-1,0
CGGGCATGTATTGACC-1,0
CGGGCATGTGGACTGA-1,11
CGGGCATGTTCTCAGA-1,9
CGGGCATTCCAAGCAT-1,14
CGGGCATTCCGAGGCT-1,13
CGGGTCAAGCGCCATC-1,3
CGGGTCAAGTCTGCAT-1,19
CGGGTCAAGTGCAGGT-1,6
CGGGTCACAAGCGAAC-1,10
CGGGTCACAGAGGACT-1,5
CGGGTCAGTTCAATCG-1,0
CGGGTCATCACGGACC-1,13
CGGGTGTAGAACCGCA-1,5
CGGGTGTAGGTAGATT-1,4
CGGGTGTCAGACATCT-1,3
CGGGTGTCAGTTAAAG-1,4
CGGTCAGAGCTGACCC-1,5
CGGTCAGCACAAGCCC-1,12
CGGTCAGCACACCTTC-1,15
CGGTCAGTCATGAGAA-1,12
CGTAAGTAGCTGAAAT-1,4
CGTAATGTCAACGCTA-1,2
CGTAATGTCACTGCTC-1,9
CGTAGTAAGACATCCT-1,6
CGTAGTAAGCTGTTAC-1,13
CGTAGTAAGTAGGATT-1,11
CGTAGTACAGAGATTA-1,0
CGTAGTACAGCTGCCA-1,5
CGTAGTAGTGCATTAC-1,6
CGTAGTATCAATCCAG-1,4
CGTAGTATCTCCTGAC-1,10
CGTAGTATCTCGACGG-1,6
CGTCAAAAGCAAGCCA-1,11
CGTCAAAAGCCGTCGT-1,8
CGTCAAAAGCCTCTGG-1,10
CGTCAAAAGCTCGGCT-1,4
CGTCAAAGTCGTGCCA-1,10
CGTCAAAGTGAATATG-1,14
CGTCAAAGTTAGGAGC-1,3
CGTCAAATCCTATGGA-1,7
CGTCCATAGCTGACCC-1,15
CGTCCATCAGAGCTAG-1,4
CGTCCATCAGCGATTT-1,12
CGTCCATTCTTCCCAG-1,13
CGTGAATAGCGTCAAG-1,9
CGTGAATCAACTGGTT-1,9
CGTGAATCACGCTGTG-1,2
CGTGAATGTACAAAGT-1,19
CGTGAATGTGTGAATA-1,0
CGTGATAAGGCCTGCT-1,1
CGTGATACAACGCCCA-1,2
CGTGATAGTAGCGTAG-1,10
CGTGATAGTCAACACT-1,11
CGTGATAGTCTTTCTA-1,11
CGTGATAGTGTCATTG-1,0
CGTGATAGTTTACGAC-1,18
CGTGATATCAGTGGGA-1,7
CGTGATATCCAGCCTT-1,19
CGTGATATCTAAACGC-1,1
CGTGCTTAGCAATAAC-1,2
CGTGCTTAGCTCCGAC-1,16
CGTGCTTCAAGACGAC-1,18
CGTGCTTCACCAAAGG-1,6
CGTGCTTCAGAGTTCT-1,9
CGTGCTTCAGCGAACA-1,4
CGTGCTTCAGGTGTGA-1,9
CGTGCTTGTGACAGGT-1,14
CGTGCTTGTTTACACG-1,5
CGTGCTTTCCTGTAGA-1,19
CGTGTCTAGATCGGTG-1,4
CGTGTCTAGCTTCGTA-1,5
CGTGTCTCAGTGTGCC-1,0
CGTGTCTTCAAAGGAT-1,8
CGTGTCTTCAAATGAG-1,4
CGTTAGACACTGAATC-1,9
CGTTAGAGTAAGGCCA-1,12
CGTTAGAGTTTGAACC-1,9
CGTTAGATCACCTGGG-1,3
CGTTAGATCTATGCCC-1,0
CGTTCTGCACACCTGG-1,2
CGTTCTGTCAGCGTCG-1,8
CGTTCTGTCGGCAGTC-1,0
CGTTGGGAGCCGATAG-1,12
CGTTGGGAGTCTCGTA-1,7
CGTTGGGAGTGGATTA-1,8
CGTTGGGAGTGTCATC-1,5
CGTTGGGCAATGAACA-1,2
CGTTGGGTCAGACTGT-1,13
CGTTGGGTCCGTAGTA-1,9
CTAACCCAGAGTCAGC-1,10
CTAACCCAGATTGGGC-1,12
CTAACCCAGCCATTTG-1,14
CTAACCCCACCTTCCA-1,0
CTAACCCGTCACGTGC-1,18
CTAACCCTCATTCTTG-1,0
CTAACCCTCGAGTGAG-1,1
CTAACTTAGAAGGATG-1,17
CTAACTTAGCTAAATG-1,13
CTAACTTAGCTCTATG-1,12
CTAACTTAGTAGAATC-1,9
CTAACTTCAAACGAGC-1,3
CTAACTTCATCCGCGA-1,1
CTAACTTGTACAGTTC-1,5
CTAACTTTCAGGACAG-1,5
CTAAGTGAGTGCCTCG-1,1
CTAAGTGAGTTGGAGC-1,16
CTAAGTGCACTCCGAG-1,16
CTAAGTGCACTGTCCT-1,3
CTAAGTGGTACAATAG-1,3
CTAAGTGGTCTCTCCA-1,3
CTAAGTGGTGATTCTG-1,13
CTAAGTGTCGGTTCAA-1,1
CTACAGAAGAGCAACC-1,6
CTACAGAAGGGCTGAT-1,5
CTACAGAAGTATTGCC-1,16
CTACAGACACTCCACT-1,1
CTACAGAGTACCTAAC-1,2
CTACAGAGTACTGCCG-1,7
CTACAGAGTAGCTCGC-1,7
CTACAGAGTATGGGAC-1,0
CTACAGAGTTAAGGAT-1,0
CTACAGATCGCAATTG-1,10
CTACATTAGACCAAGC-1,10
CTACATTAGTGCACAG-1,10
CTACATTCAGCAGTCC-1,9
CTACCCACACTTCAGA-1,14
CTACCCAGTCTGTGGC-1,13
CTACCCAGTTGACGGA-1,9
CTACCCATCTATCGTT-1,5
CTACCCATCTGTGCGG-1,13
CTACCTGAGGTGATCG-1,10
CTACCTGGTCGCTTAA-1,17
CTACCTGGTCGGAACA-1,17
CTACCTGGTGTCCATA-1,8
CTACCTGTCTTCTAAC-1,2
CTACGGGAGCCGTTGC-1,7
CTACGGGAGCGTGAGT-1,5
CTACGGGAGTGTTGTC-1,5
CTACGGGCAGGATTCT-1,11
CTACGGGGTGCCTACG-1,5
CTACGGGTCATTCCTA-1,11
CTACGGGTCCGCCTAT-1,9
CTACGGGTCTGGTCAA-1,3
CTACTATCAATATCCG-1,9
CTACTATTCAGACCTA-1,8
CTACTATTCATTACGG-1,11
CTAGACAAGATGCAGC-1,2
CTAGACAAGCCTATTG-1,10
CTAGACACAGCTCCTT-1,4
CTAGACACAGTCGGAA-1,4
CTAGACAGTGACCGTC-1,1
CTAGGTAAGTATAGGT-1,9
CTAGGTAAGTCTCTGA-1,13
CTAGGTAAGTCTGGTT-1,3
CTAGGTACATATCTGG-1,4
CTAGGTAGTACACTCA-1,0
CTAGGTAGTATGAAAC-1,19
CTAGGTATCCCGTTCA-1,2
CTAGGTATCGAATGCT-1,2
CTATAGGAGCACGATG-1,10
CTATAGGAGCGTGAGT-1,6
CTATAGGGTCTCTCAC-1,17
CTATAGGTCAGGTAAA-1,16
CTATAGGTCTCGGCTT-1,14
CTATAGGTCTGGACCG-1,12
CTATCCGAGACGACTG-1,8
CTATCCGAGGGTGAGG-1,0
CTATCCGAGTCGGGAT-1,10
CTATCCGGTCGATGCC-1,1
CTATCCGTCTCATGCC-1,18
CTATCCGTCTCTCAAT-1,6
CTATCTAAGGTTGACG-1,8
CTATCTAAGTAGACAT-1,15
CTATCTACATGGTACT-1,0
CTATCTATCCCGAGGT-1,11
CTATCTATCGTGCAGC-1,6
CTCAACCAGCAGGCAT-1,3
CTCAACCAGGGTACGT-1,13
CTCAACCCAATACCTG-1,14
CTCAACCCAGTCTGGC-1,12
CTCAACCGTCGTCTCT-1,10
CTCAACCGTGTCCAAT-1,7
CTCAACCGTTCAAGTC-1,2
CTCAACCTCTCCTACG-1,15
CTCAAGACAACAGCCC-1,7
CTCAAGACAACTTGCA-1,17
CTCAAGACACTTACAG-1,10
CTCAAGACAGGCGTTC-1,10
CTCAAGACAGTAGTGG-1,6
CTCAAGAGTCCAAAGG-1,6
CTCAAGATCGAGAACG-1,0
CTCAAGATCGTGGACC-1,13
CTCAAGATCTCTAAGG-1,9
CTCAATTCACATACGT-1,2
CTCAATTGTATCGTAC-1,3
CTCACTGAGATAACGT-1,10
CTCACTGCAGACCAGA-1,1
CTCACTGCATCCTATT-1,10
CTCACTGGTTAGTTCG-1,18
CTCACTGTCCACACCT-1,5
CTCACTGTCCCTGGTT-1,13
CTCACTGTCGATGCTA-1,6
CTCACTGTCTGCGAGC-1,5
CTCAGAAAGCGCTGAA-1,8
CTCAGAAAGGGCCAAT-1,18
CTCAGAACAATGTTGC-1,4
CTCAGAACAATTGCTG-1,7
CTCAGAATCTCACGAA-1,1
CTCAGGGAGAGAGCCT-1,2
CTCAGGGCATCATCCC-1,6
CTCAGGGTCGCATGAT-1,5
CTCAGTCAGTTGAATG-1,3
CTCAGTCAGTTGCCTA-1,4
CTCAGTCGTCCTACGG-1,1
CTCAGTCTCGACTCCT-1,12
CTCATCGAGCCATTTG-1,10
CTCATCGAGCGACCCT-1,11
CTCATCGAGGTGAGAA-1,10
CTCATCGCACACCAGC-1,8
CTCATCGCAGCACAGA-1,18
CTCATCGGTGCAACAG-1,4
CTCATCGTCCCATTCG-1,10
CTCATCGTCCTCAGGG-1,17
CTCATCGTCTGGAGAG-1,6
CTCATGCAGGCAATGC-1,9
CTCATGCAGTAAGCAT-1,0
CTCATGCAGTCCCAGC-1,10
CTCATGCAGTGCACCC-1,6
CTCATGCCATGACGAG-1,14
CTCATGCGTAACAGTA-1,10
CTCATGCGTCGTATGT-1,1
CTCATGCGTCTCCCTA-1,0
CTCATTAAGCCGTTAT-1,8
CTCATTATCTAGCAAC-1,3
CTCATTATCTCGACCT-1,8
CTCCAACAGTGGATTA-1,0
CTCCAACCACGACTAT-1,11
CTCCAACGTCATCGGC-1,12
CTCCAACTCTTTCAGT-1,4
CTCCACAAGACAAGCC-1,3
CTCCACAAGCACAAAT-1,0
CTCCACAAGGACTGGT-1,4
CTCCACAAGTACGAGC-1,5
CTCCACACAAGAATAC-1,11
CTCCACATCGGAAACG-1,17
CTCCATGAGCGACTAG-1,11
CTCCATGAGCGTCAAG-1,5
CTCCATGAGCGTGAAC-1,5
CTCCATGCACGACCTG-1,16
CTCCATGGTACTGCCG-1,4
CTCCATGGTTCGTAAC-1,15
CTCCCAAAGATACAGT-1,0
CTCCCAAAGGCAGGTT-1,12
CTCCCAACAACGTATC-1,1
CTCCCAACAGAGGTAC-1,8
CTCCCAACAGCGACAA-1,1
CTCCCAATCCCAACTC-1,7
CTCCCTCAGGAGATAG-1,16
CTCCCTCCACTTCTCG-1,19
CTCCCTCCAGTAACAA-1,13
CTCCCTCCATACAGGG-1,6
CTCCCTCGTACTCGTA-1,9
CTCCCTCGTGAGAGGG-1,6
CTCCCTCTCGGCTTCT-1,1
CTCCGATAGAATCGCG-1,0
CTCCGATCACGGTGAA-1,3
CTCCGATCACGTAGAG-1,3
CTCCGATGTAGTGCGA-1,12
CTCCGATGTTCGTAAC-1,5
CTCCGATGTTTGGAAA-1,5
CTCCTCCGTAGCACAG-1,6
CTCCTCCTCAAGTCTG-1,6
CTCCTCCTCATCACTT-1,2
CTCCTCCTCCCAACTC-1,0
CTCCTCCTCCTCTGCA-1,4
CTCCTTTTCGCCGAGT-1,7
CTCCTTTTCGGCTTGG-1,10
CTCGAGGTCCAGCTCT-1,12
CTCGAGGTCGCTTAAG-1,8
CTCGAGGTCTCGGTCT-1,17
CTCTCAGAGAGTTGAT-1,9
CTCTCAGCAAAGGCAC-1,0
CTCTCAGCAATCGCAT-1,2
CTCTCAGCAATTCGTG-1,13
CTCTCAGCATTGCCGG-1,7
CTCTCGACATTGAGGG-1,2
CTCTCGAGTAGAGGAA-1,12
CTCTCGAGTTTGTGGT-1,1
CTCTCGATCCACCTCA-1,0
CTCTGGTAGCATTGAA-1,6
CTCTGGTAGCGTCAAG-1,0
CTCTGGTTCGAAGCCC-1,17
CTCTGGTTCGGCTGAC-1,13
CTCTGGTTCTGACGCG-1,11
CTGAATGAGCTCCGAC-1,6
CTGAATGAGCTGAAAT-1,12
CTGAATGGTATGTGTC-1,0
CTGAATGGTCTTCCGT-1,1
CTGAATGTCATGGATC-1,3
CTGAGCGAGAACTTCC-1,5
CTGAGCGAGTCATGGG-1,10
CTGAGCGGTATGCGGA-1,8
CTGAGCGGTTAACCTG-1,12
CTGAGCGTCTCTCTAA-1,12
CTGAGGCAGACGCCCT-1,1
CTGAGGCAGAGAGCCT-1,15
CTGAGGCAGCCTCAAT-1,8
CTGAGGCGTAGCGTTT-1,1
CTGAGGCGTGATACCT-1,8
CTGAGGCGTTGGAGGT-1,10
CTGAGGCTCACCTCAC-1,3
CTGAGGCTCAGCCTTC-1,0
CTGAGGCTCCGCAACG-1,0
CTGAGGCTCCTTGGAA-1,9
CTGATCCAGTACAGCG-1,5
CTGATCCGTCGAAACG-1,8
CTGATCCTCTCCTGTG-1,2
CTGCAGGAGCTTAAGA-1,1
CTGCAGGCACAGCCAC-1,10
CTGCAGGGTAGTAAGT-1,8
CTGCAGGGTGACGCCT-1,14
CTGCAGGGTGTCGATT-1,1
CTGCAGGGTTGTTGCA-1,13
CTGCAGGTCACGAGGA-1,6
CTGCAGGTCATGCATG-1,17
CTGCAGGTCATTACTC-1,15
CTGCAGGTCGGCTGAC-1,19
CTGCAGGTCGGCTGGT-1,3
CTGCAGGTCGGTCGGT-1,6
CTGCAGGTCTCGTCGT-1,6
CTGCAGGTCTTACGTT-1,2
CTGCAGGTCTTCTAAC-1,3
CTGCAGGTCTTCTGGC-1,0
CTGCATCAGACCCTTA-1,16
CTGCATCAGGTATAGT-1,13
CTGCATCAGTGCACCC-1,0
CTGCATCCAAAGACTA-1,11
CTGCATCCAAGAAACT-1,5
CTGCATCGTAGTTAGA-1,9
CTGCATCGTCCAACGC-1,11
CTGCATCGTGCAACGA-1,6
CTGCATCTCCCTCGAT-1,7
CTGCATCTCGGATTAC-1,5
CTGCATCTCGTCCTCA-1,6
CTGCATCTCTGAGCAT-1,0
CTGCATCTCTGTAACG-1,7
CTGCATCTCTGTCCGT-1,1
CTGCCATCAAGTGGTG-1,10
CTGCCATTCTCCTACG-1,14
CTGCCATTCTGACGCG-1,2
CTGCCTAAGTGCACTT-1,11
CTGCCTACAAATGAGT-1,11
CTGCCTAGTATCACGT-1,7
CTGCCTAGTTGGCCTG-1,19
CTGCGAGGTATCGAAA-1,9
CTGCGAGGTTCTCTAT-1,0
CTGCGAGTCTAACACG-1,1
CTGCTCAAGAGATCGC-1,14
CTGCTCAAGAGGATCC-1,10
CTGCTCAAGGTCACTT-1,7
CTGGACGAGCATGATA-1,16
CTGGACGCAGTCCGTG-1,19
CTGGACGGTCTGTCCT-1,17
CTGGACGTCATCCTGC-1,9
CTGGACGTCCAACCGG-1,2
CTGGACGTCCATTTAC-1,10
CTGGACGTCGCGATCG-1,5
CTGGACGTCTTGGTGA-1,7
CTGGCAGAGTATGGCG-1,0
CTGGCAGCAAATGGAT-1,14
CTGGCAGTCGATTGGT-1,14
CTGGTCTAGCAGCCTC-1,5
CTGGTCTAGCCAGACA-1,1
CTGGTCTAGGCGTTGA-1,0
CTGGTCTAGTTAACAG-1,6
CTGGTCTGTTGTCATG-1,0
CTGGTCTTCGTCGATA-1,18
CTGTACCAGTAGGGTC-1,1
CTGTACCCAGAGGTTG-1,13
CTGTACCGTCGGCACT-1,0
CTGTACCGTTGCCATA-1,8
CTGTACCTCATGGTAC-1,11
CTGTACCTCCTGCTAC-1,6
CTGTACCTCCTGTTGC-1,19
CTGTACCTCCTTCTGG-1,2
CTGTACCTCGAGTCCG-1,4
CTGTAGAGTCACGACC-1,12
CTGTAGATCTCGTTTA-1,7
CTGTAGATCTGCGGAC-1,3
CTGTCGTAGTTGGGAC-1,0
CTGTCGTCAAAGACGC-1,2
CTGTCGTCAATTGCGT-1,7
CTGTCGTGTCGCAGTC-1,9
CTGTCGTGTGTCCATA-1,6
CTGTGAAAGGTTATAG-1,2
CTGTGAACAAATTGGA-1,14
CTGTGAACACAATGCT-1,4
CTGTGAACAGACCATT-1,2
CTGTGAAGTGACCGAA-1,7
CTGTGAAGTTAGGGTG-1,7
CTGTGAATCATGACAC-1,15
CTGTGAATCGCTACGG-1,16
CTGTGAATCGTGCACG-1,15
CTGTGAATCTTCTCAA-1,10
CTGTGGGCAGGCAATG-1,1
CTGTGGGCATGAGATA-1,14
CTGTGGGGTACAGAAT-1,0
CTTACCGAGATTACCC-1,3
CTTACCGAGCTTAAGA-1,10
CTTACCGCAATGAACA-1,8
CTTACCGCACGACGTC-1,8
CTTACCGGTATCCCAA-1,19
CTTACCGTCGTTCTAT-1,2
CTTAGGAAGCGCCGTT-1,6
CTTAGGAGTAGGATAT-1,18
CTTCAATAGCGAAACC-1,17
CTTCAATCATATTCGG-1,9
CTTCAATGTTCAAGGG-1,12
CTTCCGACACCAGCCA-1,0
CTTCCGACATCGAACT-1,11
CTTCCGATCGAGAAGC-1,6
CTTCCGATCGCTGTCT-1,0
CTTCCTTAGACTCTAC-1,16
CTTCCTTAGCACAAAT-1,1
CTTCCTTCAAGGATGC-1,19
CTTCCTTGTACAGTCT-1,8
CTTCCTTGTGACATCT-1,9
CTTCCTTGTGCCGTTG-1,12
CTTCGGTAGATTGCGG-1,4
CTTCGGTAGCACTCTA-1,1
CTTCGGTAGCTACGTT-1,5
CTTCGGTCATACGCAT-1,6
CTTCGGTGTCCAGAAG-1,11
CTTCGGTTCTAGGCAT-1,4
CTTCTAAAGAGGTATT-1,1
CTTCTAAAGCGGGTAT-1,0
CTTCTAACACAAAGTA-1,4
CTTCTAACATTCCTAT-1,1
CTTCTAAGTACACGCC-1,10
CTTCTAAGTGAGCAGT-1,8
CTTCTAAGTTCATCTT-1,0
CTTCTAATCTCTATGT-1,9
CTTCTCTAGCTCATAC-1,0
CTTCTCTAGGCTTAAA-1,15
CTTCTCTAGTAAGAGG-1,5
CTTCTCTCAAGTTTGC-1,4
CTTCTCTCACGTACAT-1,7
CTTCTCTCAGCCTTCT-1,6
CTTCTCTGTGATATAG-1,2
CTTCTCTTCAAACGAA-1,0
CTTCTCTTCGTTCATT-1,12
CTTGAGAAGCAGAAAG-1,10
CTTGAGAAGGAATCGC-1,15
CTTGAGACAGAACGCA-1,11
CTTGAGAGTCGCTCGA-1,3
CTTGATTAGAAACCCG-1,0
CTTGATTCAAGTACCT-1,2
CTTGATTCACTCCTTG-1,8
CTTGATTCAGCGATTT-1,6
CTTGATTGTAACCAGG-1,18
CTTTCAAAGACCGTTT-1,2
CTTTCAAAGAGAGCAA-1,13
CTTTCAAAGCCAAGGT-1,8
CTTTCAAAGTAATACG-1,18
CTTTCAACAATTGAAG-1,15
CTTTCAACACTACCCT-1,3
CTTTCAACATAATGAG-1,1
CTTTCAACATCATCTT-1,0
CTTTCAAGTAAGACCG-1,11
CTTTCAAGTACGAGTG-1,7
CTTTCAAGTATGCTAC-1,13
CTTTCAAGTCACTCGG-1,1
CTTTCAAGTCATCAGT-1,1
CTTTCAAGTGGACTAG-1,3
CTTTCAATCCGCTGTT-1,15
CTTTCGGAGGTAATCA-1,16
CTTTCGGCAACCAATC-1,0
CTTTCGGCACGGCGTT-1,3
CTTTCGGCAGGAGACT-1,3
CTTTCGGGTAATACCC-1,7
CTTTCGGGTATCGTTG-1,13
CTTTCGGGTCTACGAT-1,8
CTTTCGGTCCATTTAC-1,0
CTTTCGGTCGAAGAAT-1,3
CTTTCGGTCGCGTCGA-1,4
GAAACCTAGCGCCTCA-1,14
GAAACCTCAAGTCCCG-1,11
GAAACCTCACTGTGTA-1,0
GAAACCTGTATGAGAT-1,11
GAAACCTGTCGTATTG-1,13
GAAACCTGTGTTAACC-1,0
GAAACCTTCCGTGGTG-1,18
GAAACCTTCGGTCACG-1,9
GAAATGAAGCCGGAAT-1,1
GAAATGAAGGACTAAT-1,18
GAAATGAAGGTATCTC-1,3
GAAATGACAGCATGCC-1,1
GAAATGAGTAGCTGAG-1,11
GAAATGAGTCGAAACG-1,17
GAAATGAGTGGAGGTT-1,11
GAAATGAGTTCATCGA-1,12
GAAATGATCTCCAATT-1,19
GAACACTAGAATTGCA-1,14
GAACACTGTCACTCGG-1,0
GAACACTGTGCCTGCA-1,18
GAACACTTCCCTTTGG-1,12
GAACACTTCGGTCGGT-1,1
GAACACTTCTACCAGA-1,13
GAACGTTAGGTGGTTG-1,1
GAACGTTTCTCGACCT-1,5
GAACTGTAGGTAGACC-1,14
GAACTGTCACGACAAG-1,1
GAACTGTTCAGACATC-1,7
GAAGAATAGCTGGTGA-1,15
GAAGAATCAGACCATT-1,1
GAAGAATGTACAAACA-1,3
GAAGAATTCAAGTCTG-1,9
GAAGCCCAGCGGGTTA-1,3
GAAGCCCAGCTTGTTG-1,6
GAAGCCCCAACGATCT-1,4
GAAGCCCCACCAGCCA-1,3
GAAGCCCCATATGGCT-1,11
GAAGCCCTCGAACACT-1,9
GAAGCCCTCTTCCACG-1,4
GAAGCGAAGGTACCTT-1,7
GAAGCGAGTCGAGCTC-1,0
GAAGCGATCCATAGAC-1,12
GAAGGACAGAGCAACC-1,13
GAAGGACAGGCCCACT-1,14
GAAGGACGTACAGCGA-1,1
GAAGGACTCGCAACAT-1,8
GAAGGGTCAATACCTG-1,19
GAAGGGTGTATTAAGG-1,8
GAAGGGTGTCATCTAG-1,1
GAAGGGTGTTCGATTG-1,1
GAAGGGTTCCCAATAG-1,0
GAAGTAAGTAACAAGT-1,0
GAAGTAAGTGGCTTAT-1,18
GAAGTAATCTGAGCAT-1,0
GAATAGAAGAAGCGCT-1,0
GAATAGAAGTGCCTCG-1,7
GAATAGACACATCCCT-1,17
GAATAGAGTTTGGGAG-1,5
GAATAGATCGAGTCCG-1,15
GAATAGATCGGTCGAC-1,7
GAATAGATCTGGGAGA-1,16
GAATCACAGAAGATCT-1,14
GAATCACAGACCAAGC-1,15
GAATCACAGTGCACAG-1,8
GAATCACCAATCTCGA-1,7
GAATCACCACAGTCAT-1,1
GAATCACGTTTGAACC-1,7
GAATCACTCTACCAGA-1,13
GAATCGTAGGTCCTGC-1,4
GAATCGTAGTGCAGGT-1,18
GAATCGTAGTGCTACT-1,11
GAATCGTCACATACTG-1,8
GAATCGTTCGGTTAGT-1,13
GACACGCTCACGACTA-1,4
GACACGCTCGTAACCA-1,10
GACAGCCAGACATAAC-1,0
GACAGCCAGGTTAAAC-1,5
GACAGCCGTAGGAGGG-1,7
GACAGCCTCAATCAGC-1,6
GACAGCCTCCGCACTT-1,3
GACATCAAGCGTGTTT-1,8
GACATCAAGTTTCGGT-1,2
GACATCACACCGTACG-1,17
GACATCACACTAGAGG-1,15
GACATCAGTTCGTACA-1,10
GACCAATAGATGAACT-1,14
GACCAATTCTATCCAT-1,1
GACCCAGAGACTCTAC-1,4
GACCCAGAGCACAAAT-1,1
GACCCAGAGGCTGTAG-1,1
GACCCAGCACATACGT-1,17
GACCCAGGTCCGGATC-1,3
GACCCAGGTCGGTACC-1,10
GACCCAGTCTAGCAAC-1,14
GACCCTTAGTGAGTGC-1,2
GACCCTTAGTTTCGGT-1,12
GACCCTTCAAAGTGTA-1,0
GACCCTTCAACATACC-1,17
GACCCTTCAACGTAAA-1,7
GACCCTTGTAACAGGC-1,0
GACCCTTGTCTTACAG-1,2
GACCCTTGTGAGATAT-1,1
GACCGTGAGTTTGCTG-1,11
GACCGTGCATCACAGT-1,11
GACCGTGCATGTGGTT-1,10
GACCGTGTCAACCTTT-1,6
GACCGTGTCACGTCCT-1,3
GACCGTGTCCGAGAAG-1,19
GACCTTCAGAAGTATC-1,12
GACCTTCGTAGCACAG-1,4
GACCTTCTCACATACG-1,1
GACCTTCTCCTCCACA-1,2
GACGCTGCATGGGTTT-1,2
GACGCTGTCATGAGAA-1,11
GACGCTGTCCGTATAG-1,12
GACGCTGTCCTTGGAA-1,16
GACGTTAAGAGCCGAT-1,8
GACGTTAAGGCGTTAG-1,4
GACGTTAGTACGGGAT-1,5
GACGTTAGTCTCTCCA-1,8
GACGTTAGTGGCATCC-1,13
GACTATGAGCATCAAA-1,0
GACTATGCAAGAGTGC-1,5
GACTATGGTCGCAACC-1,11
GACTATGGTCTAATCG-1,11
GACTATGGTGGGCTTC-1,9
GACTATGTCTCGACCT-1,12
GACTCAAAGACGCATG-1,1
GACTCAAAGCTCGGCT-1,15
GACTCAACAACCAACT-1,8
GACTCAACACAATGTC-1,14
GACTCAAGTGCTCGTG-1,8
GACTCAATCATCGGGC-1,10
GACTCAATCCTCTAGC-1,13
GACTCTCCAAGGTCAG-1,0
GACTCTCCAATGGCAG-1,1
GACTCTCCACACCTAA-1,15
GACTCTCCACCAGTTA-1,5
GACTCTCCAGCAGAAC-1,11
GACTCTCTCGAACTCA-1,8
GACTGATAGTATAGGT-1,5
GACTGATAGTCATCCA-1,9
GACTGATCAACCGCCA-1,8
GACTGATCAGTATTCG-1,7
GACTGATGTGTGTCGC-1,12
GACTGATGTTCCTTGC-1,12
GACTTCCAGAAGGGAT-1,16
GACTTCCAGCCTCAGC-1,14
GACTTCCAGGGAGGGT-1,1
GACTTCCAGGGCTTCC-1,3
GACTTCCCAAGTGATA-1,7
GACTTCCGTACATACC-1,13
GACTTCCTCAACTTTC-1,9
GAGAAATAGAAGTCTA-1,11
GAGAAATAGTAACGAT-1,0
GAGAAATCAATTGCAC-1,4
GAGAAATGTAGCCCTG-1,11
GAGAAATGTAGGTGCA-1,11
GAGAAATGTTTAAGGA-1,10
GAGAAATTCCCGAACG-1,9
GAGAAATTCGTTTACT-1,0
GAGACCCAGAGAGGGC-1,1
GAGACCCAGGAAACGA-1,6
GAGACCCCACGGGTAA-1,3
GAGACCCCATGCTGCG-1,11
GAGACCCGTAAGATCA-1,19
GAGACCCGTGCAACGA-1,3
GAGACCCTCCGTCACT-1,1
GAGACCCTCGTTGTAG-1,0
GAGACTTCAAGCCCAC-1,12
GAGACTTCAAGCGATG-1,11
GAGACTTCAAGTGCTT-1,6
GAGACTTCACTCGATA-1,10
GAGACTTCACTTCAGA-1,1
GAGACTTCAGCAGGAT-1,16
GAGACTTCATCATGAC-1,17
GAGACTTTCTTGGTGA-1,9
GAGAGGTAGATGCTTC-1,0
GAGAGGTAGGGAGGAC-1,6
GAGAGGTCACTCTCGT-1,5
GAGAGGTGTATCGCAT-1,16
GAGATGGAGGCTGGAT-1,4
GAGATGGCAAATCAGA-1,15
GAGATGGCAACTCCCT-1,18
GAGATGGGTTCGGTAT-1,7
GAGATGGGTTGATCGT-1,0
GAGCCTGAGAAACTCA-1,3
GAGCCTGAGACCAGAC-1,0
GAGCCTGAGCGAGAAA-1,2
GAGCCTGCACGTCGTG-1,11
GAGCCTGGTACGCGTC-1,10
GAGCCTGGTGTAGCAG-1,0
GAGCTGCAGACAGTCG-1,19
GAGCTGCCATTAAGCC-1,16
GAGCTGCGTTGTACGT-1,1
GAGCTGCTCAGATTGC-1,10
GAGCTGCTCGAAGTGG-1,14
GAGGCAAAGGTAAACT-1,3
GAGGCAAGTCCCTGTT-1,0
GAGGCAAGTGACACAG-1,5
GAGGCAAGTGTTCGAT-1,0
GAGGCAAGTTGGGCCT-1,8
GAGGCCTAGATGGTAT-1,6
GAGGCCTCAAGCTCTA-1,2
GAGGCCTGTGAGATAT-1,14
GAGGCCTTCCCATAGA-1,10
GAGGCCTTCGACCCAG-1,3
GAGGCCTTCGGACTTA-1,19
GAGGGATAGTACCGGA-1,10
GAGGGATCAAGCCTGC-1,9
GAGGGATCAGATCCAT-1,11
GAGGGATGTATTGCCA-1,5
GAGGGATTCATTGAGC-1,9
GAGGGTAAGTGCACCC-1,2
GAGGGTACATGAGTAA-1,1
GAGGGTAGTAGGCAGT-1,15
GAGGGTATCAAACGTC-1,3
GAGTCATCAGAGCTAG-1,0
GAGTCATCAGAGGAAA-1,3
GAGTCATCAGTGGGTA-1,9
GAGTCATGTAGGCAGT-1,15
GAGTCATGTATTTCCT-1,5
GAGTCATGTCACAGAG-1,13
GAGTCTAAGCCTGTGC-1,11
GAGTCTACATCTATCT-1,3
GAGTCTAGTAGGTAGC-1,5
GAGTCTAGTGGACCAA-1,9
GAGTCTATCAGGCGAA-1,5
GAGTCTATCCACCCTA-1,1
GAGTGAGAGACGAAGA-1,10
GAGTGAGCACGCGGTT-1,9
GAGTGAGCAGGCATTT-1,2
GAGTGAGCATTGTGCA-1,14
GAGTGTTAGAAACTCA-1,1
GAGTGTTAGTAACAGT-1,2
GAGTGTTGTCGCAGTC-1,2
GAGTGTTGTGGTCTTA-1,2
GAGTGTTGTTCGAGCC-1,14
GAGTGTTGTTGGCTAT-1,7
GAGTGTTGTTGTCTAG-1,1
GAGTTACAGCAATTCC-1,1
GAGTTACCAAGATGGC-1,0
GAGTTACCACTACCCT-1,16
GAGTTACGTCGCATGC-1,10
GAGTTGTAGCGTGAGT-1,0
GAGTTGTAGTTGTCGT-1,4
GAGTTGTCACAAATGA-1,2
GAGTTGTCACAGGATG-1,19
GAGTTGTGTTAAGAAC-1,9
GAGTTTGAGCAAGTCG-1,0
GAGTTTGAGTGATCGG-1,17
GAGTTTGGTGGACCTC-1,13
GAGTTTGGTTAACCTG-1,17
GAGTTTGTCGCAACAT-1,6
GATAGAAAGACTTCCA-1,16
GATAGAAAGCCTGTGC-1,8
GATAGAAAGGCCCACT-1,6
GATAGAACACTCACTC-1,6
GATAGAACATCGGCCA-1,0
GATAGAATCCTCTTTC-1,0
GATAGCTAGAGCTTTC-1,0
GATAGCTAGCAGTACG-1,16
GATAGCTGTACTTCCC-1,10
GATAGCTGTAGGGTAC-1,8
GATAGCTTCATCGCCT-1,16
GATAGCTTCGATACAC-1,10
GATAGCTTCTCGTCGT-1,1
GATAGCTTCTCTATAC-1,0
GATAGCTTCTTCCGTG-1,18
GATCACAAGCAAGTGC-1,16
GATCACAGTTTGAAAG-1,4
GATCAGTCAAGGTTGG-1,6
GATCAGTCATGTGGCC-1,17
GATCAGTGTGGGCTTC-1,10
GATCAGTTCGAACCAT-1,19
GATCATGAGAGGATCC-1,0
GATCATGAGCCACAAG-1,1
GATCATGAGTTAACGA-1,12
GATCATGCAATTCACG-1,9
GATCATGCATTGAGGG-1,10
GATCATGGTATCGCAT-1,3
GATCATGGTCTGCAAT-1,1
GATCATGTCATAAGGA-1,0
GATCATGTCCGATCTC-1,1
GATCCCTAGTGCCAGA-1,1
GATCCCTCACGAGAAC-1,8
GATCCCTCACGGCTAC-1,8
GATCCCTCATGTCTAG-1,14
GATCCCTGTCGTAATC-1,4
GATCCCTGTGGTCTGC-1,15
GATCCCTTCATGGGAG-1,10
GATCCCTTCCGAGAAG-1,10
GATCGTAAGCACTTTG-1,3
GATCGTAAGCATCGAG-1,1
GATCGTAAGTTACGGG-1,0
GATCGTACAATTGCGT-1,1
GATCGTACAGAGGTAC-1,2
GATCGTACAGCAAGAC-1,14
GATCGTACAGGTCCCA-1,0
GATCGTACATAGAGGC-1,13
GATCGTACATGGAAGC-1,6
GATCGTAGTCTGCGCA-1,3
GATCGTATCATGACAC-1,6
GATGACTGTTACCTGA-1,8
GATGACTGTTGCTAGT-1,16
GATGAGGAGCCTGAGA-1,14
GATGAGGAGGAATCGC-1,12
GATGAGGGTAAGTTGA-1,0
GATGAGGGTCAAAGCG-1,13
GATGATCAGATAACAC-1,3
GATGATCAGCGACCCT-1,18
GATGATCAGGTTCCAT-1,14
GATGATCCACTCTAGA-1,19
GATGATCCATAGGCGA-1,6
GATGATCGTCTAGATC-1,10
GATGATCGTGATAGAT-1,9
GATGATCGTTGCCGCA-1,1
GATGATCTCAATGCAC-1,1
GATGATCTCGATAACC-1,4
GATGCTAAGCCACTCG-1,16
GATGCTACAGCTACTA-1,13
GATGCTACATGGTACT-1,9
GATGCTATCAGCGCAC-1,5
GATGGAGGTCAAACGG-1,0
GATGTTGAGAGTACCG-1,4
GATGTTGAGGAACATT-1,1
GATGTTGCATCATCCC-1,0
GATGTTGGTCTTACAG-1,2
GATGTTGTCATTTACC-1,5
GATGTTGTCTCTGAGA-1,9
GATTCGAAGAGCAGTC-1,18
GATTCGAAGCATTGAA-1,2
GATTCGACAGCGACCT-1,3
GATTCGAGTCTCTCTG-1,3
GATTCTTAGAGCGACT-1,6
GATTCTTAGCACAAAT-1,12
GATTCTTAGGAACATT-1,1
GATTCTTAGGCTGAAC-1,12
GATTCTTCACAGCATT-1,15
GATTCTTGTAACGTTC-1,4
GATTCTTGTCCTTTGC-1,1
GATTCTTTCCTAGCGG-1,12
GATTGGTAGCGGGTAT-1,4
GATTGGTAGTGCGACA-1,3
GATTGGTCACGAAAGC-1,2
GATTGGTCAGACCAGA-1,7
GATTGGTCATACGCAT-1,13
GATTGGTCATCTGTTT-1,0
GATTGGTGTACCTTCC-1,3
GATTGGTGTCAGGTAG-1,2
GATTGGTGTGTTGATC-1,6
GATTGGTGTTAGGACG-1,10
GATTGGTTCTTACTGT-1,10
GATTTCTAGGTTTGAA-1,14
GATTTCTCACAAGGTG-1,1
GATTTCTCACGCTGAC-1,8
GATTTCTGTCTCAGAT-1,0
GATTTCTTCCTAAGTG-1,9
GCAACATAGAATTTGG-1,1
GCAACATTCGTGGCGT-1,16
GCAACCGAGAGATCGC-1,15
GCAACCGAGGTACAAT-1,6
GCAACCGAGGTAGCAC-1,13
GCAACCGAGTTAGTAG-1,4
GCAACCGCAATGCTCA-1,5
GCAACCGCATGGGTCC-1,1
GCAACCGGTCCCACGA-1,4
GCAACCGTCATTACGG-1,9
GCAACCGTCCTCTCGA-1,1
GCACATAAGGTTGAGC-1,14
GCACATATCTACTATC-1,1
GCACGGTAGGCCTTGC-1,5
GCACGGTAGTATCCTG-1,1
GCACGGTCAAGAGGCT-1,3
GCACGGTCAATGTGGG-1,11
GCACGGTGTCTTGGTA-1,7
GCACGGTTCCACATAG-1,7
GCACGGTTCCAGTACA-1,8
GCACGTGAGAGGCTGT-1,5
GCACGTGAGCCTCTGG-1,3
GCACGTGCAGGATCTT-1,14
GCACGTGGTGGTCCGT-1,7
GCACGTGGTTTAAGGA-1,0
GCACGTGTCACTTGTT-1,0
GCACGTGTCCAGTGCG-1,0
GCACGTGTCTCTATAC-1,11
GCACTAAAGTGGTTCT-1,4
GCACTAACAAGAGGTC-1,17
GCACTAATCATCACAG-1,9
GCAGCCAAGCCTCACG-1,0
GCAGCCACAATGTCAC-1,1
GCAGCCACATAGCACT-1,6
GCAGCCAGTCTATGAC-1,9
GCAGCCAGTTGTAAAG-1,15
GCAGCTGAGCCATTCA-1,12
GCAGCTGAGGCGTCCT-1,6
GCAGCTGCACCGAATT-1,0
GCAGCTGCATGGATCT-1,10
GCAGCTGGTACCGGCT-1,6
GCAGCTGGTGTGATGG-1,0
GCAGGCTAGTTGGAGC-1,12
GCAGGCTCAAGAGTAT-1,15
GCAGGCTCATAACTCG-1,6
GCAGGCTCATGCAGCC-1,18
GCAGGCTGTCAAGCGA-1,2
GCAGGCTGTCATATGC-1,15
GCAGGCTGTCCCTAAA-1,1
GCAGGCTGTCCGATCG-1,4
GCAGGCTGTCCGGTCA-1,6
GCAGGCTGTGTACGCC-1,4
GCAGGCTGTTAGGCTT-1,7
GCAGGCTTCTACTTCA-1,5
GCAGTTACAGCACACC-1,12
GCAGTTACATGGCTAT-1,5
GCAGTTAGTGGATCGA-1,6
GCAGTTATCCATTTAC-1,14
GCAGTTATCGACACTA-1,2
GCATCGGAGAGGCCAT-1,3
GCATCGGAGCGCACAA-1,8
GCATCGGCACTACACA-1,6
GCATCGGCAGGCATTT-1,17
GCATCGGCAGGTATGG-1,16
GCATCGGGTACAAAGT-1,4
GCATCGGGTTCCACGG-1,5
GCATCGGTCAGGAGAC-1,11
GCATCTCAGCTTGTTG-1,8
GCATCTCAGGACAACC-1,9
GCATCTCGTACGAGCA-1,0
GCATCTCTCCAAGCTA-1,13
GCATCTCTCCCTTCCC-1,1
GCATCTCTCGTAGGGA-1,0
GCATGATAGAAGGCTC-1,8
GCATGATAGACGTCGA-1,12
GCATGATCAAGTACCT-1,3
GCATGATCAGACAAAT-1,13
GCATGATCAGAGTCTT-1,5
GCATGATTCACCCTTG-1,8
GCATGATTCCACAGGC-1,9
GCATGATTCCATCTCG-1,16
GCATGATTCTTTCCAA-1,5
GCATTAGAGATAGCTA-1,8
GCATTAGCAACCTAAC-1,14
GCATTAGGTATGCTAC-1,11
GCATTAGGTCTCTCCA-1,2
GCATTAGGTTGCTCCT-1,3
GCCAACGAGGTAAACT-1,2
GCCAACGAGGTTATAG-1,7
GCCAACGAGTTAGTAG-1,14
GCCAACGCAACGGGTA-1,3
GCCAACGGTGAATGTA-1,0
GCCAACGGTTCAGCGC-1,5
GCCAACGTCGCAGAGA-1,2
GCCAACGTCTCGCTCA-1,7
GCCAACGTCTGACGCG-1,9
GCCAGCACAACTGAAA-1,17
GCCAGCAGTACTGCGC-1,4
GCCAGCAGTATCGTAC-1,1
GCCAGCAGTCAGGTAG-1,3
GCCAGCAGTTCTCCAC-1,4
GCCAGGTAGCTAAGTA-1,10
GCCAGGTAGTTCCGGC-1,6
GCCAGGTAGTTGTAGA-1,3
GCCAGGTCAAGAAACT-1,17
GCCAGGTCACTTGACA-1,19
GCCAGGTCAGACATCT-1,0
GCCAGGTGTGCGGATA-1,13
GCCAGGTGTTAGAAGT-1,14
GCCAGGTGTTGGGACA-1,1
GCCAGGTTCCCGAGAC-1,10
GCCAGTGAGATGCAGC-1,6
GCCAGTGAGCCTGTGC-1,1
GCCAGTGCATATCTGG-1,7
GCCAGTGCATCCTTCG-1,15
GCCAGTGGTCATAAAG-1,11
GCCAGTGTCGTGTTCC-1,10
GCCAGTGTCTAGTTCT-1,10
GCCAGTGTCTTCTTCC-1,1
GCCATGGAGATACAGT-1,19
GCCATGGCAAGCAATA-1,5
GCCATGGGTATGAGAT-1,13
GCCATGGTCCAAGCCG-1,12
GCCATGGTCCCGTGTT-1,8
GCCATGGTCCCGTTGT-1,10
GCCATTCCAGCTATAC-1,9
GCCATTCCATGCTGCG-1,6
GCCATTCGTAGGTCAG-1,6
GCCATTCGTGGCTTGC-1,16
GCCCAGAAGTGTTCCA-1,11
GCCCAGACACCAGTTA-1,5
GCCCAGAGTAGTCTTG-1,11
GCCCAGAGTATCAGCT-1,12
GCCCGAAAGCACTCCG-1,2
GCCCGAAAGTACAGCG-1,8
GCCCGAACAGCAGTCC-1,15
GCCCGAACAGCTACTA-1,6
GCCCGAACATAAGCAA-1,4
GCCCGAAGTGGTCCGT-1,11
GCCCGAAGTTGAGTCT-1,7
GCCCGAATCACGTCCT-1,6
GCCGATGAGAATTCAG-1,11
GCCGATGAGCAACAGC-1,10
GCCGATGCACCAACAT-1,5
GCCGATGGTCTCACGG-1,19
GCCGATGTCAAAGAAC-1,10
GCCGATGTCAAGGCTT-1,14
GCCGTGACAACTGCTA-1,11
GCCGTGACAGTTCCAA-1,2
GCCGTGAGTCGTCGGT-1,4
GCCGTGATCTGCCTGT-1,3
GCCTGTTAGCCATCCG-1,13
GCCTGTTAGCGAGTAC-1,15
GCCTGTTAGCGATGAC-1,6
GCCTGTTAGTTCCGGC-1,6
GCCTGTTCAAAGGTTA-1,16
GCCTGTTCATCTAACG-1,13
GCCTGTTGTGACTATC-1,10
GCCTGTTGTGGGCTTC-1,4
GCCTGTTTCAGCAATC-1,11
GCCTGTTTCTGGTGGC-1,7
GCGAGAAAGAAGGCTC-1,16
GCGAGAAAGACTAAGT-1,6
GCGAGAAAGCGCCGTT-1,4
GCGAGAACAGAGTCTT-1,2
GCGATCGCAGTGGGTA-1,15
GCGATCGGTCCTTTGC-1,18
GCGATCGGTCGTTGGC-1,2
GCGATCGGTGACTAAA-1,2
GCGATCGGTTCTTAGG-1,9
GCGATCGGTTGTATGC-1,4
GCGATCGTCGGATTAC-1,18
GCGATCGTCTGGAAGG-1,2
GCGATCGTCTTTGCTA-1,2
GCGGAAAAGATCCTAC-1,15
GCGGAAAAGCTGTTAC-1,0
GCGGAAAAGGGACTGT-1,0
GCGGAAAAGTGCGCTC-1,0
GCGGAAATCAAGGAGC-1,5
GCGGAAATCATGTCAG-1,18
GCGGAAATCCAGCACG-1,4
GCGGATCGTAGAGTTA-1,13
GCGGATCTCGGTGAAG-1,3
GCGTGCAAGGGAGGTG-1,6
GCGTGCACACACACTA-1,5
GCGTGCACAGCACACC-1,8
GCGTGCAGTCAGTTTG-1,11
GCGTGCAGTCGAGCTC-1,12
GCGTGCAGTGAGTGAC-1,12
GCGTGCATCTCAACGA-1,18
GCGTTTCAGATAGCAT-1,3
GCGTTTCAGGCACTCC-1,10
GCGTTTCCAGAGCGTA-1,0
GCGTTTCGTCATCTAG-1,11
GCGTTTCGTGCATACT-1,9
GCGTTTCTCCTGATAG-1,8
GCTACAAAGGGTCAAC-1,5
GCTACAAAGGTCGTAG-1,7
GCTACAACAGGCTCTG-1,8
GCTACAAGTCTCTCAC-1,9
GCTACAAGTGCGGCTT-1,3
GCTACAAGTGTCCGTG-1,16
GCTACAAGTTCGGTTA-1,5
GCTACCTTCTGGGATT-1,4
GCTCAAAAGTATTAGG-1,5
GCTCAAAGTCTCGCGA-1,0
GCTCAAATCATGAGGG-1,9
GCTCAAATCCCGATCT-1,18
GCTCAAATCTTTGGAG-1,11
GCTGAATAGTGTGTTC-1,19
GCTGAATCAACAGTGG-1,1
GCTGAATCATGACGGA-1,3
GCTGAATTCCATATGG-1,8
GCTGCAGAGAAGTCAT-1,19
GCTGCAGAGAGATCGC-1,10
GCTGCAGAGCTAGAGC-1,16
GCTGCAGCAACTGCCG-1,1
GCTGCAGCAGTTCCAA-1,19
GCTGGGTAGCGACTTT-1,9
GCTGGGTAGTCAGCCC-1,4
GCTGGGTCATCACGGC-1,8
GCTGGGTGTGGTTTGT-1,0
GCTGGGTTCCAACCGG-1,11
GCTTCACAGAACGCGT-1,18
GCTTCACAGAATAACC-1,17
GCTTCACAGCGTCAAG-1,7
GCTTCACAGTAGAATC-1,7
GCTTCACAGTCCGTCG-1,0
GCTTCACAGTTCCATG-1,4
GCTTCACCACTCCTGT-1,6
GCTTCACCATTCCTCG-1,6
GCTTCACGTACACGTT-1,11
GCTTGGGAGACGTCGA-1,4
GCTTGGGAGTCAACAA-1,0
GCTTGGGGTCGAAGCA-1,8
GCTTGGGTCAAGCCCG-1,14
GCTTGGGTCGTAACTG-1,5
GCTTTCGTCCATAGAC-1,0
GGAACCCAGGATGAGA-1,2
GGAACCCGTTCTCGTC-1,0
GGAACCCTCATTACTC-1,13
GGAAGTGAGTTGTAAG-1,10
GGAAGTGCAAGCACAG-1,17
GGAAGTGCACGCTGTG-1,19
GGAAGTGGTAGATCCT-1,19
GGAAGTGGTATCCTTT-1,5
GGAAGTGTCAGACCTA-1,10
GGAATCTAGCCTGACC-1,10
GGAATCTAGCTAGAAT-1,12
GGAATCTCACCCAACG-1,0
GGAATCTCACGCAAAG-1,16
GGAATCTCAGCGATTT-1,5
GGAATCTCAGCGTGAA-1,3
GGAATCTCATGAAGGC-1,8
GGAATCTTCCGTCCTA-1,4
GGAATGGAGTGAGGTC-1,12
GGAATGGCATGATCTG-1,7
GGAATGGGTCAGATTC-1,3
GGAATGGTCAGGACGA-1,1
GGACGTCCACCGTGAC-1,11
GGACGTCTCACCCTTG-1,19
GGACGTCTCTTTGCAT-1,12
GGAGAACAGAGTCCGA-1,4
GGAGAACCACGGATCC-1,4
GGAGAACGTACTCGTA-1,3
GGAGAACTCATCTGTT-1,12
GGAGAACTCCCGTGAG-1,0
GGAGATGAGGATTTCC-1,7
GGAGATGAGTTAGAAC-1,1
GGAGATGCAATGCTCA-1,14
GGAGATGCAGTAACGG-1,19
GGAGATGCAGTTAGAA-1,6
GGAGATGTCACGGTCG-1,15
GGAGATGTCTCAGGCG-1,9
GGAGCAAAGGCGAAGG-1,6
GGAGCAAAGTATAGAC-1,12
GGAGCAACAAACACGG-1,7
GGAGCAACACGACAAG-1,4
GGAGCAACAGGCGATA-1,17
GGAGCAAGTGATTCTG-1,18
GGAGGATCAAGCCTGC-1,0
GGAGGATCAGGTCTCG-1,16
GGAGGATGTACTGACT-1,12
GGAGGATGTCCACGCA-1,6
GGAGGATGTTTGAACC-1,4
GGAGGATTCTCATGGA-1,2
GGAGGTAAGCATGCGA-1,1
GGAGGTAAGTCAATCC-1,10
GGAGGTAGTAGTCTGT-1,14
GGAGGTAGTATCTCTT-1,12
GGAGGTAGTCCGGACT-1,8
GGAGGTAGTTCGGACC-1,0
GGAGGTATCTAGACCA-1,15
GGATCTAAGAATAACC-1,9
GGATCTAAGATTCGAA-1,9
GGATCTAAGGCCTAGA-1,8
GGATCTACAAGGTCTT-1,3
GGATCTACAATTGAGA-1,9
GGATCTAGTCTCCCTA-1,8
GGATGTTAGGATCATA-1,4
GGATGTTAGGGTAATT-1,18
GGATGTTAGGTCCAGA-1,8
GGATGTTCACAGTCGC-1,8
GGATGTTGTATCTCTT-1,2
GGATGTTGTATGAAGT-1,6
GGATGTTTCCCAGCGA-1,7
GGATGTTTCGGAATGG-1,11
GGATGTTTCTCCGAAA-1,8
GGATGTTTCTTGGTGA-1,5
GGCACGTAGCCTATTG-1,11
GGCACGTCATAGTCAC-1,15
GGCACGTGTGCTCGTG-1,1
GGCACGTTCCTGCTAC-1,11
GGCACGTTCGACCTAA-1,11
GGCACGTTCTAACGGT-1,12
GGCAGTCCACTTTAGG-1,19
GGCAGTCGTTGTATGC-1,7
GGCGTCAAGAGGGTCT-1,11
GGCGTCACAAGGTACG-1,3
GGCGTCACAATGTCAC-1,0
GGCGTCACATACAGAA-1,1
GGCGTCAGTAGGACTG-1,10
GGCGTCAGTAGTCGGA-1,14
GGCGTCAGTCCTACAA-1,11
GGCGTCAGTCTGTGTA-1,1
GGCGTCATCCATTGGA-1,0
GGCGTCATCCTTGGAA-1,14
GGCGTCATCTCGACGG-1,6
GGCGTCATCTTCTCAA-1,16
GGCTGTGCATGTTCGA-1,9
GGCTGTGGTAGCACGA-1,1
GGCTGTGTCGATTTCT-1,16
GGCTTGGCAACCGGAA-1,4
GGCTTGGGTCTTTCTA-1,4
GGCTTGGGTTAGAGAT-1,11
GGCTTGGGTTGTCAGT-1,18
GGCTTGGGTTTACTGG-1,16
GGCTTGGTCAGTGGGA-1,0
GGCTTGGTCTAGAACC-1,3
GGCTTTCAGAAATTGC-1,4
GGCTTTCCACGTTGGC-1,14
GGCTTTCGTTTCCATT-1,3
GGCTTTCTCGGTGAAG-1,7
GGGAAGTAGTGGTGAC-1,16
GGGAAGTCAGGACGAT-1,4
GGGAAGTGTATGACAA-1,18
GGGAAGTGTCTACACA-1,8
GGGAAGTGTCTGTCCT-1,1
GGGACAAAGGGAGGGT-1,6
GGGACAAAGGGATCTG-1,0
GGGACAAAGTTGCATC-1,13
GGGACAAGTAGCACGA-1,7
GGGACAAGTTTGAAAG-1,10
GGGACAATCCAAACCA-1,19
GGGACAATCTGGAGAG-1,16
GGGACCTAGCTAAACA-1,7
GGGACCTCACCCGTAG-1,9
GGGACCTCACGGTAGA-1,16
GGGACCTGTAACAGGC-1,9
GGGACCTGTACGTGTT-1,10
GGGACCTGTCTACAGT-1,5
GGGACTCAGTAGGATT-1,3
GGGACTCCAGCACCCA-1,1
GGGACTCCAGGTCCCA-1,4
GGGACTCGTGAGTTGG-1,0
GGGAGATAGACTACGG-1,17
GGGAGATAGTGGGAAA-1,6
GGGAGATGTGGCTTGC-1,14
GGGAGATGTGGTCAAG-1,7
GGGAGTAAGATCCAAA-1,16
GGGAGTAAGGCACCAA-1,14
GGGAGTAGTACTGTTG-1,11
GGGAGTAGTGTCATGT-1,3
GGGAGTATCAAGTGGG-1,8
GGGAGTATCCCTCTTT-1,12
GGGATCCAGATCCTAC-1,13
GGGATCCAGCTCTTCC-1,2
GGGATCCAGGCAGGTT-1,0
GGGATCCGTCAGGTAG-1,7
GGGATGAAGAGTGTTA-1,7
GGGATGAAGCCTCTGG-1,4
GGGATGAAGGTTACAA-1,1
GGGATGACACCCTTGT-1,13
GGGATGACAGCGGTTC-1,8
GGGATGACATCGAGCC-1,14
GGGATGAGTGTACAGG-1,7
GGGATGATCCTCCACA-1,3
GGGATGATCGTTCTCG-1,6
GGGATGATCTGCAGCG-1,3
GGGCCATAGCCAAGTG-1,8
GGGCCATAGGAACTCG-1,4
GGGCCATCAACGTATC-1,7
GGGCCATCACTTTATC-1,10
GGGCCATGTCGTTTCC-1,16
GGGCCATTCAAGATAG-1,9
GGGCCATTCGCCAATA-1,11
GGGCGTTAGCCTTTCC-1,9
GGGCGTTAGTGAGGTC-1,1
GGGCGTTCAGAGATGC-1,5
GGGCGTTTCGCACTCT-1,17
GGGCGTTTCTATGTGG-1,7
GGGCTACAGCAAGCCA-1,8
GGGCTACAGTCGAGGT-1,8
GGGCTACCACAATCTG-1,14
GGGCTACCACCAGACC-1,4
GGGCTACGTATACCTG-1,1
GGGCTACGTGAATAAC-1,10
GGGCTACGTGTTAACC-1,1
GGGCTCAAGGATCATA-1,2
GGGCTCAAGGGTATAT-1,11
GGGCTCACATGAAGGC-1,14
GGGCTCAGTAGTGTGG-1,6
GGGCTCAGTAGTTAGA-1,16
GGGCTCAGTCCTCCTA-1,14
GGGCTCATCCTTCTAA-1,14
GGGCTCATCGATTGAC-1,8
GGGTAGAAGATGCTAA-1,2
GGGTAGACAACGCATT-1,9
GGGTAGACACCAGTAT-1,15
GGGTAGAGTGAATAAC-1,7
GGGTATTAGAAGAGCA-1,12
GGGTATTAGATTTGCC-1,0
GGGTATTAGTTACTCG-1,9
GGGTATTCAATGCAGG-1,4
GGGTATTCACAATCTG-1,18
GGGTATTCATCCGAGC-1,2
GGGTATTGTAGTTACC-1,9
GGGTCACAGACTCGAG-1,1
GGGTCACGTCGTGATT-1,10
GGGTCACTCGTAGAGG-1,4
GGGTCACTCTGAGCAT-1,2
GGGTCTGAGAAGCCTG-1,2
GGGTCTGAGAGCAGTC-1,7
GGGTCTGAGCACCGTC-1,0
GGGTCTGAGGGCAGTT-1,14
GGGTCTGAGTGTTCCA-1,0
GGGTCTGCAAGTGGTG-1,9
GGGTCTGCAGTCGCAC-1,4
GGGTCTGTCAAACGAA-1,4
GGGTGAAAGATTGCGG-1,12
GGGTGAAAGCGATGAC-1,7
GGGTGAAAGGACGCTA-1,0
GGGTGAACAGCAGAAC-1,4
GGGTGAATCATTTCCA-1,12
GGGTGTCAGATGTTGA-1,11
GGGTGTCAGCAGGCTA-1,16
GGGTGTCCACCCATAA-1,6
GGGTGTCGTCTGTTAG-1,10
GGGTGTCTCGTCTACC-1,13
GGGTGTCTCTCTAGGA-1,13
GGGTGTCTCTGGTCAA-1,11
GGGTTATAGCTCACTA-1,1
GGGTTATAGGCAGGGA-1,4
GGGTTATAGGCCTTCG-1,10
GGGTTATCAACATCGT-1,8
GGGTTATCAACCCTCT-1,2
GGGTTATCAATTCTTC-1,4
GGGTTATCATCGGATT-1,5
GGGTTATTCTGATGGT-1,2
GGGTTTAAGGTATAGT-1,9
GGGTTTAAGTGCCCGT-1,6
GGGTTTACAGGTAGTG-1,6
GGGTTTAGTAAGCTCT-1,4
GGGTTTAGTCCAAAGG-1,5
GGGTTTAGTGGTCTTA-1,4
GGGTTTAGTGTCCGTG-1,8
GGGTTTAGTTCTCCCA-1,4
GGGTTTATCACTAGCA-1,3
GGTAACTAGACTCAAA-1,15
GGTAACTCACGCTATA-1,1
GGTAACTCAGAACGCA-1,18
GGTAACTCATATACCG-1,6
GGTAACTGTCTACGAT-1,0
GGTAACTGTGGCTACC-1,8
GGTAACTGTTGAAGTA-1,7
GGTAACTTCCAAGCTA-1,19
GGTAACTTCGGACGTC-1,5
GGTAACTTCTTCGTAT-1,4
GGTAATCAGGGTAATT-1,14
GGTAATCAGTTACGGG-1,12
GGTAATCCAGCGAGTA-1,6
GGTAATCTCAGCAGAG-1,14
GGTAGAGAGCGGTAAC-1,2
GGTAGAGGTTTCACTT-1,3
GGTAGAGTCCATCGTC-1,1
GGTAGAGTCGAAACAA-1,6
GGTAGAGTCGGCTGGT-1,10
GGTAGAGTCTTCTGTA-1,6
GGTCACGAGATCCCAT-1,13
GGTCACGCACAATGAA-1,18
GGTCACGCACCTCGTT-1,10
GGTCACGGTAATGCGG-1,19
GGTCACGGTAGACACG-1,0
GGTCACGGTGAATAAC-1,14
GGTCACGTCAGCTAGT-1,8
GGTCACGTCCGCAAAT-1,1
GGTCACGTCTCAGAAC-1,0
GGTCTGGCAGCTGTTA-1,8
GGTCTGGCATGTACGT-1,12
GGTCTGGTCTGCTCTG-1,1
GGTGAAGAGACAACAT-1,10
GGTGAAGAGACAGTCG-1,11
GGTGAAGAGCACTGGA-1,7
GGTGAAGTCCTTCTTC-1,13
GGTGAAGTCGTAACTG-1,14
GGTGAAGTCTTGCGCT-1,11
GGTGATTCAAACTCTG-1,12
GGTGATTGTTAAGGGC-1,9
GGTGATTTCATCCTGC-1,12
GGTGATTTCCAGTACA-1,19
GGTGATTTCGAGAATA-1,7
GGTGGCTAGCACCTGC-1,6
GGTGGCTAGCTGGTGA-1,12
GGTGGCTAGGCTGGAT-1,3
GGTGGCTAGGTTTACC-1,0
GGTGGCTCAATGAGCG-1,3
GGTGGCTTCACGTCCT-1,14
GGTGTCGAGCCATTGT-1,2
GGTGTCGAGTCGCTAT-1,16
GGTGTCGCACGGTCTG-1,13
GGTGTCGGTACGAAAT-1,7
GGTGTCGGTACGACAG-1,5
GGTGTTAAGACAAGCC-1,9
GGTGTTAAGAGTTGAT-1,1
GGTGTTAAGGATACGC-1,4
GGTGTTACAATCTGCA-1,2
GGTGTTACATTGAAAG-1,6
GGTGTTAGTATCATGC-1,5
GGTGTTAGTGTTCGAT-1,1
GGTGTTATCATCCTGC-1,0
GGTGTTATCCCTCAAC-1,0
GGTTAACCACAGAGAC-1,10
GGTTAACGTTAAACAG-1,7
GGTTAACGTTCGCGTG-1,8
GGTTAACTCGTTCATT-1,12
GGTTAACTCTGAGAGG-1,1
GGTTCTCAGATGCTTC-1,12
GGTTCTCAGCCAGACA-1,17
GGTTCTCAGCGCTGAA-1,4
GGTTCTCCACTGTGAT-1,15
GGTTCTCCACTTCAGA-1,4
GGTTCTCCAGCTATAC-1,3
GGTTCTCCATGTGCCG-1,3
GGTTCTCGTACTGGGA-1,11
GGTTGTACAACCGTGC-1,19
GGTTGTAGTGAGGCAT-1,0
GGTTGTAGTGCATTTG-1,10
GGTTGTAGTGGAGAAA-1,2
GGTTGTAGTTCAGTAC-1,13
GGTTGTATCAACTGAC-1,9
GGTTGTATCGGTAGAG-1,8
GGTTGTATCTGCTTAT-1,2
GTAACACAGCTAAATG-1,8
GTAACACAGGCTCAAG-1,1
GTAACACCAAGGCGTA-1,12
GTAACACGTAAGCGGT-1,0
GTAACACGTCACAATC-1,4
GTAACACGTCACTCAA-1,19
GTAACACGTGAGTAAT-1,7
GTAACACTCTATACGG-1,4
GTAACCAAGATGTTCC-1,1
GTAACCAAGCCAGAGT-1,4
GTAACCAAGGACATCG-1,14
GTAACCAAGTCCCGGT-1,0
GTAACCACACCAGCTG-1,12
GTAACCACAGGTCAGA-1,15
GTAACCAGTTCAGTAC-1,11
GTAACCATCTGTGCAA-1,0
GTAACCATCTTCCGTG-1,19
GTAAGTCAGTCACTAC-1,5
GTAAGTCGTACAGAGC-1,4
GTAATCGAGAGTTGAT-1,15
GTAATCGAGCGTGTTT-1,10
GTAATCGGTATTCCGA-1,0
GTAATCGGTCTAGTGT-1,0
GTAATCGGTTACCCAA-1,6
GTAATCGTCAGGAACG-1,19
GTAATCGTCGTTGTGA-1,1
GTAATGCAGACTCGAG-1,17
GTAATGCAGCATGAAT-1,9
GTAATGCAGCCTCTTC-1,1
GTAATGCAGGAAGAAC-1,5
GTAATGCCAACCAACT-1,2
GTAATGCCACGAAAGC-1,17
GTAATGCCATGGTGGA-1,11
GTAATGCGTAGGTACG-1,7
GTAATGCGTCACGACC-1,10
GTAATGCGTCTCCTGT-1,7
GTAATGCGTCTTGTCC-1,0
GTAATGCGTGATATAG-1,8
GTAATGCTCCTGTACC-1,16
GTAATGCTCTTTCAGT-1,0
GTACAACAGGTTAAAC-1,0
GTACAACCAACAGATA-1,10
GTACAACCATCCGCGA-1,18
GTACAACTCTCTCGAC-1,1
GTACAACTCTGGTGCG-1,4
GTACAGTAGTATTAGG-1,6
GTACAGTCAATGAGCG-1,7
GTACAGTCACAAGCTT-1,3
GTACAGTGTAGGATAT-1,13
GTACAGTGTGGAATGC-1,4
GTAGAAAAGGCAGGGA-1,8
GTAGAAACAAATGCGG-1,0
GTAGAAACAGCTTTGA-1,12
GTAGAAAGTCGCATCG-1,1
GTAGAAAGTGCCGAAA-1,14
GTAGAAAGTTCGGGTC-1,3
GTAGAAAGTTTAGAGA-1,1
GTAGAAATCTCGTCGT-1,12
GTAGAGGAGGATGCGT-1,15
GTAGAGGGTAGTCTTG-1,5
GTAGAGGGTCACCTTC-1,4
GTAGAGGTCACTTGGA-1,6
GTAGAGGTCTAAGAAG-1,0
GTAGAGGTCTGGCCTT-1,10
GTAGATCCACCAAAGG-1,5
GTAGATCCAGATGCGA-1,11
GTAGATCCATAAGCGG-1,4
GTAGATCGTCATCACA-1,12
GTAGATCGTGTGAGCA-1,8
GTAGATCTCAAGCCGC-1,19
GTAGATCTCAATCTTC-1,19
GTAGATCTCGCTACAA-1,3
GTAGCTAAGCCTGGAA-1,9
GTAGCTAAGGAGGCAG-1,18
GTAGCTAAGTATAACG-1,18
GTAGCTACAGCTATTG-1,10
GTAGCTACAGGCGTTC-1,19
GTAGCTAGTGTCTCCT-1,0
GTAGCTAGTTACACAC-1,10
GTAGCTAGTTGTCAGT-1,4
GTAGCTAGTTTACTTC-1,1
GTAGCTATCCTAGCTC-1,7
GTAGCTATCTTTGCTA-1,2
GTAGGAGAGCACCAGA-1,10
GTAGGAGAGCCGAACA-1,18
GTAGGAGAGTTGGACG-1,4
GTAGGAGCAACCCTAA-1,9
GTAGGAGCAAGCAATA-1,5
GTAGGAGCACCTTCGT-1,8
GTAGGAGCATCTAACG-1,9
GTAGGAGGTGTAGGAC-1,5
GTAGGAGGTTCAAACC-1,9
GTAGGAGTCAGCTGTA-1,5
GTAGGAGTCTCGCAGG-1,19
GTAGGAGTCTGCGGAC-1,6
GTAGGTTGTATACAGA-1,12
GTAGGTTGTTGGATCT-1,3
GTAGGTTTCGGACTGC-1,17
GTAGTACAGCGTACAG-1,1
GTAGTACCATGAAAGT-1,1
GTAGTACGTGCAGATG-1,3
GTAGTACTCAAAGCCT-1,4
GTATTGGAGGCTTAGG-1,1
GTATTGGCACCACTGG-1,4
GTATTGGGTCTTTCAT-1,3
GTATTGGGTGCATACT-1,11
GTATTGGGTTGGCTAT-1,3
GTATTGGTCGAACGGA-1,14
GTATTGGTCGTGGGTC-1,2
GTATTTCCAAATGGTA-1,13
GTATTTCCACTCCTTG-1,15
GTATTTCCAGCAGTCC-1,13
GTATTTCCAGCATGCC-1,3
GTATTTCCAGGAGGAG-1,7
GTATTTCGTATCGCAT-1,6
GTATTTCGTCACAGAG-1,2
GTATTTCTCCACGGGT-1,13
GTCAAACAGAGGGCGA-1,3
GTCAAACGTGACTCGC-1,11
GTCAAACTCCCGAGTG-1,17
GTCAAGTAGGTCGTCC-1,1
GTCAAGTCACACCAGC-1,8
GTCAAGTGTACAGTTC-1,4
GTCAAGTGTAGCGTAG-1,11
GTCAAGTGTGCTCTTC-1,4
GTCACGGAGGTTGGTG-1,4
GTCACGGAGTCGAAGC-1,5
GTCACGGCAACTTGCA-1,9
GTCACGGCATCCGGCA-1,1
GTCACGGCATGGGTCC-1,8
GTCACGGGTGTTAACC-1,7
GTCACGGTCAAGGCTT-1,18
GTCACGGTCCGTGTGG-1,6
GTCACTCGTGCAAGAC-1,3
GTCACTCGTTAAGGGC-1,11
GTCACTCGTTGGGCCT-1,17
GTCAGCGAGGATTCCT-1,16
GTCAGCGCACTTGGCG-1,0
GTCAGCGCAGCCCACA-1,6
GTCAGCGCATGACTCA-1,8
GTCATCCAGACTGAGC-1,14
GTCATCCCACTTGGGC-1,5
GTCATCCGTATGTCCA-1,6
GTCATCCGTGAGATCG-1,1
GTCATCCGTGTTGAGG-1,5
GTCATCCTCGACATTG-1,8
GTCATGAAGCTGAGTG-1,10
GTCATGAAGGCATGGT-1,19
GTCATGACAACAGAGC-1,5
GTCATGACAAGAGTGC-1,6
GTCATGACACCCTAAA-1,14
GTCATGAGTAGTCTGT-1,2
GTCATGATCCTAGCGG-1,6
GTCATTTAGGATACGC-1,7
GTCATTTCACATATGC-1,13
GTCATTTCAGGACATG-1,8
GTCATTTGTATGCAAA-1,11
GTCATTTGTGCTATTG-1,7
GTCATTTTCATTGTGG-1,18
GTCATTTTCTAGGCCG-1,11
GTCATTTTCTCATGCC-1,2
GTCCACTAGCATCAAA-1,0
GTCCACTAGGTGGTTG-1,9
GTCCACTAGTATGATG-1,2
GTCCACTCACTCCCTA-1,8
GTCCACTCATCTCGTC-1,0
GTCCACTCATGGAACG-1,1
GTCCACTGTATGCGGA-1,7
GTCCACTGTTTAGACC-1,1
GTCCACTTCATGGGAG-1,5
GTCCCATGTAACTGCT-1,8
GTCCCATTCGACCATA-1,11
GTCCTCAAGCTGGCCT-1,14
GTCCTCAGTCAACATC-1,0
GTCCTCAGTCTGTCAA-1,3
GTCCTCAGTGTCTTAG-1,4
GTCCTCAGTTACGCCG-1,5
GTCCTCATCAAGAGGC-1,5
GTCCTCATCCCATACC-1,15
GTCGAATAGAGCATTA-1,14
GTCGAATAGATTACCC-1,1
GTCGAATAGTTTCTTC-1,13
GTCGAATCAGCGAGTA-1,13
GTCGAATGTGATGAAT-1,2
GTCGAATTCAGACCGC-1,1
GTCGAATTCCGACGGT-1,8
GTCGAATTCGTAACTG-1,0
GTCGCGAAGAAGCCTG-1,15
GTCGCGAAGGAAGAAC-1,3
GTCGTAAAGAGGGTCT-1,1
GTCGTAACAATGTTGC-1,0
GTCGTAAGTCAAACGG-1,4
GTCGTAAGTGCTCTTC-1,15
GTCGTAATCTACACTT-1,2
GTCGTTCCAATTGCCA-1,6
GTCGTTCCAGATCATC-1,0
GTCGTTCCATACCAGT-1,2
GTCGTTCCATCAGCGC-1,11
GTCGTTCCATTACGGT-1,6
GTCGTTCGTCTACAAC-1,10
GTCGTTCTCATTTGGG-1,1
GTCGTTCTCCACCTGT-1,5
GTCGTTCTCTCGTGAA-1,12
GTCTACCAGCGCGTTC-1,9
GTCTACCCACAGCCAC-1,9
GTCTACCGTGTCATGT-1,9
GTCTACCGTTTCCAAG-1,9
GTCTACCTCATCCTGC-1,14
GTCTACCTCTCAGTCC-1,0
GTCTAGAAGTACTGGG-1,7
GTCTAGAGTACGCGTC-1,5
GTCTAGAGTCCTGTTC-1,17
GTCTAGAGTCTCAAGT-1,6
GTCTAGATCACTCGAA-1,5
GTCTAGATCATGCGGC-1,16
GTCTCACCAGGTACGA-1,5
GTCTCACGTATGTCAC-1,6
GTCTCACGTCATGACT-1,18
GTCTCACGTTACCGTA-1,5
GTCTCACTCGACGATT-1,17
GTCTCACTCGAGCCTG-1,10
GTCTCACTCGATTGGT-1,11
GTCTGTCAGCGAGTCA-1,10
GTCTGTCAGGCTCACC-1,12
GTCTGTCCACAAACGG-1,17
GTCTGTCGTTCGAGCC-1,5
GTCTGTCGTTGTACGT-1,0
GTCTGTCTCAATGCAC-1,1
GTCTGTCTCCAAACCA-1,15
GTCTTTAAGACCAACG-1,4
GTCTTTAAGCATCTTG-1,15
GTCTTTACACGCGTCA-1,6
GTCTTTACACTCCTTG-1,8
GTCTTTACATCTCAAG-1,16
GTGACGCAGCCAGAGT-1,13
GTGACGCAGGGAACAA-1,14
GTGACGCCACTGCGTG-1,0
GTGACGCGTCGGATTT-1,17
GTGAGCCAGAAGCGCT-1,0
GTGAGCCCAGGACATG-1,3
GTGAGCCGTCCGCAGT-1,0
GTGAGCCTCATGGTAC-1,6
GTGAGGAAGACATAAC-1,2
GTGAGGAAGTATGAGT-1,4
GTGAGGACAAGTGGGT-1,12
GTGAGGACAGCACCCA-1,19
GTGAGGACAGCGCTTG-1,15
GTGAGGAGTCACGCTG-1,11
GTGAGGATCCGTATGA-1,7
GTGAGTTAGTGGAAAG-1,2
GTGAGTTCAGTTTGGT-1,7
GTGAGTTTCTTAAGGC-1,10
GTGATGTAGAGAGTGA-1,7
GTGATGTGTCGAGCAA-1,14
GTGATGTGTGAGCCAA-1,0
GTGCACGCAAAGGCTG-1,6
GTGCACGGTGATTCTG-1,3
GTGCAGCAGACCAAAT-1,16
GTGCAGCAGAGCAGTC-1,12
GTGCAGCAGCTGTACT-1,9
GTGCAGCCACTTGAGT-1,13
GTGCAGCCAGACCATT-1,4
GTGCAGCCATCCGGCA-1,0
GTGCAGCGTCAATCTG-1,14
GTGCAGCGTCCTTTGC-1,15
GTGCGTGCAAGAATGT-1,9
GTGCGTGCAAGTACCT-1,0
GTGCGTGCACGTTCGG-1,8
GTGCGTGCACTGAGGA-1,3
GTGCGTGCATCATTTC-1,8
GTGCGTGCATCCCACT-1,6
GTGCGTGGTACGCTAT-1,11
GTGCGTGGTCGATTTG-1,4
GTGCGTGTCCGGACTG-1,9
GTGCGTGTCTTACGGA-1,8
GTGCTGGAGATGGTAT-1,18
GTGCTGGAGCTCCGAC-1,3
GTGCTGGAGGGCTAAC-1,16
GTGCTGGGTAGTCACT-1,8
GTGCTGGTCCTCACTG-1,17
GTGCTGGTCGTGACTA-1,18
GTGCTTCCATCGATGT-1,4
GTGCTTCGTATGTGTC-1,8
GTGCTTCGTCGATTTG-1,4
GTGCTTCGTGTAAATG-1,16
GTGCTTCTCAAAGACA-1,6
GTGCTTCTCGAAACAA-1,11
GTGCTTCTCTTCTCAA-1,3
GTGGAAGAGACGAGCT-1,10
GTGGAAGAGAGAGCCT-1,0
GTGGAAGCAGCACAGA-1,1
GTGGAAGCATGACCCG-1,13
GTGGAAGGTACTCCCT-1,0
GTGGAAGTCCACAGCG-1,2
GTGGAAGTCTCTGGTC-1,9
GTGGAGAAGAGTATAC-1,1
GTGGAGACAATTAGGA-1,10
GTGGAGACAATTGTGC-1,2
GTGGAGACACCGTGGT-1,4
GTGGAGACAGGACTTT-1,3
GTGGCGTAGGATGAGA-1,6
GTGGCGTAGGCATCTT-1,19
GTGGCGTAGGTAAAGG-1,16
GTGGCGTCAGACACAG-1,5
GTGGCGTCAGTCGCTG-1,15
GTGGCGTTCAGTGTGT-1,8
GTGGGAAAGCGAGTCA-1,4
GTGGGAAAGCTGTGCC-1,9
GTGGGAACAATGTGGG-1,2
GTGGGAATCAAGTTGC-1,10
GTGGTTAAGTATGACA-1,10
GTGGTTAAGTTGCTCA-1,1
GTGGTTAGTAGAATAC-1,0
GTGGTTAGTGGACTGA-1,15
GTGTAACAGTGACACG-1,0
GTGTAACCACCCATAA-1,17
GTGTAACCATAACTCG-1,16
GTGTAACGTAACGGTG-1,2
GTGTAACGTCTACGTA-1,16
GTGTAACTCACCGCTT-1,4
GTGTAACTCCAGCCTT-1,9
GTGTAACTCGCCGATG-1,10
GTGTCCTAGAGGGTCT-1,3
GTGTCCTAGCATTGTC-1,6
GTGTCCTCAAGATGGC-1,1
GTGTCCTCATCTCGTC-1,2
GTGTCCTGTGCTATTG-1,3
GTGTCCTGTGGCCCAT-1,5
GTGTCCTGTTCGTACA-1,1
GTGTCCTTCTTCTGGC-1,7
GTGTGATAGAAACCCG-1,4
GTGTGATCATGAGGGT-1,13
GTGTGATGTCGCATTA-1,1
GTGTGATTCTTCGTGC-1,4
GTGTGGCAGGCACTAG-1,15
GTGTGGCCAATGGGTG-1,17
GTGTGGCCATGATCTG-1,5
GTGTGGCGTCCAAATC-1,6
GTGTGGCGTTCTAACG-1,9
GTGTGGCTCTCCAAGA-1,15
GTGTTAGAGCCTATTG-1,3
GTGTTAGAGTATGATG-1,0
GTGTTAGCATGCCGGT-1,4
GTGTTAGGTACTTCCC-1,5
GTGTTAGTCAATCAGC-1,0
GTGTTCCAGCTGGTGA-1,14
GTGTTCCCACTGTCGG-1,16
GTGTTCCCAGTGCGCT-1,10
GTGTTCCCATATACCG-1,1
GTGTTCCGTACTTCCC-1,12
GTGTTCCGTTCTCACC-1,11
GTGTTCCTCCAACTGA-1,8
GTTACAGAGACGCATG-1,6
GTTACAGCATTGAAGA-1,0
GTTACAGGTAGGTACG-1,3
GTTACAGGTATTAAGG-1,8
GTTACAGGTGTGGTCC-1,4
GTTACAGTCTGAACGT-1,16
GTTACCCAGCCATCCG-1,10
GTTACCCCACCCAATA-1,18
GTTACCCCATGTACGT-1,6
GTTACCCGTAGCTTAC-1,1
GTTACCCGTCGGAACA-1,3
GTTACCCGTGTTCCTC-1,15
GTTACGAAGGCATGCA-1,4
GTTACGAAGTCCTACA-1,0
GTTACGACAAGCGCAA-1,10
GTTACGACATGCGGTC-1,11
GTTACGATCCCAACTC-1,14
GTTAGACCAAGACAAT-1,14
GTTAGACGTATCGAGG-1,11
GTTAGACGTTAAACCC-1,12
GTTAGACTCTGCTTTA-1,1
GTTAGTGAGCCAAGGT-1,11
GTTAGTGCAAGCACCC-1,19
GTTAGTGCAGCAGAAC-1,11
GTTAGTGGTGTTGAGG-1,5
GTTAGTGTCCTGTTGC-1,11
GTTATGGAGCCGAATG-1,14
GTTATGGAGTTGAAAC-1,15
GTTATGGCACTGGACC-1,2
GTTATGGGTGAGACCA-1,18
GTTATGGGTGATACTC-1,5
GTTATGGTCGTGCAGC-1,11
GTTATGGTCTTCCACG-1,6
GTTCATTAGAAGCTGC-1,1
GTTCATTAGCCTCAAT-1,18
GTTCATTAGGTTTGAA-1,6
GTTCATTGTATCCTCC-1,2
GTTCATTGTCGAGTGA-1,10
GTTCATTGTGAGTTTC-1,13
GTTCATTTCAACGCTA-1,4
GTTCATTTCCATAAGC-1,19
GTTCATTTCTTACGGA-1,3
GTTCCGTAGCAACAGC-1,0
GTTCCGTCACTAACCA-1,14
GTTCCGTCATGACTGT-1,10
GTTCCGTGTCGGAACA-1,9
GTTCCGTGTGAGTAGC-1,4
GTTCCGTGTGTATACC-1,17
GTTCCGTTCATTGCTT-1,12
GTTCCGTTCCATTGTT-1,9
GTTCCGTTCTGACGCG-1,7
GTTCGCTCAAGAGTGC-1,3
GTTCGCTCACCATATG-1,6
GTTCGCTGTTCCCACT-1,7
GTTCGCTGTTCCGCAG-1,12
GTTCGCTGTTGTTGTG-1,18
GTTCGCTTCTAAGAAG-1,4
GTTCTATCAATAGGAT-1,11
GTTCTATCACTCTAGA-1,3
GTTCTATCAGGTATGG-1,2
GTTCTATGTACAGTAA-1,7
GTTCTATGTCGTTTCC-1,12
GTTCTATTCGAATGCT-1,8
GTTGAACCAATGAACA-1,0
GTTGAACGTACATACC-1,8
GTTGCGGAGAAGGTAG-1,7
GTTGCGGAGGTGGCTA-1,5
GTTGCGGAGTCCGCGT-1,2
GTTGCGGCAGAACATA-1,7
GTTGCGGGTAATTAGG-1,4
GTTGCGGGTCGCGGTT-1,7
GTTGCGGGTCGTAATC-1,5
GTTGCTCAGTCTTCGA-1,6
GTTGCTCCAAGGATGC-1,11
GTTGCTCCACGTAGAG-1,10
GTTGCTCGTAGACTGG-1,2
GTTGCTCTCGACCTAA-1,9
GTTGTAGAGTTAGTGA-1,13
GTTGTAGCAGCCGTCA-1,16
GTTGTAGGTACAAGTA-1,16
GTTGTAGGTAGGACCA-1,16
GTTGTAGGTTAAGCAA-1,15
GTTGTAGTCACCCTCA-1,3
GTTGTAGTCCCTCAAC-1,6
GTTGTCCAGGTCCTGC-1,3
GTTGTCCCACAGCCTG-1,14
GTTGTCCCACCTGCTT-1,5
GTTGTCCGTCAGATTC-1,10
GTTGTCCTCAAAGACA-1,8
GTTGTCCTCAAGGTGG-1,3
GTTGTCCTCTTACACT-1,16
GTTGTGAAGAAGAACG-1,13
GTTGTGACAGAAGTTA-1,10
GTTGTGACAGCATTGT-1,7
GTTGTGACATGGCCAC-1,8
GTTGTGATCGCGCCAA-1,0
GTTTACTAGAGTTCGG-1,1
GTTTACTAGCCTAGGA-1,1
GTTTACTAGGCGAACT-1,2
GTTTACTGTAGGGAGG-1,16
GTTTACTTCGGCTATA-1,1
GTTTGGAAGGCATCAG-1,10
GTTTGGAAGTCCGTCG-1,0
GTTTGGAGTCTGCATA-1,2
GTTTGGAGTTCGGTAT-1,6
GTTTGGAGTTTCACAG-1,19
GTTTGGATCCCTCGTA-1,0
GTTTGGATCGAACGGA-1,6
TAACACGAGCGCCTCA-1,7
TAACACGGTATACCTG-1,0
TAACACGTCCCTCATG-1,18
TAACCAGAGCCTCAAT-1,15
TAACCAGCAACCGCCA-1,12
TAACCAGCACTAACCA-1,0
TAACCAGGTATGCAAA-1,13
TAACGACAGTTGAAAC-1,4
TAACGACGTAACCCGC-1,10
TAACGACGTATCGCGC-1,17
TAACGACGTGCCTGCA-1,2
TAACGACTCCGGTAGC-1,2
TAACTTCAGATACTGA-1,2
TAACTTCCATACTGTG-1,8
TAACTTCCATCGCCTT-1,9
TAACTTCTCCAACCGG-1,18
TAACTTCTCGCGGTAC-1,13
TAAGCACCACCCTAGG-1,11
TAAGCACGTGATGAAT-1,5
TAAGCACGTTCTCGTC-1,8
TAAGCCAAGACCCTTA-1,2
TAAGCCAAGCGAGTAC-1,2
TAAGCCAAGTGCAGGT-1,1
TAAGCCACAAACAGGC-1,9
TAAGCCAGTCTCCTGT-1,9
TAAGCGTAGAAGGCTC-1,9
TAAGCGTAGATCACTC-1,16
TAAGCGTAGCCATCCG-1,11
TAAGCGTAGCCTAGGA-1,18
TAAGCGTCAATACCTG-1,1
TAAGCGTGTAGCTGCC-1,9
TAAGCGTGTGGCTCTG-1,14
TAAGCGTGTTCCATTT-1,2
TAAGTCGCAGCCTACG-1,7
TAAGTCGCATACATCG-1,4
TAAGTCGGTAGCGATG-1,10
TAAGTCGGTTGTCAGT-1,13
TAAGTCGTCCGCATAA-1,7
TAAGTCGTCTGCCCTA-1,8
TAATCTCAGCGTGTCC-1,1
TAATCTCAGTGCTCAT-1,14
TAATCTCCAGATTCGT-1,15
TAATCTCGTCTAACTG-1,2
TAATCTCGTGTACATC-1,18
TAATTCCAGATCGCCC-1,13
TAATTCCCAGTGCGCT-1,3
TAATTCCGTACAGCGA-1,10
TAATTCCGTACTTCCC-1,4
TAATTCCGTCTGTGGC-1,7
TAATTCCGTGAGTCAG-1,2
TAATTCCGTTCTGAGT-1,6
TAATTCCTCGCCTCTA-1,11
TACAACGAGCCTTTGA-1,5
TACAACGCATACCAGT-1,4
TACAACGTCTCGCCTA-1,4
TACACCCAGAGGTTAT-1,9
TACACCCCAATGTGGG-1,2
TACACCCGTAGGATAT-1,7
TACACCCTCTCGGCTT-1,0
TACAGGTAGCCTCTTC-1,11
TACAGGTAGGTCTACT-1,4
TACAGGTAGGTTACAA-1,2
TACAGGTAGTAGGGTC-1,10
TACAGGTAGTGCTCAT-1,9
TACAGGTGTACAGAAT-1,14
TACAGGTGTACCACGC-1,0
TACAGGTGTATCACCA-1,8
TACAGGTGTTAGCGGA-1,13
TACAGGTTCATAGAGA-1,9
TACATTCAGCTAATCC-1,2
TACATTCAGGAGAATG-1,7
TACATTCCACACCTGG-1,0
TACATTCGTACAGCGA-1,2
TACATTCGTACTCCCT-1,4
TACATTCGTGCGGTAA-1,6
TACATTCTCTATTGTC-1,6
TACCCACCAACCAATC-1,2
TACCCACCAATGGCCC-1,8
TACCCACCACTGATTG-1,8
TACCCACTCATCGACA-1,12
TACCCACTCCACGGGT-1,8
TACCCGTAGGCACTCC-1,7
TACCCGTAGGGCTTCC-1,6
TACCCGTAGGTAAAGG-1,5
TACCCGTGTCCCGTGA-1,0
TACCCGTTCGCTCATC-1,11
TACCGAAAGGACAACC-1,0
TACCGAAAGTATCTGC-1,15
TACCGAACAAGGGCAT-1,12
TACCGAACACTTACAG-1,6
TACCGAATCAATCCGA-1,16
TACCGAATCAGCTGTA-1,13
TACCGGGAGGTATAGT-1,6
TACCGGGCAGACCATT-1,0
TACCGGGGTCTACGAT-1,4
TACCTCGAGACCTCAT-1,9
TACCTCGAGATACATG-1,15
TACCTCGAGATTCGAA-1,7
TACCTCGAGTCGAAAT-1,11
TACCTCGCAGTTTCGA-1,5
TACCTCGCATCCTATT-1,1
TACCTGCAGAATAGTC-1,11
TACCTGCCAACACAGG-1,17
TACCTGCCACCAACAT-1,6
TACCTGCGTCCAGGTC-1,1
TACCTGCGTTATAGAG-1,12
TACCTGCTCGACCAAT-1,10
TACCTGCTCTCTAAGG-1,8
TACGCTCAGCTTCATG-1,3
TACGCTCCACAGACGA-1,2
TACGCTCCAGAAATCA-1,15
TACGCTCGTGCACGCT-1,13
TACGCTCGTTAAGTCC-1,10
TACGCTCTCATCAGTG-1,3
TACGCTCTCCGGTTCT-1,15
TACGCTCTCGTGGGAA-1,15
TACGCTCTCTGCGGGT-1,5
TACGGGCAGGTCCGAA-1,3
TACGGGCCAACGCCCA-1,0
TACGGGCCACCGGCTA-1,12
TACGGGCCAGACCAAG-1,13
TACGGGCCAGAGGGTT-1,2
TACGGGCCAGCTTTGA-1,0
TACGGGCGTGGCATCC-1,5
TACGGGCGTTGTGTAC-1,7
TACGGGCTCCGACAGC-1,10
TACGGTAAGATCGCTT-1,2
TACGGTACACTCTAGA-1,5
TACGGTACATACAGCT-1,4
TACGGTAGTTTGGGAG-1,15
TACGTCCAGATAGCAT-1,11
TACGTCCAGGATACAT-1,14
TACGTCCCACAACCGC-1,12
TACGTCCCAGCTGGTC-1,3
TACGTCCTCAAACGTC-1,6
TACGTCCTCGCATAGT-1,13
TACTGCCAGAGCAGCT-1,18
TACTGCCAGATTGATG-1,10
TACTGCCAGGAACTAT-1,0
TACTGCCCACGCTTAA-1,1
TACTGCCCACGTCATA-1,4
TACTGCCGTGAGTCAG-1,10
TACTGCCTCGACGACC-1,6
TACTGCCTCTCAATCT-1,2
TACTTACAGCACAAAT-1,8
TACTTACAGCTGTCCG-1,13
TACTTACCAAATACAG-1,9
TACTTACGTCAGGTAG-1,2
TACTTACGTGCATTAC-1,0
TACTTACGTGGTTCTA-1,4
TACTTACGTGTACAGG-1,8
TACTTCACAATGAGCG-1,4
TACTTCAGTTTCGCTC-1,7
TACTTCATCGATACAC-1,12
TACTTGTCATGCCGGT-1,1
TACTTGTGTAAGAACT-1,11
TACTTGTGTGTCCAAT-1,11
TACTTGTGTTAAACCC-1,3
TACTTGTGTTCAGGTT-1,7
TACTTGTTCCATTGCC-1,8
TACTTGTTCTTCACGC-1,2
TAGACCAAGATCACCT-1,14
TAGACCAGTATCGTTG-1,9
TAGACCAGTCATTCCC-1,7
TAGACCAGTGCGGATA-1,18
TAGACCAGTTCGAACT-1,3
TAGACCATCAGACCCG-1,10
TAGACTGAGTGGCAGT-1,4
TAGACTGCATATCTCT-1,0
TAGACTGGTACAGGTG-1,15
TAGACTGTCCCAATAG-1,5
TAGACTGTCTGAGCAT-1,5
TAGAGTCAGCAAGGAA-1,12
TAGAGTCCACATCCCT-1,7
TAGAGTCGTATATGGA-1,11
TAGAGTCGTCTTCCGT-1,7
TAGAGTCTCACCCATC-1,12
TAGAGTCTCAGAATAG-1,1
TAGAGTCTCGCGGACT-1,0
TAGAGTCTCTAGGCCG-1,5
TAGATCGAGAGCAACC-1,18
TAGATCGAGCCACCGT-1,5
TAGATCGAGCTTTCTT-1,12
TAGATCGAGGTTCCGC-1,5
TAGATCGCAAAGGCTG-1,6
TAGATCGCACAGCGCT-1,9
TAGATCGCAGGAATCG-1,3
TAGATCGCATCAGCTA-1,11
TAGATCGGTATTTCCT-1,7
TAGATCGTCTGACAGT-1,9
TAGCACAAGGTGCATG-1,5
TAGCACACACGAAAGC-1,19
TAGCACACATAATGCC-1,11
TAGCACACATGACGTT-1,4
TAGCACATCGTCGACG-1,3
TAGGAGGGTCAGGAGT-1,14
TAGGAGGGTCCTATAG-1,0
TAGGAGGTCTGGGATT-1,12
TAGGGTTAGGGATCAC-1,0
TAGGGTTCAAATCGGG-1,1
TAGGGTTCAACGACTT-1,19
TAGGGTTGTAACAGGC-1,3
TAGGGTTGTAAGTTAG-1,12
TAGGGTTTCAGGTGTT-1,0
TAGGTACAGAGCAGTC-1,17
TAGGTACGTTCAATCG-1,10
TAGGTACGTTGGGTAG-1,3
TAGGTACTCAGCCCAG-1,6
TAGGTTGCAAAGTGTA-1,16
TAGGTTGCAGTCTACA-1,13
TAGGTTGGTTTCGTTT-1,7
TAGGTTGTCATCGTAG-1,14
TAGTGCAAGTGATTCC-1,0
TAGTGCAGTAACACGG-1,18
TAGTGCAGTGGTCAAG-1,10
TATACCTAGGCGAACT-1,0
TATACCTCAAATCCCA-1,3
TATACCTTCGAGCCTG-1,19
TATACCTTCGAGCTGC-1,11
TATATCCAGACATCCT-1,5
TATATCCAGAGGTCAC-1,7
TATATCCAGCGCCATC-1,7
TATATCCCAGACATCT-1,7
TATATCCCATACCACA-1,18
TATATCCGTGATACAA-1,10
TATCAGGAGAGTAACT-1,18
TATCAGGGTAGTCTTG-1,15
TATCAGGGTTGATGTC-1,0
TATCAGGTCCATGAGT-1,8
TATCAGGTCCCAGCGA-1,14
TATCAGGTCTGAGAGG-1,10
TATCCTACATACAGCT-1,13
TATCCTAGTCGGTACC-1,14
TATCCTATCAGTGTGT-1,18
TATCCTATCGACCAAT-1,17
TATCGCCAGACCATGG-1,3
TATCGCCAGACGGTTG-1,9
TATCGCCCAAGCGGAT-1,9
TATCGCCGTTTCGCTC-1,0
TATCGCCTCATGCCAA-1,3
TATCGCCTCGCACGAC-1,15
TATCTGTCATATGCGT-1,0
TATCTGTCATCGTGGC-1,0
TATCTGTGTAGAATGT-1,7
TATCTGTGTCGAATGG-1,5
TATCTGTGTTCGGCCA-1,13
TATCTGTTCATAGAGA-1,7
TATCTGTTCCATATGG-1,11
TATCTGTTCTGAATGC-1,17
TATCTGTTCTGGGCCA-1,1
TATCTTGCATCTCCCA-1,13
TATGTTCAGCGACTTT-1,14
TATGTTCCACAATGTC-1,10
TATGTTCGTAGCTTTG-1,11
TATGTTCGTGTGTTTG-1,7
TATGTTCTCCATCCGT-1,12
TATTCCAAGACATCCT-1,2
TATTCCAAGATAGCAT-1,9
TATTCCAAGATCCAAA-1,12
TATTCCAAGCCGGAAT-1,13
TATTCCAAGTGTTGTC-1,1
TATTCCACAAAGACGC-1,12
TATTCCAGTAACACCT-1,9
TATTCCATCGACGCGT-1,6
TATTCCATCTCACTCG-1,9
TATTGCTCATGACTTG-1,0
TATTGCTGTCTCGGAC-1,2
TATTGGGCAGCTCTGG-1,7
TATTGGGCAGGCATGA-1,3
TATTGGGGTCCCTAAA-1,2
TATTGGGGTCGACTGC-1,16
TATTGGGGTTAACCTG-1,7
TATTGGGTCAACACCA-1,11
TATTTCGAGAAACTAC-1,0
TATTTCGAGGCTTCCG-1,1
TATTTCGAGGTTGGTG-1,5
TATTTCGCAACCCTCT-1,0
TATTTCGCAGACCTAT-1,2
TATTTCGGTCAAAGCG-1,4
TATTTCGTCATCCTAT-1,9
TATTTCGTCTTGGAAC-1,0
TCAAGACCAATTGAGA-1,2
TCAAGACCAGGTGACA-1,17
TCAAGACCAGTCCCGA-1,1
TCAAGCAAGAACCCGA-1,0
TCAAGCAAGGTTCCAT-1,8
TCAAGCACAAATCCCA-1,11
TCAAGCACAGATACTC-1,1
TCAAGCAGTCATTCCC-1,19
TCAAGCAGTCTCAGGC-1,5
TCAAGCATCTCGAACA-1,17
TCAAGTGAGTGGAAAG-1,6
TCAAGTGCACACCTTC-1,4
TCAAGTGCATGATCTG-1,4
TCAAGTGGTTGCCTAA-1,19
TCAAGTGTCCGCGAGT-1,0
TCAAGTGTCCGGCAGT-1,2
TCAATCTCAAGGACAC-1,15
TCAATCTCAATGTCTG-1,13
TCAATCTCACACGGAA-1,2
TCAATCTCACACGTGC-1,9
TCAATCTCACGGCACT-1,17
TCAATCTGTTTGGGTT-1,6
TCAATCTTCAGCTGAT-1,7
TCAATCTTCGATACGT-1,2
TCAATTCAGCATCTTG-1,9
TCAATTCAGGTTCCAT-1,0
TCAATTCCAATAAGGT-1,7
TCAATTCCAATCCTAG-1,4
TCAATTCCAGACCAGA-1,2
TCAATTCCAGCACACC-1,17
TCAATTCGTCGGATTT-1,16
TCAATTCTCTCGGCTT-1,10
TCACAAGAGGCTGAAC-1,3
TCACAAGAGGGCTAAC-1,1
TCACAAGAGTGCAACG-1,5
TCACAAGCAATTGCGT-1,6
TCACAAGCACGTGAGA-1,17
TCACAAGCACTGCGAC-1,12
TCACAAGTCTAGATCG-1,13
TCACACCAGCACGATG-1,6
TCACACCAGCCGTAAG-1,1
TCACACCCAACCGCTG-1,2
TCACACCCAATACAGA-1,1
TCACACCGTCTAGGCC-1,0
TCACACCGTGCCCACA-1,10
TCACACCGTTACAGCT-1,9
TCACATTAGGCTTAAA-1,0
TCACATTCAAGGGTCA-1,12
TCACATTGTGTGTACT-1,13
TCACATTGTGTTTGCA-1,7
TCACATTTCCAAGAGG-1,1
TCACGCTCAGCAGGAT-1,0
TCACGCTGTACCACGC-1,13
TCACGCTTCACATTGG-1,3
TCACGCTTCTCGGTCT-1,9
TCACGGGAGCTGACCC-1,4
TCACGGGAGTTGGACG-1,4
TCACGGGCAGTGCGCT-1,4
TCACGGGCATCTGGGC-1,6
TCACGGGGTCCACATA-1,8
TCACGGGTCAGACCCG-1,14
TCACTATCAGCCGGTT-1,15
TCACTATCATGACAGG-1,17
TCACTATTCTGCTTAT-1,8
TCACTCGAGGAGTACC-1,8
TCACTCGCAACTTGCA-1,19
TCACTCGCATGACTGT-1,15
TCACTCGCATGAGTAA-1,6
TCACTCGGTAACTTCG-1,0
TCACTCGGTCCGTTTC-1,7
TCACTCGGTCGCATGC-1,13
TCACTCGTCCCTAGGG-1,8
TCAGCAAAGATGGGCT-1,12
TCAGCAAAGGACTAAT-1,5
TCAGCAAAGGATTTCC-1,5
TCAGCAAAGTGTACCT-1,13
TCAGCAACACGGGTAA-1,4
TCAGCAACAGTAGTTC-1,8
TCAGCAACATCTGCGG-1,17
TCAGCAAGTCATTCCC-1,10
TCAGCAAGTGTTGCCG-1,3
TCAGCCTAGCGCCATC-1,1
TCAGCCTCAAATGAGT-1,7
TCAGCCTGTCTACGAT-1,0
TCAGCCTGTTCTTGTT-1,9
TCAGCCTTCGGTCTGG-1,3
TCAGCCTTCGTCGCTT-1,10
TCAGGGCTCATACGAC-1,14
TCAGGTAAGCCGGAAT-1,12
TCAGGTAAGCGGCTCT-1,2
TCAGGTAGTCAGTCGC-1,5
TCAGGTAGTTGGACTT-1,2
TCAGTCCAGAAAGCGA-1,12
TCAGTCCAGCTCCATA-1,1
TCAGTCCAGCTCGGCT-1,6
TCAGTCCCACGCTGCA-1,3
TCAGTCCTCACAGAGG-1,6
TCAGTGACATGGATCT-1,15
TCAGTGAGTCGTTATG-1,6
TCAGTGATCCACGTAA-1,6
TCAGTGATCCCGATCT-1,13
TCAGTTTAGAAAGCGA-1,8
TCAGTTTTCTGTGCGG-1,0
TCATACTAGGTTAAAC-1,3
TCATACTCATCTCAAG-1,3
TCATATCAGAGGATGA-1,6
TCATATCAGCCTGTGC-1,10
TCATATCAGCTCAGAG-1,15
TCATATCAGCTGTACT-1,19
TCATATCCAGCTTTCC-1,16
TCATATCCATGACAGG-1,0
TCATATCTCCACTGAA-1,7
TCATATCTCCATACAG-1,9
TCATATCTCCGCGGAT-1,8
TCATATCTCGCCACTT-1,12
TCATATCTCGGTGTAT-1,3
TCATCATAGGGCAAGG-1,18
TCATCATCAAAGGCTG-1,9
TCATCATTCTAACACG-1,6
TCATCCGAGCGTCTCG-1,13
TCATCCGAGTATAACG-1,4
TCATCCGCAACCAGAG-1,11
TCATCCGCAACCCTAA-1,8
TCATCCGTCACATTGG-1,19
TCATCCGTCCGCATAA-1,10
TCATGAGAGTGCTCAT-1,8
TCATGAGTCGCTGTCT-1,8
TCATGCCAGATGGTAT-1,2
TCATGCCGTCGATGCC-1,11
TCATGCCTCATCACTT-1,11
TCATGCCTCCTTATAC-1,0
TCATGGAAGACATAAC-1,7
TCATGGAAGCGGTATG-1,14
TCATGGAAGTTTGGCT-1,0
TCATGGATCACTGGTA-1,14
TCATGTTAGAGTTGCG-1,1
TCATGTTAGCCGTTGC-1,12
TCATGTTAGCTGTTCA-1,3
TCATGTTAGTTGGCGA-1,4
TCATGTTCATGTTCGA-1,11
TCATGTTGTCCAAATC-1,10
TCATGTTGTCTACAGT-1,0
TCATGTTGTGACTATC-1,11
TCATGTTGTGTTATCG-1,11
TCATGTTGTTACCGTA-1,0
TCATGTTTCTGGACCG-1,5
TCATTACAGATGACAT-1,10
TCATTACAGGGAGTGG-1,4
TCATTACAGGTGAGAA-1,2
TCATTACTCCGCTAGG-1,4
TCATTACTCGAGAGAC-1,3
TCATTCAAGATACTGA-1,0
TCATTCACAACTCGAT-1,2
TCATTCACATGTCTAG-1,0
TCATTCAGTAAGACCG-1,17
TCATTCAGTCCTTGTC-1,5
TCATTCAGTTGCATGT-1,9
TCATTGTAGCCATTTG-1,6
TCATTGTAGTTCGCAT-1,0
TCATTGTAGTTGCTGT-1,12
TCATTGTCACTAACCA-1,4
TCATTGTGTAACCCGC-1,11
TCATTGTGTTGGCCTG-1,18
TCATTTGAGTTCTCTT-1,2
TCATTTGTCAGCTCTC-1,2
TCATTTGTCCAACCAA-1,1
TCATTTGTCTATGCCC-1,17
TCATTTGTCTTACCAT-1,4
TCCACCAAGATAGTCA-1,4
TCCACCAAGTCGGCCT-1,17
TCCACCAGTGAGAACC-1,1
TCCACCAGTGGGCTCT-1,7
TCCACCAGTTGCCGAC-1,5
TCCACCATCCCAGGAC-1,5
TCCACGTAGAAACCCG-1,15
TCCACGTAGACAAGCC-1,8
TCCACGTAGAGCTGAC-1,0
TCCACGTAGGACAGTC-1,9
TCCACGTAGGGCCCTT-1,1
TCCACGTCAAAGGAGA-1,15
TCCACGTCAGCAGTTT-1,4
TCCACGTGTCATCAGT-1,7
TCCACGTGTGTGTTTG-1,0
TCCAGAAAGACTCAAA-1,8
TCCAGAACAACCGACC-1,4
TCCAGAATCTACTGAG-1,4
TCCATCGAGATGGCAC-1,11
TCCATCGCAAGGAGTC-1,19
TCCATCGCAAGTCCCG-1,5
TCCATCGCAGCTAACT-1,13
TCCATCGCATGAAAGT-1,1
TCCATCGGTCATACCA-1,2
TCCATCGGTCGACTGC-1,16
TCCATCGTCAATCTCT-1,11
TCCATCGTCTTTGCTA-1,17
TCCATGCCAAGGCAAC-1,11
TCCATGCCAGCCTACG-1,7
TCCATGCGTTGGTACT-1,1
TCCATGCTCCTACGAA-1,15
TCCCACAAGGACAACC-1,11
TCCCACACAAGGGTCA-1,1
TCCCACACAGACCTAT-1,8
TCCCACACATAGGTAA-1,3
TCCCACAGTAGCTTAC-1,6
TCCCACAGTTGGACCC-1,12
TCCCACATCCTCTCGA-1,12
TCCCACATCCTTCACG-1,1
TCCCACATCTCCACTG-1,3
TCCCAGTCAACAGAGC-1,9
TCCCAGTGTCGCAACC-1,1
TCCCAGTTCCGCAAAT-1,7
TCCCAGTTCCGGACGT-1,6
TCCCATGCACGACTAT-1,3
TCCCATGCAGTATACC-1,17
TCCGAAAGTTTAGTCG-1,4
TCCGATCAGAAGCCTG-1,0
TCCGATCCACGACGAA-1,11
TCCGATCCACTACCCT-1,7
TCCGATCCACTGTCCT-1,19
TCCGATCCAGGAACCA-1,16
TCCGATCGTCGCAGTC-1,0
TCCGATCGTGGAACAC-1,7
TCCGATCGTTCCGCGA-1,14
TCCGATCTCAAGCTGT-1,4
TCCGGGAAGATAGTCA-1,9
TCCGGGAGTATGACAA-1,13
TCCGGGAGTGGCCCAT-1,13
TCCGGGAGTGTCCCTT-1,6
TCCGGGATCTGGCTGG-1,5
TCCGGGATCTTAAGGC-1,3
TCCGTGTGTCACTCGG-1,7
TCCGTGTGTTTCAGAC-1,1
TCCGTGTTCGGCGATC-1,12
TCCTAATAGAGGGTCT-1,0
TCCTAATAGTTTGTCG-1,3
TCCTAATCAGTGCCTG-1,6
TCCTAATTCCTTGACC-1,0
TCCTCCCAGAAATGGG-1,0
TCCTCCCAGACTTAAG-1,9
TCCTCCCCACGATAGG-1,12
TCCTCCCCAGTTCTAG-1,8
TCCTCCCGTACGGATG-1,14
TCCTCCCGTCTCACGG-1,2
TCCTCCCGTCTTTCAT-1,4
TCCTCCCTCACAGTGT-1,5
TCCTCCCTCTTAGCTT-1,11
TCCTCGACAGAGGCTA-1,16
TCCTCGAGTCTCGACG-1,0
TCCTCGATCCACTTCG-1,0
TCCTCTTAGGACATCG-1,10
TCCTCTTCATGCTGCG-1,11
TCCTCTTGTGACACAG-1,17
TCCTCTTTCTTCTTCC-1,9
TCCTGCAAGTATGGAT-1,2
TCCTGCAAGTGAGCCA-1,4
TCCTGCACAGTTCACA-1,18
TCCTGCAGTATTAAGG-1,9
TCCTGCAGTCTCAAGT-1,19
TCCTGCAGTGCTCTCT-1,11
TCCTGCATCAACTTTC-1,16
TCCTGCATCGAGCCTG-1,5
TCCTTCTAGTATAGGT-1,16
TCCTTCTGTTGTAAAG-1,3
TCCTTCTTCTGCTCTG-1,14
TCCTTTCCATCCTTCG-1,7
TCCTTTCTCACCCATC-1,8
TCCTTTCTCACCCTCA-1,16
TCCTTTCTCTCGACCT-1,1
TCGAACAAGCGACTAG-1,3
TCGAACAAGCTGAAGC-1,3
TCGAACATCACTTGGA-1,3
TCGAACATCCGGACTG-1,17
TCGAAGTAGCATACTC-1,0
TCGAAGTCAAATAGCA-1,3
TCGAAGTCAGACTCTA-1,9
TCGAAGTCATAACTCG-1,1
TCGAAGTCATATGAAG-1,9
TCGAAGTCATCCTCAC-1,5
TCGACCTAGCCGGAAT-1,0
TCGACCTAGGAAGTAG-1,10
TCGACCTCAAGACAAT-1,7
TCGACCTCACTAGTAC-1,10
TCGACCTCAGAAATCA-1,3
TCGACCTTCCTAAACG-1,18
TCGACCTTCCTTGAAG-1,12
TCGACCTTCGCTCCTA-1,7
TCGACCTTCGTAGTCA-1,9
TCGACCTTCTAGTGTG-1,2
TCGACGGAGTGTAGAT-1,4
TCGACGGCACGAGGTA-1,13
TCGACGGCAGTAGATA-1,13
TCGACGGCAGTAGTGG-1,5
TCGACGGCAGTTCACA-1,7
TCGACGGGTGTGTGTT-1,19
TCGACGGTCCGAAATC-1,13
TCGACGGTCGCTATTT-1,9
TCGATTTAGCGTTGTT-1,12
TCGATTTAGGAGCTGT-1,16
TCGATTTGTCCCGCAA-1,8
TCGATTTGTGTGGTCC-1,7
TCGATTTTCACTGTCC-1,6
TCGATTTTCATGCCCT-1,4
TCGATTTTCGTTCTAT-1,16
TCGCACTCAAGAAATC-1,4
TCGCACTGTGTACAGG-1,14
TCGCACTTCATACGGT-1,5
TCGCACTTCCCGAATA-1,12
TCGCACTTCGATACTG-1,16
TCGCAGGAGCGGTAAC-1,2
TCGCAGGCACGCTGTG-1,5
TCGCAGGCAGATTAAG-1,1
TCGCAGGGTCTACGTA-1,11
TCGCAGGGTGTCCACG-1,6
TCGCAGGTCGAAGGAC-1,17
TCGCTCAAGGCTGGAT-1,2
TCGCTCACAAATCGTC-1,19
TCGCTCACACGTACTA-1,1
TCGCTCACAGACGATG-1,14
TCGCTCATCCTGTACC-1,3
TCGCTCATCTCCAATT-1,4
TCGCTTGAGACATACA-1,6
TCGCTTGAGACTCGAG-1,5
TCGCTTGCAGTAGAGC-1,0
TCGCTTGTCAAGGACG-1,10
TCGCTTGTCCCGAACG-1,12
TCGCTTGTCCTAAACG-1,9
TCGGATACACACTGGC-1,10
TCGGATAGTTGGAGGT-1,1
TCGGATATCGTAGCCG-1,6
TCGGATATCTAACACG-1,6
TCGGATATCTTGAACG-1,4
TCGGGACAGCCTGAAG-1,11
TCGGGACAGGTAGCAC-1,7
TCGGGACAGTGTACAA-1,9
TCGGGACCAGCGTGCT-1,1
TCGGGACCAGTTAGAA-1,9
TCGGGACGTCGTAATC-1,2
TCGGGACGTGGAACAC-1,14
TCGGGACGTTAAGGAT-1,1
TCGGGACTCCAAGGGA-1,4
TCGGGCACAAGGGTCA-1,2
TCGGGCATCTCATGCC-1,12
TCGGGCATCTCGTCGT-1,2
TCGGGCATCTGAGATC-1,17
TCGGGTGAGCGAGTCA-1,1
TCGGGTGAGTGCCGAA-1,10
TCGGGTGCAGTGTATC-1,14
TCGGGTGCATGATGCT-1,6
TCGGGTGGTGCAACAG-1,7
TCGGGTGGTGCGGCTT-1,17
TCGGTCTAGAAGCCTG-1,12
TCGGTCTCAAGGTTGG-1,1
TCGGTCTGTAATGCGG-1,0
TCGGTCTGTCTACAGT-1,0
TCGGTCTGTTACCCTC-1,0
TCGTAGAGTAAGTTAG-1,6
TCGTAGAGTACAGTCT-1,3
TCGTAGAGTGTGGTCC-1,5
TCGTAGATCACTGCTC-1,16
TCGTAGATCAGGACAG-1,1
TCGTAGATCGCCGATG-1,1
TCGTCCAAGACATCAA-1,3
TCGTCCAAGCCTCAGC-1,17
TCGTCCAAGTTCGCAT-1,3
TCGTCCACAAGATGGC-1,9
TCGTCCACAGCGCGTT-1,11
TCGTCCAGTTACCTGA-1,16
TCGTCCATCATTCGGA-1,16
TCGTCCATCTAGCATG-1,0
TCGTCCATCTCGCTCA-1,0
TCGTGCTAGGAGAATG-1,4
TCGTGCTAGGCATCAG-1,8
TCGTGCTAGGGATCAC-1,10
TCGTGCTAGTTGCATC-1,15
TCGTGCTGTGAATTGA-1,13
TCGTGCTTCAGAGCAG-1,2
TCGTGCTTCCGAGATT-1,3
TCGTGCTTCCGGGACT-1,19
TCGTGGGAGCAAATGT-1,16
TCGTGGGAGGGTCTTT-1,0
TCGTGGGCAGTTGTTG-1,3
TCGTGGGGTGGGTCAA-1,6
TCGTGGGTCTGTGTGA-1,9
TCTAACTGTACTGACT-1,13
TCTAACTGTTTCGTAG-1,12
TCTAACTTCGTGTTCC-1,3
TCTACATCACCGTGGT-1,5
TCTACATGTTGAAGTA-1,10
TCTACATGTTGGACTT-1,1
TCTACATTCCATTTAC-1,7
TCTACATTCCGGCAAC-1,2
TCTACATTCGTGTCAA-1,14
TCTACCGAGTTACGAA-1,16
TCTACCGGTCTCCCTA-1,8
TCTACCGTCACTGCTC-1,8
TCTATACAGCCTTTCC-1,0
TCTATACCAATCTGCA-1,4
TCTATACCAGGGCTTC-1,11
TCTATACGTATGCGGA-1,13
TCTATACGTTTGAAAG-1,2
TCTATACTCGGAATGG-1,4
TCTATACTCTTTCCAA-1,5
TCTATCAAGCACACAG-1,9
TCTATCAAGGCAATGC-1,9
TCTATCAAGTCCCAGC-1,17
TCTATCAAGTGCACCC-1,6
TCTATCAGTATCCCAA-1,2
TCTATCAGTGTTGCCG-1,12
TCTATCATCTTCGCTG-1,1
TCTCACGAGACAACAT-1,2
TCTCACGCAAGACAAT-1,9
TCTCACGGTCATAGTC-1,2
TCTCACGGTCATATGC-1,10
TCTCACGTCGTTCAGA-1,9
TCTCACGTCTGCCTCA-1,8
TCTCACGTCTTCCTAA-1,17
TCTCAGCAGTAGGATT-1,19
TCTCAGCAGTGATAAC-1,18
TCTCAGCCACGCGCAT-1,11
TCTCAGCCAGTAACCT-1,1
TCTCAGCGTACCCAGC-1,15
TCTCAGCGTAGACAGC-1,6
TCTCAGCGTCCCGCAA-1,5
TCTCAGCTCATGCTAG-1,0
TCTCAGCTCTGCTAGA-1,7
TCTCCGACAAGTAGTA-1,8
TCTCCGACACTCTGCT-1,0
TCTCCGAGTTATGTGC-1,3
TCTCCGAGTTGGACCC-1,10
TCTCCGATCACTGGTA-1,4
TCTCCGATCCAAGGGA-1,14
TCTCCGATCCATACTT-1,15
TCTCTGGCAAGGCTTT-1,8
TCTCTGGCACAGAGAC-1,1
TCTCTGGGTATCCTCC-1,12
TCTCTGGGTCTCTCCA-1,6
TCTCTGGTCCTCACCA-1,3
TCTCTGGTCTAGGAAA-1,7
TCTCTGGTCTCAGAAC-1,13
TCTGCCACAAGCGGAT-1,0
TCTGCCACAGGCACAA-1,3
TCTGCCAGTGGGCTTC-1,0
TCTGCCAGTTCTAAGC-1,10
TCTGCCATCTAGAACC-1,9
TCTGGCTCAACCTATG-1,7
TCTGGCTCACGACGAA-1,1
TCTGGCTCAGGCGATA-1,4
TCTGGCTCATTCCTAT-1,12
TCTGGCTGTAAGTTGA-1,2
TCTGGCTGTTCCTAGA-1,0
TCTGGCTGTTCGTTCC-1,5
TCTGGCTTCCGATAAC-1,3
TCTGGCTTCTTGAACG-1,2
TCTGTCGAGCACTCCG-1,12
TCTGTCGAGTAGGATT-1,5
TCTGTCGAGTGCGCTC-1,15
TCTGTCGCACAGCTGC-1,15
TCTGTCGCAGAACTTC-1,5
TCTGTCGCAGGTGTGA-1,13
TCTTAGTAGATCACCT-1,2
TCTTAGTAGCGTGTCC-1,8
TCTTAGTCACCCAAGC-1,8
TCTTAGTCATGTACGT-1,16
TCTTAGTGTAAGTTAG-1,13
TCTTAGTGTGAGATCG-1,16
TCTTAGTGTGCATTAC-1,15
TCTTAGTTCCCTCAAC-1,3
TCTTCCTCAAACTGCT-1,8
TCTTGCGAGCCGAACA-1,1
TCTTGCGCACATGTTG-1,0
TCTTGCGCAGGTACGA-1,0
TCTTTGAGTAGATGTA-1,7
TCTTTGATCACCCTCA-1,5
TCTTTGATCCAGGACC-1,6
TGAACGTCAGCTTCGG-1,11
TGAACGTGTCTGTGTA-1,2
TGAACGTGTTGTCAGT-1,12
TGAACGTTCACTTTGT-1,1
TGAACGTTCCTTCAGC-1,11
TGAACGTTCTTACGGA-1,11
TGAATCGGTCACCGAC-1,6
TGAATCGGTCAGTCCG-1,12
TGAATGCCAGAGTGTG-1,2
TGAATGCCAGCTCTGG-1,2
TGAATGCCATGTAACC-1,2
TGAATGCTCTGGGCCA-1,18
TGACAGTAGAGTTGTA-1,5
TGACAGTCACAACGTT-1,11
TGACAGTCACCTAAAC-1,11
TGACAGTCACTCTCGT-1,1
TGACAGTCAGTACTAC-1,7
TGACAGTCATCAGCGC-1,7
TGACAGTGTATACCTG-1,5
TGACAGTGTTCCTAAG-1,1
TGACAGTGTTCCTACC-1,13
TGACCCTAGCCAACCC-1,1
TGACCCTCAACTGCCG-1,10
TGACCCTGTTGGTAGG-1,17
TGACGCGAGATTCGAA-1,16
TGACGCGAGGATTTAG-1,15
TGACGCGTCTGTACAG-1,3
TGACTCCAGCCAGACA-1,2
TGACTCCCATCGCTGG-1,12
TGACTCCTCGGTCTAA-1,7
TGACTCCTCTCGTCAC-1,1
TGAGACTAGAGGTATT-1,14
TGAGACTAGCCGCTTG-1,5
TGAGACTCACTAACCA-1,19
TGAGACTCAGCTAACT-1,13
TGAGACTCAGCTACCG-1,12
TGAGACTTCCCAAGTA-1,4
TGAGACTTCTGTTGGA-1,4
TGAGCATAGCTGAAGC-1,6
TGAGCATTCACAGAGG-1,13
TGAGCATTCCGGCAGT-1,4
TGAGCGCAGGTCATAA-1,3
TGAGCGCCAGCAGAAC-1,17
TGAGCGCCAGTTGCGC-1,13
TGAGGAGAGAGTGTTA-1,12
TGAGGAGAGCTTAAGA-1,19
TGAGGAGAGTACGTCT-1,5
TGAGGAGCACAACATC-1,3
TGAGGAGCACACTGGC-1,11
TGAGGAGCACGATTCA-1,11
TGAGGAGCAGCAATTC-1,1
TGAGGAGGTCTGTGCG-1,15
TGAGGAGTCCATTGTT-1,3
TGAGGAGTCGGAATGG-1,0
TGAGGGACAGACCGCT-1,0
TGAGGGACATCGATAC-1,5
TGAGGGACATGCAGGA-1,9
TGAGGGAGTTAAAGTG-1,17
TGAGGGATCTCTGGTC-1,6
TGAGGGATCTTTCCGG-1,7
TGAGGTTAGCATTTGC-1,16
TGAGGTTGTTGTCTAG-1,11
TGAGGTTTCAATGTCG-1,10
TGAGGTTTCATGGGAG-1,7
TGAGGTTTCCCTCATG-1,3
TGAGTCAAGACCTGGA-1,12
TGAGTCAAGGATCATA-1,13
TGAGTCAAGGTTTACC-1,3
TGAGTCACACAATTCG-1,6
TGATCAGAGAGCCATG-1,3
TGATCAGCAGTTCTAG-1,2
TGATCAGGTCGTTATG-1,9
TGATCAGGTTGGGACA-1,7
TGATCAGTCACCTTGC-1,11
TGATCAGTCGCTATTT-1,0
TGATCTTAGTCCGTCG-1,4
TGATCTTCATGGAAGC-1,14
TGATCTTGTCATCCGG-1,4
TGATCTTTCCGCACGA-1,4
TGATGCAAGCGACAGT-1,0
TGATGCAAGGGCTGAT-1,6
TGATGCAAGTGCAGCA-1,4
TGATGCACAGAGCCCT-1,10
TGATGCACAGTGGTGA-1,15
TGATGCAGTACTAGCT-1,7
TGATGCAGTCCTCATC-1,17
TGATGCAGTGCTGATT-1,1
TGATGCATCACTCACC-1,4
TGATGCATCAGGAGAC-1,4
TGATGCATCCTCAGAA-1,2
TGATGGTAGCGTCTGC-1,17
TGATGGTAGGCAATGC-1,15
TGATGGTAGGGATGTC-1,5
TGATGGTCAAACTCGT-1,1
TGATGGTGTCGTTGGC-1,14
TGATGGTTCGATTGAC-1,10
TGATGGTTCTACTCAT-1,11
TGATGGTTCTCCAAGA-1,0
TGATTCTAGAATAACC-1,18
TGATTCTAGAGCCGTA-1,14
TGATTCTAGATGGTCG-1,0
TGATTCTAGGACCCAA-1,0
TGATTCTAGTGAGTGC-1,8
TGATTCTAGTTTGTCG-1,13
TGATTCTCACAATCTG-1,13
TGATTCTCAGATCATC-1,3
TGATTCTTCGCAAGAG-1,7
TGATTCTTCGTTCCCA-1,17
TGATTCTTCTCCGCAT-1,13
TGATTCTTCTCTTCAA-1,4
TGATTCTTCTTCTGTA-1,9
TGATTTCAGTCTCCTC-1,6
TGATTTCCAAACCACT-1,8
TGATTTCGTACTTCCC-1,10
TGATTTCGTCTTAGTG-1,8
TGATTTCGTGACGCCT-1,0
TGATTTCGTTGGTGTT-1,15
TGCACGGAGGGCCCTT-1,16
TGCACGGCAATTGAAG-1,16
TGCACGGGTAGACAAT-1,6
TGCACGGGTGCTGATT-1,2
TGCAGATAGCCTGTGC-1,5
TGCAGATCAAGAGAGA-1,12
TGCAGATCATCCTAAG-1,4
TGCAGATGTATCTTCT-1,2
TGCAGATGTATGATCC-1,14
TGCAGATTCCCTCTAG-1,0
TGCAGGCAGATACATG-1,6
TGCAGGCAGCGTTAGG-1,9
TGCAGGCAGCTGAGCA-1,17
TGCAGGCAGGGATCAC-1,5
TGCAGGCCAACACACT-1,10
TGCAGGCCACCGGAAA-1,0
TGCAGGCTCAGACCTA-1,1
TGCAGGCTCCAGTTCC-1,3
TGCAGTAAGTGTACCT-1,19
TGCATCCAGATGTTAG-1,6
TGCATCCAGCGTATAA-1,5
TGCATCCAGGATGGCT-1,15
TGCATCCGTGGTCTAT-1,13
TGCATCCGTGTTACAC-1,8
TGCATCCGTTACTCAG-1,8
TGCATCCGTTGTCCCT-1,10
TGCATGAAGGGTGGGA-1,0
TGCATGAGTACCTAAC-1,9
TGCATGAGTCAAGCCC-1,9
TGCATGAGTGCATGAG-1,4
TGCATGATCCTCCACA-1,7
TGCCGAGAGGACATCG-1,17
TGCCGAGCAGGCACTC-1,12
TGCCGAGCATCATCTT-1,5
TGCCGAGGTGGCTACC-1,4
TGCCGAGGTTAGTTCG-1,9
TGCCGAGTCGGACCAC-1,16
TGCCGAGTCTCCCAAC-1,0
TGCGACGAGATACGAT-1,5
TGCGACGCAACGCCCA-1,0
TGCGACGCACTCCGGA-1,6
TGCGACGTCCAGTGCG-1,12
TGCGACGTCCATCGTC-1,13
TGCGATACAATCGCAT-1,1
TGCGATACACCCATAA-1,14
TGCGATACAGTCGGTC-1,4
TGCGATAGTACTCCGG-1,1
TGCGATATCCTCACCA-1,13
TGCGGCAAGACCACGA-1,11
TGCGGCAAGCCGAACA-1,2
TGCGGCAAGGTTCCGC-1,3
TGCGGCACATGTCAGT-1,2
TGCGGCAGTAAGCGGT-1,6
TGCGGCAGTCTACAAC-1,11
TGCGGCAGTCTGTTAG-1,14
TGCGGCAGTTCAGTAC-1,0
TGCGGGTCAAATACGA-1,0
TGCGGGTCATAACAGA-1,16
TGCTCCAAGTTATGGA-1,8
TGCTCCACAGTCAGAG-1,2
TGCTCCAGTTTGAACC-1,6
TGCTCCATCATGGAGG-1,7
TGCTCCATCCTTCACG-1,2
TGCTCCATCGTTCTGC-1,1
TGCTCCATCTCAGGCG-1,16
TGCTCGTAGGTTCATC-1,16
TGCTCGTCAATGTCTG-1,10
TGCTCGTCACAACGTT-1,3
TGCTCGTCAGTCTCTC-1,1
TGCTCGTGTCGAGTTT-1,5
TGCTCGTTCATGCTAG-1,9
TGCTCGTTCCGGTAAT-1,7
TGCTCGTTCTGCCCTA-1,7
TGCTGAACAACTGAAA-1,4
TGCTGAACAGTCGGAA-1,16
TGCTGAAGTGGATTTC-1,7
TGCTGAATCGCGATCG-1,1
TGCTTCGCAAGAGAGA-1,3
TGCTTCGGTAGTCACT-1,8
TGCTTCGGTCCTGGGT-1,6
TGCTTCGTCGTAATGC-1,5
TGCTTGCAGAATTTGG-1,4
TGCTTGCAGGCCTTCG-1,1
TGCTTGCAGTCGCCCA-1,8
TGCTTGCCAGGTTTAC-1,12
TGCTTGCGTGTCCAAT-1,18
TGCTTGCTCGATTGGT-1,12
TGCTTGCTCGCATAGT-1,8
TGGAACTAGACATATG-1,15
TGGAACTAGTTTGAGA-1,2
TGGAACTCAACCGCCA-1,18
TGGAACTGTTGAGGAC-1,15
TGGAACTTCCTAACAG-1,5
TGGAACTTCGCTCCTA-1,5
TGGAGAGGTCTCAAGT-1,8
TGGAGAGGTTGAATCC-1,19
TGGAGAGTCATTCTTG-1,12
TGGAGAGTCGGAACTT-1,7
TGGAGAGTCTTCGCTG-1,2
TGGAGGAAGATCGACG-1,7
TGGAGGAAGGCTATCT-1,12
TGGAGGACAATGCAGG-1,11
TGGAGGACATGCTGCG-1,1
TGGAGGAGTCTAGGCC-1,3
TGGAGGATCCACGTCT-1,12
TGGAGGATCGCATTAG-1,12
TGGATCACATGTCTAG-1,2
TGGATCAGTCTTACAG-1,2
TGGATCAGTGAGTTTC-1,12
TGGATCATCCGCTGTT-1,14
TGGATCATCGGATAAA-1,17
TGGATCATCTGTCGTC-1,0
TGGATGTAGAGTCAAT-1,16
TGGATGTCAGACAAAT-1,2
TGGATGTGTAACATAG-1,2
TGGATGTTCGGCTTCT-1,2
TGGCGTGAGGACCCAA-1,12
TGGCGTGAGGCATTTC-1,1
TGGCGTGAGTTCATCG-1,6
TGGCGTGCACTATCGA-1,1
TGGCGTGCATCGGAAG-1,10
TGGCGTGGTCTTCGAA-1,7
TGGCGTGGTGACCGAA-1,4
TGGGAAGAGGCTGGAT-1,19
TGGGAAGAGTATGGCG-1,8
TGGGAAGCAACAACAA-1,19
TGGGAAGCAACAGCCC-1,1
TGGGAAGGTAACGTTC-1,9
TGGGAAGGTAAGACCG-1,6
TGGGAAGGTAATGCGG-1,7
TGGGAAGGTCCTCCTA-1,2
TGGGAAGGTCTAGGTT-1,15
TGGGAAGTCCGGGACT-1,16
TGGGAAGTCCGTGACG-1,13
TGGGAAGTCTCGAACA-1,3
TGGGAGAAGCGAGTCA-1,13
TGGGAGAAGGCTTAGG-1,10
TGGGAGAAGGTCCCGT-1,16
TGGGAGAGTTGGCCGT-1,4
TGGGATTAGGTGCAGT-1,2
TGGGATTAGTAGCATA-1,6
TGGGATTCAGTTCCAA-1,15
TGGGATTGTGTTCGTA-1,15
TGGGATTTCGCGCCAA-1,2
TGGGCGTCAGTTGTCA-1,9
TGGGCGTGTACGTAGG-1,12
TGGGCGTGTTAACCTG-1,6
TGGGCTGGTCTAGGCC-1,8
TGGGCTGGTCTCAGGC-1,18
TGGGCTGGTGAATGAT-1,10
TGGGCTGTCTAGCATG-1,10
TGGGTTAAGAACAGGA-1,6
TGGGTTACAAAGCACG-1,1
TGGGTTACAGAGATGC-1,3
TGGGTTACATTGAAAG-1,3
TGGGTTAGTATCCTCC-1,12
TGGGTTAGTTGCAAGG-1,12
TGGTACACAAATGGAT-1,10
TGGTACACAAGCTCTA-1,3
TGGTACATCACTGCTC-1,10
TGGTAGTCATGTCTAG-1,11
TGGTAGTGTAGCTTTG-1,11
TGGTAGTGTGCACATT-1,0
TGGTAGTGTGCGCTCA-1,16
TGGTAGTGTGGCAGAT-1,5
TGGTAGTTCAGCTGTA-1,13
TGGTAGTTCAGTAGGG-1,1
TGGTGATCAGAGGAAA-1,5
TGGTGATCAGCGGTCT-1,16
TGGTGATGTCTAGGTT-1,2
TGGTGATGTCTTGCGG-1,3
TGGTTAGCAATCTGCA-1,11
TGGTTAGCATTGCTTT-1,6
TGGTTAGGTAAGGCCA-1,5
TGGTTAGGTTGATCGT-1,5
TGTAACGCATCTAGAC-1,6
TGTAACGTCGCCAATA-1,18
TGTAAGCAGCAAGCCA-1,5
TGTAAGCGTCCATAGT-1,7
TGTAAGCGTCTGTGGC-1,1
TGTAAGCTCCTTCACG-1,5
TGTACAGAGAGGCTGT-1,2
TGTACAGCATTCCTCG-1,3
TGTACAGGTGTCGATT-1,0
TGTAGACCAATAGGAT-1,7
TGTAGACTCACTGATG-1,18
TGTAGACTCTCATGCC-1,2
TGTCAGAAGGGTGGGA-1,0
TGTCAGACACAGTGTT-1,11
TGTCAGATCCCGAGTG-1,9
TGTCAGATCGAAGAAT-1,2
TGTCCACCAGTGGGTA-1,4
TGTCCACCATAATCGC-1,16
TGTCCACCATTCTCCG-1,3
TGTCCACGTCGTTGGC-1,3
TGTCCACTCGTGCGAC-1,11
TGTCCCAAGCGCAATG-1,12
TGTCCCAAGTGGAATT-1,14
TGTCCCACACAGACGA-1,10
TGTCCCACATGGGATG-1,18
TGTCCCATCAACCTCC-1,9
TGTCCCATCGGCTATA-1,9
TGTCCTGCATGGCTAT-1,4
TGTCCTGGTACGTACT-1,14
TGTCCTGTCTGCGGGT-1,19
TGTGAGTAGGTAGCAC-1,7
TGTGAGTCAAGACAAT-1,17
TGTGAGTCAGCAGGAT-1,10
TGTGAGTTCACACCGG-1,1
TGTGATGAGGCTTAGG-1,6
TGTGATGCAGGCGATA-1,9
TGTGATGGTACAAACA-1,10
TGTGATGTCAGCATTG-1,7
TGTGCGGAGATCCTAC-1,19
TGTGCGGAGTCTAGAA-1,3
TGTGCGGGTGTTTCTT-1,2
TGTGCGGTCGGTTCAA-1,3
TGTGCGGTCTGTCGCT-1,9
TGTGGCGAGAATCGCG-1,7
TGTGGCGAGCACCAGA-1,5
TGTGGCGAGCGTCTGC-1,19
TGTGGCGAGGTTCCAT-1,2
TGTGGCGAGTCGGGAT-1,14
TGTGGCGAGTTGCTCA-1,3
TGTGGCGCAACATCGT-1,9
TGTGGCGCACGTCGGT-1,4
TGTGGCGCAGCTACTA-1,15
TGTGGCGCATAGAATG-1,4
TGTGGCGGTATCGCTA-1,8
TGTGGCGTCAAAGGAT-1,7
TGTGTGAAGGTGATCG-1,13
TGTGTGACAGGTCAGA-1,0
TGTGTGAGTTCTCTAT-1,11
TGTTACTAGAAGTGTT-1,2
TGTTACTAGAATCGAT-1,0
TGTTACTAGTCAGCCC-1,10
TGTTACTGTGGCTTGC-1,6
TGTTACTTCTCTCGCA-1,2
TGTTCATAGACCAGAC-1,1
TGTTCATAGACGTCGA-1,7
TGTTCATAGTAATCCC-1,2
TGTTCATAGTATGAGT-1,15
TGTTCATAGTGTAGTA-1,0
TGTTCATCACGACGCT-1,19
TGTTCATCACGTACTA-1,8
TGTTCATCATCGATCA-1,9
TGTTCATCATGGTGGA-1,1
TGTTCATTCCGTGTAA-1,1
TGTTCCGAGAGGTGCT-1,11
TGTTCCGGTCGGCACT-1,4
TGTTCCGTCTATCACT-1,1
TGTTCTAAGGCTATCT-1,11
TGTTCTAAGTAGAGTT-1,7
TGTTCTAGTATGCTTG-1,4
TGTTCTATCATTATCC-1,14
TGTTCTATCGAATGCT-1,5
TGTTGAGAGATGCCGA-1,2
TGTTGAGAGGTAGTCG-1,1
TGTTGAGCACACGGTC-1,19
TGTTGAGCACAGTACT-1,0
TGTTGAGCACCTCAGG-1,16
TGTTGAGTCGAGCCTG-1,1
TGTTGGAAGATGTTAG-1,14
TGTTGGAAGGAAAGGT-1,3
TGTTGGAAGGGCAACT-1,3
TGTTGGAAGTCATAGA-1,12
TGTTGGAGTCGTGGTC-1,5
TGTTGGAGTGATAGAT-1,10
TGTTGGATCGACGATT-1,0
TGTTGGATCTCGTGAA-1,10
TGTTGGATCTGTCCGT-1,3
TGTTTGTAGCGCTGCT-1,7
TGTTTGTCATTAAGCC-1,2
TGTTTGTGTCGATTCA-1,0
TGTTTGTTCCCTAGGG-1,2
TTAATCCAGTCACTAC-1,0
TTAATCCAGTTGGCTT-1,14
TTAATCCCACGGCTAC-1,2
TTAATCCCACTTGTGA-1,11
TTAATCCCATCCTTCG-1,0
TTAATCCGTTCTCCAC-1,1
TTACAGGCAAGAGTGC-1,18
TTACAGGGTACGATTC-1,8
TTACAGGGTAGAGGAA-1,2
TTACAGGGTCAAGCCC-1,9
TTACAGGGTCCTCCAT-1,5
TTACAGGTCCAATCTT-1,19
TTACAGGTCGATTGGT-1,9
TTACAGGTCTGAACGT-1,8
TTACAGGTCTGAGAGG-1,7
TTACCATCACGTAGAG-1,13
TTACCATCAGGTATGG-1,3
TTACCATGTCATACCA-1,18
TTACCATGTGAACGGT-1,8
TTACCATTCGCGCCAA-1,18
TTACCATTCGGACAAG-1,2
TTACCATTCTTCGGTC-1,10
TTACCGCAGGCTGAAC-1,1
TTACCGCCAGGGTCTC-1,14
TTACCGCCATGTGCTA-1,2
TTACCGCTCCTCAGAA-1,6
TTACGCCAGTTGAAAC-1,5
TTACGCCGTCCCACGA-1,12
TTACGCCGTTCAATCG-1,16
TTACGCCGTTCCAAAC-1,5
TTACGCCTCCATACTT-1,6
TTACGCCTCTTACCAT-1,6
TTACGTTTCAAAGACA-1,0
TTACGTTTCAAGTCGT-1,11
TTACGTTTCGAGATGG-1,8
TTACTGTAGAATCCCT-1,2
TTACTGTAGGACTATA-1,0
TTACTGTAGGCTCAAG-1,1
TTACTGTAGGGAACAA-1,4
TTACTGTGTCATGCAT-1,4
TTACTGTGTCGACTTA-1,0
TTACTGTTCTCCGAAA-1,0
TTACTGTTCTTCGGTC-1,4
TTAGGCAAGCGAGAAA-1,7
TTAGGCACAATACGCT-1,9
TTAGGCAGTAATACCC-1,7
TTAGGCAGTAGTAAGT-1,5
TTAGGCAGTCTTGAAC-1,3
TTAGGCAGTTTATGCG-1,1
TTAGGCATCCGCTGTT-1,7
TTAGGGTAGCGACTGA-1,5
TTAGGGTCACCTATCC-1,4
TTAGGGTCATTCTTCA-1,7
TTAGGGTGTCTATGAC-1,4
TTAGGGTTCGGCACTG-1,6
TTAGGGTTCTTTGGAG-1,3
TTAGTCTAGACGAGCT-1,0
TTAGTCTAGGCTGAAC-1,9
TTAGTCTCAGAGGACT-1,18
TTATTGCCAGTCTTCC-1,1
TTATTGCGTATCGCTA-1,0
TTATTGCTCCTCTAAT-1,6
TTCAATCAGACAACTA-1,6
TTCAATCAGCGGCTCT-1,7
TTCAATCCAGGCTCTG-1,11
TTCAATCTCACGGGCT-1,12
TTCAATCTCGACGACC-1,4
TTCACCGAGGGCCAAT-1,11
TTCACCGCACTCACTC-1,0
TTCACCGTCAGTGTCA-1,10
TTCACGCAGTCATCCA-1,6
TTCACGCAGTTCTACG-1,0
TTCACGCCAACACAGG-1,2
TTCACGCCACCAGTAT-1,1
TTCACGCGTCTACACA-1,2
TTCACGCGTGGTCAAG-1,5
TTCACGCGTTAATGAG-1,7
TTCACGCGTTCAGGTT-1,15
TTCACGCGTTGCCGCA-1,7
TTCACGCTCCACCCTA-1,17
TTCACGCTCCTCACGT-1,17
TTCAGGAAGATAACAC-1,5
TTCAGGAAGATAGTCA-1,5
TTCAGGAAGCAAATCA-1,6
TTCAGGACAATAACGA-1,7
TTCAGGACACTAGGCC-1,3
TTCAGGACAGAGGCAT-1,0
TTCAGGACAGCTCTGG-1,6
TTCAGGACATCGCCTT-1,19
TTCAGGAGTAGGCTCC-1,4
TTCAGGATCAAGGCTT-1,13
TTCAGGATCACTACGA-1,14
TTCAGGATCGCATGAT-1,10
TTCAGGATCGCGCCAA-1,5
TTCATGTAGATTGATG-1,4
TTCATGTAGCCTGGAA-1,9
TTCATGTAGCTAAATG-1,14
TTCATGTAGGTCCCGT-1,12
TTCATGTCAACGTTAC-1,5
TTCATGTCAACTTGGT-1,10
TTCATGTCAGAAGTGC-1,16
TTCATGTCATCCTATT-1,11
TTCATGTCATGTTACG-1,2
TTCATGTCATGTTTGG-1,13
TTCATGTGTAATTGGA-1,3
TTCATGTGTATTGCCA-1,13
TTCATGTGTCGATGCC-1,17
TTCATGTGTTGCATAC-1,1
TTCATGTTCACACGAT-1,0
TTCATGTTCTGCCTGT-1,13
TTCATTGCAATCGCGC-1,1
TTCATTGCATAAGCAA-1,12
TTCATTGGTACGAGTG-1,0
TTCATTGGTATCAAGA-1,7
TTCATTGGTCGCTGCA-1,19
TTCATTGTCTATCCAT-1,1
TTCCAATAGCCTGCCA-1,5
TTCCAATGTCATCGCG-1,2
TTCCAATGTGCCCAGT-1,10
TTCCAATTCATGCTAG-1,3
TTCCACGCACGACAAG-1,6
TTCCACGCATAGCACT-1,4
TTCCACGGTACGTTCA-1,16
TTCCACGGTTGCATAC-1,4
TTCCACGGTTTGGGAG-1,5
TTCCACGTCCTCGATC-1,3
TTCCACGTCTGCGAGC-1,6
TTCCGGTAGCTGCCAC-1,5
TTCCGGTAGGGTCACA-1,11
TTCCGGTCACCGGAAA-1,7
TTCCGGTGTATGGAAT-1,4
TTCCGGTGTCTCCTGT-1,1
TTCCGGTGTTACGTAC-1,11
TTCCGGTTCTGTTCAT-1,2
TTCCGTGCAACCACAT-1,9
TTCCGTGCATTCACCC-1,13
TTCCGTGGTGGTTTAC-1,19
TTCCGTGTCATCTGTT-1,9
TTCCGTGTCGGTTAGT-1,4
TTCCGTGTCTCGGTAA-1,1
TTCCTAAAGAGGTCAC-1,9
TTCCTAAAGTTGTAGA-1,2
TTCCTAACAAGACGAC-1,11
TTCCTAAGTCGCGTCA-1,6
TTCCTCTCATTGAGGG-1,3
TTCCTCTGTAATTGGA-1,9
TTCCTCTGTACGGGAT-1,8
TTCCTCTGTTACCGTA-1,12
TTCCTCTTCAAGGCTT-1,19
TTCCTCTTCATCTACT-1,5
TTCCTTCAGACAACTA-1,0
TTCCTTCCAAGAATAC-1,4
TTCCTTCCATCACCAA-1,3
TTCCTTCCATGAGTAA-1,3
TTCCTTCGTAGTACGG-1,13
TTCCTTCTCCACTTCG-1,12
TTCCTTCTCGTGTGAT-1,3
TTCGATTAGCGTCAGA-1,1
TTCGATTAGTACCATC-1,7
TTCGATTCACCCTAGG-1,2
TTCGATTTCCGAACGC-1,14
TTCGATTTCTAGTACG-1,0
TTCGCTGAGTGGAAGA-1,3
TTCGCTGCAAGCGGAT-1,4
TTCGCTGGTTTAGTCG-1,5
TTCGGTCAGCGATGGT-1,1
TTCGGTCAGCTCGGCT-1,8
TTCGGTCCAATCGCAT-1,1
TTCGGTCCATCGTGCG-1,18
TTCGGTCGTCCCGGTA-1,13
TTCTAACAGACCAACG-1,14
TTCTAACAGTTTGAGA-1,10
TTCTAACCAATGCAAA-1,18
TTCTAACCACAACGTT-1,2
TTCTAACCAGTCTACA-1,15
TTCTAACCATATGAAG-1,12
TTCTAACGTTAGCGGA-1,17
TTCTAACTCTTCTAAC-1,6
TTCTAGTAGTCTGGTT-1,19
TTCTAGTCAGCTGAGA-1,11
TTCTAGTCAGGGCTTC-1,2
TTCTAGTGTAGCACGA-1,13
TTCTAGTGTCGCTTGG-1,15
TTCTAGTGTCTAGGTT-1,1
TTCTAGTGTGAGATCG-1,10
TTCTAGTTCTTGGGCG-1,3
TTCTCTCCAAGGTCGA-1,11
TTCTCTCCAGTATTCG-1,15
TTCTCTCCATGAAGCG-1,19
TTCTCTCGTAGACAAT-1,3
TTCTGTAAGTTACGGG-1,5
TTCTGTACACAGTCCG-1,4
TTCTGTACATCCGATA-1,16
TTCTGTAGTCGGTAAG-1,1
TTCTGTATCCTTTGAT-1,6
TTCTGTATCGCAATGT-1,1
TTCTTCCAGATTCGCT-1,9
TTCTTCCAGCTCTGTA-1,11
TTCTTCCGTGCTGCAC-1,10
TTCTTCCTCCCAACTC-1,17
TTCTTGAAGTGATAGT-1,2
TTCTTGAAGTTGGAGC-1,7
TTCTTGACAACTTGCA-1,8
TTCTTGACAGTTCACA-1,1
TTCTTGAGTGAGCGAT-1,8
TTCTTGAGTTCTATCT-1,6
TTCTTGATCCTAGCCT-1,2
TTCTTGATCGTAGAGG-1,17
TTGAACGAGGTAATCA-1,4
TTGAACGGTGCCTGCA-1,18
TTGAACGGTTGATGTC-1,2
TTGACCCAGGTGCGAT-1,15
TTGACCCCAAGATGGC-1,8
TTGACCCCACCAAAGG-1,16
TTGACCCGTACCGTCG-1,16
TTGACCCTCCACATAG-1,15
TTGAGTGAGAGTGAAG-1,7
TTGAGTGAGAGTTGAT-1,13
TTGAGTGAGCTAAACA-1,1
TTGAGTGGTAGACAGC-1,0
TTGAGTGGTCGAATGG-1,2
TTGAGTGTCGCTGATA-1,0
TTGATGGAGATTAGCA-1,0
TTGATGGAGCTTGTGT-1,5
TTGATGGCAACGACAG-1,3
TTGATGGCAGTATGAA-1,12
TTGATGGGTCATCAGT-1,6
TTGATGGGTCGAACGA-1,0
TTGATGGGTCTCGGAC-1,11
TTGATGGTCGGTTAGT-1,1
TTGATGGTCTGCGAGC-1,15
TTGCATTAGCAAGGAA-1,7
TTGCATTCAGCATGCC-1,10
TTGCATTCATGGAGAC-1,6
TTGCATTGTCACAGAG-1,1
TTGCCTGAGCCACCGT-1,12
TTGCCTGAGGAGATAG-1,1
TTGCCTGCACAAACGG-1,3
TTGCCTGGTAAGTTGA-1,3
TTGCCTGGTGGACAGT-1,16
TTGCCTGGTGGCCTCA-1,1
TTGCCTGGTTCTCGCT-1,2
TTGCCTGTCCACAAGT-1,11
TTGCCTGTCCTCATAT-1,2
TTGCGTCAGACGGTCA-1,1
TTGCGTCAGAGAATCT-1,10
TTGCGTCCAGAGGACT-1,1
TTGCGTCCAGTAACCT-1,11
TTGCGTCGTCTGATAC-1,18
TTGCGTCTCGGCGATC-1,17
TTGCTGCAGGGAGTTC-1,6
TTGCTGCCATAATGAG-1,1
TTGCTGCGTTTACCTT-1,8
TTGCTGCTCCGTGTCT-1,1
TTGCTGCTCGGTTAGT-1,2
TTGCTGCTCGTTAGTG-1,3
TTGGATGAGATGCTAA-1,3
TTGGATGCAAGTCCAT-1,12
TTGGATGCATAGCACT-1,7
TTGGATGGTATGAAGT-1,15
TTGGATGGTCCACTTC-1,1
TTGGATGGTTGTTGCA-1,0
TTGGATGTCTACCAGA-1,0
TTGGGATCAATGAGCG-1,6
TTGGGATCACGCAGTC-1,1
TTGGGATGTCGAGTTT-1,11
TTGGGATGTTCAAAGA-1,1
TTGGGCGAGCGTCAAG-1,0
TTGGGCGCACAACGCC-1,0
TTGGGCGCATGAATCC-1,8
TTGGGCGGTTGTTGCA-1,2
TTGGGTACAATCTAGC-1,9
TTGGGTACAGAGTAAT-1,8
TTGGGTATCTTTCCAA-1,2
TTGGTTTAGTCATAGA-1,1
TTGGTTTCAGCGGTTC-1,16
TTGGTTTCATTGCCGG-1,4
TTGGTTTTCGCTCTAC-1,5
TTGTGGAAGCGCTTCG-1,1
TTGTGGAAGTCGGCCT-1,16
TTGTGGACAGTATTCG-1,10
TTGTGGAGTAATGTGA-1,15
TTGTGGATCCTCTGCA-1,3
TTGTGGATCTCTATGT-1,12
TTGTGTTAGGGTGGGA-1,7
TTGTGTTAGTCTCCTC-1,15
TTGTGTTCAGTGCGCT-1,16
TTGTGTTGTTTCGTTT-1,3
TTGTGTTTCGTTGCCT-1,7
TTGTTCAAGACTACCT-1,17
TTGTTCAAGAGTGGCT-1,3
TTGTTCAAGCCGGATA-1,5
TTGTTCAAGGAACGTC-1,17
TTGTTCACAAGTGACG-1,10
TTGTTCAGTCAATGGG-1,5
TTGTTCAGTCTACACA-1,1
TTGTTGTAGGTACAGC-1,7
TTGTTGTAGTCTTCCC-1,9
TTGTTGTCACTGAGGA-1,3
TTGTTGTCATACCATG-1,4
TTGTTGTCATCGCTGG-1,7
TTGTTGTGTGAATGTA-1,14
TTGTTGTGTGCAAGAC-1,16
TTGTTTGAGTATTCCG-1,4
TTGTTTGCAATGCAGG-1,18
TTGTTTGCACTAGTAC-1,4
TTGTTTGCAGAATCGG-1,2
TTGTTTGGTCGTTTCC-1,17
TTGTTTGGTGCTGCAC-1,9
TTGTTTGTCTAGTGTG-1,8
TTTACCAAGGATTACA-1,2
TTTACCACAGGCATTT-1,3
TTTACCAGTCCAGTTA-1,2
TTTACGTAGAGAGTTT-1,18
TTTACGTAGCAATAGT-1,18
TTTACGTAGCGCCTTG-1,2
TTTACGTGTCGAATTC-1,8
TTTACGTTCGCCGTGA-1,14
TTTACGTTCGCCTTTG-1,2
TTTACTGAGCCGTAAG-1,9
TTTACTGAGGGAGGGT-1,9
TTTACTGCAATCGCCG-1,4
TTTACTGCAGATGCGA-1,5
TTTACTGCATCCGGCA-1,7
TTTACTGGTACGGCAA-1,5
TTTACTGTCCGTACGG-1,0
TTTACTGTCTCAGGCG-1,3
TTTAGTCAGCAATTCC-1,9
TTTAGTCCAGCTTCGG-1,6
TTTAGTCGTAAGCTCT-1,0
TTTAGTCGTATTGCCA-1,5
TTTAGTCGTTCGTACA-1,7
TTTAGTCTCTGTTGGA-1,7
TTTATGCAGCCGTCGT-1,5
TTTATGCCAGATAAAC-1,6
TTTATGCCAGATTTCG-1,2
TTTATGCGTACGCTTA-1,2
TTTATGCGTTCTTGTT-1,6
TTTATGCTCATCGCAA-1,10
TTTATGCTCATTCCTA-1,16
TTTATGCTCCCATACC-1,12
TTTATGCTCTCGCTCA-1,11
TTTCACAAGCAAATGT-1,8
TTTCACAAGTTCCAGT-1,8
TTTCACACAACTGAAA-1,3
TTTCACACACTCCTTG-1,6
TTTCACAGTAGGAGTC-1,8
TTTCACAGTGAGCCAA-1,0
TTTCAGTGTGCTCCGA-1,5
TTTCAGTGTTAGTCGT-1,8
TTTCAGTGTTCGGTTA-1,0
TTTCATGAGACCAAAT-1,3
TTTCATGAGACCAGCA-1,8
TTTCATGAGGTAGCCA-1,9
TTTCATGCACGCTGAC-1,1
TTTCATGCACTGCTTC-1,12
TTTCATGCATGGCGCT-1,19
TTTCATGGTGCTCTCT-1,6
TTTCCTCAGGGAGATA-1,0
TTTCCTCTCATGGATC-1,13
TTTCCTCTCGGTGTAT-1,14
TTTCCTCTCTGCGGCA-1,7
TTTCGATAGGAACATT-1,18
TTTCGATAGGGTTGCA-1,3
TTTCGATCAACCGGAA-1,16
TTTCGATCACCTAAAC-1,4
TTTCGATGTACAACGG-1,3
TTTCGATGTTAGAGTA-1,12
TTTCGATTCCGTAATG-1,8
TTTCGATTCGGCTCTT-1,16
TTTGACTAGTGTAGAT-1,3
TTTGACTCAATCCAGT-1,7
TTTGACTGTAACATCC-1,15
TTTGACTGTACTCGCG-1,8
TTTGACTGTCTGATCA-1,0
TTTGACTTCTCATTTG-1,2
TTTGATCCACCACTGG-1,3
TTTGATCGTACGACTT-1,14
TTTGATCGTATGAAAC-1,8
TTTGATCTCCTGTAGA-1,4
TTTGATCTCGGATACT-1,5
TTTGATCTCTCGTCAC-1,10
TTTGGAGAGTCCGTCG-1,1
TTTGGAGCATGACTCA-1,6
TTTGGAGGTGTACGCC-1,1
TTTGGAGGTTAACCTG-1,3
TTTGGAGTCTTCGGTC-1,11
TTTGGTTAGACTACCT-1,4
TTTGGTTAGTTAGAAC-1,0
TTTGGTTAGTTTGAGA-1,3
TTTGGTTCATGTGACT-1,1
TTTGGTTGTACAGCGA-1,17
TTTGGTTGTCCACACG-1,18
TTTGGTTTCGGAGTAG-1,11
TTTGTTGCAGGGACTA-1,1
TTTGTTGCATTGTAGC-1,0
TTTGTTGGTACCACGC-1,6
TTTGTTGGTCTGTCCT-1,7
TTTGTTGTCATGCGGC-1,15
