cell_id,label
AAACCCAAGCGCCTTG-1,15
AAACCCAAGTGGACGT-1,12
AAACCCACAGAAGTGC-1,7
AAACCCAGTCATTGCA-1,0
AAACCCATCATCGCAA-1,0
AAACCCATCCGATCGG-1,5
AAACCCATCGGTTAGT-1,6
AAACGAAAGTGCAGGT-1,4
AAACGAATCAATCTCT-1,14
AAACGAATCCCTCAAC-1,8
AAACGAATCCGTCCTA-1,7
AAACGAATCTTTGGAG-1,2
AAACGCTAGTCATTGC-1,13
AAACGCTCAATTTCTC-1,1
AAACGCTCAGCTGAAG-1,1
AAACGCTCAGGGAATC-1,7
AAACGCTCAGTGTACT-1,7
AAACGCTCATGGGATG-1,3
AAACGCTGTCGACGCT-1,14
AAACGCTGTTAAGACA-1,4
AAACGCTTCCGACATA-1,14
AAAGAACAGACAGCGT-1,12
AAAGAACAGATTGATG-1,0
AAAGAACAGTTCATGC-1,0
AAAGAACCACTGCGTG-1,16
AAAGGATCAGCTCTGG-1,6
AAAGGATGTATAATGG-1,1
AAAGGATGTGACTAAA-1,4
AAAGGATGTGAGGATC-1,14
AAAGGGCAGAATCGAT-1,2
AAAGGGCAGCTACTGT-1,1
AAAGGGCAGCTCTTCC-1,3
AAAGGGCCAGGGAGAG-1,11
AAAGGGCGTGGCTGCT-1,13
AAAGGGCTCAGACCGC-1,14
AAAGGGCTCCCTAGGG-1,12
AAAGGGCTCGCTCATC-1,0
AAAGGGCTCTAACACG-1,12
AAAGGGCTCTAGCAAC-1,13
AAAGGGCTCTCCACTG-1,8
AAAGGGCTCTTCGGAA-1,11
AAAGGTACAATCGTCA-1,3
AAAGGTACAGCACCCA-1,15
AAAGGTACAGGGATAC-1,2
AAAGGTATCCAAACCA-1,13
AAAGGTATCCGGTAGC-1,13
AAAGGTATCGCCGATG-1,12
AAAGTCCAGGCAGCTA-1,14
AAAGTCCAGTTGGAGC-1,5
AAAGTCCCAAGCGGAT-1,0
AAAGTCCTCAGGAAGC-1,5
AAAGTCCTCGCATGAT-1,5
AAAGTCCTCGGTGCAC-1,5
AAAGTGAAGGGTCACA-1,4
AAAGTGACAACAAGTA-1,8
AAAGTGAGTGATACCT-1,14
AAAGTGATCCAAATGC-1,10
AAATGGAAGTCGTCTA-1,12
AAATGGACAATCGAAA-1,9
AAATGGACACAGTACT-1,3
AAATGGACAGGGACTA-1,9
AACAAAGAGGCATTTC-1,4
AACAAAGAGTCACACT-1,10
AACAAAGCATGAGATA-1,16
AACAAAGGTTACGCCG-1,2
AACAAAGTCCGAGGCT-1,13
AACAAAGTCGCCTTTG-1,4
AACAACCGTCTACATG-1,0
AACAACCTCGCTAATG-1,1
AACAAGAAGAAAGTCT-1,1
AACAAGAAGATTGACA-1,13
AACAAGACAATAACGA-1,7
AACAAGAGTGATCGTT-1,8
AACAAGATCGACACCG-1,4
AACACACAGGGACACT-1,7
AACACACAGTAAACGT-1,12
AACACACTCTGAGGTT-1,13
AACAGGGCATACAGCT-1,12
AACAGGGGTAATCAAG-1,11
AACAGGGGTATTCTCT-1,10
AACAGGGGTGCCCACA-1,2
AACAGGGTCCTTATGT-1,9
AACAGGGTCGTGGGTC-1,3
AACAGGGTCTCCATAT-1,1
AACAGGGTCTCTTCAA-1,3
AACCAACCAAGTACCT-1,6
AACCAACCAGAGGACT-1,7
AACCAACCATATGCGT-1,12
AACCAACCATTACTCT-1,7
AACCAACGTACTAACC-1,3
AACCAACGTGAACTAA-1,13
AACCAACTCGTTCAGA-1,2
AACCAACTCTTAGGAC-1,11
AACCAACTCTTCCAGC-1,6
AACCAACTCTTCCTAA-1,16
AACCAACTCTTGCAGA-1,9
AACCACAAGCAGTACG-1,10
AACCACAAGCTCCATA-1,5
AACCACAGTTAGGACG-1,8
AACCACATCCACAGCG-1,4
AACCATGAGCGCACAA-1,8
AACCATGAGGTCGAGT-1,9
AACCATGCACACGGAA-1,4
AACCATGCAGCTGTTA-1,4
AACCATGGTGCAATAA-1,9
AACCATGGTGGTATGG-1,7
AACCATGGTTGAATCC-1,13
AACCCAAAGCTATCTG-1,1
AACCCAACAGAAATCA-1,6
AACCCAATCGTAATGC-1,1
AACCTGAAGCAGGTCA-1,1
AACCTGAAGTTACGAA-1,6
AACCTGAGTATGCAAA-1,3
AACCTGAGTCGATTCA-1,13
AACCTGATCTTGCGCT-1,12
AACCTTTAGCTTAGTC-1,6
AACCTTTAGTCGAAGC-1,4
AACCTTTGTGGAGGTT-1,4
AACGAAAAGATTGGGC-1,0
AACGAAAAGGTAGCAC-1,8
AACGAAAGTGAGATTA-1,6
AACGAAAGTGGACAGT-1,9
AACGAAATCGAGAACG-1,1
AACGGGAAGGTAGCCA-1,7
AACGGGAAGTTTCTTC-1,3
AACGGGAGTGCCGTTG-1,1
AACGGGATCGAACACT-1,9
AACGGGATCGAGTCCG-1,8
AACGGGATCTTGCAGA-1,8
AACGTCAAGCTACGTT-1,1
AACGTCACAAAGTGTA-1,13
AACGTCAGTGTAGTGG-1,0
AACGTCATCACGGAGA-1,2
AACTTCTAGAATAGTC-1,10
AACTTCTAGAGAGAAC-1,4
AACTTCTAGGTCACCC-1,7
AACTTCTCACCCAACG-1,12
AACTTCTGTAACGCGA-1,2
AACTTCTTCATCTATC-1,5
AACTTCTTCTACGGTA-1,6
AAGAACAAGCATCAAA-1,11
AAGAACACACGAGGAT-1,3
AAGAACAGTCGCACGT-1,12
AAGAACATCACGAACT-1,1
AAGAACATCACTCACC-1,3
AAGACAAAGTTTCTTC-1,4
AAGACAACACAAACGG-1,6
AAGACAACATCGTCCT-1,13
AAGACAAGTCCCAAAT-1,14
AAGACAAGTTGAGGAC-1,0
AAGACAATCGTGGAAG-1,6
AAGACTCAGAGTGGCT-1,2
AAGACTCAGTCATACC-1,3
AAGACTCCAAGCAGGT-1,6
AAGACTCCACAGTGTT-1,12
AAGACTCGTATCTCGA-1,5
AAGACTCTCCTAAGTG-1,8
AAGATAGAGAAGTCAT-1,15
AAGATAGAGCAACAAT-1,10
AAGATAGAGCTGTTCA-1,0
AAGATAGAGGTAACTA-1,3
AAGATAGAGGTACCTT-1,9
AAGATAGCACTTTATC-1,0
AAGATAGGTAATTGGA-1,12
AAGATAGGTGGTCTGC-1,2
AAGATAGGTGTGCCTG-1,4
AAGATAGTCAAGAGTA-1,9
AAGATAGTCCCTCTTT-1,2
AAGATAGTCGCTAAAC-1,6
AAGCATCAGATACATG-1,3
AAGCATCCATGTAACC-1,7
AAGCATCGTCAGGTGA-1,6
AAGCCATAGGGTCACA-1,2
AAGCCATCAAAGGTTA-1,8
AAGCCATCAGCAGTGA-1,8
AAGCCATCATTGTAGC-1,9
AAGCCATGTACTTGTG-1,8
AAGCCATGTATTCCTT-1,10
AAGCCATGTCCCTAAA-1,7
AAGCCATTCAGAACCT-1,4
AAGCCATTCCGTGGCA-1,7
AAGCGAGGTAGCTCGC-1,11
AAGCGAGGTTAATGAG-1,0
AAGCGAGTCAAAGGTA-1,11
AAGCGTTAGCGTGTCC-1,4
AAGCGTTAGGAGAGGC-1,16
AAGCGTTGTATCTTCT-1,9
AAGCGTTTCAAAGGAT-1,9
AAGGAATAGGCATCGA-1,0
AAGGAATCAAACCACT-1,4
AAGGAATCAGTTAGAA-1,1
AAGGAATGTATGTGTC-1,16
AAGGAATGTTATAGAG-1,3
AAGGAATTCAAGAAAC-1,13
AAGGAATTCCTGGCTT-1,10
AAGGAATTCGGACAAG-1,1
AAGGAATTCTCACGAA-1,15
AAGGTAAAGGGTTAGC-1,12
AAGGTAAAGTGAATAC-1,2
AAGGTAACAATGCTCA-1,12
AAGGTAAGTCTACACA-1,5
AAGGTAATCCCTTGTG-1,9
AAGGTAATCCTTCGAC-1,8
AAGGTAATCTGTTGGA-1,2
AAGTACCAGTCTGCGC-1,12
AAGTACCCAACTCCCT-1,0
AAGTACCCAGAGGCAT-1,9
AAGTACCGTAATCAGA-1,11
AAGTACCGTACCCACG-1,8
AAGTACCGTCGGAACA-1,0
AAGTACCGTTTGGAAA-1,13
AAGTACCTCAAGGCTT-1,0
AAGTACCTCACGGTCG-1,8
AAGTACCTCTAGACCA-1,13
AAGTCGTAGGAGACCT-1,4
AAGTCGTAGTCCCAGC-1,14
AAGTCGTCAATGAACA-1,6
AAGTCGTCACCGGTCA-1,6
AAGTCGTCACTCGATA-1,11
AAGTCGTCAGGCTATT-1,10
AAGTCGTCAGTAGAAT-1,12
AAGTCGTCATCTCAAG-1,11
AAGTCGTGTCGTACTA-1,14
AAGTGAAAGAAGTATC-1,7
AAGTGAAAGGAACATT-1,8
AAGTGAACAAGTGTCT-1,12
AAGTGAACAGGCAATG-1,12
AAGTGAACATCCTGTC-1,8
AAGTGAAGTATGAAGT-1,10
AAGTGAAGTCGGTGAA-1,12
AAGTGAATCAGAGTTC-1,3
AAGTGAATCGTCAAAC-1,9
AAGTTCGAGTCCGTCG-1,0
AAGTTCGAGTTTGTCG-1,12
AAGTTCGCAATTGGTC-1,14
AAGTTCGCAGAAGCTG-1,12
AAGTTCGGTACGCGTC-1,14
AAGTTCGGTCTTAGTG-1,6
AAGTTCGGTGTCTCCT-1,3
AAGTTCGGTTAGAAGT-1,5
AAGTTCGGTTCGGTTA-1,5
AAGTTCGGTTTGTGGT-1,4
AATAGAGAGAGCATTA-1,5
AATAGAGAGATACAGT-1,5
AATAGAGAGTTTGAGA-1,7
AATAGAGCAATTAGGA-1,0
AATAGAGCAGAAATTG-1,0
AATAGAGCAGTGCGCT-1,6
AATAGAGGTAGCGAGT-1,3
AATAGAGGTGGTCTGC-1,11
AATAGAGTCACTCCGT-1,16
AATAGAGTCCGATTAG-1,9
AATCACGAGTCGCTAT-1,3
AATCACGCAGCTCTGG-1,12
AATCACGCATTCGGGC-1,11
AATCACGGTAGATGTA-1,7
AATCACGGTTCTCAGA-1,2
AATCACGTCACCGGGT-1,8
AATCACGTCCAATCCC-1,6
AATCACGTCGTTGTGA-1,1
AATCGACGTACGCTTA-1,2
AATCGTGCATGTGACT-1,6
AATCGTGGTAGGTGCA-1,4
AATCGTGGTGTAGGAC-1,12
AATCGTGTCGTCACCT-1,5
AATCGTGTCTAGTGTG-1,4
AATGAAGAGACTTCAC-1,5
AATGAAGAGCGCCTTG-1,13
AATGAAGAGCTTCGTA-1,8
AATGAAGCACGTAACT-1,0
AATGAAGGTACAGGTG-1,7
AATGAAGTCCGATGCG-1,2
AATGACCCATGTGGCC-1,6
AATGACCGTAGGCTGA-1,10
AATGACCGTCAACATC-1,8
AATGCCAAGCTGAGTG-1,14
AATGCCACAGGCGATA-1,15
AATGCCAGTTAACCTG-1,7
AATGCCATCGTGCGAC-1,0
AATGGAAAGAGCAGTC-1,8
AATGGAAGTGAGTAAT-1,0
AATGGAAGTGCCCGTA-1,4
AATGGAAGTGGAAGTC-1,4
AATGGAATCGCCACTT-1,1
AATGGCTTCGAACGCC-1,6
AATTCCTAGGAGGGTG-1,8
AATTCCTCACGCGCAT-1,11
AATTCCTCACGGTGTC-1,16
AATTCCTGTTCTGACA-1,11
AATTCCTTCATTCGGA-1,10
AATTTCCTCCAGTACA-1,8
AATTTCCTCGTGCAGC-1,9
ACAAAGAAGAAGTGTT-1,6
ACAAAGAAGATGCCGA-1,9
ACAAAGACAAGGCGTA-1,5
ACAAAGACAGCAGATG-1,16
ACAAAGACATGCTGCG-1,4
ACAAAGAGTCATATGC-1,12
ACAACCACACTCTAGA-1,0
ACAACCACAGAACTCT-1,5
ACAACCACATTCTCCG-1,1
ACAACCAGTTCTCCAC-1,0
ACAACCATCCAGCACG-1,3
ACAAGCTAGCCTGCCA-1,1
ACAAGCTCACGGCGTT-1,13
ACAAGCTGTGAATGTA-1,8
ACAAGCTGTTCGTAAC-1,13
ACAAGCTTCGTAATGC-1,12
ACAAGCTTCTCTCAAT-1,6
ACACAGTAGGCGATAC-1,2
ACACAGTCAGAAATTG-1,0
ACACAGTGTAAGCAAT-1,3
ACACAGTGTAGCACGA-1,0
ACACAGTGTTCTATCT-1,1
ACACAGTGTTGACTGT-1,1
ACACAGTTCTCGCGTT-1,6
ACACCAACAATGAGCG-1,3
ACACCAACAGAGGACT-1,8
ACACCAACATGCCGGT-1,2
ACACCAACATGGAACG-1,15
ACACCAAGTACCAGAG-1,3
ACACCAAGTCACGTGC-1,5
ACACCAATCCGACATA-1,5
ACACGCGAGGCTCAAG-1,1
ACACGCGCACGAGGAT-1,7
ACACGCGGTGATTCAC-1,8
ACACGCGGTGCCCACA-1,4
ACACGCGTCTTTCGAT-1,14
ACACTGAGTACGCGTC-1,3
ACACTGAGTCCTCCAT-1,9
ACACTGAGTGCCAAGA-1,15
ACACTGATCATACGAC-1,3
ACAGAAAAGGACGCTA-1,0
ACAGAAAAGTATGATG-1,13
ACAGAAAGTCAGATTC-1,6
ACAGAAAGTCTACGTA-1,4
ACAGAAAGTGCCTTTC-1,12
ACAGAAATCCAAGCCG-1,9
ACAGCCGAGCTGACCC-1,13
ACAGCCGCACTTGTCC-1,0
ACAGCCGCATTGAAAG-1,7
ACAGCCGGTGCATGTT-1,16
ACAGCCGTCCACTTTA-1,6
ACAGCCGTCGTAGCTA-1,11
ACAGGGAAGGGAACAA-1,14
ACAGGGAAGGGACAGG-1,3
ACAGGGACACAACGAG-1,2
ACAGGGACAGGCTATT-1,6
ACAGGGACATGACTAC-1,5
ACAGGGACATGGGAAC-1,7
ACAGGGAGTTCCTAGA-1,11
ACAGGGAGTTCGGTAT-1,5
ACATCCCAGCTTAGTC-1,10
ACATCCCAGGCCTGAA-1,8
ACATCCCGTGCTGCAC-1,10
ACATCCCGTGCTGTCG-1,8
ACATCCCTCCACTAGA-1,0
ACATCCCTCGACATAC-1,2
ACATCGACAAAGTGTA-1,2
ACATCGACACCAGACC-1,0
ACATCGACAGGACTAG-1,12
ACATCGAGTAGCCAGA-1,2
ACATCGAGTGTCTTAG-1,2
ACATGCAAGAGCAAGA-1,13
ACATGCAAGGCCCACT-1,8
ACATGCACAGTGTGGA-1,1
ACATGCAGTACAACGG-1,6
ACATGCAGTGCATTTG-1,9
ACATGCATCTCGCGTT-1,12
ACATTTCAGTAATCCC-1,0
ACATTTCCAAATGCTC-1,9
ACATTTCCAATGCAGG-1,5
ACATTTCCAGTTGTCA-1,10
ACATTTCGTACTCCGG-1,15
ACATTTCTCCGGGACT-1,8
ACATTTCTCGAGAAAT-1,11
ACCAAACAGCATTGTC-1,9
ACCAAACAGCTGTACT-1,8
ACCAAACAGTTACTCG-1,3
ACCAAACCACGGCGTT-1,14
ACCAAACCAGCTATAC-1,1
ACCAAACCATCACGGC-1,5
ACCAAACCATGTCGTA-1,9
ACCAAACTCAAGTCTG-1,0
ACCAAACTCGTCTAAG-1,14
ACCAACAAGACGTCGA-1,6
ACCAACAAGCGTTCAT-1,3
ACCAACACATGAATAG-1,8
ACCAACAGTTGCATCA-1,9
ACCACAAAGCGAAACC-1,11
ACCACAAAGTACAGAT-1,12
ACCACAATCCGTGTCT-1,7
ACCATTTAGAAGGTAG-1,8
ACCATTTAGTAGCATA-1,0
ACCATTTCAAGGGTCA-1,6
ACCATTTGTTGCGGCT-1,11
ACCCAAAAGCACACAG-1,2
ACCCAAAAGCGCACAA-1,5
ACCCAAAAGGTACTGG-1,15
ACCCAAACAGGCGATA-1,0
ACCCAAAGTAAGAACT-1,11
ACCCAAAGTAGGACCA-1,6
ACCCAAAGTCACGCTG-1,7
ACCCAAAGTTTAGAGA-1,6
ACCCAAATCGATACAC-1,11
ACCCAAATCTCTGACC-1,0
ACCCTCACAAACGTGG-1,8
ACCCTCACACCGGCTA-1,11
ACCCTCACAGCACAAG-1,4
ACCCTCACATGAGTAA-1,6
ACCCTCAGTGCTAGCC-1,2
ACCCTCAGTGTCATTG-1,1
ACCCTCAGTTTCAGAC-1,17
ACCCTTGAGTATAGGT-1,11
ACCCTTGCAATGCTCA-1,16
ACCCTTGCACGACGTC-1,0
ACCCTTGCATCTCAAG-1,7
ACCCTTGGTCGGAAAC-1,2
ACCCTTGGTTAAGACA-1,11
ACCGTTCAGACTCATC-1,0
ACCGTTCAGCAACCAG-1,4
ACCGTTCGTGGAAGTC-1,9
ACCGTTCGTGTATACC-1,6
ACCGTTCTCACCGCTT-1,5
ACCTACCAGTCATACC-1,2
ACCTACCCAATAGGGC-1,6
ACCTACCCAATGCTCA-1,1
ACCTACCGTAGAATGT-1,0
ACCTACCGTCACATTG-1,15
ACCTACCGTTACCTGA-1,11
ACCTACCTCGTGGGAA-1,9
ACCTACCTCTACGGGC-1,15
ACCTGAAAGTTGGACG-1,6
ACCTGAACAACGCCCA-1,7
ACCTGAACAGGTCCCA-1,8
ACCTGAACATAGGTTC-1,5
ACCTGAAGTACACGCC-1,5
ACCTGAAGTATCGTTG-1,2
ACCTGAATCTGCACCT-1,2
ACCTGTCAGAGAAGGT-1,14
ACCTGTCCAGAGTGAC-1,5
ACCTGTCTCCGATCTC-1,0
ACCTGTCTCTTCGATT-1,4
ACGATCACAGTTTCAG-1,8
ACGATCACATGACGAG-1,8
ACGATCAGTAGTCTTG-1,4
ACGATCATCATTTCCA-1,4
ACGATCATCCTTGACC-1,13
ACGATCATCTCAGAAC-1,15
ACGATGTGTCTCGCGA-1,2
ACGATGTGTTACACTG-1,7
ACGCACGAGCAACAGC-1,15
ACGCACGAGCTCATAC-1,9
ACGCACGAGTCTCCTC-1,14
ACGCACGCAAGTTCGT-1,4
ACGCACGCATTGCCGG-1,6
ACGCACGGTTGCGTAT-1,3
ACGCACGGTTGGGAAC-1,11
ACGCACGTCAGATTGC-1,0
ACGCACGTCCCATAGA-1,4
ACGCACGTCTACGGGC-1,16
ACGGAAGAGATCCCAT-1,8
ACGGAAGAGGAACGTC-1,11
ACGGAAGCATCCCACT-1,1
ACGGAAGTCTGGAGAG-1,7
ACGGAAGTCTTGGATG-1,4
ACGGGTCAGGAACGTC-1,1
ACGGGTCCAGGTGACA-1,10
ACGGGTCCATGAAAGT-1,4
ACGGGTCTCACCTCTG-1,14
ACGGGTCTCCTGGGAC-1,6
ACGGTCGAGCCATGCC-1,15
ACGGTCGCAAACTGCT-1,9
ACGGTCGCAAGAAACT-1,2
ACGGTCGCAGTTAGAA-1,1
ACGGTCGCATGGATCT-1,1
ACGGTCGGTCAAGCCC-1,1
ACGGTCGGTGACTGAG-1,14
ACGGTTAAGCGTACAG-1,2
ACGGTTAAGGCCCGTT-1,4
ACGGTTAAGGTCCGAA-1,8
ACGGTTAAGGTTCCGC-1,12
ACGGTTACAGCAGTTT-1,6
ACGGTTACAGGATCTT-1,8
ACGGTTACATAATGAG-1,11
ACGGTTAGTGCTATTG-1,8
ACGGTTATCATGCATG-1,2
ACGGTTATCGCTATTT-1,13
ACGTAACAGCCATTGT-1,2
ACGTAACAGGAATTAC-1,4
ACGTAACAGTTGTACC-1,12
ACGTAACCAAGTACCT-1,3
ACGTAACGTCAACCAT-1,9
ACGTAACGTGCCCACA-1,9
ACGTAACGTGGATCAG-1,2
ACGTAACTCCAACCGG-1,8
ACGTAACTCCTGTAAG-1,10
ACGTACAAGCAAGGAA-1,10
ACGTACACAAGGCGTA-1,0
ACGTACACATCATCTT-1,3
ACGTACAGTACGGATG-1,2
ACGTACAGTCGCATGC-1,12
ACGTACAGTTATGGTC-1,15
ACGTACATCACTGAAC-1,7
ACGTAGTAGAAGCGAA-1,4
ACGTAGTAGCATCAGG-1,1
ACGTAGTCACCTATCC-1,0
ACGTAGTCAGTCTCTC-1,12
ACGTAGTCATCAGCGC-1,8
ACGTAGTTCGGCCCAA-1,16
ACGTAGTTCTGGACTA-1,9
ACGTCCTAGAACTGAT-1,1
ACGTCCTAGGAACGTC-1,5
ACGTCCTAGGACATCG-1,14
ACGTCCTAGTAGACCG-1,2
ACGTCCTCATATCTCT-1,13
ACGTTCCAGTCTAGCT-1,11
ACGTTCCCAAAGGCAC-1,6
ACGTTCCCAGCTGGTC-1,2
ACGTTCCGTCGAATGG-1,7
ACGTTCCGTTTCGATG-1,8
ACGTTCCTCCAGTACA-1,8
ACTACGAAGGGTGGGA-1,4
ACTACGACAAGTGCAG-1,10
ACTACGACAGGCTTGC-1,5
ACTACGACATGGAATA-1,16
ACTACGATCACTTGGA-1,15
ACTACGATCCTTGACC-1,0
ACTACGATCTTCACAT-1,15
ACTATCTAGTGCACAG-1,2
ACTATCTCACTTGTCC-1,2
ACTATCTCATTAAGCC-1,13
ACTATCTGTACTCAAC-1,5
ACTATCTGTTCCGTTC-1,12
ACTATCTTCCCTTGGT-1,6
ACTATCTTCGGCTGTG-1,5
ACTATGGAGCAGATAT-1,2
ACTATGGAGCCGGAAT-1,9
ACTATGGCAAGATGGC-1,9
ACTATGGTCATCCTGC-1,4
ACTATGGTCGGAGATG-1,4
ACTATTCCAGGTTCCG-1,5
ACTATTCCATTGAGCT-1,4
ACTATTCGTAGATTAG-1,4
ACTCCCAAGGTGATCG-1,8
ACTCCCAAGGTTACCT-1,8
ACTCCCACAGCTCGGT-1,17
ACTCCCAGTCACAGTT-1,11
ACTCCCAGTCGCACAC-1,0
ACTCCCAGTGGACTAG-1,0
ACTCCCAGTGGAGAAA-1,6
ACTCCCATCAAACCCA-1,3
ACTCCCATCGGAATGG-1,15
ACTCTCGAGACTTCGT-1,8
ACTCTCGAGAGGATGA-1,10
ACTCTCGTCCAACTAG-1,8
ACTGATGAGAGATTCA-1,4
ACTGATGAGTAGGTTA-1,12
ACTGATGCAGACCTAT-1,2
ACTGATGGTACTAAGA-1,9
ACTGATGGTATCACGT-1,17
ACTGATGGTGAATATG-1,13
ACTGATGTCATCGCCT-1,7
ACTGATGTCTCATTAC-1,8
ACTGCAAAGAAGTATC-1,9
ACTGCAAAGACCGCCT-1,4
ACTGCAAAGGGAGTGG-1,6
ACTGCAACAACCACGC-1,9
ACTGCAACACAAGGTG-1,1
ACTGCAACATACTGTG-1,13
ACTGCAAGTCCGATCG-1,14
ACTGCAAGTCTAACTG-1,11
ACTGCAATCTCAGTCC-1,17
ACTGTCCAGGACAGTC-1,5
ACTGTCCAGGCCTTCG-1,12
ACTGTCCAGTGCGCTC-1,13
ACTGTCCGTGGGCTCT-1,12
ACTGTCCGTTTGGAAA-1,0
ACTGTCCTCCTGGGTG-1,3
ACTGTCCTCGAATCCA-1,4
ACTGTCCTCTTTCTAG-1,5
ACTGTGAAGACTCTAC-1,13
ACTGTGAAGGGAGATA-1,0
ACTGTGATCCATTTCA-1,8
ACTTAGGAGGCTGAAC-1,7
ACTTAGGAGGGTGGGA-1,4
ACTTAGGAGTAAACTG-1,10
ACTTAGGCACACACGC-1,7
ACTTAGGCACTGAATC-1,6
ACTTAGGGTCATGGCC-1,2
ACTTAGGGTCGACTGC-1,14
ACTTAGGGTCTACACA-1,10
ACTTAGGTCGGTCTGG-1,8
ACTTATCAGGAAGTCC-1,1
ACTTATCCAACCCTAA-1,6
ACTTATCCAAGGCGTA-1,5
ACTTATCCATGGCACC-1,9
ACTTATCGTCAACCAT-1,2
ACTTATCGTCAGCGTC-1,3
ACTTATCGTGAGCTCC-1,0
ACTTATCGTTGCATGT-1,5
ACTTATCTCCATACTT-1,9
ACTTCCGAGACGTCGA-1,11
ACTTCCGCACCCAACG-1,5
ACTTCCGCATGCACTA-1,3
ACTTCCGGTGTATTGC-1,4
ACTTCGCAGCCATTTG-1,4
ACTTCGCAGTCATGAA-1,1
ACTTCGCAGTTCAACC-1,4
ACTTCGCCATTGGATC-1,11
ACTTCGCGTTTGGGAG-1,15
ACTTTCACACCAGACC-1,2
ACTTTCAGTCAGACGA-1,3
ACTTTCAGTCTTACAG-1,16
ACTTTCAGTGCTGCAC-1,15
ACTTTCATCAAAGGTA-1,7
ACTTTGTAGATGAAGG-1,8
ACTTTGTAGCAATTAG-1,14
ACTTTGTGTACCTAGT-1,12
AGAAATGCACAGTCGC-1,0
AGAAATGCAGAGGTAC-1,11
AGAAATGGTCCTCCTA-1,12
AGAAATGGTCTTCTAT-1,10
AGAAATGTCACAGTGT-1,1
AGAACAACAGTGGGTA-1,7
AGAACAAGTACCGTGC-1,10
AGAACAAGTCCACAGC-1,0
AGAACAAGTGGTAATA-1,4
AGAACAAGTTGGTACT-1,0
AGAACAATCTTTGGAG-1,9
AGAACCTGTATGATCC-1,6
AGAACCTGTCGCGGTT-1,14
AGAACCTGTGTCCAAT-1,3
AGAACCTGTGTCCACG-1,5
AGAACCTTCATAAGGA-1,8
AGAAGCGAGTATGGAT-1,1
AGAAGCGCATGGCGCT-1,4
AGAAGCGGTCCACATA-1,2
AGAAGCGGTCCGGTCA-1,13
AGAAGTACACCCTAAA-1,3
AGAAGTAGTCAAAGTA-1,6
AGAAGTAGTCCGAAAG-1,5
AGACAAAAGTGTTGAA-1,2
AGACAAAGTAGCCCTG-1,5
AGACAAAGTCTAACTG-1,4
AGACAAAGTCTTCCGT-1,11
AGACAAATCGCTATTT-1,0
AGACAAATCGTGCGAC-1,9
AGACACTAGCCATATC-1,5
AGACACTAGTACAGAT-1,1
AGACACTAGTGCAACG-1,0
AGACACTGTAATACCC-1,13
AGACACTGTCCACAGC-1,4
AGACACTGTCCTGAAT-1,4
AGACACTTCATTTGGG-1,0
AGACACTTCCCTCGAT-1,0
AGACAGGAGTTCGCAT-1,0
AGACAGGCATACGCAT-1,12
AGACAGGGTGGCTACC-1,2
AGACAGGTCTTGGTCC-1,11
AGACCATCACCACATA-1,14
AGACCATGTCTCAAGT-1,10
AGACCATGTCTTAGTG-1,16
AGACCATTCAAGAGGC-1,0
AGACCATTCAGGCGAA-1,2
AGACCATTCCGCTGTT-1,5
AGACCCGAGAATTGCA-1,1
AGACCCGCATAGTCGT-1,7
AGACCCGCATCGGATT-1,15
AGACCCGGTCGAGCAA-1,17
AGACCCGGTGGCTCTG-1,4
AGACTCAAGAGGGCGA-1,1
AGACTCACAAGTATCC-1,12
AGACTCACACTTCTCG-1,4
AGACTCACATCTCCCA-1,5
AGACTCAGTCTTGAGT-1,4
AGACTCAGTTGAAGTA-1,12
AGACTCAGTTGCGTAT-1,10
AGAGAATAGGCTATCT-1,12
AGAGAATCACGCGCAT-1,12
AGAGAATGTCCAACGC-1,4
AGAGAATTCAGCTGAT-1,14
AGAGAATTCCCACAGG-1,1
AGAGAGCAGTGAGTTA-1,11
AGAGAGCCAAGTCCAT-1,4
AGAGAGCCATCCCACT-1,1
AGAGAGCCATGTGGTT-1,0
AGAGAGCGTCAACCTA-1,2
AGAGAGCGTCTCGGAC-1,2
AGAGAGCGTTCTCCAC-1,1
AGAGAGCTCACCCTGT-1,5
AGAGAGCTCTTTCTAG-1,6
AGAGCAGGTTGCAACT-1,6
AGAGCAGTCCTGGGTG-1,13
AGAGCAGTCTTGGCTC-1,1
AGAGCCCAGACTCCGC-1,13
AGAGCCCAGCAGGGAG-1,0
AGAGCCCAGTTGGAAT-1,16
AGAGCCCCACAATGCT-1,15
AGAGCCCGTCAACATC-1,3
AGAGCCCTCAGACCCG-1,10
AGAGCCCTCATTGCGA-1,4
AGAGCCCTCCATACAG-1,0
AGATAGACAAGGATGC-1,7
AGATAGACATCTAACG-1,12
AGATAGATCGGTCACG-1,12
AGATCCAAGGGAGAAT-1,10
AGATCCACAGGCTTGC-1,7
AGATCCAGTCGGTGAA-1,8
AGATCCAGTTCAGTAC-1,2
AGATCCAGTTTCGGCG-1,10
AGATCCAGTTTGGGTT-1,14
AGATCGTAGGGAGTTC-1,5
AGATCGTCACAGAAGC-1,10
AGATCGTGTAATTAGG-1,2
AGATCGTGTCTGTGGC-1,0
AGATCGTGTTCAGCTA-1,17
AGATCGTGTTCCTAAG-1,7
AGATCGTTCGAACCTA-1,5
AGATCGTTCGAGAACG-1,2
AGATGAAAGTGATAAC-1,10
AGATGAACAAGTGGGT-1,2
AGATGAACACAGCCAC-1,8
AGATGAACAGAGTAAT-1,16
AGATGAACAGCTGTCG-1,13
AGATGAAGTAGGCAGT-1,13
AGATGAAGTTCCTAGA-1,9
AGATGAATCTCATAGG-1,17
AGATGCTAGGACATCG-1,6
AGATGCTCAACGTATC-1,4
AGATGCTCAAGGTCTT-1,16
AGATGCTCAAGTTCCA-1,13
AGATGCTTCATCACTT-1,8
AGATGCTTCTGTCTCG-1,14
AGCATCAAGTGAATAC-1,13
AGCATCAGTTGGGTAG-1,1
AGCATCATCTTTCCGG-1,6
AGCCAATAGCACGGAT-1,1
AGCCAATAGCTAGAAT-1,16
AGCCAATTCGGTGTTA-1,10
AGCCAATTCTATCGCC-1,3
AGCCAATTCTGTCCCA-1,15
AGCCACGCACAATGCT-1,10
AGCCACGCACCAGCGT-1,14
AGCCACGCAGCTATTG-1,7
AGCCACGGTAGCCCTG-1,16
AGCCACGGTATGTCCA-1,7
AGCCACGGTCAAAGAT-1,10
AGCCACGGTCTACAGT-1,4
AGCCACGGTTGCAAGG-1,8
AGCCACGTCGGTAACT-1,13
AGCCAGCAGCGCTTCG-1,9
AGCCAGCAGTACTCGT-1,6
AGCCAGCCACTTGTGA-1,5
AGCCAGCTCTCGTTTA-1,5
AGCGATTAGGATTTAG-1,10
AGCGATTAGGTAACTA-1,3
AGCGATTCAACTAGAA-1,5
AGCGATTCATGGAACG-1,11
AGCGATTGTGTTACTG-1,15
AGCGATTGTTTGTGGT-1,3
AGCGCCAAGCTATCTG-1,6
AGCGCCACAAAGGATT-1,13
AGCGCCACAACCCTAA-1,7
AGCGCCACAGCCATTA-1,15
AGCGCCACATTCTTCA-1,9
AGCGCCAGTTCTAAGC-1,12
AGCGCCAGTTGCACGC-1,9
AGCGCCATCAGTCAGT-1,13
AGCGCCATCGCTCATC-1,7
AGCGCTGAGGCGTCCT-1,5
AGCGCTGCAACACGAG-1,11
AGCGCTGGTCTACGTA-1,0
AGCGCTGGTGGCTAGA-1,1
AGCGTATAGCTGACCC-1,1
AGCGTATTCCACGGAC-1,5
AGCGTATTCGTGTGAT-1,13
AGCGTATTCTCGCCTA-1,4
AGCGTCGAGACGTCCC-1,10
AGCGTCGAGACTTCCA-1,1
AGCTACAAGTGGGAAA-1,10
AGCTACACAGAGCCCT-1,6
AGCTACAGTAGCTCGC-1,13
AGCTACAGTAGTATAG-1,11
AGCTACAGTTAGAAAC-1,12
AGCTACAGTTCCACAA-1,4
AGCTACAGTTGTGTTG-1,4
AGCTCAAAGCAATAAC-1,9
AGCTCAAAGCGGTAAC-1,0
AGCTCAACACCTGTCT-1,3
AGCTCAAGTGGTCTCG-1,8
AGCTCAAGTTCAAGTC-1,6
AGCTTCCAGAAGTCTA-1,8
AGCTTCCAGGTTCATC-1,5
AGCTTCCCATGTGACT-1,5
AGCTTCCGTTGGCTAT-1,15
AGCTTCCTCAGCCTTC-1,15
AGGAAATAGTATGCAA-1,5
AGGAAATCACCGGTCA-1,5
AGGAAATCACGCTTAA-1,2
AGGAAATCATCGATAC-1,6
AGGAAATGTCCACTCT-1,4
AGGAAATTCTCGGTCT-1,3
AGGAATAAGCTAGCCC-1,4
AGGAATAAGGTACATA-1,7
AGGAATATCCCGTAAA-1,15
AGGAATATCCGTCCTA-1,12
AGGAATATCGCCTTTG-1,8
AGGACGACACCGGAAA-1,16
AGGACGAGTCTCTCTG-1,4
AGGACGATCCGTAGTA-1,5
AGGACGATCGGCATTA-1,14
AGGACGATCGGCGATC-1,14
AGGACTTCAGTGTATC-1,4
AGGACTTCATTCTCCG-1,15
AGGACTTGTGCATACT-1,10
AGGACTTGTTAAGAAC-1,11
AGGACTTTCGACCACG-1,6
AGGAGGTCAAGAATGT-1,5
AGGAGGTCACCCTGAG-1,3
AGGAGGTCACTACCCT-1,4
AGGAGGTTCAATCGGT-1,14
AGGAGGTTCCGGTTCT-1,11
AGGAGGTTCCTATTTG-1,5
AGGATAAAGCTGACCC-1,11
AGGATAAAGGCTGTAG-1,6
AGGATAACAGAGCGTA-1,0
AGGATAAGTGGCTTAT-1,1
AGGATAAGTTCGTAAC-1,7
AGGATAATCCCTAGGG-1,14
AGGATCTAGGGACCAT-1,7
AGGATCTCATACGCAT-1,12
AGGATCTGTATTTCTC-1,7
AGGCATTAGCAGGGAG-1,5
AGGCATTAGCGTGAGT-1,13
AGGCATTAGGTGCCAA-1,5
AGGCATTCAAGAATAC-1,2
AGGCATTGTTGTCAGT-1,11
AGGCCACCAACAACAA-1,5
AGGCCACCATAACCCA-1,9
AGGCCACGTATTGGCT-1,15
AGGCCACGTGTTAACC-1,1
AGGCCACTCTCACGAA-1,5
AGGCTGCAGAAGCTGC-1,1
AGGCTGCAGGATTCAA-1,4
AGGCTGCCACCAGCCA-1,6
AGGCTGCCACCTGTCT-1,9
AGGCTGCCAGGTCTCG-1,5
AGGCTGCCATAATCGC-1,8
AGGCTGCGTACTTCCC-1,15
AGGCTGCGTAGTACGG-1,1
AGGCTGCGTGGTCTTA-1,5
AGGCTGCGTTCGGCTG-1,2
AGGCTGCTCGCAGTGC-1,5
AGGCTGCTCGTAGTCA-1,16
AGGCTGCTCTACTCAT-1,1
AGGGAGTAGACTCAAA-1,4
AGGGAGTAGCGCCATC-1,1
AGGGAGTAGCGTGTCC-1,12
AGGGAGTCACGGTGAA-1,14
AGGGAGTGTTCTTGTT-1,7
AGGGAGTGTTTACACG-1,13
AGGGCCTAGCCGGAAT-1,8
AGGGCCTAGGTTGACG-1,4
AGGGCCTAGTCACAGG-1,8
AGGGCCTAGTGGTCAG-1,3
AGGGCCTCAGACCAAG-1,10
AGGGCCTCATTCCTCG-1,12
AGGGCCTGTGAATAAC-1,2
AGGGCTCAGGTATCTC-1,3
AGGGCTCAGTCCTACA-1,12
AGGGCTCCACAACGAG-1,8
AGGGCTCCATATACCG-1,1
AGGGCTCTCCATGAGT-1,16
AGGGCTCTCCATTTGT-1,9
AGGGCTCTCCGGCAAC-1,11
AGGGCTCTCTGAGCAT-1,1
AGGGTCCAGAAACACT-1,14
AGGGTCCAGAAACTAC-1,3
AGGGTCCAGGACACTG-1,0
AGGGTCCGTAGCTCGC-1,3
AGGGTCCGTTCAAGGG-1,2
AGGGTCCTCACTGAAC-1,3
AGGGTCCTCCATCGTC-1,3
AGGGTGAAGTTTCAGC-1,9
AGGGTGAGTGCCTAAT-1,11
AGGGTGAGTGGTATGG-1,2
AGGGTGATCAGCGCAC-1,8
AGGGTGATCCTCTTTC-1,2
AGGGTTTAGGGAGGAC-1,10
AGGGTTTAGTCATTGC-1,9
AGGGTTTCACGGCACT-1,13
AGGGTTTTCCCATTCG-1,0
AGGTAGGAGAGGTTAT-1,7
AGGTAGGAGATTGATG-1,4
AGGTAGGAGGTATAGT-1,10
AGGTAGGAGTAAAGCT-1,6
AGGTAGGCAATCTAGC-1,1
AGGTAGGGTCACTTAG-1,4
AGGTAGGTCAATCTCT-1,9
AGGTAGGTCTTCCAGC-1,11
AGGTCATAGTAACAGT-1,15
AGGTCATCAATTTCTC-1,4
AGGTCATGTAGCCAGA-1,10
AGGTCATGTGGCCACT-1,13
AGGTCATGTTTCGATG-1,3
AGGTCATTCCTGTACC-1,1
AGGTCTAAGGCTAGCA-1,8
AGGTCTAAGTCATGAA-1,2
AGGTCTACACGCAGTC-1,2
AGGTCTATCCACAAGT-1,5
AGGTGTTAGCAACTCT-1,4
AGGTGTTAGTGCACAG-1,5
AGGTGTTAGTTGGCTT-1,0
AGGTGTTCAGACACAG-1,6
AGGTTACAGAGCAAGA-1,4
AGGTTACAGCATCCCG-1,5
AGGTTACCAAGACGGT-1,14
AGGTTACCAAGAGAGA-1,14
AGGTTACCACTCCACT-1,8
AGGTTACCACTTCTCG-1,2
AGGTTACGTAGCGCCT-1,2
AGGTTACGTAGCTGCC-1,7
AGGTTACGTGAATAAC-1,13
AGGTTACTCGCCTTTG-1,5
AGGTTGTAGCACTCGC-1,2
AGGTTGTCACATACTG-1,4
AGGTTGTCACGTAGAG-1,2
AGGTTGTCACTGAATC-1,2
AGGTTGTGTATATGGA-1,10
AGGTTGTGTCGAGCTC-1,0
AGGTTGTGTTAAACCC-1,2
AGGTTGTTCTTTCGAT-1,6
AGTAACCAGAGATTCA-1,10
AGTAACCAGCACCTGC-1,2
AGTAACCCACAATGTC-1,11
AGTAACCGTAAGGAGA-1,0
AGTAACCGTGGTACAG-1,5
AGTAACCTCATTCATC-1,12
AGTAACCTCTGGCTGG-1,6
AGTACCAAGGCACTCC-1,11
AGTACCACACGGCGTT-1,7
AGTACCACATCGTTCC-1,9
AGTACCATCCAAGAGG-1,6
AGTACTGAGCACACAG-1,15
AGTACTGAGCAGATAT-1,1
AGTACTGAGGAGTACC-1,8
AGTACTGCACGATTCA-1,9
AGTACTGCACTCCTGT-1,11
AGTACTGGTATACAGA-1,1
AGTACTGTCGGTAGAG-1,1
AGTACTGTCTATACTC-1,15
AGTACTGTCTTGCGCT-1,14
AGTAGCTAGAACAAGG-1,11
AGTAGCTAGCTGACCC-1,1
AGTAGCTAGGCTCTCG-1,4
AGTAGCTAGTGTCATC-1,8
AGTAGCTCACGCTGCA-1,9
AGTAGCTCAGTCAGAG-1,4
AGTAGCTGTCCTCCAT-1,15
AGTAGCTGTCGTACAT-1,6
AGTAGCTGTGAGACCA-1,11
AGTAGCTTCTCATGGA-1,16
AGTAGTCAGAAACTGT-1,9
AGTAGTCAGAGGTATT-1,5
AGTAGTCAGTCTCCTC-1,12
AGTAGTCCATGGGAAC-1,4
AGTAGTCCATTGAGCT-1,2
AGTAGTCGTCATGACT-1,6
AGTAGTCGTCCAGCGT-1,8
AGTAGTCGTCGTTGGC-1,0
AGTAGTCGTGAATGTA-1,5
AGTCAACAGGCGTTAG-1,1
AGTCAACCAAACGTGG-1,14
AGTCAACCACCGAATT-1,10
AGTCAACCAGTTGGTT-1,6
AGTCAACTCATCGGGC-1,2
AGTCAACTCATTGTGG-1,16
AGTCAACTCCCTCAAC-1,15
AGTCAACTCTACGGGC-1,14
AGTCACACAACTGTGT-1,3
AGTCACACATCGAAGG-1,11
AGTCACAGTACGATGG-1,10
AGTCACAGTTATAGAG-1,12
AGTCACATCGTTAGTG-1,16
AGTCACATCTATACTC-1,7
AGTCATGAGATCGGTG-1,0
AGTCATGCACTTGGGC-1,6
AGTCATGGTCCTCCTA-1,2
AGTCATGGTCGCACGT-1,2
AGTCATGGTGCCTTCT-1,15
AGTCATGGTTCAGGTT-1,14
AGTCATGTCTCCAAGA-1,5
AGTCTCCAGTCCCAGC-1,6
AGTCTCCCAGTTAGGG-1,12
AGTCTCCCATCCGATA-1,13
AGTCTCCGTCCTTGTC-1,1
AGTCTCCGTTCAAAGA-1,11
AGTCTCCTCCTACTGC-1,3
AGTGACTTCCAGCTCT-1,8
AGTGATCAGAAGCGCT-1,2
AGTGATCAGCAAGTGC-1,13
AGTGATCAGGTAATCA-1,7
AGTGATCCACAAAGCG-1,0
AGTGATCTCTTCACAT-1,9
AGTGATCTCTTGGTGA-1,8
AGTGCCGAGGGATGTC-1,0
AGTGCCGCATTGAAAG-1,4
AGTGCCGTCGCATAGT-1,1
AGTGCCGTCGGAGTGA-1,5
AGTGTTGAGAAGCGGG-1,7
AGTGTTGAGTTGGCTT-1,4
AGTGTTGTCATGCATG-1,10
AGTTAGCAGGTAGTAT-1,7
AGTTAGCCACCAGCTG-1,0
AGTTAGCGTCACATTG-1,6
AGTTAGCTCACGAACT-1,14
AGTTAGCTCAGACCTA-1,3
AGTTAGCTCATCGCCT-1,12
AGTTAGCTCTGATGGT-1,3
AGTTCCCAGCCTGTGC-1,1
AGTTCCCAGTCACTAC-1,8
AGTTCCCCACGTGTGC-1,10
AGTTCCCCATCGTGCG-1,8
AGTTCCCGTAACACGG-1,9
AGTTCCCGTTCGATTG-1,9
AGTTCCCGTTTGAACC-1,14
AGTTCGAAGCTGTTCA-1,8
AGTTCGAAGGTAAAGG-1,5
ATACCGAAGCGAGGAG-1,11
ATACCGAAGTCACTGT-1,11
ATACCGAAGTCGAAGC-1,7
ATACCGACAATACGAA-1,7
ATACCGAGTACTTCCC-1,3
ATACCGATCTATACGG-1,14
ATACCGATCTCTCAAT-1,7
ATACCTTAGCAATAGT-1,5
ATACCTTAGGTAAGTT-1,1
ATACCTTAGTTCATGC-1,3
ATACCTTAGTTGGGAC-1,4
ATACCTTTCTCTGCTG-1,5
ATACTTCAGACGCTCC-1,1
ATACTTCCAATGGCAG-1,15
ATACTTCCACGCGTCA-1,10
ATACTTCGTTACTCAG-1,4
ATACTTCTCCCGTTGT-1,7
ATACTTCTCGCTCTAC-1,7
ATAGACCAGAGGGCGA-1,8
ATAGACCCATGAGAAT-1,6
ATAGACCGTAACGCGA-1,3
ATAGACCGTATGTCTG-1,7
ATAGACCGTCGACTGC-1,0
ATAGACCGTCTTCATT-1,1
ATAGACCGTGAGTCAG-1,11
ATAGACCGTGGCTTAT-1,12
ATAGAGAAGCAACTTC-1,11
ATAGAGAAGTACTGTC-1,2
ATAGAGAAGTAGTCAA-1,4
ATAGAGACAAAGCAAT-1,13
ATAGAGACAGCTTCGG-1,4
ATAGAGACAGTAACAA-1,0
ATAGAGAGTTCTTCAT-1,16
ATAGAGATCGTCGACG-1,2
ATAGAGATCTATGCCC-1,13
ATAGGCTAGCACAAAT-1,4
ATAGGCTAGGGTTTCT-1,0
ATAGGCTAGTGTAGAT-1,5
ATAGGCTCACTGCTTC-1,7
ATAGGCTCATTCTTCA-1,14
ATAGGCTGTACGTGAG-1,6
ATAGGCTTCGAGCACC-1,12
ATATCCTCACACCTTC-1,0
ATATCCTGTCCACAGC-1,6
ATATCCTGTTCAATCG-1,7
ATCACAGAGGTCGAGT-1,13
ATCACAGAGTCTCTGA-1,7
ATCACAGAGTGAGTGC-1,10
ATCACAGCAAGTGTCT-1,8
ATCACAGCACGCTATA-1,14
ATCACAGGTACCGTGC-1,1
ATCACAGGTGGTCTGC-1,0
ATCACAGTCGACATTG-1,12
ATCACGACACTACCCT-1,7
ATCACGAGTATCAGCT-1,14
ATCACGAGTCTTTCAT-1,8
ATCACGAGTGGTCCGT-1,1
ATCACTTAGTTCCGTA-1,14
ATCACTTCATGAATAG-1,13
ATCACTTCATGAGATA-1,11
ATCACTTGTCTGTGTA-1,15
ATCACTTGTCTTTATC-1,6
ATCACTTGTGCTATTG-1,8
ATCAGGTAGAACTCCT-1,7
ATCAGGTAGATGAAGG-1,0
ATCAGGTAGCGACTGA-1,13
ATCAGGTAGGCGTTAG-1,7
ATCAGGTCAGTAGATA-1,8
ATCAGGTGTCGTCATA-1,6
ATCAGGTGTGAGATAT-1,12
ATCAGGTTCACGTAGT-1,1
ATCAGGTTCCAAGCAT-1,11
ATCATTCCAATAGGGC-1,7
ATCATTCCATCCTTGC-1,5
ATCATTCCATTCTTCA-1,3
ATCATTCGTATCAGGG-1,12
ATCATTCGTTCTATCT-1,3
ATCATTCTCAAGTCTG-1,3
ATCATTCTCATAGGCT-1,0
ATCATTCTCGGTTCAA-1,10
ATCATTCTCGTCAAAC-1,10
ATCCACCAGCTCTTCC-1,0
ATCCACCAGGGTAGCT-1,14
ATCCACCAGTCATGCT-1,3
ATCCACCAGTGACACG-1,14
ATCCACCAGTTCATGC-1,0
ATCCACCCACATTCGA-1,2
ATCCACCGTAGGCAGT-1,7
ATCCACCGTATAGCTC-1,1
ATCCACCTCACTCTTA-1,4
ATCCACCTCCGCTGTT-1,7
ATCCATTAGAGCGACT-1,8
ATCCATTAGGAACTAT-1,5
ATCCATTAGGTAAGAG-1,8
ATCCATTCAGTGACCC-1,0
ATCCATTCATAGTCGT-1,7
ATCCATTCATTGAAAG-1,14
ATCCATTGTTTGCAGT-1,2
ATCCATTTCCACTTCG-1,9
ATCCATTTCTAACGCA-1,0
ATCCCTGAGGTGTGAC-1,11
ATCCCTGCAGCCGGTT-1,0
ATCCCTGCAGGCATTT-1,11
ATCCCTGGTATCCTCC-1,4
ATCCCTGTCCTAAACG-1,2
ATCCGTCAGGCCTTCG-1,13
ATCCGTCAGGGACTGT-1,9
ATCCGTCAGGTAGATT-1,14
ATCCGTCCATCACAGT-1,2
ATCCGTCGTAAGGCCA-1,2
ATCCGTCGTTTCTATC-1,9
ATCCGTCTCCGCATAA-1,4
ATCCGTCTCGTCAGAT-1,13
ATCCGTCTCGTCTCAC-1,15
ATCCTATAGAAACCCG-1,15
ATCCTATCAAAGAACT-1,3
ATCCTATCAGTATGAA-1,14
ATCCTATGTGTCCTAA-1,2
ATCCTATGTTCAGCGC-1,10
ATCCTATTCATGACAC-1,0
ATCCTATTCTCGGCTT-1,0
ATCCTATTCTTAGCTT-1,6
ATCGCCTAGGATCATA-1,8
ATCGCCTAGTACGAGC-1,9
ATCGCCTGTAGACGTG-1,14
ATCGCCTGTAGCACGA-1,11
ATCGCCTTCCCGTGAG-1,10
ATCGCCTTCCGAGTGC-1,5
ATCGGATAGAGAGCCT-1,3
ATCGGATCAAGTGTCT-1,8
ATCGGATCACAGTGTT-1,10
ATCGGATTCATTCATC-1,6
ATCGGATTCCGTGCGA-1,13
ATCGGCGGTATGGAAT-1,13
ATCGGCGTCCTCTGCA-1,6
ATCGGCGTCTGTAACG-1,3
ATCGTAGAGCTTCTAG-1,4
ATCGTAGAGGCTTAAA-1,16
ATCGTCCAGCGAACTG-1,1
ATCGTCCAGCTCCCTT-1,3
ATCGTCCAGGTTGAGC-1,3
ATCGTCCAGTACAGCG-1,6
ATCGTCCCAGTCGGAA-1,2
ATCGTCCGTGCCTAAT-1,13
ATCGTCCGTTATGGTC-1,17
ATCGTCCGTTTGGGTT-1,1
ATCGTCCTCACTTCTA-1,4
ATCGTGAAGGAACTCG-1,13
ATCGTGAGTCAACCTA-1,5
ATCGTGAGTTAGTTCG-1,11
ATCGTGATCGCCACTT-1,3
ATCTCTAAGGGCAACT-1,8
ATCTCTACATAATGAG-1,1
ATCTCTAGTCCAAATC-1,6
ATCTCTATCCATACTT-1,0
ATCTCTATCCCTTTGG-1,0
ATCTCTATCTTCGCTG-1,3
ATCTTCAAGGTAGGCT-1,4
ATCTTCACAAATGAAC-1,5
ATCTTCAGTAAGGCCA-1,1
ATCTTCAGTACAAACA-1,7
ATCTTCAGTAGTTACC-1,8
ATCTTCAGTGGCATCC-1,0
ATCTTCATCGTCCTCA-1,3
ATGAAAGAGGGCCCTT-1,2
ATGAAAGAGTGCACCC-1,12
ATGAAAGCAACTGATC-1,1
ATGAAAGCAATTGCAC-1,5
ATGAAAGGTTCAACGT-1,14
ATGAAAGTCGGTGTTA-1,4
ATGACCAAGACATAGT-1,0
ATGACCAAGAGGACTC-1,0
ATGACCAAGCCGTTAT-1,13
ATGACCAAGGTCTACT-1,14
ATGACCAGTAGGAAAG-1,14
ATGACCATCCCTTGGT-1,0
ATGAGGGGTACGATTC-1,6
ATGAGGGGTAGGGTAC-1,10
ATGAGGGGTCTTACTT-1,0
ATGAGTCCACTCCGAG-1,3
ATGAGTCCATCATTGG-1,6
ATGAGTCCATGTAACC-1,10
ATGAGTCGTGAAGCTG-1,13
ATGAGTCTCACTTGTT-1,12
ATGAGTCTCCAGTGCG-1,12
ATGAGTCTCGCAGATT-1,3
ATGATCGAGGTAGTAT-1,1
ATGATCGCACACGGAA-1,0
ATGATCGCAGCAGATG-1,6
ATGATCGGTAATCAAG-1,12
ATGATCGGTGGTCTTA-1,7
ATGCATGAGACCAAGC-1,13
ATGCATGAGAGCATCG-1,5
ATGCATGAGGATACGC-1,11
ATGCATGCAACAAAGT-1,0
ATGCATGCATGGCTGC-1,11
ATGCATGGTAGCGTCC-1,10
ATGCCTCCAAGCCCAC-1,3
ATGCCTCCATGAGGGT-1,7
ATGCCTCCATTGACAC-1,16
ATGCCTCTCTGCGAGC-1,5
ATGCCTCTCTGTGTGA-1,11
ATGCGATAGCTCCCTT-1,16
ATGCGATAGGTACATA-1,4
ATGCGATAGTGGTCAG-1,0
ATGCGATCACAGACGA-1,9
ATGCGATCAGCCTACG-1,9
ATGCGATTCGAAACAA-1,5
ATGCGATTCGAGAATA-1,9
ATGGAGGAGATACAGT-1,12
ATGGAGGTCTACGCGG-1,8
ATGGATCAGACATCAA-1,15
ATGGATCCACGTAGAG-1,3
ATGGATCGTCACATTG-1,6
ATGGATCGTGACGCCT-1,3
ATGGATCTCTCTGACC-1,0
ATGGGAGAGACTTAAG-1,12
ATGGGAGCAACAGTGG-1,8
ATGGGAGCAGGCTATT-1,8
ATGGGAGTCATTGCTT-1,10
ATGGGAGTCCTACACC-1,4
ATGGGAGTCTCGCTTG-1,9
ATGGGTTAGACGCTCC-1,4
ATGGGTTAGGGCAAGG-1,10
ATGGGTTGTCGTTTCC-1,9
ATGGGTTGTGCATGTT-1,17
ATGGGTTTCCCTTTGG-1,7
ATGGGTTTCGGAACTT-1,2
ATGGGTTTCGGCGATC-1,3
ATGGGTTTCGTCTAAG-1,1
ATGGTTGAGAACAAGG-1,0
ATGGTTGAGTGAACAT-1,0
ATGGTTGGTAACAAGT-1,3
ATGGTTGTCCCATACC-1,3
ATGTCCCAGCACACAG-1,7
ATGTCCCAGCCGATAG-1,8
ATGTCCCCAGTCGTTA-1,11
ATGTCTTAGGTAAAGG-1,1
ATGTCTTAGTCGTCTA-1,1
ATGTCTTCAAGGTCAG-1,12
ATGTCTTCAATAGAGT-1,6
ATGTCTTCAGAGTAAT-1,9
ATGTCTTTCTTACGTT-1,7
ATTACCTAGAAATTCG-1,13
ATTACCTCAACCACGC-1,15
ATTACCTGTATTTCTC-1,16
ATTACCTGTCGTACTA-1,11
ATTACCTGTCTCACGG-1,7
ATTACCTGTGCATTAC-1,4
ATTACCTTCTCGAGTA-1,14
ATTACTCAGATTGTGA-1,1
ATTACTCGTAAGGCTG-1,7
ATTACTCGTCGTATTG-1,2
ATTACTCTCCTGCCAT-1,3
ATTATCCAGAGTTGCG-1,1
ATTATCCAGCAAATCA-1,11
ATTATCCAGCGTTACT-1,2
ATTATCCAGGCCCAAA-1,6
ATTATCCAGGGAGTTC-1,3
ATTATCCAGTGGTTAA-1,4
ATTATCCCACCGTCTT-1,11
ATTATCCCACTGAGTT-1,16
ATTATCCCAGCTGTGC-1,1
ATTATCCGTCATCGGC-1,8
ATTATCCGTCGGAAAC-1,9
ATTATCCGTGGTCAAG-1,8
ATTCACTAGTCAGCGA-1,1
ATTCACTCACATATGC-1,8
ATTCACTTCTTACCGC-1,1
ATTCAGGAGTCTGCAT-1,3
ATTCAGGCAATCGCCG-1,14
ATTCAGGCATCGAAGG-1,0
ATTCAGGGTAAGGCTG-1,1
ATTCAGGGTGACACAG-1,5
ATTCAGGGTGTAAATG-1,6
ATTCAGGGTGTGCTTA-1,3
ATTCATCAGACATCAA-1,5
ATTCATCAGATAACGT-1,12
ATTCATCAGGTCGTGA-1,4
ATTCATCAGTAACCTC-1,2
ATTCATCCAATTTCTC-1,1
ATTCATCCACGAGGTA-1,5
ATTCATCCACTGCGAC-1,0
ATTCATCCATGGTGGA-1,13
ATTCATCGTAGACTGG-1,2
ATTCATCGTGAGTCAG-1,6
ATTCATCTCTGTGCTC-1,3
ATTCCATCAGGACTTT-1,4
ATTCCATGTATTAAGG-1,7
ATTCCATGTTATCTGG-1,5
ATTCCCGCACTGCTTC-1,3
ATTCCCGCATAGATCC-1,12
ATTCCCGGTCCAGTTA-1,7
ATTCCCGGTGGAAGTC-1,1
ATTCCCGGTTAAGCAA-1,11
ATTCCCGGTTAGTCGT-1,7
ATTCCCGTCATACGAC-1,7
ATTCCCGTCCGCTGTT-1,1
ATTCCTAAGCGGTAGT-1,6
ATTCCTAAGGCAGGTT-1,1
ATTCCTAAGGGTCTTT-1,11
ATTCCTACAGGCTTGC-1,10
ATTCCTATCACTTGGA-1,1
ATTCCTATCAGGGTAG-1,6
ATTCCTATCATGGCCG-1,0
ATTCCTATCCTACAAG-1,9
ATTCGTTAGCGGATCA-1,11
ATTCGTTAGTCCCGAC-1,2
ATTCGTTGTAAGATAC-1,5
ATTCTACCAAACTCTG-1,0
ATTCTACCACTTCAGA-1,10
ATTCTACCATCTATCT-1,6
ATTCTACGTAGCTTGT-1,14
ATTCTACGTCCCGGTA-1,5
ATTCTACGTTCTTAGG-1,7
ATTCTACTCTCCCAAC-1,1
ATTCTTGCAGGCAATG-1,15
ATTCTTGGTCACTTAG-1,7
ATTCTTGGTGCTTATG-1,16
ATTCTTGTCTTCACAT-1,7
ATTGGGTAGAGTCGAC-1,11
ATTGGGTAGCCGCACT-1,0
ATTGGGTAGCTATCCA-1,3
ATTGGGTAGGGAGTGG-1,8
ATTGGGTAGTCAGAGC-1,1
ATTGGGTCATAGCTGT-1,5
ATTGGGTCATCATTGG-1,13
ATTGGGTTCCAGTGTA-1,8
ATTGGGTTCGGCTGGT-1,3
ATTGTTCAGTTTGTCG-1,11
ATTGTTCCAATATCCG-1,6
ATTGTTCCACCGTGCA-1,4
ATTGTTCCATAAGCGG-1,7
ATTGTTCGTACGGTTT-1,3
ATTGTTCGTAGATTGA-1,16
ATTGTTCGTTGCGAAG-1,15
ATTGTTCGTTGGTGTT-1,10
ATTGTTCTCCGTCACT-1,8
ATTTACCCACCTGCGA-1,6
ATTTACCCACCTTCGT-1,10
ATTTACCGTTCGTAAC-1,8
ATTTACCTCAAGAGGC-1,2
ATTTACCTCGCTGATA-1,0
ATTTACCTCTGGCTGG-1,0
ATTTCACAGCTAAGTA-1,3
ATTTCACAGTCGCTAT-1,12
ATTTCACCAATGGCAG-1,16
ATTTCACGTCGTACTA-1,4
ATTTCTGAGCTGTACT-1,13
ATTTCTGCATTGCCTC-1,1
ATTTCTGGTTAAGAAC-1,7
ATTTCTGTCGCTAAAC-1,4
CAAAGAAAGACTGTTC-1,11
CAAAGAACAAGTCCAT-1,4
CAAAGAAGTAGCGATG-1,9
CAAAGAAGTCGCATCG-1,6
CAAAGAAGTGGGTATG-1,1
CAAAGAAGTGTGGACA-1,2
CAAAGAAGTTGTGTAC-1,3
CAACAACAGTCGCGAA-1,6
CAACAACCAGAGGCTA-1,3
CAACAACGTAACTGCT-1,1
CAACAACGTGTTCCTC-1,0
CAACAACTCATCACTT-1,3
CAACAGTAGCCTGAAG-1,14
CAACAGTCAAGGCAAC-1,14
CAACAGTCAGGACGAT-1,0
CAACAGTCATCACAGT-1,2
CAACAGTGTCCGATCG-1,6
CAACAGTTCTACCCAC-1,4
CAACCAAAGACGCTCC-1,3
CAACCAAAGCCTTTGA-1,8
CAACCAAAGCGACTGA-1,12
CAACCAACACAAAGTA-1,2
CAACCAAGTACAGGTG-1,13
CAACCAAGTTGCACGC-1,2
CAACCAATCTCCTGAC-1,10
CAACCTCCACTCCCTA-1,5
CAACCTCCATCCGCGA-1,9
CAACCTCTCCTCGCAT-1,17
CAACCTCTCTCGTCGT-1,0
CAACGATAGAAGAGCA-1,10
CAACGATAGAGGACTC-1,4
CAACGATCAAGAGGCT-1,14
CAACGATGTGTCCATA-1,5
CAACGATTCGACGCGT-1,6
CAACGGCAGAAATTCG-1,7
CAACGGCAGACAGTCG-1,1
CAACGGCAGAGGATGA-1,9
CAACGGCCATCGGCCA-1,8
CAACGGCGTCCAACGC-1,10
CAACGGCGTCCAGCGT-1,7
CAACGGCGTGATACCT-1,5
CAAGACTAGTCGTCTA-1,3
CAAGACTAGTGCAGCA-1,12
CAAGACTCAACCACGC-1,4
CAAGACTCAAGTGGGT-1,4
CAAGACTGTCGTAATC-1,11
CAAGACTTCGAGAATA-1,8
CAAGACTTCTAATTCC-1,3
CAAGAGGAGAACGTGC-1,0
CAAGAGGCAAGGCCTC-1,5
CAAGAGGCAGTCGGTC-1,14
CAAGAGGGTAGGTACG-1,10
CAAGAGGGTCATCAGT-1,8
CAAGAGGGTTGGGAAC-1,10
CAAGAGGTCCAATGCA-1,14
CAAGAGGTCGCTGCGA-1,7
CAAGCTAAGCACTAGG-1,2
CAAGCTACACGTAGAG-1,7
CAAGCTAGTCACCGCA-1,4
CAAGCTATCCTCACGT-1,7
CAAGCTATCTACCAGA-1,9
CAAGGGACACCTCTGT-1,11
CAAGGGAGTCGACTGC-1,9
CAATACGAGACCAACG-1,17
CAATACGAGCAGCACA-1,17
CAATACGAGTAGTCTC-1,1
CAATACGCAAGTCCAT-1,11
CAATACGCATAATCCG-1,3
CAATACGCATATAGCC-1,14
CAATCGACAATTTCCT-1,1
CAATCGAGTCCATACA-1,1
CAATCGATCAAGAATG-1,0
CAATCGATCATACAGC-1,0
CAATCGATCTGTGCAA-1,8
CAATGACCAAAGGATT-1,8
CAATGACGTACTGCGC-1,9
CAATGACGTGGTCTCG-1,11
CAATTTCAGACATCCT-1,3
CAATTTCAGCAACAAT-1,4
CAATTTCAGCGACTAG-1,5
CAATTTCAGGTTCCGC-1,7
CAATTTCAGTTCATGC-1,10
CAATTTCCACATTGTG-1,10
CAATTTCCAGAGAATT-1,1
CAATTTCTCATCACAG-1,11
CACAACAAGTGAGTTA-1,10
CACAACACAACAGTGG-1,0
CACAACACAACCGACC-1,6
CACAACAGTCTGCGCA-1,9
CACAACAGTGGTACAG-1,0
CACAACAGTTAAGCAA-1,7
CACACAACACCGTCGA-1,16
CACACAACAGTCCGTG-1,6
CACACAATCGCGTAGC-1,7
CACACAATCTCATTAC-1,13
CACACAATCTCTCGAC-1,10
CACAGATAGTCATCCA-1,7
CACAGATCATACCACA-1,13
CACAGATCATCGAAGG-1,9
CACAGATGTCTACATG-1,0
CACAGATTCACCTCTG-1,9
CACAGATTCTAGGCCG-1,5
CACAGATTCTCTGCTG-1,4
CACAGGCAGAGTCGAC-1,1
CACAGGCAGTACTGGG-1,16
CACAGGCCAAAGCTCT-1,10
CACAGGCCAGAGAGGG-1,1
CACAGGCGTTAGTCGT-1,9
CACAGGCGTTGCCAAT-1,7
CACAGGCTCTCGAGTA-1,4
CACATGAAGTCACACT-1,0
CACATGAGTCACTTCC-1,6
CACATGAGTCTGTCAA-1,2
CACATGAGTGAATAAC-1,7
CACATGATCCGCTGTT-1,10
CACATGATCGATTCCC-1,5
CACCAAACAGATACTC-1,11
CACCAAAGTGAGTAGC-1,4
CACCAAATCCCGTAAA-1,7
CACCGTTCAGAGGTTG-1,7
CACCGTTGTACGACAG-1,12
CACCGTTGTGACTAAA-1,4
CACCGTTGTTACCTGA-1,4
CACCGTTTCTACTCAT-1,12
CACGAATCAACGGCCT-1,12
CACGAATCACGACGAA-1,10
CACGAATCATCTCAAG-1,17
CACGAATCATCTCATT-1,16
CACGAATGTAGAGATT-1,8
CACGAATGTCCCTAAA-1,5
CACGAATTCAGTGGGA-1,11
CACGAATTCTTCTCAA-1,3
CACGGGTCACTGTCCT-1,2
CACGGGTGTGATTCTG-1,3
CACGGGTGTGCGACAA-1,0
CACGGGTTCAGAATAG-1,2
CACGGGTTCAGCCTCT-1,12
CACGGGTTCGGTGTAT-1,9
CACGTGGCAAAGTATG-1,14
CACGTGGCAGGGAATC-1,12
CACGTGGGTTGGCCGT-1,7
CACGTGGTCAGAGTGG-1,15
CACGTGGTCTACGCAA-1,5
CACGTTCAGAAACCCG-1,3
CACGTTCAGAGCGACT-1,8
CACGTTCCAATTGAGA-1,14
CACGTTCGTAACCCGC-1,1
CACGTTCGTGCCTTTC-1,4
CACGTTCGTTCGGTTA-1,7
CACGTTCTCCTTTAGT-1,3
CACTAAGCACGACGAA-1,12
CACTAAGCACTGGCGT-1,4
CACTAAGTCCATTGGA-1,11
CACTAAGTCTCCATAT-1,0
CACTGAAAGCACCGAA-1,5
CACTGAAAGCTGTTAC-1,4
CACTGAACACCAATTG-1,2
CACTGAATCGAGAATA-1,16
CACTGAATCGTGTGGC-1,0
CACTGGGAGAATAGTC-1,0
CACTGGGCATAGCACT-1,3
CACTGGGGTACACTCA-1,3
CACTGGGGTCGTGTTA-1,3
CACTGGGTCGACGTCG-1,5
CACTGGGTCTTGAACG-1,2
CACTGTCAGGCTATCT-1,8
CACTGTCCAACTTGGT-1,13
CACTGTCCAGAGGACT-1,0
CACTGTCGTACTGGGA-1,13
CACTGTCTCCTAGCGG-1,13
CACTGTCTCTTTGCGC-1,0
CACTTCGAGTAACCTC-1,8
CACTTCGAGTCATACC-1,1
CACTTCGAGTGCCTCG-1,0
CACTTCGGTAGAATAC-1,2
CACTTCGTCAGAGTTC-1,15
CACTTCGTCCTTCGAC-1,15
CACTTCGTCGATGGAG-1,9
CAGAGCCAGATTACCC-1,0
CAGAGCCAGGCACTCC-1,12
CAGAGCCGTGAAGCTG-1,15
CAGAGCCTCAGTCTTT-1,14
CAGAGCCTCGGAATTC-1,6
CAGAGCCTCGGCAGTC-1,2
CAGATACAGAAGTCAT-1,6
CAGATACAGGCTCAAG-1,10
CAGATACAGGTCATTC-1,15
CAGATACCACTTGTGA-1,4
CAGATACGTCAGTCCG-1,14
CAGATACGTTCAACGT-1,0
CAGATACTCGACGACC-1,0
CAGATCAAGACTGTTC-1,4
CAGATCAAGCCAGTAG-1,2
CAGATCACACCGTGCA-1,7
CAGATCACATCCGGCA-1,5
CAGATTGAGCCTAACT-1,5
CAGATTGAGGACTGGT-1,2
CAGATTGAGTTTCAGC-1,7
CAGATTGCACACCAGC-1,12
CAGATTGGTCTCACAA-1,2
CAGATTGGTGTTAGCT-1,7
CAGATTGTCCGCACTT-1,0
CAGCAATAGACAGCGT-1,2
CAGCAATCAACACGTT-1,4
CAGCAATCAGGAATCG-1,8
CAGCAATGTCGAGCAA-1,14
CAGCAATTCTCACGAA-1,15
CAGCACGAGCCATGCC-1,7
CAGCACGAGTAGCATA-1,5
CAGCACGCAGGTCCCA-1,8
CAGCACGGTAGACAAT-1,8
CAGCACGGTAGTCTGT-1,12
CAGCACGGTCGAGCAA-1,6
CAGCACGTCCCTTTGG-1,4
CAGCAGCAGACATACA-1,9
CAGCAGCCACATACTG-1,15
CAGCAGCCATGCCGCA-1,12
CAGCAGCGTACGATGG-1,5
CAGCAGCGTCGTTATG-1,4
CAGCAGCTCCGGTTCT-1,1
CAGCAGCTCGATCCCT-1,2
CAGCCAGCAAGAAATC-1,11
CAGCCAGCACCACTGG-1,4
CAGCCAGGTACCTGTA-1,4
CAGCCAGGTACTCCGG-1,13
CAGCCAGGTTGCGTAT-1,17
CAGCCAGTCATGGTAC-1,11
CAGCCAGTCCCGAGAC-1,8
CAGCCAGTCTCGCTTG-1,5
CAGCGTGAGAAACTGT-1,9
CAGCGTGAGTAGTCCT-1,0
CAGCGTGAGTCATGAA-1,7
CAGCGTGAGTCATGCT-1,4
CAGCGTGCACAGCCTG-1,8
CAGCGTGCAGAGAGGG-1,2
CAGCGTGCAGTCGGTC-1,8
CAGCGTGGTGTTACTG-1,13
CAGCGTGTCCCATAAG-1,10
CAGGCCAAGAAGAACG-1,14
CAGGCCAAGAATAGTC-1,12
CAGGCCAAGAGCTGCA-1,1
CAGGCCAAGCAAATCA-1,12
CAGGCCACAAGTGTCT-1,6
CAGGCCACACATTCTT-1,10
CAGGCCACAGAGTGAC-1,7
CAGGCCACATAACTCG-1,7
CAGGCCAGTGGCCTCA-1,2
CAGGCCAGTGGTGATG-1,7
CAGGCCAGTTTCTTAC-1,5
CAGGCCATCGCGTAGC-1,13
CAGGGCTAGCACCGTC-1,5
CAGGGCTAGCGACTAG-1,3
CAGGGCTCAAGCTGCC-1,8
CAGGGCTCAATAACCC-1,0
CAGGGCTCACAGTGTT-1,11
CAGGGCTCATCTAGAC-1,4
CAGGGCTGTACCCAGC-1,1
CAGGGCTGTCACCTTC-1,3
CAGGGCTTCGAACGGA-1,13
CAGGTATAGAAGTGTT-1,4
CAGGTATAGGTTGCCC-1,7
CAGGTATCAACGACAG-1,3
CAGGTATCAGGTTTAC-1,2
CAGGTATGTATTTCGG-1,12
CAGGTATTCATGTCAG-1,12
CAGTGCGAGAATCGAT-1,3
CAGTGCGAGTTACTCG-1,6
CAGTGCGCACATATCG-1,3
CAGTGCGGTGTCTTAG-1,8
CAGTGCGGTTCCTTGC-1,11
CAGTGCGTCCAGTACA-1,9
CAGTGCGTCCGAGAAG-1,3
CAGTTAGAGAAGGCTC-1,11
CAGTTAGAGCTACAAA-1,5
CAGTTAGCACAGCCAC-1,3
CAGTTAGCATAACGGG-1,9
CAGTTAGGTCCTGGGT-1,7
CAGTTCCAGCGATGCA-1,8
CAGTTCCAGTCGCCAC-1,5
CAGTTCCGTGGGTATG-1,2
CAGTTCCGTTGAAGTA-1,5
CAGTTCCTCAGGTGTT-1,2
CAGTTCCTCCTGTAAG-1,15
CAGTTCCTCGGTGAAG-1,15
CATAAGCAGCGCTGAA-1,1
CATAAGCCATGACGGA-1,14
CATAAGCGTAACTTCG-1,11
CATAAGCGTAGGGTAC-1,12
CATACAGAGAGAGGGC-1,14
CATACAGAGCGACCCT-1,5
CATACAGAGTTCATCG-1,2
CATACAGCAATTGCAC-1,16
CATACAGGTACAGTAA-1,9
CATACAGGTGGCCCAT-1,12
CATACAGGTTTGAACC-1,7
CATACCCGTGTGCTTA-1,9
CATACTTCACAAGGTG-1,4
CATACTTCACTCTAGA-1,8
CATACTTGTGGCGCTT-1,8
CATAGACAGTATCTGC-1,4
CATAGACCACCGGAAA-1,2
CATAGACCAGGCATTT-1,13
CATAGACCATAAGCAA-1,8
CATAGACCATCATCCC-1,13
CATAGACCATCATCTT-1,11
CATAGACTCTGTAAGC-1,1
CATCAAGAGGAGAGGC-1,7
CATCAAGAGTTCGCAT-1,14
CATCAAGGTATCGATC-1,5
CATCAAGTCGTGCATA-1,5
CATCCACAGCAACAGC-1,13
CATCCACCAGGCAATG-1,5
CATCCACTCGCCGTGA-1,0
CATCCACTCGCGATCG-1,8
CATCCCAAGGCCTGCT-1,8
CATCCCACAGTCTGGC-1,8
CATCCCACATAACGGG-1,1
CATCCCAGTCATCTAG-1,3
CATCCCAGTTTACACG-1,10
CATCCCATCTCTGGTC-1,16
CATCCGTCAAGCCATT-1,1
CATCCGTCATTGTGCA-1,3
CATCCGTGTATCGATC-1,4
CATCCGTGTCGAAGCA-1,2
CATCCGTGTGTACATC-1,17
CATCCGTTCGCCAACG-1,1
CATCGCTAGCTTTGTG-1,14
CATCGCTCACGTTGGC-1,10
CATCGCTGTATGAGAT-1,4
CATCGCTTCGCAGTGC-1,5
CATCGCTTCGTAGAGG-1,14
CATCGGGAGCCTGTGC-1,12
CATCGGGCAAATACGA-1,7
CATCGGGCAGCATTGT-1,16
CATCGGGTCAGGACAG-1,1
CATCGGGTCCCTCGAT-1,8
CATCGGGTCCTCTCGA-1,11
CATCGGGTCTCGTCAC-1,5
CATCGTCGTACGATTC-1,6
CATCGTCGTAGCTTTG-1,3
CATCGTCTCGGTTCAA-1,10
CATGAGTAGCACCAGA-1,12
CATGAGTAGCTAATCC-1,5
CATGAGTAGTCTGGTT-1,2
CATGAGTCACTTGTGA-1,11
CATGAGTCATGTTACG-1,4
CATGAGTGTTATTCCT-1,0
CATGAGTTCCCATACC-1,5
CATGAGTTCGACATAC-1,1
CATGAGTTCTCAAAGC-1,0
CATGCAAAGGTGGTTG-1,0
CATGCAACACACAGCC-1,3
CATGCAAGTATGCTAC-1,1
CATGCAAGTCTGTCCT-1,8
CATGCAAGTGAGTCAG-1,3
CATGCAAGTTTACCAG-1,4
CATGCAATCCCAGGAC-1,2
CATGCAATCCTTACCG-1,15
CATGCAATCGTAGAGG-1,4
CATGCCTAGACGCTCC-1,12
CATGCCTAGCTAATGA-1,7
CATGCCTCACTCACTC-1,6
CATGCCTTCTAGACCA-1,0
CATGCGGAGAGGATCC-1,16
CATGCGGAGTATGCAA-1,1
CATGCGGCAAAGCTAA-1,9
CATGCGGGTCACCTTC-1,7
CATGCGGGTCACTTCC-1,1
CATGCGGGTGCATGTT-1,11
CATGCGGGTGGTCTCG-1,2
CATGCGGTCGTTGCCT-1,10
CATGCTCAGCAGCACA-1,8
CATGCTCAGCTACTAC-1,3
CATGCTCAGGAAGTCC-1,16
CATGCTCCACAGTATC-1,1
CATGCTCCAGCTGGTC-1,6
CATGCTCCATAGCACT-1,9
CATGCTCCATTCACAG-1,2
CATGCTCTCGACCATA-1,8
CATGCTCTCGTGCTCT-1,9
CATGGATAGGCCTTGC-1,4
CATGGATAGTGCAACG-1,13
CATGGATCAGGTTCCG-1,10
CATGGATGTTCTTAGG-1,2
CATGGATGTTTACGAC-1,8
CATGGATTCCGCGAGT-1,15
CATGGATTCGGCTGGT-1,17
CATGGATTCGTAACCA-1,10
CATGGTACAGCCGGTT-1,4
CATGGTACAGCTTCGG-1,11
CATGGTAGTCCACAGC-1,5
CATGGTAGTCGAAACG-1,11
CATGGTATCACCGGTG-1,3
CATGGTATCACCTGTC-1,13
CATGGTATCAGACATC-1,1
CATGGTATCCACCTCA-1,2
CATTCATAGTTTGAGA-1,6
CATTCATCAATTCTCT-1,3
CATTCATGTAGAGCTG-1,10
CATTCATTCGCTGACG-1,1
CATTCATTCTCCGTGT-1,1
CATTCCGAGCTGTGCC-1,2
CATTCCGCAAGACAAT-1,5
CATTCCGCAATTCGTG-1,11
CATTCCGCAGGTTCCG-1,14
CATTCCGGTACAGGTG-1,1
CATTCCGGTCAGATTC-1,16
CATTCCGGTTTGTTCT-1,9
CATTCCGTCATTTACC-1,4
CATTCCGTCCACATAG-1,12
CATTCCGTCGCGTCGA-1,2
CATTCCGTCTAAACGC-1,4
CATTCTAAGACGCCAA-1,5
CATTCTAAGGTGAGAA-1,4
CATTCTAGTCTCCCTA-1,6
CATTCTATCAGACTGT-1,7
CATTCTATCCGTGGTG-1,12
CATTCTATCCTTACCG-1,2
CATTGAGAGCCTTTGA-1,13
CATTGAGGTGTTCATG-1,2
CATTGAGGTGTTCCAA-1,17
CATTGAGGTTCGGTCG-1,14
CATTGAGTCCGTATAG-1,9
CATTGAGTCCTCACTG-1,8
CATTGAGTCTCGGTAA-1,2
CATTGAGTCTCTCCGA-1,9
CATTGCCAGAAGCCTG-1,11
CATTGCCAGATAGTGT-1,10
CATTGCCAGCAATAGT-1,0
CATTGCCAGTGCAGCA-1,3
CATTGCCCAGAGAAAG-1,3
CATTGCCTCCCAGGCA-1,3
CATTGTTAGTCTCTGA-1,4
CATTGTTCAGGTGGAT-1,0
CATTGTTCATGTGGTT-1,5
CATTGTTTCTACGCAA-1,0
CATTTCAAGCGTTAGG-1,14
CATTTCAAGGGATCGT-1,6
CATTTCAAGTTTCAGC-1,16
CATTTCACACCTTCCA-1,7
CATTTCACAGTGCGCT-1,17
CATTTCAGTACATTGC-1,5
CATTTCAGTAGGTAGC-1,7
CATTTCAGTGATGTAA-1,9
CATTTCAGTGTTATCG-1,10
CCAAGCGAGGTCACCC-1,9
CCAAGCGCAATCGCGC-1,2
CCAAGCGCACAAAGTA-1,12
CCAAGCGGTAGACGGT-1,8
CCAATGAAGCAAATCA-1,1
CCAATGACATGAGGGT-1,1
CCAATGAGTAGCGTCC-1,13
CCAATGATCCTCTTTC-1,13
CCAATTTAGCATCCCG-1,6
CCAATTTCAGGTGAGT-1,3
CCAATTTCAGTATGAA-1,8
CCAATTTGTCTGGTTA-1,9
CCAATTTGTGAGGAAA-1,15
CCAATTTTCACTAGCA-1,10
CCACAAAAGACATAAC-1,2
CCACAAAAGACGCATG-1,7
CCACAAAAGATGTTAG-1,2
CCACAAAAGCAATAGT-1,6
CCACAAACATAGGTTC-1,9
CCACAAAGTGATGAAT-1,16
CCACAAAGTTCGTGCG-1,7
CCACACTCAATAACGA-1,6
CCACACTCACAGCCAC-1,0
CCACACTGTATCTTCT-1,0
CCACACTGTGATACCT-1,12
CCACACTGTGGCGTAA-1,3
CCACACTGTTTCCAAG-1,1
CCACACTTCCCAGGCA-1,3
CCACCATAGAGCCCAA-1,7
CCACCATAGGAATCGC-1,13
CCACCATAGGTAACTA-1,2
CCACCATAGTGATCGG-1,8
CCACCATAGTGCCTCG-1,11
CCACCATTCTCTGACC-1,3
CCACCATTCTTTCTAG-1,1
CCACGAGAGCGATTCT-1,8
CCACGAGCAGACGATG-1,0
CCACGAGGTAGAATGT-1,5
CCACGAGGTGATCGTT-1,7
CCACGAGTCGCGATCG-1,11
CCACGTTCAACCGATT-1,14
CCACGTTCATGGCTGC-1,0
CCACGTTCATTCTCCG-1,11
CCACGTTGTCTCGGGT-1,9
CCACGTTGTTGACTGT-1,0
CCACTTGAGTGGACGT-1,9
CCACTTGCAACTCCCT-1,2
CCACTTGCACGTCGTG-1,6
CCACTTGGTAGGGTAC-1,7
CCACTTGGTCAAGTTC-1,12
CCACTTGGTGTGTCCG-1,10
CCACTTGTCGCCGATG-1,14
CCACTTGTCGTGCGAC-1,2
CCATAAGAGACGTCGA-1,8
CCATAAGAGCCACTCG-1,4
CCATAAGCATCGAGCC-1,12
CCATAAGCATCGCCTT-1,3
CCATAAGGTCGAAGCA-1,0
CCATAAGGTGACAGCA-1,14
CCATAAGGTTGTCATG-1,10
CCATCACCACTGAATC-1,16
CCATCACCATGGAACG-1,9
CCATCACGTCGCCACA-1,9
CCATCACGTTCGCGTG-1,13
CCATCACGTTCTAACG-1,9
CCATCACTCAAGCGTT-1,7
CCATCACTCAAGGCTT-1,1
CCCAACTCACGCTTAA-1,17
CCCAACTGTAAGTTGA-1,1
CCCAACTTCCTGGCTT-1,2
CCCAACTTCGGCATTA-1,2
CCCATTGAGCACAAAT-1,5
CCCATTGAGCCTTTGA-1,16
CCCATTGCATCAGCAT-1,0
CCCATTGCATCCTATT-1,9
CCCATTGCATTCACCC-1,12
CCCATTGGTAGTCGGA-1,2
CCCATTGGTGGAACAC-1,4
CCCATTGTCAGACAAA-1,8
CCCATTGTCAGCTTCC-1,7
CCCATTGTCATCTACT-1,5
CCCATTGTCCGGTAGC-1,1
CCCGAAGAGAAGTCTA-1,0
CCCGAAGAGCGAGAAA-1,13
CCCGAAGCATTCACCC-1,4
CCCGAAGTCAGCTGAT-1,15
CCCGAAGTCGTACCTC-1,15
CCCGGAAAGCGAATGC-1,4
CCCGGAAAGGTGAGAA-1,14
CCCGGAAGTCACGTGC-1,2
CCCGGAATCCAATGCA-1,16
CCCTAACAGAAACCAT-1,11
CCCTAACAGACGGATC-1,16
CCCTAACAGCAGGCAT-1,4
CCCTAACAGTATCCTG-1,3
CCCTAACCAACGCCCA-1,12
CCCTCAAAGGCACAAC-1,2
CCCTCAAGTTCCGTTC-1,11
CCCTCAATCTCATGGA-1,4
CCCTCTCAGAAACTCA-1,1
CCCTCTCCACAAACGG-1,12
CCCTCTCCACAGTCAT-1,4
CCCTCTCCACTGCGAC-1,7
CCCTCTCGTGGGTTGA-1,7
CCCTCTCGTTTCGTTT-1,0
CCCTGATAGATAACAC-1,3
CCCTGATCACAATTCG-1,0
CCCTGATCAGAAATTG-1,1
CCCTGATGTAGCTGTT-1,4
CCCTTAGAGCCTGTCG-1,5
CCCTTAGCAACTGGTT-1,2
CCCTTAGCATATGAAG-1,4
CCCTTAGCATCAGCTA-1,0
CCCTTAGGTCGATGCC-1,12
CCCTTAGTCAACTGGT-1,3
CCCTTAGTCCTGTACC-1,13
CCCTTAGTCGCAGTGC-1,1
CCGAACGAGACATAAC-1,8
CCGAACGAGATCGGTG-1,16
CCGAACGAGATTGATG-1,0
CCGAACGGTACGACAG-1,1
CCGAACGGTAGCGTTT-1,13
CCGAACGGTCAAAGCG-1,4
CCGAACGGTCGCGTCA-1,16
CCGAACGGTGCAGGAT-1,9
CCGAACGTCCTAAACG-1,5
CCGAACGTCGCAGAGA-1,8
CCGATCTCAGATTCGT-1,8
CCGATCTGTAGTCTGT-1,11
CCGATCTTCCACAGGC-1,7
CCGATCTTCTTACTGT-1,0
CCGATGGAGATGAATC-1,1
CCGATGGCAGTAGTTC-1,0
CCGATGGTCTGCACCT-1,15
CCGCAAGAGCGACATG-1,2
CCGCAAGAGGATGAGA-1,6
CCGCAAGCAATTGAAG-1,0
CCGCAAGGTGACAGCA-1,4
CCGCAAGTCAGGTAAA-1,16
CCGGACAAGCACTCGC-1,11
CCGGACAAGGGTGAGG-1,3
CCGGACACAGTCGGTC-1,0
CCGGACAGTTCCTAGA-1,6
CCGGACATCATCGACA-1,4
CCGGACATCGTTAGAC-1,15
CCGGGTAAGATAACGT-1,15
CCGGGTAAGTGCAGGT-1,6
CCGGGTAGTACAGGTG-1,11
CCGGGTAGTCCACACG-1,8
CCGGTAGAGGTTACCT-1,2
CCGGTAGCACTTTATC-1,8
CCGGTAGCAGCTGTAT-1,11
CCGGTAGGTGGATCAG-1,2
CCGGTGAAGAAGTCAT-1,13
CCGGTGAAGTGGTCAG-1,9
CCGGTGAGTCCCTGAG-1,15
CCGGTGAGTCGATGCC-1,14
CCGGTGATCCAATCCC-1,14
CCGGTGATCCATCCGT-1,7
CCGTAGGAGACCCTTA-1,4
CCGTAGGAGGGCCTCT-1,11
CCGTAGGAGTCAACAA-1,3
CCGTAGGCACTAGTAC-1,1
CCGTAGGCAGCGATTT-1,4
CCGTAGGGTAGCTGTT-1,10
CCGTAGGGTCTGCGCA-1,10
CCGTAGGGTTCAATCG-1,10
CCGTAGGGTTCTTGTT-1,3
CCGTAGGTCATAGGCT-1,1
CCGTGAGAGTAACCGG-1,13
CCGTGAGAGTTTAGGA-1,5
CCGTGAGCACAAGCTT-1,4
CCGTGAGGTCCTGTCT-1,4
CCGTGAGTCAACCTCC-1,15
CCGTGAGTCCGTGTGG-1,15
CCGTGAGTCTGATTCT-1,1
CCGTTCACAAGGGTCA-1,3
CCGTTCACACCGTGGT-1,9
CCGTTCACACGGTAGA-1,5
CCGTTCACAGAATCGG-1,9
CCGTTCACAGCGGATA-1,7
CCGTTCATCGTAACAC-1,11
CCTAACCAGACGGAAA-1,14
CCTAACCCAAATCGTC-1,15
CCTAACCCAGATCCAT-1,11
CCTAACCGTACTTCCC-1,15
CCTAACCGTCAAATCC-1,3
CCTAACCGTGTATCCA-1,9
CCTAACCGTTCAAGTC-1,6
CCTAAGAAGCGAGGAG-1,16
CCTAAGAAGTCGAAGC-1,4
CCTAAGACAGATACTC-1,6
CCTAAGACATGACCCG-1,11
CCTAAGAGTACCAATC-1,13
CCTAAGATCTGGGCGT-1,7
CCTACGTAGAAACTCA-1,12
CCTACGTCAGAGCCCT-1,8
CCTACGTCAGCTATTG-1,4
CCTACGTTCACTGTCC-1,4
CCTACGTTCGCTCATC-1,6
CCTATCGCACTGGCCA-1,3
CCTATCGGTGCATTAC-1,7
CCTATCGGTTCGCGTG-1,7
CCTATCGTCGAGATAA-1,10
CCTATCGTCGTGTCAA-1,12
CCTCAACAGAAGCGGG-1,14
CCTCAACAGCGGTAGT-1,2
CCTCAACAGTCTGGAG-1,2
CCTCAACAGTGACCTT-1,10
CCTCAACCACATCATG-1,12
CCTCAACGTCAAACGG-1,0
CCTCAACGTCCGGACT-1,5
CCTCAACGTTACGTAC-1,14
CCTCAACGTTTCGTAG-1,1
CCTCAACTCCTGGGAC-1,1
CCTCACAAGAAATGGG-1,0
CCTCACAAGCCACTCG-1,0
CCTCACAAGCGTGTTT-1,9
CCTCACAAGCTTACGT-1,1
CCTCACACAATTGAAG-1,0
CCTCACACAGACCGCT-1,15
CCTCACACATGTCTAG-1,8
CCTCACATCCTTCTAA-1,11
CCTCAGTAGAAGTCAT-1,8
CCTCAGTAGACGACTG-1,0
CCTCAGTAGTTTCGAC-1,11
CCTCAGTGTAAGGCTG-1,1
CCTCAGTGTAGCACAG-1,3
CCTCATGAGAACCGCA-1,10
CCTCATGAGGCAGCTA-1,7
CCTCATGCAACACTAC-1,8
CCTCATGCACCTGCGA-1,1
CCTCATGCATGAATAG-1,6
CCTCCAAAGGCCTAAG-1,16
CCTCCAAAGGTTAAAC-1,2
CCTCCAAGTCGCATTA-1,10
CCTCCAAGTTACCTTT-1,1
CCTCCAATCACAAGGG-1,8
CCTCCTCAGATTGTGA-1,9
CCTCCTCAGTCATAGA-1,2
CCTCCTCGTAGAAACT-1,7
CCTCCTCGTCCGACGT-1,8
CCTCCTCGTGCACGCT-1,0
CCTCCTCTCCATCTCG-1,2
CCTCTAGGTGCATACT-1,11
CCTCTAGTCTCGGTAA-1,8
CCTCTAGTCTGCTTAT-1,3
CCTCTAGTCTGGCTGG-1,3
CCTCTCCAGCCTCATA-1,7
CCTCTCCAGTGTTCAC-1,9
CCTCTCCAGTTCGCAT-1,8
CCTCTCCCACTGTGAT-1,10
CCTCTCCGTAACGCGA-1,16
CCTCTCCGTATGCAAA-1,3
CCTCTCCTCCCATAAG-1,13
CCTCTCCTCCCTCTCC-1,1
CCTCTCCTCGCTGCGA-1,15
CCTGCATCAGAAACCG-1,10
CCTGCATCAGACCCGT-1,12
CCTGCATGTTCCACGG-1,12
CCTGCATTCGCTTGCT-1,3
CCTGCATTCTACTATC-1,3
CCTGTTGGTCGATGCC-1,13
CCTGTTGGTTGCCGCA-1,7
CCTGTTGTCACCCATC-1,10
CCTGTTGTCGTTCGCT-1,0
CCTTCAGAGAAATCCA-1,6
CCTTCAGAGCATGGGT-1,1
CCTTCAGGTCATTCCC-1,4
CCTTCAGTCAGTCCGG-1,13
CCTTCAGTCATTTGGG-1,1
CCTTCAGTCCTTGGAA-1,10
CCTTCAGTCGCAGAGA-1,12
CCTTGTGAGAGGTATT-1,5
CCTTGTGAGCTGGCTC-1,4
CCTTGTGCAATGTTGC-1,16
CCTTGTGGTCGGAACA-1,1
CCTTGTGTCGTGTTCC-1,0
CCTTTGGAGAGATTCA-1,4
CCTTTGGAGCTGACCC-1,7
CCTTTGGCAGCGAGTA-1,4
CCTTTGGGTACTAAGA-1,0
CCTTTGGGTCTCAAGT-1,5
CCTTTGGGTCTGTAAC-1,1
CGAAGGAAGACTCGAG-1,6
CGAAGGAAGAGTTGCG-1,3
CGAAGGAAGATGTTGA-1,12
CGAAGGAAGGTCATTC-1,11
CGAAGGACATACCGTA-1,14
CGAAGGACATTGCCGG-1,1
CGAAGGAGTATCTTCT-1,1
CGAAGGAGTCAGCGTC-1,7
CGAAGGAGTGAATAAC-1,5
CGAAGGAGTGTATTCG-1,14
CGAAGTTAGCCGTTGC-1,1
CGAAGTTAGCGCTTCG-1,2
CGAAGTTAGGCTCTCG-1,8
CGAAGTTAGGTTATAG-1,11
CGAAGTTCACCCTCTA-1,5
CGAAGTTCATCCTATT-1,10
CGAATTGAGCACAAAT-1,10
CGAATTGAGTAGCATA-1,0
CGAATTGGTCAAACGG-1,9
CGAATTGGTGACGTCC-1,7
CGAATTGTCGAGTTGT-1,7
CGACAGCAGAACTTCC-1,5
CGACAGCAGTGGTTCT-1,4
CGACAGCGTAGGTGCA-1,14
CGACAGCGTCCGACGT-1,0
CGACAGCTCGATACTG-1,6
CGAGAAGCAGCGAGTA-1,7
CGAGAAGCAGGCCTGT-1,0
CGAGAAGGTACACGCC-1,10
CGAGAAGGTCGACTTA-1,3
CGAGGAACAACCGACC-1,11
CGAGGAAGTGACTCTA-1,2
CGAGGAAGTGTTACAC-1,0
CGAGGAATCGCGCTGA-1,3
CGAGGCTCAAGGTCAG-1,5
CGAGGCTCACCGTCTT-1,0
CGAGGCTCATGTTTGG-1,5
CGAGGCTTCATGCTAG-1,10
CGAGGCTTCTACGGTA-1,3
CGAGTGCAGACAGTCG-1,11
CGAGTGCCAAGTCATC-1,2
CGAGTGCCAGCAGTGA-1,0
CGAGTGCCAGTAACGG-1,5
CGAGTGCGTAAGCAAT-1,8
CGAGTGCGTTCTAACG-1,4
CGAGTGCTCAGCTTCC-1,11
CGAGTGCTCGTCCATC-1,1
CGAGTGCTCTACTCAT-1,0
CGAGTTAAGCGGTATG-1,3
CGAGTTACAACGGCCT-1,5
CGAGTTACAAGCAATA-1,1
CGAGTTAGTCTAACGT-1,5
CGAGTTATCTCTAGGA-1,11
CGATCGGAGCTCGAAG-1,8
CGATCGGTCGGCTGAC-1,10
CGATGCGAGAAACACT-1,13
CGATGCGAGACCAACG-1,12
CGATGCGAGCTTCATG-1,5
CGATGCGAGTCAGCGA-1,10
CGATGCGAGTCTGGAG-1,6
CGATGCGCAATCTAGC-1,0
CGATGCGCAGTGTGCC-1,3
CGATGCGCATAGGTTC-1,4
CGATGCGCATCGCTGG-1,4
CGATGCGGTGCCTGCA-1,1
CGATGCGTCTAACGGT-1,13
CGATGCGTCTGGGAGA-1,12
CGATGGCAGGTAGTAT-1,7
CGATGGCCAAATCAGA-1,14
CGATGGCCATCCTCAC-1,7
CGATGGCTCGACGCGT-1,1
CGCAGGTAGGATATAC-1,7
CGCAGGTGTCGCATGC-1,12
CGCAGGTGTGGTCTGC-1,15
CGCAGGTGTTCTCAGA-1,13
CGCAGGTTCACTGAAC-1,4
CGCATAAGTAGCGTCC-1,12
CGCATGGCAAGACGGT-1,4
CGCATGGCACCAGGTC-1,1
CGCATGGCACCTTCCA-1,6
CGCATGGGTCGTATTG-1,12
CGCATGGGTGCCCTTT-1,3
CGCATGGGTTCGTTCC-1,4
CGCCAGAAGCGCATCC-1,4
CGCCAGAAGTCGCTAT-1,8
CGCCAGACAACACGTT-1,0
CGCCAGACACGACAGA-1,4
CGCCAGAGTCATCTAG-1,5
CGCCAGATCTGCATGA-1,1
CGCCATTCAGTTACCA-1,3
CGCCATTGTGTAGTGG-1,2
CGCCATTTCGCCTATC-1,13
CGCGTGAAGCTGCGAA-1,14
CGCGTGAAGGTGCTGA-1,4
CGCGTGAAGTAACCTC-1,0
CGCGTGAAGTCACGCC-1,9
CGCGTGAGTTTACTGG-1,7
CGGAACCAGAGGTTAT-1,6
CGGAACCAGCAAGCCA-1,5
CGGAACCCAGCGAGTA-1,7
CGGAACCTCAAAGGAT-1,0
CGGAACCTCGATTTCT-1,6
CGGAATTAGGCCACTC-1,6
CGGAATTAGTCTTGGT-1,5
CGGAATTCAAGGTCTT-1,10
CGGAATTCACTTCAAG-1,17
CGGAATTCAGAAGTTA-1,1
CGGAATTGTCCTGGGT-1,12
CGGAATTGTCGACTGC-1,4
CGGAATTGTGAGACCA-1,4
CGGAATTGTTATGGTC-1,8
CGGAATTTCGTTCGCT-1,13
CGGAATTTCTTCTCAA-1,1
CGGACACGTGGATTTC-1,2
CGGACACTCTAGCCTC-1,1
CGGAGAAAGAAGCGGG-1,16
CGGAGAAAGAGAGGTA-1,11
CGGAGAAAGTACGAGC-1,0
CGGAGAACATCACAGT-1,5
CGGAGAACATGTGCTA-1,13
CGGAGAATCTCAACCC-1,3
CGGCAGTAGCACTAAA-1,13
CGGCAGTAGGGTCAAC-1,5
CGGCAGTCACTCCGGA-1,12
CGGCAGTCATTCACCC-1,13
CGGCAGTGTTTACGAC-1,10
CGGCAGTTCAGTCTTT-1,8
CGGCAGTTCCTACCGT-1,10
CGGGACTAGCATCCTA-1,10
CGGGACTAGCTGTTAC-1,2
CGGGACTCAAGTGCAG-1,8
CGGGACTGTTCGGTAT-1,8
CGGGACTTCCCGGTAG-1,3
CGGGACTTCCCGTTGT-1,6
CGGGCATCATGATGCT-1,2
CGGGCATGTATTGACC-1,10
CGGGCATGTGGACTGA-1,6
CGGGCATGTTCTCAGA-1,12
CGGGCATTCCAAGCAT-1,3
CGGGCATTCCGAGGCT-1,3
CGGGTCAAGCGCCATC-1,9
CGGGTCAAGTCTGCAT-1,13
CGGGTCAAGTGCAGGT-1,5
CGGGTCACAAGCGAAC-1,9
CGGGTCACAGAGGACT-1,2
CGGGTCAGTTCAATCG-1,4
CGGGTCATCACGGACC-1,0
CGGGTGTAGAACCGCA-1,0
CGGGTGTAGGTAGATT-1,6
CGGGTGTCAGACATCT-1,1
CGGGTGTCAGTTAAAG-1,8
CGGTCAGAGCTGACCC-1,4
CGGTCAGCACAAGCCC-1,0
CGGTCAGCACACCTTC-1,15
CGGTCAGTCATGAGAA-1,6
CGTAAGTAGCTGAAAT-1,10
CGTAATGTCAACGCTA-1,1
CGTAATGTCACTGCTC-1,1
CGTAGTAAGACATCCT-1,5
CGTAGTAAGCTGTTAC-1,2
CGTAGTAAGTAGGATT-1,8
CGTAGTACAGAGATTA-1,0
CGTAGTACAGCTGCCA-1,15
CGTAGTAGTGCATTAC-1,11
CGTAGTATCAATCCAG-1,2
CGTAGTATCTCCTGAC-1,1
CGTAGTATCTCGACGG-1,5
CGTCAAAAGCAAGCCA-1,6
CGTCAAAAGCCGTCGT-1,2
CGTCAAAAGCCTCTGG-1,9
CGTCAAAAGCTCGGCT-1,10
CGTCAAAGTCGTGCCA-1,5
CGTCAAAGTGAATATG-1,3
CGTCAAAGTTAGGAGC-1,1
CGTCAAATCCTATGGA-1,11
CGTCCATAGCTGACCC-1,4
CGTCCATCAGAGCTAG-1,17
CGTCCATCAGCGATTT-1,10
CGTCCATTCTTCCCAG-1,11
CGTGAATAGCGTCAAG-1,14
CGTGAATCAACTGGTT-1,14
CGTGAATCACGCTGTG-1,10
CGTGAATGTACAAAGT-1,10
CGTGAATGTGTGAATA-1,2
CGTGATAAGGCCTGCT-1,9
CGTGATACAACGCCCA-1,5
CGTGATAGTAGCGTAG-1,1
CGTGATAGTCAACACT-1,15
CGTGATAGTCTTTCTA-1,10
CGTGATAGTGTCATTG-1,0
CGTGATAGTTTACGAC-1,2
CGTGATATCAGTGGGA-1,0
CGTGATATCCAGCCTT-1,13
CGTGATATCTAAACGC-1,7
CGTGCTTAGCAATAAC-1,1
CGTGCTTAGCTCCGAC-1,1
CGTGCTTCAAGACGAC-1,8
CGTGCTTCACCAAAGG-1,5
CGTGCTTCAGAGTTCT-1,7
CGTGCTTCAGCGAACA-1,6
CGTGCTTCAGGTGTGA-1,7
CGTGCTTGTGACAGGT-1,2
CGTGCTTGTTTACACG-1,4
CGTGCTTTCCTGTAGA-1,13
CGTGTCTAGATCGGTG-1,10
CGTGTCTAGCTTCGTA-1,15
CGTGTCTCAGTGTGCC-1,0
CGTGTCTTCAAAGGAT-1,6
CGTGTCTTCAAATGAG-1,3
CGTTAGACACTGAATC-1,5
CGTTAGAGTAAGGCCA-1,10
CGTTAGAGTTTGAACC-1,5
CGTTAGATCACCTGGG-1,13
CGTTAGATCTATGCCC-1,0
CGTTCTGCACACCTGG-1,12
CGTTCTGTCAGCGTCG-1,8
CGTTCTGTCGGCAGTC-1,0
CGTTGGGAGCCGATAG-1,8
CGTTGGGAGTCTCGTA-1,10
CGTTGGGAGTGGATTA-1,6
CGTTGGGAGTGTCATC-1,4
CGTTGGGCAATGAACA-1,12
CGTTGGGTCAGACTGT-1,8
CGTTGGGTCCGTAGTA-1,14
CTAACCCAGAGTCAGC-1,9
CTAACCCAGATTGGGC-1,17
CTAACCCAGCCATTTG-1,17
CTAACCCCACCTTCCA-1,4
CTAACCCGTCACGTGC-1,2
CTAACCCTCATTCTTG-1,3
CTAACCCTCGAGTGAG-1,1
CTAACTTAGAAGGATG-1,9
CTAACTTAGCTAAATG-1,11
CTAACTTAGCTCTATG-1,4
CTAACTTAGTAGAATC-1,1
CTAACTTCAAACGAGC-1,7
CTAACTTCATCCGCGA-1,12
CTAACTTGTACAGTTC-1,15
CTAACTTTCAGGACAG-1,4
CTAAGTGAGTGCCTCG-1,1
CTAAGTGAGTTGGAGC-1,0
CTAAGTGCACTCCGAG-1,3
CTAAGTGCACTGTCCT-1,12
CTAAGTGGTACAATAG-1,1
CTAAGTGGTCTCTCCA-1,12
CTAAGTGGTGATTCTG-1,10
CTAAGTGTCGGTTCAA-1,9
CTACAGAAGAGCAACC-1,5
CTACAGAAGGGCTGAT-1,3
CTACAGAAGTATTGCC-1,12
CTACAGACACTCCACT-1,7
CTACAGAGTACCTAAC-1,5
CTACAGAGTACTGCCG-1,3
CTACAGAGTAGCTCGC-1,11
CTACAGAGTATGGGAC-1,2
CTACAGAGTTAAGGAT-1,4
CTACAGATCGCAATTG-1,7
CTACATTAGACCAAGC-1,1
CTACATTAGTGCACAG-1,7
CTACATTCAGCAGTCC-1,14
CTACCCACACTTCAGA-1,11
CTACCCAGTCTGTGGC-1,4
CTACCCAGTTGACGGA-1,7
CTACCCATCTATCGTT-1,4
CTACCCATCTGTGCGG-1,14
CTACCTGAGGTGATCG-1,7
CTACCTGGTCGCTTAA-1,5
CTACCTGGTCGGAACA-1,1
CTACCTGGTGTCCATA-1,8
CTACCTGTCTTCTAAC-1,12
CTACGGGAGCCGTTGC-1,15
CTACGGGAGCGTGAGT-1,4
CTACGGGAGTGTTGTC-1,15
CTACGGGCAGGATTCT-1,0
CTACGGGGTGCCTACG-1,0
CTACGGGTCATTCCTA-1,3
CTACGGGTCCGCCTAT-1,1
CTACGGGTCTGGTCAA-1,1
CTACTATCAATATCCG-1,7
CTACTATTCAGACCTA-1,2
CTACTATTCATTACGG-1,8
CTAGACAAGATGCAGC-1,2
CTAGACAAGCCTATTG-1,7
CTAGACACAGCTCCTT-1,3
CTAGACACAGTCGGAA-1,17
CTAGACAGTGACCGTC-1,9
CTAGGTAAGTATAGGT-1,14
CTAGGTAAGTCTCTGA-1,12
CTAGGTAAGTCTGGTT-1,1
CTAGGTACATATCTGG-1,6
CTAGGTAGTACACTCA-1,4
CTAGGTAGTATGAAAC-1,10
CTAGGTATCCCGTTCA-1,14
CTAGGTATCGAATGCT-1,9
CTATAGGAGCACGATG-1,1
CTATAGGAGCGTGAGT-1,5
CTATAGGGTCTCTCAC-1,7
CTATAGGTCAGGTAAA-1,11
CTATAGGTCTCGGCTT-1,6
CTATAGGTCTGGACCG-1,13
CTATCCGAGACGACTG-1,8
CTATCCGAGGGTGAGG-1,13
CTATCCGAGTCGGGAT-1,14
CTATCCGGTCGATGCC-1,7
CTATCCGTCTCATGCC-1,8
CTATCCGTCTCTCAAT-1,14
CTATCTAAGGTTGACG-1,6
CTATCTAAGTAGACAT-1,0
CTATCTACATGGTACT-1,11
CTATCTATCCCGAGGT-1,6
CTATCTATCGTGCAGC-1,16
CTCAACCAGCAGGCAT-1,12
CTCAACCAGGGTACGT-1,3
CTCAACCCAATACCTG-1,3
CTCAACCCAGTCTGGC-1,4
CTCAACCGTCGTCTCT-1,16
CTCAACCGTGTCCAAT-1,11
CTCAACCGTTCAAGTC-1,10
CTCAACCTCTCCTACG-1,4
CTCAAGACAACAGCCC-1,11
CTCAAGACAACTTGCA-1,1
CTCAAGACACTTACAG-1,1
CTCAAGACAGGCGTTC-1,9
CTCAAGACAGTAGTGG-1,5
CTCAAGAGTCCAAAGG-1,16
CTCAAGATCGAGAACG-1,0
CTCAAGATCGTGGACC-1,15
CTCAAGATCTCTAAGG-1,5
CTCAATTCACATACGT-1,9
CTCAATTGTATCGTAC-1,13
CTCACTGAGATAACGT-1,9
CTCACTGCAGACCAGA-1,7
CTCACTGCATCCTATT-1,9
CTCACTGGTTAGTTCG-1,6
CTCACTGTCCACACCT-1,4
CTCACTGTCCCTGGTT-1,4
CTCACTGTCGATGCTA-1,14
CTCACTGTCTGCGAGC-1,0
CTCAGAAAGCGCTGAA-1,6
CTCAGAAAGGGCCAAT-1,8
CTCAGAACAATGTTGC-1,8
CTCAGAACAATTGCTG-1,3
CTCAGAATCTCACGAA-1,7
CTCAGGGAGAGAGCCT-1,12
CTCAGGGCATCATCCC-1,12
CTCAGGGTCGCATGAT-1,10
CTCAGTCAGTTGAATG-1,12
CTCAGTCAGTTGCCTA-1,3
CTCAGTCGTCCTACGG-1,1
CTCAGTCTCGACTCCT-1,3
CTCATCGAGCCATTTG-1,1
CTCATCGAGCGACCCT-1,15
CTCATCGAGGTGAGAA-1,7
CTCATCGCACACCAGC-1,8
CTCATCGCAGCACAGA-1,2
CTCATCGGTGCAACAG-1,17
CTCATCGTCCCATTCG-1,7
CTCATCGTCCTCAGGG-1,14
CTCATCGTCTGGAGAG-1,5
CTCATGCAGGCAATGC-1,7
CTCATGCAGTAAGCAT-1,0
CTCATGCAGTCCCAGC-1,1
CTCATGCAGTGCACCC-1,14
CTCATGCCATGACGAG-1,2
CTCATGCGTAACAGTA-1,1
CTCATGCGTCGTATGT-1,1
CTCATGCGTCTCCCTA-1,0
CTCATTAAGCCGTTAT-1,6
CTCATTATCTAGCAAC-1,13
CTCATTATCTCGACCT-1,6
CTCCAACAGTGGATTA-1,10
CTCCAACCACGACTAT-1,2
CTCCAACGTCATCGGC-1,6
CTCCAACTCTTTCAGT-1,8
CTCCACAAGACAAGCC-1,9
CTCCACAAGCACAAAT-1,11
CTCCACAAGGACTGGT-1,3
CTCCACAAGTACGAGC-1,15
CTCCACACAAGAATAC-1,2
CTCCACATCGGAAACG-1,1
CTCCATGAGCGACTAG-1,4
CTCCATGAGCGTCAAG-1,4
CTCCATGAGCGTGAAC-1,0
CTCCATGCACGACCTG-1,13
CTCCATGGTACTGCCG-1,17
CTCCATGGTTCGTAAC-1,15
CTCCCAAAGATACAGT-1,11
CTCCCAAAGGCAGGTT-1,8
CTCCCAACAACGTATC-1,1
CTCCCAACAGAGGTAC-1,10
CTCCCAACAGCGACAA-1,1
CTCCCAATCCCAACTC-1,2
CTCCCTCAGGAGATAG-1,15
CTCCCTCCACTTCTCG-1,10
CTCCCTCCAGTAACAA-1,4
CTCCCTCCATACAGGG-1,14
CTCCCTCGTACTCGTA-1,7
CTCCCTCGTGAGAGGG-1,14
CTCCCTCTCGGCTTCT-1,16
CTCCGATAGAATCGCG-1,10
CTCCGATCACGGTGAA-1,12
CTCCGATCACGTAGAG-1,12
CTCCGATGTAGTGCGA-1,15
CTCCGATGTTCGTAAC-1,6
CTCCGATGTTTGGAAA-1,15
CTCCTCCGTAGCACAG-1,9
CTCCTCCTCAAGTCTG-1,9
CTCCTCCTCATCACTT-1,12
CTCCTCCTCCCAACTC-1,0
CTCCTCCTCCTCTGCA-1,6
CTCCTTTTCGCCGAGT-1,11
CTCCTTTTCGGCTTGG-1,14
CTCGAGGTCCAGCTCT-1,3
CTCGAGGTCGCTTAAG-1,8
CTCGAGGTCTCGGTCT-1,9
CTCTCAGAGAGTTGAT-1,5
CTCTCAGCAAAGGCAC-1,2
CTCTCAGCAATCGCAT-1,9
CTCTCAGCAATTCGTG-1,4
CTCTCAGCATTGCCGG-1,6
CTCTCGACATTGAGGG-1,1
CTCTCGAGTAGAGGAA-1,6
CTCTCGAGTTTGTGGT-1,1
CTCTCGATCCACCTCA-1,10
CTCTGGTAGCATTGAA-1,5
CTCTGGTAGCGTCAAG-1,4
CTCTGGTTCGAAGCCC-1,14
CTCTGGTTCGGCTGAC-1,0
CTCTGGTTCTGACGCG-1,4
CTGAATGAGCTCCGAC-1,5
CTGAATGAGCTGAAAT-1,6
CTGAATGGTATGTGTC-1,6
CTGAATGGTCTTCCGT-1,9
CTGAATGTCATGGATC-1,9
CTGAGCGAGAACTTCC-1,11
CTGAGCGAGTCATGGG-1,7
CTGAGCGGTATGCGGA-1,3
CTGAGCGGTTAACCTG-1,2
CTGAGCGTCTCTCTAA-1,13
CTGAGGCAGACGCCCT-1,9
CTGAGGCAGAGAGCCT-1,15
CTGAGGCAGCCTCAAT-1,6
CTGAGGCGTAGCGTTT-1,9
CTGAGGCGTGATACCT-1,6
CTGAGGCGTTGGAGGT-1,9
CTGAGGCTCACCTCAC-1,7
CTGAGGCTCAGCCTTC-1,3
CTGAGGCTCCGCAACG-1,4
CTGAGGCTCCTTGGAA-1,1
CTGATCCAGTACAGCG-1,0
CTGATCCGTCGAAACG-1,8
CTGATCCTCTCCTGTG-1,1
CTGCAGGAGCTTAAGA-1,1
CTGCAGGCACAGCCAC-1,9
CTGCAGGGTAGTAAGT-1,10
CTGCAGGGTGACGCCT-1,6
CTGCAGGGTGTCGATT-1,7
CTGCAGGGTTGTTGCA-1,14
CTGCAGGTCACGAGGA-1,1
CTGCAGGTCATGCATG-1,5
CTGCAGGTCATTACTC-1,4
CTGCAGGTCGGCTGAC-1,10
CTGCAGGTCGGCTGGT-1,9
CTGCAGGTCGGTCGGT-1,14
CTGCAGGTCTCGTCGT-1,7
CTGCAGGTCTTACGTT-1,10
CTGCAGGTCTTCTAAC-1,1
CTGCAGGTCTTCTGGC-1,0
CTGCATCAGACCCTTA-1,13
CTGCATCAGGTATAGT-1,4
CTGCATCAGTGCACCC-1,4
CTGCATCCAAAGACTA-1,15
CTGCATCCAAGAAACT-1,15
CTGCATCGTAGTTAGA-1,12
CTGCATCGTCCAACGC-1,11
CTGCATCGTGCAACGA-1,14
CTGCATCTCCCTCGAT-1,11
CTGCATCTCGGATTAC-1,0
CTGCATCTCGTCCTCA-1,14
CTGCATCTCTGAGCAT-1,4
CTGCATCTCTGTAACG-1,0
CTGCATCTCTGTCCGT-1,1
CTGCCATCAAGTGGTG-1,9
CTGCCATTCTCCTACG-1,10
CTGCCATTCTGACGCG-1,14
CTGCCTAAGTGCACTT-1,6
CTGCCTACAAATGAGT-1,6
CTGCCTAGTATCACGT-1,13
CTGCCTAGTTGGCCTG-1,2
CTGCGAGGTATCGAAA-1,14
CTGCGAGGTTCTCTAT-1,13
CTGCGAGTCTAACACG-1,13
CTGCTCAAGAGATCGC-1,6
CTGCTCAAGAGGATCC-1,1
CTGCTCAAGGTCACTT-1,10
CTGGACGAGCATGATA-1,5
CTGGACGCAGTCCGTG-1,12
CTGGACGGTCTGTCCT-1,9
CTGGACGTCATCCTGC-1,14
CTGGACGTCCAACCGG-1,7
CTGGACGTCCATTTAC-1,9
CTGGACGTCGCGATCG-1,0
CTGGACGTCTTGGTGA-1,11
CTGGCAGAGTATGGCG-1,8
CTGGCAGCAAATGGAT-1,3
CTGGCAGTCGATTGGT-1,3
CTGGTCTAGCAGCCTC-1,15
CTGGTCTAGCCAGACA-1,13
CTGGTCTAGGCGTTGA-1,0
CTGGTCTAGTTAACAG-1,5
CTGGTCTGTTGTCATG-1,4
CTGGTCTTCGTCGATA-1,2
CTGTACCAGTAGGGTC-1,9
CTGTACCCAGAGGTTG-1,0
CTGTACCGTCGGCACT-1,10
CTGTACCGTTGCCATA-1,8
CTGTACCTCATGGTAC-1,2
CTGTACCTCCTGCTAC-1,5
CTGTACCTCCTGTTGC-1,13
CTGTACCTCCTTCTGG-1,12
CTGTACCTCGAGTCCG-1,3
CTGTAGAGTCACGACC-1,8
CTGTAGATCTCGTTTA-1,8
CTGTAGATCTGCGGAC-1,12
CTGTCGTAGTTGGGAC-1,4
CTGTCGTCAAAGACGC-1,13
CTGTCGTCAATTGCGT-1,11
CTGTCGTGTCGCAGTC-1,1
CTGTCGTGTGTCCATA-1,5
CTGTGAAAGGTTATAG-1,13
CTGTGAACAAATTGGA-1,8
CTGTGAACACAATGCT-1,10
CTGTGAACAGACCATT-1,7
CTGTGAAGTGACCGAA-1,0
CTGTGAAGTTAGGGTG-1,4
CTGTGAATCATGACAC-1,4
CTGTGAATCGCTACGG-1,5
CTGTGAATCGTGCACG-1,4
CTGTGAATCTTCTCAA-1,7
CTGTGGGCAGGCAATG-1,7
CTGTGGGCATGAGATA-1,6
CTGTGGGGTACAGAAT-1,2
CTTACCGAGATTACCC-1,1
CTTACCGAGCTTAAGA-1,1
CTTACCGCAATGAACA-1,8
CTTACCGCACGACGTC-1,6
CTTACCGGTATCCCAA-1,10
CTTACCGTCGTTCTAT-1,12
CTTAGGAAGCGCCGTT-1,14
CTTAGGAGTAGGATAT-1,8
CTTCAATAGCGAAACC-1,5
CTTCAATCATATTCGG-1,1
CTTCAATGTTCAAGGG-1,6
CTTCCGACACCAGCCA-1,8
CTTCCGACATCGAACT-1,11
CTTCCGATCGAGAAGC-1,5
CTTCCGATCGCTGTCT-1,0
CTTCCTTAGACTCTAC-1,3
CTTCCTTAGCACAAAT-1,7
CTTCCTTCAAGGATGC-1,13
CTTCCTTGTACAGTCT-1,8
CTTCCTTGTGACATCT-1,9
CTTCCTTGTGCCGTTG-1,2
CTTCGGTAGATTGCGG-1,2
CTTCGGTAGCACTCTA-1,9
CTTCGGTAGCTACGTT-1,11
CTTCGGTCATACGCAT-1,5
CTTCGGTGTCCAGAAG-1,2
CTTCGGTTCTAGGCAT-1,10
CTTCTAAAGAGGTATT-1,7
CTTCTAAAGCGGGTAT-1,11
CTTCTAACACAAAGTA-1,6
CTTCTAACATTCCTAT-1,1
CTTCTAAGTACACGCC-1,7
CTTCTAAGTGAGCAGT-1,2
CTTCTAAGTTCATCTT-1,0
CTTCTAATCTCTATGT-1,1
CTTCTCTAGCTCATAC-1,4
CTTCTCTAGGCTTAAA-1,0
CTTCTCTAGTAAGAGG-1,4
CTTCTCTCAAGTTTGC-1,10
CTTCTCTCACGTACAT-1,11
CTTCTCTCAGCCTTCT-1,5
CTTCTCTGTGATATAG-1,1
CTTCTCTTCAAACGAA-1,2
CTTCTCTTCGTTCATT-1,3
CTTGAGAAGCAGAAAG-1,1
CTTGAGAAGGAATCGC-1,11
CTTGAGACAGAACGCA-1,8
CTTGAGAGTCGCTCGA-1,13
CTTGATTAGAAACCCG-1,2
CTTGATTCAAGTACCT-1,14
CTTGATTCACTCCTTG-1,6
CTTGATTCAGCGATTT-1,13
CTTGATTGTAACCAGG-1,3
CTTTCAAAGACCGTTT-1,5
CTTTCAAAGAGAGCAA-1,4
CTTTCAAAGCCAAGGT-1,6
CTTTCAAAGTAATACG-1,6
CTTTCAACAATTGAAG-1,11
CTTTCAACACTACCCT-1,12
CTTTCAACATAATGAG-1,7
CTTTCAACATCATCTT-1,0
CTTTCAAGTAAGACCG-1,6
CTTTCAAGTACGAGTG-1,4
CTTTCAAGTATGCTAC-1,4
CTTTCAAGTCACTCGG-1,7
CTTTCAAGTCATCAGT-1,7
CTTTCAAGTGGACTAG-1,9
CTTTCAATCCGCTGTT-1,15
CTTTCGGAGGTAATCA-1,5
CTTTCGGCAACCAATC-1,0
CTTTCGGCACGGCGTT-1,7
CTTTCGGCAGGAGACT-1,13
CTTTCGGGTAATACCC-1,11
CTTTCGGGTATCGTTG-1,3
CTTTCGGGTCTACGAT-1,8
CTTTCGGTCCATTTAC-1,2
CTTTCGGTCGAAGAAT-1,9
CTTTCGGTCGCGTCGA-1,8
GAAACCTAGCGCCTCA-1,3
GAAACCTCAAGTCCCG-1,8
GAAACCTCACTGTGTA-1,4
GAAACCTGTATGAGAT-1,2
GAAACCTGTCGTATTG-1,0
GAAACCTGTGTTAACC-1,10
GAAACCTTCCGTGGTG-1,6
GAAACCTTCGGTCACG-1,5
GAAATGAAGCCGGAAT-1,1
GAAATGAAGGACTAAT-1,6
GAAATGAAGGTATCTC-1,13
GAAATGACAGCATGCC-1,9
GAAATGAGTAGCTGAG-1,0
GAAATGAGTCGAAACG-1,14
GAAATGAGTGGAGGTT-1,17
GAAATGAGTTCATCGA-1,10
GAAATGATCTCCAATT-1,10
GAACACTAGAATTGCA-1,10
GAACACTGTCACTCGG-1,0
GAACACTGTGCCTGCA-1,10
GAACACTTCCCTTTGG-1,3
GAACACTTCGGTCGGT-1,12
GAACACTTCTACCAGA-1,2
GAACGTTAGGTGGTTG-1,9
GAACGTTTCTCGACCT-1,4
GAACTGTAGGTAGACC-1,2
GAACTGTCACGACAAG-1,16
GAACTGTTCAGACATC-1,0
GAAGAATAGCTGGTGA-1,0
GAAGAATCAGACCATT-1,1
GAAGAATGTACAAACA-1,1
GAAGAATTCAAGTCTG-1,14
GAAGCCCAGCGGGTTA-1,9
GAAGCCCAGCTTGTTG-1,1
GAAGCCCCAACGATCT-1,3
GAAGCCCCACCAGCCA-1,13
GAAGCCCCATATGGCT-1,0
GAAGCCCTCGAACACT-1,5
GAAGCCCTCTTCCACG-1,3
GAAGCGAAGGTACCTT-1,10
GAAGCGAGTCGAGCTC-1,8
GAAGCGATCCATAGAC-1,8
GAAGGACAGAGCAACC-1,6
GAAGGACAGGCCCACT-1,10
GAAGGACGTACAGCGA-1,9
GAAGGACTCGCAACAT-1,8
GAAGGGTCAATACCTG-1,2
GAAGGGTGTATTAAGG-1,6
GAAGGGTGTCATCTAG-1,7
GAAGGGTGTTCGATTG-1,9
GAAGGGTTCCCAATAG-1,0
GAAGTAAGTAACAAGT-1,11
GAAGTAAGTGGCTTAT-1,8
GAAGTAATCTGAGCAT-1,2
GAATAGAAGAAGCGCT-1,2
GAATAGAAGTGCCTCG-1,11
GAATAGACACATCCCT-1,9
GAATAGAGTTTGGGAG-1,11
GAATAGATCGAGTCCG-1,0
GAATAGATCGGTCGAC-1,2
GAATAGATCTGGGAGA-1,10
GAATCACAGAAGATCT-1,8
GAATCACAGACCAAGC-1,0
GAATCACAGTGCACAG-1,8
GAATCACCAATCTCGA-1,10
GAATCACCACAGTCAT-1,9
GAATCACGTTTGAACC-1,10
GAATCACTCTACCAGA-1,3
GAATCGTAGGTCCTGC-1,17
GAATCGTAGTGCAGGT-1,6
GAATCGTAGTGCTACT-1,3
GAATCGTCACATACTG-1,8
GAATCGTTCGGTTAGT-1,2
GACACGCTCACGACTA-1,10
GACACGCTCGTAACCA-1,7
GACAGCCAGACATAAC-1,0
GACAGCCAGGTTAAAC-1,2
GACAGCCGTAGGAGGG-1,10
GACAGCCTCAATCAGC-1,5
GACAGCCTCCGCACTT-1,7
GACATCAAGCGTGTTT-1,13
GACATCAAGTTTCGGT-1,1
GACATCACACCGTACG-1,1
GACATCACACTAGAGG-1,15
GACATCAGTTCGTACA-1,1
GACCAATAGATGAACT-1,3
GACCAATTCTATCCAT-1,16
GACCCAGAGACTCTAC-1,3
GACCCAGAGCACAAAT-1,1
GACCCAGAGGCTGTAG-1,1
GACCCAGCACATACGT-1,9
GACCCAGGTCCGGATC-1,13
GACCCAGGTCGGTACC-1,9
GACCCAGTCTAGCAAC-1,2
GACCCTTAGTGAGTGC-1,16
GACCCTTAGTTTCGGT-1,3
GACCCTTCAAAGTGTA-1,0
GACCCTTCAACATACC-1,7
GACCCTTCAACGTAAA-1,0
GACCCTTGTAACAGGC-1,4
GACCCTTGTCTTACAG-1,12
GACCCTTGTGAGATAT-1,7
GACCGTGAGTTTGCTG-1,6
GACCGTGCATCACAGT-1,3
GACCGTGCATGTGGTT-1,1
GACCGTGTCAACCTTT-1,12
GACCGTGTCACGTCCT-1,7
GACCGTGTCCGAGAAG-1,6
GACCTTCAGAAGTATC-1,4
GACCTTCGTAGCACAG-1,10
GACCTTCTCACATACG-1,16
GACCTTCTCCTCCACA-1,1
GACGCTGCATGGGTTT-1,13
GACGCTGTCATGAGAA-1,6
GACGCTGTCCGTATAG-1,2
GACGCTGTCCTTGGAA-1,13
GACGTTAAGAGCCGAT-1,2
GACGTTAAGGCGTTAG-1,3
GACGTTAGTACGGGAT-1,0
GACGTTAGTCTCTCCA-1,13
GACGTTAGTGGCATCC-1,0
GACTATGAGCATCAAA-1,4
GACTATGCAAGAGTGC-1,15
GACTATGGTCGCAACC-1,4
GACTATGGTCTAATCG-1,15
GACTATGGTGGGCTTC-1,14
GACTATGTCTCGACCT-1,10
GACTCAAAGACGCATG-1,7
GACTCAAAGCTCGGCT-1,2
GACTCAACAACCAACT-1,6
GACTCAACACAATGTC-1,3
GACTCAAGTGCTCGTG-1,6
GACTCAATCATCGGGC-1,9
GACTCAATCCTCTAGC-1,0
GACTCTCCAAGGTCAG-1,4
GACTCTCCAATGGCAG-1,7
GACTCTCCACACCTAA-1,4
GACTCTCCACCAGTTA-1,4
GACTCTCCAGCAGAAC-1,8
GACTCTCTCGAACTCA-1,6
GACTGATAGTATAGGT-1,4
GACTGATAGTCATCCA-1,7
GACTGATCAACCGCCA-1,6
GACTGATCAGTATTCG-1,10
GACTGATGTGTGTCGC-1,0
GACTGATGTTCCTTGC-1,2
GACTTCCAGAAGGGAT-1,10
GACTTCCAGCCTCAGC-1,11
GACTTCCAGGGAGGGT-1,9
GACTTCCAGGGCTTCC-1,9
GACTTCCCAAGTGATA-1,11
GACTTCCGTACATACC-1,0
GACTTCCTCAACTTTC-1,5
GAGAAATAGAAGTCTA-1,2
GAGAAATAGTAACGAT-1,14
GAGAAATCAATTGCAC-1,3
GAGAAATGTAGCCCTG-1,15
GAGAAATGTAGGTGCA-1,15
GAGAAATGTTTAAGGA-1,7
GAGAAATTCCCGAACG-1,7
GAGAAATTCGTTTACT-1,0
GAGACCCAGAGAGGGC-1,1
GAGACCCAGGAAACGA-1,14
GAGACCCCACGGGTAA-1,12
GAGACCCCATGCTGCG-1,15
GAGACCCGTAAGATCA-1,13
GAGACCCGTGCAACGA-1,1
GAGACCCTCCGTCACT-1,7
GAGACCCTCGTTGTAG-1,0
GAGACTTCAAGCCCAC-1,2
GAGACTTCAAGCGATG-1,0
GAGACTTCAAGTGCTT-1,14
GAGACTTCACTCGATA-1,7
GAGACTTCACTTCAGA-1,13
GAGACTTCAGCAGGAT-1,5
GAGACTTCATCATGAC-1,1
GAGACTTTCTTGGTGA-1,5
GAGAGGTAGATGCTTC-1,6
GAGAGGTAGGGAGGAC-1,5
GAGAGGTCACTCTCGT-1,0
GAGAGGTGTATCGCAT-1,11
GAGATGGAGGCTGGAT-1,3
GAGATGGCAAATCAGA-1,4
GAGATGGCAACTCCCT-1,2
GAGATGGGTTCGGTAT-1,11
GAGATGGGTTGATCGT-1,6
GAGCCTGAGAAACTCA-1,1
GAGCCTGAGACCAGAC-1,2
GAGCCTGAGCGAGAAA-1,12
GAGCCTGCACGTCGTG-1,0
GAGCCTGGTACGCGTC-1,16
GAGCCTGGTGTAGCAG-1,4
GAGCTGCAGACAGTCG-1,13
GAGCTGCCATTAAGCC-1,3
GAGCTGCGTTGTACGT-1,1
GAGCTGCTCAGATTGC-1,1
GAGCTGCTCGAAGTGG-1,3
GAGGCAAAGGTAAACT-1,1
GAGGCAAGTCCCTGTT-1,2
GAGGCAAGTGACACAG-1,0
GAGGCAAGTGTTCGAT-1,13
GAGGCAAGTTGGGCCT-1,8
GAGGCCTAGATGGTAT-1,5
GAGGCCTCAAGCTCTA-1,9
GAGGCCTGTGAGATAT-1,3
GAGGCCTTCCCATAGA-1,7
GAGGCCTTCGACCCAG-1,12
GAGGCCTTCGGACTTA-1,2
GAGGGATAGTACCGGA-1,7
GAGGGATCAAGCCTGC-1,7
GAGGGATCAGATCCAT-1,6
GAGGGATGTATTGCCA-1,4
GAGGGATTCATTGAGC-1,7
GAGGGTAAGTGCACCC-1,14
GAGGGTACATGAGTAA-1,7
GAGGGTAGTAGGCAGT-1,15
GAGGGTATCAAACGTC-1,9
GAGTCATCAGAGCTAG-1,0
GAGTCATCAGAGGAAA-1,7
GAGTCATCAGTGGGTA-1,5
GAGTCATGTAGGCAGT-1,15
GAGTCATGTATTTCCT-1,3
GAGTCATGTCACAGAG-1,3
GAGTCTAAGCCTGTGC-1,6
GAGTCTACATCTATCT-1,9
GAGTCTAGTAGGTAGC-1,0
GAGTCTAGTGGACCAA-1,5
GAGTCTATCAGGCGAA-1,0
GAGTCTATCCACCCTA-1,1
GAGTGAGAGACGAAGA-1,1
GAGTGAGCACGCGGTT-1,14
GAGTGAGCAGGCATTT-1,12
GAGTGAGCATTGTGCA-1,0
GAGTGTTAGAAACTCA-1,16
GAGTGTTAGTAACAGT-1,9
GAGTGTTGTCGCAGTC-1,7
GAGTGTTGTGGTCTTA-1,9
GAGTGTTGTTCGAGCC-1,6
GAGTGTTGTTGGCTAT-1,2
GAGTGTTGTTGTCTAG-1,16
GAGTTACAGCAATTCC-1,1
GAGTTACCAAGATGGC-1,10
GAGTTACCACTACCCT-1,5
GAGTTACGTCGCATGC-1,5
GAGTTGTAGCGTGAGT-1,0
GAGTTGTAGTTGTCGT-1,13
GAGTTGTCACAAATGA-1,9
GAGTTGTCACAGGATG-1,2
GAGTTGTGTTAAGAAC-1,5
GAGTTTGAGCAAGTCG-1,15
GAGTTTGAGTGATCGG-1,9
GAGTTTGGTGGACCTC-1,11
GAGTTTGGTTAACCTG-1,9
GAGTTTGTCGCAACAT-1,14
GATAGAAAGACTTCCA-1,1
GATAGAAAGCCTGTGC-1,6
GATAGAAAGGCCCACT-1,5
GATAGAACACTCACTC-1,5
GATAGAACATCGGCCA-1,2
GATAGAATCCTCTTTC-1,2
GATAGCTAGAGCTTTC-1,13
GATAGCTAGCAGTACG-1,1
GATAGCTGTACTTCCC-1,7
GATAGCTGTAGGGTAC-1,6
GATAGCTTCATCGCCT-1,5
GATAGCTTCGATACAC-1,1
GATAGCTTCTCGTCGT-1,7
GATAGCTTCTCTATAC-1,10
GATAGCTTCTTCCGTG-1,8
GATCACAAGCAAGTGC-1,11
GATCACAGTTTGAAAG-1,3
GATCAGTCAAGGTTGG-1,5
GATCAGTCATGTGGCC-1,7
GATCAGTGTGGGCTTC-1,5
GATCAGTTCGAACCAT-1,13
GATCATGAGAGGATCC-1,2
GATCATGAGCCACAAG-1,12
GATCATGAGTTAACGA-1,0
GATCATGCAATTCACG-1,13
GATCATGCATTGAGGG-1,1
GATCATGGTATCGCAT-1,1
GATCATGGTCTGCAAT-1,9
GATCATGTCATAAGGA-1,6
GATCATGTCCGATCTC-1,1
GATCCCTAGTGCCAGA-1,7
GATCCCTCACGAGAAC-1,8
GATCCCTCACGGCTAC-1,6
GATCCCTCATGTCTAG-1,3
GATCCCTGTCGTAATC-1,3
GATCCCTGTGGTCTGC-1,0
GATCCCTTCATGGGAG-1,7
GATCCCTTCCGAGAAG-1,7
GATCGTAAGCACTTTG-1,13
GATCGTAAGCATCGAG-1,16
GATCGTAAGTTACGGG-1,4
GATCGTACAATTGCGT-1,9
GATCGTACAGAGGTAC-1,12
GATCGTACAGCAAGAC-1,11
GATCGTACAGGTCCCA-1,2
GATCGTACATAGAGGC-1,4
GATCGTACATGGAAGC-1,7
GATCGTAGTCTGCGCA-1,12
GATCGTATCATGACAC-1,14
GATGACTGTTACCTGA-1,8
GATGACTGTTGCTAGT-1,14
GATGAGGAGCCTGAGA-1,2
GATGAGGAGGAATCGC-1,10
GATGAGGGTAAGTTGA-1,8
GATGAGGGTCAAAGCG-1,13
GATGATCAGATAACAC-1,5
GATGATCAGCGACCCT-1,8
GATGATCAGGTTCCAT-1,3
GATGATCCACTCTAGA-1,13
GATGATCCATAGGCGA-1,5
GATGATCGTCTAGATC-1,7
GATGATCGTGATAGAT-1,14
GATGATCGTTGCCGCA-1,7
GATGATCTCAATGCAC-1,16
GATGATCTCGATAACC-1,17
GATGCTAAGCCACTCG-1,3
GATGCTACAGCTACTA-1,6
GATGCTACATGGTACT-1,12
GATGCTATCAGCGCAC-1,15
GATGGAGGTCAAACGG-1,6
GATGTTGAGAGTACCG-1,10
GATGTTGAGGAACATT-1,16
GATGTTGCATCATCCC-1,3
GATGTTGGTCTTACAG-1,13
GATGTTGTCATTTACC-1,4
GATGTTGTCTCTGAGA-1,1
GATTCGAAGAGCAGTC-1,2
GATTCGAAGCATTGAA-1,12
GATTCGACAGCGACCT-1,9
GATTCGAGTCTCTCTG-1,12
GATTCTTAGAGCGACT-1,5
GATTCTTAGCACAAAT-1,6
GATTCTTAGGAACATT-1,1
GATTCTTAGGCTGAAC-1,6
GATTCTTCACAGCATT-1,2
GATTCTTGTAACGTTC-1,8
GATTCTTGTCCTTTGC-1,13
GATTCTTTCCTAGCGG-1,3
GATTGGTAGCGGGTAT-1,3
GATTGGTAGTGCGACA-1,12
GATTGGTCACGAAAGC-1,1
GATTGGTCAGACCAGA-1,4
GATTGGTCATACGCAT-1,2
GATTGGTCATCTGTTT-1,15
GATTGGTGTACCTTCC-1,13
GATTGGTGTCAGGTAG-1,12
GATTGGTGTGTTGATC-1,5
GATTGGTGTTAGGACG-1,9
GATTGGTTCTTACTGT-1,7
GATTTCTAGGTTTGAA-1,6
GATTTCTCACAAGGTG-1,7
GATTTCTCACGCTGAC-1,8
GATTTCTGTCTCAGAT-1,0
GATTTCTTCCTAAGTG-1,14
GCAACATAGAATTTGG-1,7
GCAACATTCGTGGCGT-1,3
GCAACCGAGAGATCGC-1,0
GCAACCGAGGTACAAT-1,14
GCAACCGAGGTAGCAC-1,11
GCAACCGAGTTAGTAG-1,3
GCAACCGCAATGCTCA-1,0
GCAACCGCATGGGTCC-1,16
GCAACCGGTCCCACGA-1,2
GCAACCGTCATTACGG-1,12
GCAACCGTCCTCTCGA-1,13
GCACATAAGGTTGAGC-1,4
GCACATATCTACTATC-1,1
GCACGGTAGGCCTTGC-1,0
GCACGGTAGTATCCTG-1,7
GCACGGTCAAGAGGCT-1,7
GCACGGTCAATGTGGG-1,2
GCACGGTGTCTTGGTA-1,0
GCACGGTTCCACATAG-1,4
GCACGGTTCCAGTACA-1,2
GCACGTGAGAGGCTGT-1,0
GCACGTGAGCCTCTGG-1,13
GCACGTGCAGGATCTT-1,11
GCACGTGGTGGTCCGT-1,10
GCACGTGGTTTAAGGA-1,8
GCACGTGTCACTTGTT-1,0
GCACGTGTCCAGTGCG-1,2
GCACGTGTCTCTATAC-1,2
GCACTAAAGTGGTTCT-1,3
GCACTAACAAGAGGTC-1,1
GCACTAATCATCACAG-1,5
GCAGCCAAGCCTCACG-1,2
GCAGCCACAATGTCAC-1,7
GCAGCCACATAGCACT-1,5
GCAGCCAGTCTATGAC-1,5
GCAGCCAGTTGTAAAG-1,15
GCAGCTGAGCCATTCA-1,13
GCAGCTGAGGCGTCCT-1,7
GCAGCTGCACCGAATT-1,0
GCAGCTGCATGGATCT-1,7
GCAGCTGGTACCGGCT-1,5
GCAGCTGGTGTGATGG-1,0
GCAGGCTAGTTGGAGC-1,2
GCAGGCTCAAGAGTAT-1,4
GCAGGCTCATAACTCG-1,16
GCAGGCTCATGCAGCC-1,6
GCAGGCTGTCAAGCGA-1,12
GCAGGCTGTCATATGC-1,4
GCAGGCTGTCCCTAAA-1,1
GCAGGCTGTCCGATCG-1,8
GCAGGCTGTCCGGTCA-1,9
GCAGGCTGTGTACGCC-1,8
GCAGGCTGTTAGGCTT-1,11
GCAGGCTTCTACTTCA-1,0
GCAGTTACAGCACACC-1,6
GCAGTTACATGGCTAT-1,0
GCAGTTAGTGGATCGA-1,5
GCAGTTATCCATTTAC-1,3
GCAGTTATCGACACTA-1,5
GCATCGGAGAGGCCAT-1,9
GCATCGGAGCGCACAA-1,3
GCATCGGCACTACACA-1,12
GCATCGGCAGGCATTT-1,1
GCATCGGCAGGTATGG-1,3
GCATCGGGTACAAAGT-1,17
GCATCGGGTTCCACGG-1,15
GCATCGGTCAGGAGAC-1,6
GCATCTCAGCTTGTTG-1,8
GCATCTCAGGACAACC-1,7
GCATCTCGTACGAGCA-1,4
GCATCTCTCCAAGCTA-1,5
GCATCTCTCCCTTCCC-1,9
GCATCTCTCGTAGGGA-1,4
GCATGATAGAAGGCTC-1,6
GCATGATAGACGTCGA-1,2
GCATGATCAAGTACCT-1,12
GCATGATCAGACAAAT-1,12
GCATGATCAGAGTCTT-1,15
GCATGATTCACCCTTG-1,8
GCATGATTCCACAGGC-1,5
GCATGATTCCATCTCG-1,14
GCATGATTCTTTCCAA-1,10
GCATTAGAGATAGCTA-1,6
GCATTAGCAACCTAAC-1,8
GCATTAGGTATGCTAC-1,2
GCATTAGGTCTCTCCA-1,9
GCATTAGGTTGCTCCT-1,13
GCCAACGAGGTAAACT-1,10
GCCAACGAGGTTATAG-1,3
GCCAACGAGTTAGTAG-1,11
GCCAACGCAACGGGTA-1,1
GCCAACGGTGAATGTA-1,2
GCCAACGGTTCAGCGC-1,2
GCCAACGTCGCAGAGA-1,12
GCCAACGTCTCGCTCA-1,0
GCCAACGTCTGACGCG-1,5
GCCAGCACAACTGAAA-1,7
GCCAGCAGTACTGCGC-1,6
GCCAGCAGTATCGTAC-1,2
GCCAGCAGTCAGGTAG-1,7
GCCAGCAGTTCTCCAC-1,13
GCCAGGTAGCTAAGTA-1,14
GCCAGGTAGTTCCGGC-1,14
GCCAGGTAGTTGTAGA-1,12
GCCAGGTCAAGAAACT-1,14
GCCAGGTCACTTGACA-1,1
GCCAGGTCAGACATCT-1,0
GCCAGGTGTGCGGATA-1,12
GCCAGGTGTTAGAAGT-1,11
GCCAGGTGTTGGGACA-1,7
GCCAGGTTCCCGAGAC-1,12
GCCAGTGAGATGCAGC-1,5
GCCAGTGAGCCTGTGC-1,16
GCCAGTGCATATCTGG-1,10
GCCAGTGCATCCTTCG-1,15
GCCAGTGGTCATAAAG-1,15
GCCAGTGTCGTGTTCC-1,9
GCCAGTGTCTAGTTCT-1,1
GCCAGTGTCTTCTTCC-1,16
GCCATGGAGATACAGT-1,2
GCCATGGCAAGCAATA-1,11
GCCATGGGTATGAGAT-1,1
GCCATGGTCCAAGCCG-1,6
GCCATGGTCCCGTGTT-1,6
GCCATGGTCCCGTTGT-1,1
GCCATTCCAGCTATAC-1,5
GCCATTCCATGCTGCG-1,5
GCCATTCGTAGGTCAG-1,5
GCCATTCGTGGCTTGC-1,5
GCCCAGAAGTGTTCCA-1,6
GCCCAGACACCAGTTA-1,11
GCCCAGAGTAGTCTTG-1,0
GCCCAGAGTATCAGCT-1,6
GCCCGAAAGCACTCCG-1,1
GCCCGAAAGTACAGCG-1,8
GCCCGAACAGCAGTCC-1,2
GCCCGAACAGCTACTA-1,14
GCCCGAACATAAGCAA-1,10
GCCCGAAGTGGTCCGT-1,8
GCCCGAAGTTGAGTCT-1,11
GCCCGAATCACGTCCT-1,5
GCCGATGAGAATTCAG-1,6
GCCGATGAGCAACAGC-1,9
GCCGATGCACCAACAT-1,0
GCCGATGGTCTCACGG-1,10
GCCGATGTCAAAGAAC-1,16
GCCGATGTCAAGGCTT-1,3
GCCGTGACAACTGCTA-1,15
GCCGTGACAGTTCCAA-1,12
GCCGTGAGTCGTCGGT-1,17
GCCGTGATCTGCCTGT-1,12
GCCTGTTAGCCATCCG-1,5
GCCTGTTAGCGAGTAC-1,4
GCCTGTTAGCGATGAC-1,16
GCCTGTTAGTTCCGGC-1,13
GCCTGTTCAAAGGTTA-1,5
GCCTGTTCATCTAACG-1,14
GCCTGTTGTGACTATC-1,1
GCCTGTTGTGGGCTTC-1,10
GCCTGTTTCAGCAATC-1,4
GCCTGTTTCTGGTGGC-1,10
GCGAGAAAGAAGGCTC-1,5
GCGAGAAAGACTAAGT-1,13
GCGAGAAAGCGCCGTT-1,3
GCGAGAACAGAGTCTT-1,10
GCGATCGCAGTGGGTA-1,15
GCGATCGGTCCTTTGC-1,6
GCGATCGGTCGTTGGC-1,12
GCGATCGGTGACTAAA-1,12
GCGATCGGTTCTTAGG-1,12
GCGATCGGTTGTATGC-1,10
GCGATCGTCGGATTAC-1,2
GCGATCGTCTGGAAGG-1,12
GCGATCGTCTTTGCTA-1,9
GCGGAAAAGATCCTAC-1,0
GCGGAAAAGCTGTTAC-1,11
GCGGAAAAGGGACTGT-1,2
GCGGAAAAGTGCGCTC-1,0
GCGGAAATCAAGGAGC-1,6
GCGGAAATCATGTCAG-1,6
GCGGAAATCCAGCACG-1,10
GCGGATCGTAGAGTTA-1,0
GCGGATCTCGGTGAAG-1,9
GCGTGCAAGGGAGGTG-1,5
GCGTGCACACACACTA-1,15
GCGTGCACAGCACACC-1,6
GCGTGCAGTCAGTTTG-1,4
GCGTGCAGTCGAGCTC-1,3
GCGTGCAGTGAGTGAC-1,2
GCGTGCATCTCAACGA-1,8
GCGTTTCAGATAGCAT-1,12
GCGTTTCAGGCACTCC-1,7
GCGTTTCCAGAGCGTA-1,6
GCGTTTCGTCATCTAG-1,15
GCGTTTCGTGCATACT-1,14
GCGTTTCTCCTGATAG-1,8
GCTACAAAGGGTCAAC-1,4
GCTACAAAGGTCGTAG-1,12
GCTACAACAGGCTCTG-1,10
GCTACAAGTCTCTCAC-1,16
GCTACAAGTGCGGCTT-1,9
GCTACAAGTGTCCGTG-1,5
GCTACAAGTTCGGTTA-1,15
GCTACCTTCTGGGATT-1,10
GCTCAAAAGTATTAGG-1,4
GCTCAAAGTCTCGCGA-1,4
GCTCAAATCATGAGGG-1,7
GCTCAAATCCCGATCT-1,8
GCTCAAATCTTTGGAG-1,15
GCTGAATAGTGTGTTC-1,13
GCTGAATCAACAGTGG-1,1
GCTGAATCATGACGGA-1,9
GCTGAATTCCATATGG-1,2
GCTGCAGAGAAGTCAT-1,13
GCTGCAGAGAGATCGC-1,16
GCTGCAGAGCTAGAGC-1,12
GCTGCAGCAACTGCCG-1,1
GCTGCAGCAGTTCCAA-1,10
GCTGGGTAGCGACTTT-1,5
GCTGGGTAGTCAGCCC-1,2
GCTGGGTCATCACGGC-1,6
GCTGGGTGTGGTTTGT-1,10
GCTGGGTTCCAACCGG-1,0
GCTTCACAGAACGCGT-1,6
GCTTCACAGAATAACC-1,1
GCTTCACAGCGTCAAG-1,11
GCTTCACAGTAGAATC-1,11
GCTTCACAGTCCGTCG-1,2
GCTTCACAGTTCCATG-1,6
GCTTCACCACTCCTGT-1,5
GCTTCACCATTCCTCG-1,5
GCTTCACGTACACGTT-1,6
GCTTGGGAGACGTCGA-1,2
GCTTGGGAGTCAACAA-1,0
GCTTGGGGTCGAAGCA-1,3
GCTTGGGTCAAGCCCG-1,3
GCTTGGGTCGTAACTG-1,4
GCTTTCGTCCATAGAC-1,6
GGAACCCAGGATGAGA-1,13
GGAACCCGTTCTCGTC-1,2
GGAACCCTCATTACTC-1,0
GGAAGTGAGTTGTAAG-1,5
GGAAGTGCAAGCACAG-1,1
GGAAGTGCACGCTGTG-1,10
GGAAGTGGTAGATCCT-1,13
GGAAGTGGTATCCTTT-1,0
GGAAGTGTCAGACCTA-1,1
GGAATCTAGCCTGACC-1,7
GGAATCTAGCTAGAAT-1,8
GGAATCTCACCCAACG-1,4
GGAATCTCACGCAAAG-1,14
GGAATCTCAGCGATTT-1,15
GGAATCTCAGCGTGAA-1,12
GGAATCTCATGAAGGC-1,8
GGAATCTTCCGTCCTA-1,13
GGAATGGAGTGAGGTC-1,6
GGAATGGCATGATCTG-1,13
GGAATGGGTCAGATTC-1,12
GGAATGGTCAGGACGA-1,9
GGACGTCCACCGTGAC-1,8
GGACGTCTCACCCTTG-1,13
GGACGTCTCTTTGCAT-1,2
GGAGAACAGAGTCCGA-1,3
GGAGAACCACGGATCC-1,17
GGAGAACGTACTCGTA-1,1
GGAGAACTCATCTGTT-1,6
GGAGAACTCCCGTGAG-1,6
GGAGATGAGGATTTCC-1,13
GGAGATGAGTTAGAAC-1,7
GGAGATGCAATGCTCA-1,4
GGAGATGCAGTAACGG-1,13
GGAGATGCAGTTAGAA-1,14
GGAGATGTCACGGTCG-1,4
GGAGATGTCTCAGGCG-1,12
GGAGCAAAGGCGAAGG-1,5
GGAGCAAAGTATAGAC-1,6
GGAGCAACAAACACGG-1,11
GGAGCAACACGACAAG-1,17
GGAGCAACAGGCGATA-1,9
GGAGCAAGTGATTCTG-1,6
GGAGGATCAAGCCTGC-1,13
GGAGGATCAGGTCTCG-1,10
GGAGGATGTACTGACT-1,3
GGAGGATGTCCACGCA-1,12
GGAGGATGTTTGAACC-1,17
GGAGGATTCTCATGGA-1,13
GGAGGTAAGCATGCGA-1,7
GGAGGTAAGTCAATCC-1,1
GGAGGTAGTAGTCTGT-1,3
GGAGGTAGTATCTCTT-1,8
GGAGGTAGTCCGGACT-1,8
GGAGGTAGTTCGGACC-1,4
GGAGGTATCTAGACCA-1,0
GGATCTAAGAATAACC-1,13
GGATCTAAGATTCGAA-1,7
GGATCTAAGGCCTAGA-1,8
GGATCTACAAGGTCTT-1,1
GGATCTACAATTGAGA-1,7
GGATCTAGTCTCCCTA-1,8
GGATGTTAGGATCATA-1,6
GGATGTTAGGGTAATT-1,6
GGATGTTAGGTCCAGA-1,8
GGATGTTCACAGTCGC-1,2
GGATGTTGTATCTCTT-1,9
GGATGTTGTATGAAGT-1,14
GGATGTTTCCCAGCGA-1,11
GGATGTTTCGGAATGG-1,3
GGATGTTTCTCCGAAA-1,6
GGATGTTTCTTGGTGA-1,15
GGCACGTAGCCTATTG-1,0
GGCACGTCATAGTCAC-1,0
GGCACGTGTGCTCGTG-1,7
GGCACGTTCCTGCTAC-1,0
GGCACGTTCGACCTAA-1,2
GGCACGTTCTAACGGT-1,10
GGCAGTCCACTTTAGG-1,10
GGCAGTCGTTGTATGC-1,4
GGCGTCAAGAGGGTCT-1,6
GGCGTCACAAGGTACG-1,7
GGCGTCACAATGTCAC-1,2
GGCGTCACATACAGAA-1,16
GGCGTCAGTAGGACTG-1,1
GGCGTCAGTAGTCGGA-1,11
GGCGTCAGTCCTACAA-1,3
GGCGTCAGTCTGTGTA-1,12
GGCGTCATCCATTGGA-1,4
GGCGTCATCCTTGGAA-1,3
GGCGTCATCTCGACGG-1,14
GGCGTCATCTTCTCAA-1,3
GGCTGTGCATGTTCGA-1,9
GGCTGTGGTAGCACGA-1,16
GGCTGTGTCGATTTCT-1,5
GGCTTGGCAACCGGAA-1,10
GGCTTGGGTCTTTCTA-1,6
GGCTTGGGTTAGAGAT-1,15
GGCTTGGGTTGTCAGT-1,8
GGCTTGGGTTTACTGG-1,2
GGCTTGGTCAGTGGGA-1,10
GGCTTGGTCTAGAACC-1,12
GGCTTTCAGAAATTGC-1,13
GGCTTTCCACGTTGGC-1,3
GGCTTTCGTTTCCATT-1,12
GGCTTTCTCGGTGAAG-1,15
GGGAAGTAGTGGTGAC-1,5
GGGAAGTCAGGACGAT-1,10
GGGAAGTGTATGACAA-1,6
GGGAAGTGTCTACACA-1,8
GGGAAGTGTCTGTCCT-1,13
GGGACAAAGGGAGGGT-1,14
GGGACAAAGGGATCTG-1,0
GGGACAAAGTTGCATC-1,14
GGGACAAGTAGCACGA-1,2
GGGACAAGTTTGAAAG-1,9
GGGACAATCCAAACCA-1,13
GGGACAATCTGGAGAG-1,13
GGGACCTAGCTAAACA-1,0
GGGACCTCACCCGTAG-1,5
GGGACCTCACGGTAGA-1,14
GGGACCTGTAACAGGC-1,5
GGGACCTGTACGTGTT-1,7
GGGACCTGTCTACAGT-1,11
GGGACTCAGTAGGATT-1,9
GGGACTCCAGCACCCA-1,1
GGGACTCCAGGTCCCA-1,3
GGGACTCGTGAGTTGG-1,4
GGGAGATAGACTACGG-1,9
GGGAGATAGTGGGAAA-1,5
GGGAGATGTGGCTTGC-1,3
GGGAGATGTGGTCAAG-1,3
GGGAGTAAGATCCAAA-1,5
GGGAGTAAGGCACCAA-1,0
GGGAGTAGTACTGTTG-1,0
GGGAGTAGTGTCATGT-1,13
GGGAGTATCAAGTGGG-1,6
GGGAGTATCCCTCTTT-1,0
GGGATCCAGATCCTAC-1,3
GGGATCCAGCTCTTCC-1,13
GGGATCCAGGCAGGTT-1,0
GGGATCCGTCAGGTAG-1,11
GGGATGAAGAGTGTTA-1,2
GGGATGAAGCCTCTGG-1,3
GGGATGAAGGTTACAA-1,16
GGGATGACACCCTTGT-1,14
GGGATGACAGCGGTTC-1,2
GGGATGACATCGAGCC-1,3
GGGATGAGTGTACAGG-1,13
GGGATGATCCTCCACA-1,9
GGGATGATCGTTCTCG-1,5
GGGATGATCTGCAGCG-1,12
GGGCCATAGCCAAGTG-1,10
GGGCCATAGGAACTCG-1,3
GGGCCATCAACGTATC-1,11
GGGCCATCACTTTATC-1,14
GGGCCATGTCGTTTCC-1,3
GGGCCATTCAAGATAG-1,1
GGGCCATTCGCCAATA-1,11
GGGCGTTAGCCTTTCC-1,5
GGGCGTTAGTGAGGTC-1,16
GGGCGTTCAGAGATGC-1,15
GGGCGTTTCGCACTCT-1,1
GGGCGTTTCTATGTGG-1,11
GGGCTACAGCAAGCCA-1,8
GGGCTACAGTCGAGGT-1,8
GGGCTACCACAATCTG-1,6
GGGCTACCACCAGACC-1,3
GGGCTACGTATACCTG-1,1
GGGCTACGTGAATAAC-1,9
GGGCTACGTGTTAACC-1,7
GGGCTCAAGGATCATA-1,9
GGGCTCAAGGGTATAT-1,4
GGGCTCACATGAAGGC-1,3
GGGCTCAGTAGTGTGG-1,16
GGGCTCAGTAGTTAGA-1,14
GGGCTCAGTCCTCCTA-1,3
GGGCTCATCCTTCTAA-1,3
GGGCTCATCGATTGAC-1,3
GGGTAGAAGATGCTAA-1,9
GGGTAGACAACGCATT-1,14
GGGTAGACACCAGTAT-1,15
GGGTAGAGTGAATAAC-1,11
GGGTATTAGAAGAGCA-1,0
GGGTATTAGATTTGCC-1,3
GGGTATTAGTTACTCG-1,5
GGGTATTCAATGCAGG-1,6
GGGTATTCACAATCTG-1,8
GGGTATTCATCCGAGC-1,9
GGGTATTGTAGTTACC-1,7
GGGTCACAGACTCGAG-1,9
GGGTCACGTCGTGATT-1,9
GGGTCACTCGTAGAGG-1,3
GGGTCACTCTGAGCAT-1,7
GGGTCTGAGAAGCCTG-1,13
GGGTCTGAGAGCAGTC-1,11
GGGTCTGAGCACCGTC-1,2
GGGTCTGAGGGCAGTT-1,3
GGGTCTGAGTGTTCCA-1,0
GGGTCTGCAAGTGGTG-1,13
GGGTCTGCAGTCGCAC-1,17
GGGTCTGTCAAACGAA-1,13
GGGTGAAAGATTGCGG-1,2
GGGTGAAAGCGATGAC-1,2
GGGTGAAAGGACGCTA-1,4
GGGTGAACAGCAGAAC-1,8
GGGTGAATCATTTCCA-1,8
GGGTGTCAGATGTTGA-1,0
GGGTGTCAGCAGGCTA-1,14
GGGTGTCCACCCATAA-1,1
GGGTGTCGTCTGTTAG-1,5
GGGTGTCTCGTCTACC-1,12
GGGTGTCTCTCTAGGA-1,2
GGGTGTCTCTGGTCAA-1,10
GGGTTATAGCTCACTA-1,1
GGGTTATAGGCAGGGA-1,17
GGGTTATAGGCCTTCG-1,1
GGGTTATCAACATCGT-1,6
GGGTTATCAACCCTCT-1,13
GGGTTATCAATTCTTC-1,13
GGGTTATCATCGGATT-1,11
GGGTTATTCTGATGGT-1,1
GGGTTTAAGGTATAGT-1,9
GGGTTTAAGTGCCCGT-1,13
GGGTTTACAGGTAGTG-1,9
GGGTTTAGTAAGCTCT-1,3
GGGTTTAGTCCAAAGG-1,6
GGGTTTAGTGGTCTTA-1,10
GGGTTTAGTGTCCGTG-1,8
GGGTTTAGTTCTCCCA-1,3
GGGTTTATCACTAGCA-1,12
GGTAACTAGACTCAAA-1,4
GGTAACTCACGCTATA-1,7
GGTAACTCAGAACGCA-1,8
GGTAACTCATATACCG-1,5
GGTAACTGTCTACGAT-1,6
GGTAACTGTGGCTACC-1,2
GGTAACTGTTGAAGTA-1,11
GGTAACTTCCAAGCTA-1,13
GGTAACTTCGGACGTC-1,4
GGTAACTTCTTCGTAT-1,10
GGTAATCAGGGTAATT-1,2
GGTAATCAGTTACGGG-1,6
GGTAATCCAGCGAGTA-1,7
GGTAATCTCAGCAGAG-1,3
GGTAGAGAGCGGTAAC-1,13
GGTAGAGGTTTCACTT-1,7
GGTAGAGTCCATCGTC-1,7
GGTAGAGTCGAAACAA-1,16
GGTAGAGTCGGCTGGT-1,7
GGTAGAGTCTTCTGTA-1,14
GGTCACGAGATCCCAT-1,0
GGTCACGCACAATGAA-1,2
GGTCACGCACCTCGTT-1,16
GGTCACGGTAATGCGG-1,2
GGTCACGGTAGACACG-1,2
GGTCACGGTGAATAAC-1,3
GGTCACGTCAGCTAGT-1,6
GGTCACGTCCGCAAAT-1,12
GGTCACGTCTCAGAAC-1,0
GGTCTGGCAGCTGTTA-1,3
GGTCTGGCATGTACGT-1,6
GGTCTGGTCTGCTCTG-1,7
GGTGAAGAGACAACAT-1,7
GGTGAAGAGACAGTCG-1,8
GGTGAAGAGCACTGGA-1,11
GGTGAAGTCCTTCTTC-1,5
GGTGAAGTCGTAACTG-1,2
GGTGAAGTCTTGCGCT-1,8
GGTGATTCAAACTCTG-1,10
GGTGATTGTTAAGGGC-1,7
GGTGATTTCATCCTGC-1,0
GGTGATTTCCAGTACA-1,10
GGTGATTTCGAGAATA-1,13
GGTGGCTAGCACCTGC-1,5
GGTGGCTAGCTGGTGA-1,4
GGTGGCTAGGCTGGAT-1,1
GGTGGCTAGGTTTACC-1,4
GGTGGCTCAATGAGCG-1,9
GGTGGCTTCACGTCCT-1,3
GGTGTCGAGCCATTGT-1,1
GGTGTCGAGTCGCTAT-1,13
GGTGTCGCACGGTCTG-1,6
GGTGTCGGTACGAAAT-1,0
GGTGTCGGTACGACAG-1,15
GGTGTTAAGACAAGCC-1,5
GGTGTTAAGAGTTGAT-1,12
GGTGTTAAGGATACGC-1,10
GGTGTTACAATCTGCA-1,1
GGTGTTACATTGAAAG-1,14
GGTGTTAGTATCATGC-1,0
GGTGTTAGTGTTCGAT-1,7
GGTGTTATCATCCTGC-1,2
GGTGTTATCCCTCAAC-1,0
GGTTAACCACAGAGAC-1,1
GGTTAACGTTAAACAG-1,10
GGTTAACGTTCGCGTG-1,6
GGTTAACTCGTTCATT-1,6
GGTTAACTCTGAGAGG-1,16
GGTTCTCAGATGCTTC-1,3
GGTTCTCAGCCAGACA-1,9
GGTTCTCAGCGCTGAA-1,3
GGTTCTCCACTGTGAT-1,4
GGTTCTCCACTTCAGA-1,3
GGTTCTCCAGCTATAC-1,1
GGTTCTCCATGTGCCG-1,9
GGTTCTCGTACTGGGA-1,2
GGTTGTACAACCGTGC-1,13
GGTTGTAGTGAGGCAT-1,2
GGTTGTAGTGCATTTG-1,9
GGTTGTAGTGGAGAAA-1,14
GGTTGTAGTTCAGTAC-1,15
GGTTGTATCAACTGAC-1,14
GGTTGTATCGGTAGAG-1,6
GGTTGTATCTGCTTAT-1,10
GTAACACAGCTAAATG-1,6
GTAACACAGGCTCAAG-1,7
GTAACACCAAGGCGTA-1,2
GTAACACGTAAGCGGT-1,0
GTAACACGTCACAATC-1,3
GTAACACGTCACTCAA-1,12
GTAACACGTGAGTAAT-1,11
GTAACACTCTATACGG-1,3
GTAACCAAGATGTTCC-1,1
GTAACCAAGCCAGAGT-1,8
GTAACCAAGGACATCG-1,6
GTAACCAAGTCCCGGT-1,0
GTAACCACACCAGCTG-1,3
GTAACCACAGGTCAGA-1,15
GTAACCAGTTCAGTAC-1,6
GTAACCATCTGTGCAA-1,10
GTAACCATCTTCCGTG-1,2
GTAAGTCAGTCACTAC-1,0
GTAAGTCGTACAGAGC-1,8
GTAATCGAGAGTTGAT-1,11
GTAATCGAGCGTGTTT-1,7
GTAATCGGTATTCCGA-1,0
GTAATCGGTCTAGTGT-1,0
GTAATCGGTTACCCAA-1,5
GTAATCGTCAGGAACG-1,2
GTAATCGTCGTTGTGA-1,12
GTAATGCAGACTCGAG-1,9
GTAATGCAGCATGAAT-1,7
GTAATGCAGCCTCTTC-1,12
GTAATGCAGGAAGAAC-1,4
GTAATGCCAACCAACT-1,14
GTAATGCCACGAAAGC-1,5
GTAATGCCATGGTGGA-1,0
GTAATGCGTAGGTACG-1,0
GTAATGCGTCACGACC-1,1
GTAATGCGTCTCCTGT-1,0
GTAATGCGTCTTGTCC-1,11
GTAATGCGTGATATAG-1,6
GTAATGCTCCTGTACC-1,10
GTAATGCTCTTTCAGT-1,2
GTACAACAGGTTAAAC-1,2
GTACAACCAACAGATA-1,7
GTACAACCATCCGCGA-1,3
GTACAACTCTCTCGAC-1,13
GTACAACTCTGGTGCG-1,3
GTACAGTAGTATTAGG-1,1
GTACAGTCAATGAGCG-1,4
GTACAGTCACAAGCTT-1,7
GTACAGTGTAGGATAT-1,8
GTACAGTGTGGAATGC-1,8
GTAGAAAAGGCAGGGA-1,3
GTAGAAACAAATGCGG-1,4
GTAGAAACAGCTTTGA-1,3
GTAGAAAGTCGCATCG-1,12
GTAGAAAGTGCCGAAA-1,0
GTAGAAAGTTCGGGTC-1,9
GTAGAAAGTTTAGAGA-1,7
GTAGAAATCTCGTCGT-1,0
GTAGAGGAGGATGCGT-1,0
GTAGAGGGTAGTCTTG-1,15
GTAGAGGGTCACCTTC-1,17
GTAGAGGTCACTTGGA-1,14
GTAGAGGTCTAAGAAG-1,11
GTAGAGGTCTGGCCTT-1,7
GTAGATCCACCAAAGG-1,4
GTAGATCCAGATGCGA-1,10
GTAGATCCATAAGCGG-1,10
GTAGATCGTCATCACA-1,3
GTAGATCGTGTGAGCA-1,6
GTAGATCTCAAGCCGC-1,10
GTAGATCTCAATCTTC-1,13
GTAGATCTCGCTACAA-1,7
GTAGCTAAGCCTGGAA-1,16
GTAGCTAAGGAGGCAG-1,6
GTAGCTAAGTATAACG-1,6
GTAGCTACAGCTATTG-1,1
GTAGCTACAGGCGTTC-1,10
GTAGCTAGTGTCTCCT-1,2
GTAGCTAGTTACACAC-1,9
GTAGCTAGTTGTCAGT-1,2
GTAGCTAGTTTACTTC-1,16
GTAGCTATCCTAGCTC-1,0
GTAGCTATCTTTGCTA-1,7
GTAGGAGAGCACCAGA-1,9
GTAGGAGAGCCGAACA-1,6
GTAGGAGAGTTGGACG-1,10
GTAGGAGCAACCCTAA-1,12
GTAGGAGCAAGCAATA-1,11
GTAGGAGCACCTTCGT-1,8
GTAGGAGCATCTAACG-1,1
GTAGGAGGTGTAGGAC-1,15
GTAGGAGGTTCAAACC-1,14
GTAGGAGTCAGCTGTA-1,11
GTAGGAGTCTCGCAGG-1,10
GTAGGAGTCTGCGGAC-1,5
GTAGGTTGTATACAGA-1,2
GTAGGTTGTTGGATCT-1,1
GTAGGTTTCGGACTGC-1,1
GTAGTACAGCGTACAG-1,7
GTAGTACCATGAAAGT-1,9
GTAGTACGTGCAGATG-1,13
GTAGTACTCAAAGCCT-1,11
GTATTGGAGGCTTAGG-1,1
GTATTGGCACCACTGG-1,3
GTATTGGGTCTTTCAT-1,9
GTATTGGGTGCATACT-1,0
GTATTGGGTTGGCTAT-1,12
GTATTGGTCGAACGGA-1,2
GTATTGGTCGTGGGTC-1,12
GTATTTCCAAATGGTA-1,3
GTATTTCCACTCCTTG-1,4
GTATTTCCAGCAGTCC-1,14
GTATTTCCAGCATGCC-1,12
GTATTTCCAGGAGGAG-1,11
GTATTTCGTATCGCAT-1,14
GTATTTCGTCACAGAG-1,1
GTATTTCTCCACGGGT-1,13
GTCAAACAGAGGGCGA-1,9
GTCAAACGTGACTCGC-1,4
GTCAAACTCCCGAGTG-1,1
GTCAAGTAGGTCGTCC-1,12
GTCAAGTCACACCAGC-1,2
GTCAAGTGTACAGTTC-1,17
GTCAAGTGTAGCGTAG-1,0
GTCAAGTGTGCTCTTC-1,17
GTCACGGAGGTTGGTG-1,8
GTCACGGAGTCGAAGC-1,10
GTCACGGCAACTTGCA-1,14
GTCACGGCATCCGGCA-1,16
GTCACGGCATGGGTCC-1,8
GTCACGGGTGTTAACC-1,11
GTCACGGTCAAGGCTT-1,2
GTCACGGTCCGTGTGG-1,5
GTCACTCGTGCAAGAC-1,9
GTCACTCGTTAAGGGC-1,2
GTCACTCGTTGGGCCT-1,12
GTCAGCGAGGATTCCT-1,2
GTCAGCGCACTTGGCG-1,4
GTCAGCGCAGCCCACA-1,7
GTCAGCGCATGACTCA-1,8
GTCATCCAGACTGAGC-1,2
GTCATCCCACTTGGGC-1,15
GTCATCCGTATGTCCA-1,5
GTCATCCGTGAGATCG-1,9
GTCATCCGTGTTGAGG-1,4
GTCATCCTCGACATTG-1,3
GTCATGAAGCTGAGTG-1,9
GTCATGAAGGCATGGT-1,13
GTCATGACAACAGAGC-1,0
GTCATGACAAGAGTGC-1,14
GTCATGACACCCTAAA-1,3
GTCATGAGTAGTCTGT-1,10
GTCATGATCCTAGCGG-1,5
GTCATTTAGGATACGC-1,8
GTCATTTCACATATGC-1,2
GTCATTTCAGGACATG-1,8
GTCATTTGTATGCAAA-1,3
GTCATTTGTGCTATTG-1,11
GTCATTTTCATTGTGG-1,8
GTCATTTTCTAGGCCG-1,3
GTCATTTTCTCATGCC-1,13
GTCCACTAGCATCAAA-1,4
GTCCACTAGGTGGTTG-1,13
GTCCACTAGTATGATG-1,7
GTCCACTCACTCCCTA-1,3
GTCCACTCATCTCGTC-1,4
GTCCACTCATGGAACG-1,16
GTCCACTGTATGCGGA-1,11
GTCCACTGTTTAGACC-1,1
GTCCACTTCATGGGAG-1,4
GTCCCATGTAACTGCT-1,8
GTCCCATTCGACCATA-1,3
GTCCTCAAGCTGGCCT-1,3
GTCCTCAGTCAACATC-1,3
GTCCTCAGTCTGTCAA-1,13
GTCCTCAGTGTCTTAG-1,3
GTCCTCAGTTACGCCG-1,2
GTCCTCATCAAGAGGC-1,0
GTCCTCATCCCATACC-1,15
GTCGAATAGAGCATTA-1,8
GTCGAATAGATTACCC-1,7
GTCGAATAGTTTCTTC-1,2
GTCGAATCAGCGAGTA-1,2
GTCGAATGTGATGAAT-1,9
GTCGAATTCAGACCGC-1,1
GTCGAATTCCGACGGT-1,8
GTCGAATTCGTAACTG-1,2
GTCGCGAAGAAGCCTG-1,11
GTCGCGAAGGAAGAAC-1,9
GTCGTAAAGAGGGTCT-1,16
GTCGTAACAATGTTGC-1,2
GTCGTAAGTCAAACGG-1,6
GTCGTAAGTGCTCTTC-1,0
GTCGTAATCTACACTT-1,1
GTCGTTCCAATTGCCA-1,5
GTCGTTCCAGATCATC-1,6
GTCGTTCCATACCAGT-1,12
GTCGTTCCATCAGCGC-1,2
GTCGTTCCATTACGGT-1,14
GTCGTTCGTCTACAAC-1,9
GTCGTTCTCATTTGGG-1,7
GTCGTTCTCCACCTGT-1,0
GTCGTTCTCTCGTGAA-1,0
GTCTACCAGCGCGTTC-1,12
GTCTACCCACAGCCAC-1,5
GTCTACCGTGTCATGT-1,14
GTCTACCGTTTCCAAG-1,14
GTCTACCTCATCCTGC-1,8
GTCTACCTCTCAGTCC-1,8
GTCTAGAAGTACTGGG-1,3
GTCTAGAGTACGCGTC-1,4
GTCTAGAGTCCTGTTC-1,16
GTCTAGAGTCTCAAGT-1,1
GTCTAGATCACTCGAA-1,4
GTCTAGATCATGCGGC-1,4
GTCTCACCAGGTACGA-1,15
GTCTCACGTATGTCAC-1,7
GTCTCACGTCATGACT-1,8
GTCTCACGTTACCGTA-1,0
GTCTCACTCGACGATT-1,14
GTCTCACTCGAGCCTG-1,16
GTCTCACTCGATTGGT-1,10
GTCTGTCAGCGAGTCA-1,12
GTCTGTCAGGCTCACC-1,8
GTCTGTCCACAAACGG-1,12
GTCTGTCGTTCGAGCC-1,10
GTCTGTCGTTGTACGT-1,0
GTCTGTCTCAATGCAC-1,13
GTCTGTCTCCAAACCA-1,4
GTCTTTAAGACCAACG-1,10
GTCTTTAAGCATCTTG-1,15
GTCTTTACACGCGTCA-1,1
GTCTTTACACTCCTTG-1,8
GTCTTTACATCTCAAG-1,11
GTGACGCAGCCAGAGT-1,0
GTGACGCAGGGAACAA-1,8
GTGACGCCACTGCGTG-1,2
GTGACGCGTCGGATTT-1,1
GTGAGCCAGAAGCGCT-1,3
GTGAGCCCAGGACATG-1,1
GTGAGCCGTCCGCAGT-1,10
GTGAGCCTCATGGTAC-1,5
GTGAGGAAGACATAAC-1,12
GTGAGGAAGTATGAGT-1,10
GTGAGGACAAGTGGGT-1,6
GTGAGGACAGCACCCA-1,13
GTGAGGACAGCGCTTG-1,2
GTGAGGAGTCACGCTG-1,2
GTGAGGATCCGTATGA-1,0
GTGAGTTAGTGGAAAG-1,9
GTGAGTTCAGTTTGGT-1,11
GTGAGTTTCTTAAGGC-1,1
GTGATGTAGAGAGTGA-1,4
GTGATGTGTCGAGCAA-1,2
GTGATGTGTGAGCCAA-1,0
GTGCACGCAAAGGCTG-1,5
GTGCACGGTGATTCTG-1,9
GTGCAGCAGACCAAAT-1,16
GTGCAGCAGAGCAGTC-1,3
GTGCAGCAGCTGTACT-1,14
GTGCAGCCACTTGAGT-1,15
GTGCAGCCAGACCATT-1,3
GTGCAGCCATCCGGCA-1,6
GTGCAGCGTCAATCTG-1,8
GTGCAGCGTCCTTTGC-1,15
GTGCGTGCAAGAATGT-1,13
GTGCGTGCAAGTACCT-1,8
GTGCGTGCACGTTCGG-1,2
GTGCGTGCACTGAGGA-1,13
GTGCGTGCATCATTTC-1,3
GTGCGTGCATCCCACT-1,5
GTGCGTGGTACGCTAT-1,6
GTGCGTGGTCGATTTG-1,3
GTGCGTGTCCGGACTG-1,7
GTGCGTGTCTTACGGA-1,8
GTGCTGGAGATGGTAT-1,8
GTGCTGGAGCTCCGAC-1,7
GTGCTGGAGGGCTAAC-1,5
GTGCTGGGTAGTCACT-1,6
GTGCTGGTCCTCACTG-1,1
GTGCTGGTCGTGACTA-1,2
GTGCTTCCATCGATGT-1,8
GTGCTTCGTATGTGTC-1,8
GTGCTTCGTCGATTTG-1,17
GTGCTTCGTGTAAATG-1,11
GTGCTTCTCAAAGACA-1,5
GTGCTTCTCGAAACAA-1,11
GTGCTTCTCTTCTCAA-1,7
GTGGAAGAGACGAGCT-1,12
GTGGAAGAGAGAGCCT-1,4
GTGGAAGCAGCACAGA-1,1
GTGGAAGCATGACCCG-1,8
GTGGAAGGTACTCCCT-1,6
GTGGAAGTCCACAGCG-1,7
GTGGAAGTCTCTGGTC-1,14
GTGGAGAAGAGTATAC-1,1
GTGGAGACAATTAGGA-1,7
GTGGAGACAATTGTGC-1,13
GTGGAGACACCGTGGT-1,8
GTGGAGACAGGACTTT-1,1
GTGGCGTAGGATGAGA-1,1
GTGGCGTAGGCATCTT-1,13
GTGGCGTAGGTAAAGG-1,11
GTGGCGTCAGACACAG-1,15
GTGGCGTCAGTCGCTG-1,0
GTGGCGTTCAGTGTGT-1,8
GTGGGAAAGCGAGTCA-1,17
GTGGGAAAGCTGTGCC-1,5
GTGGGAACAATGTGGG-1,12
GTGGGAATCAAGTTGC-1,7
GTGGTTAAGTATGACA-1,7
GTGGTTAAGTTGCTCA-1,9
GTGGTTAGTAGAATAC-1,4
GTGGTTAGTGGACTGA-1,4
GTGTAACAGTGACACG-1,11
GTGTAACCACCCATAA-1,1
GTGTAACCATAACTCG-1,14
GTGTAACGTAACGGTG-1,7
GTGTAACGTCTACGTA-1,14
GTGTAACTCACCGCTT-1,3
GTGTAACTCCAGCCTT-1,1
GTGTAACTCGCCGATG-1,1
GTGTCCTAGAGGGTCT-1,13
GTGTCCTAGCATTGTC-1,14
GTGTCCTCAAGATGGC-1,7
GTGTCCTCATCTCGTC-1,12
GTGTCCTGTGCTATTG-1,12
GTGTCCTGTGGCCCAT-1,4
GTGTCCTGTTCGTACA-1,7
GTGTCCTTCTTCTGGC-1,3
GTGTGATAGAAACCCG-1,10
GTGTGATCATGAGGGT-1,3
GTGTGATGTCGCATTA-1,9
GTGTGATTCTTCGTGC-1,6
GTGTGGCAGGCACTAG-1,0
GTGTGGCCAATGGGTG-1,1
GTGTGGCCATGATCTG-1,4
GTGTGGCGTCCAAATC-1,14
GTGTGGCGTTCTAACG-1,5
GTGTGGCTCTCCAAGA-1,15
GTGTTAGAGCCTATTG-1,1
GTGTTAGAGTATGATG-1,6
GTGTTAGCATGCCGGT-1,10
GTGTTAGGTACTTCCC-1,15
GTGTTAGTCAATCAGC-1,4
GTGTTCCAGCTGGTGA-1,3
GTGTTCCCACTGTCGG-1,11
GTGTTCCCAGTGCGCT-1,1
GTGTTCCCATATACCG-1,5
GTGTTCCGTACTTCCC-1,0
GTGTTCCGTTCTCACC-1,6
GTGTTCCTCCAACTGA-1,8
GTTACAGAGACGCATG-1,5
GTTACAGCATTGAAGA-1,4
GTTACAGGTAGGTACG-1,1
GTTACAGGTATTAAGG-1,8
GTTACAGGTGTGGTCC-1,3
GTTACAGTCTGAACGT-1,5
GTTACCCAGCCATCCG-1,7
GTTACCCCACCCAATA-1,2
GTTACCCCATGTACGT-1,5
GTTACCCGTAGCTTAC-1,7
GTTACCCGTCGGAACA-1,5
GTTACCCGTGTTCCTC-1,4
GTTACGAAGGCATGCA-1,8
GTTACGAAGTCCTACA-1,8
GTTACGACAAGCGCAA-1,1
GTTACGACATGCGGTC-1,6
GTTACGATCCCAACTC-1,11
GTTAGACCAAGACAAT-1,11
GTTAGACGTATCGAGG-1,8
GTTAGACGTTAAACCC-1,13
GTTAGACTCTGCTTTA-1,5
GTTAGTGAGCCAAGGT-1,2
GTTAGTGCAAGCACCC-1,2
GTTAGTGCAGCAGAAC-1,4
GTTAGTGGTGTTGAGG-1,15
GTTAGTGTCCTGTTGC-1,6
GTTATGGAGCCGAATG-1,3
GTTATGGAGTTGAAAC-1,11
GTTATGGCACTGGACC-1,10
GTTATGGGTGAGACCA-1,6
GTTATGGGTGATACTC-1,0
GTTATGGTCGTGCAGC-1,6
GTTATGGTCTTCCACG-1,1
GTTCATTAGAAGCTGC-1,7
GTTCATTAGCCTCAAT-1,13
GTTCATTAGGTTTGAA-1,7
GTTCATTGTATCCTCC-1,5
GTTCATTGTCGAGTGA-1,9
GTTCATTGTGAGTTTC-1,15
GTTCATTTCAACGCTA-1,2
GTTCATTTCCATAAGC-1,10
GTTCATTTCTTACGGA-1,12
GTTCCGTAGCAACAGC-1,6
GTTCCGTCACTAACCA-1,2
GTTCCGTCATGACTGT-1,7
GTTCCGTGTCGGAACA-1,5
GTTCCGTGTGAGTAGC-1,3
GTTCCGTGTGTATACC-1,14
GTTCCGTTCATTGCTT-1,2
GTTCCGTTCCATTGTT-1,5
GTTCCGTTCTGACGCG-1,11
GTTCGCTCAAGAGTGC-1,1
GTTCGCTCACCATATG-1,16
GTTCGCTGTTCCCACT-1,11
GTTCGCTGTTCCGCAG-1,13
GTTCGCTGTTGTTGTG-1,6
GTTCGCTTCTAAGAAG-1,17
GTTCTATCAATAGGAT-1,0
GTTCTATCACTCTAGA-1,12
GTTCTATCAGGTATGG-1,9
GTTCTATGTACAGTAA-1,11
GTTCTATGTCGTTTCC-1,10
GTTCTATTCGAATGCT-1,6
GTTGAACCAATGAACA-1,2
GTTGAACGTACATACC-1,6
GTTGCGGAGAAGGTAG-1,2
GTTGCGGAGGTGGCTA-1,4
GTTGCGGAGTCCGCGT-1,10
GTTGCGGCAGAACATA-1,11
GTTGCGGGTAATTAGG-1,10
GTTGCGGGTCGCGGTT-1,11
GTTGCGGGTCGTAATC-1,11
GTTGCTCAGTCTTCGA-1,5
GTTGCTCCAAGGATGC-1,6
GTTGCTCCACGTAGAG-1,7
GTTGCTCGTAGACTGG-1,1
GTTGCTCTCGACCTAA-1,14
GTTGTAGAGTTAGTGA-1,4
GTTGTAGCAGCCGTCA-1,1
GTTGTAGGTACAAGTA-1,5
GTTGTAGGTAGGACCA-1,8
GTTGTAGGTTAAGCAA-1,2
GTTGTAGTCACCCTCA-1,13
GTTGTAGTCCCTCAAC-1,5
GTTGTCCAGGTCCTGC-1,1
GTTGTCCCACAGCCTG-1,3
GTTGTCCCACCTGCTT-1,4
GTTGTCCGTCAGATTC-1,16
GTTGTCCTCAAAGACA-1,3
GTTGTCCTCAAGGTGG-1,12
GTTGTCCTCTTACACT-1,3
GTTGTGAAGAAGAACG-1,3
GTTGTGACAGAAGTTA-1,9
GTTGTGACAGCATTGT-1,11
GTTGTGACATGGCCAC-1,8
GTTGTGATCGCGCCAA-1,0
GTTTACTAGAGTTCGG-1,14
GTTTACTAGCCTAGGA-1,1
GTTTACTAGGCGAACT-1,5
GTTTACTGTAGGGAGG-1,10
GTTTACTTCGGCTATA-1,14
GTTTGGAAGGCATCAG-1,1
GTTTGGAAGTCCGTCG-1,2
GTTTGGAGTCTGCATA-1,7
GTTTGGAGTTCGGTAT-1,5
GTTTGGAGTTTCACAG-1,10
GTTTGGATCCCTCGTA-1,2
GTTTGGATCGAACGGA-1,14
TAACACGAGCGCCTCA-1,11
TAACACGGTATACCTG-1,0
TAACACGTCCCTCATG-1,8
TAACCAGAGCCTCAAT-1,0
TAACCAGCAACCGCCA-1,8
TAACCAGCACTAACCA-1,4
TAACCAGGTATGCAAA-1,14
TAACGACAGTTGAAAC-1,6
TAACGACGTAACCCGC-1,7
TAACGACGTATCGCGC-1,1
TAACGACGTGCCTGCA-1,13
TAACGACTCCGGTAGC-1,14
TAACTTCAGATACTGA-1,9
TAACTTCCATACTGTG-1,6
TAACTTCCATCGCCTT-1,5
TAACTTCTCCAACCGG-1,8
TAACTTCTCGCGGTAC-1,2
TAAGCACCACCCTAGG-1,0
TAAGCACGTGATGAAT-1,15
TAAGCACGTTCTCGTC-1,2
TAAGCCAAGACCCTTA-1,1
TAAGCCAAGCGAGTAC-1,5
TAAGCCAAGTGCAGGT-1,13
TAAGCCACAAACAGGC-1,1
TAAGCCAGTCTCCTGT-1,14
TAAGCGTAGAAGGCTC-1,5
TAAGCGTAGATCACTC-1,14
TAAGCGTAGCCATCCG-1,11
TAAGCGTAGCCTAGGA-1,8
TAAGCGTCAATACCTG-1,7
TAAGCGTGTAGCTGCC-1,7
TAAGCGTGTGGCTCTG-1,8
TAAGCGTGTTCCATTT-1,14
TAAGTCGCAGCCTACG-1,11
TAAGTCGCATACATCG-1,10
TAAGTCGGTAGCGATG-1,7
TAAGTCGGTTGTCAGT-1,0
TAAGTCGTCCGCATAA-1,2
TAAGTCGTCTGCCCTA-1,2
TAATCTCAGCGTGTCC-1,12
TAATCTCAGTGCTCAT-1,8
TAATCTCCAGATTCGT-1,15
TAATCTCGTCTAACTG-1,13
TAATCTCGTGTACATC-1,2
TAATTCCAGATCGCCC-1,1
TAATTCCCAGTGCGCT-1,9
TAATTCCGTACAGCGA-1,1
TAATTCCGTACTTCCC-1,17
TAATTCCGTCTGTGGC-1,11
TAATTCCGTGAGTCAG-1,7
TAATTCCGTTCTGAGT-1,5
TAATTCCTCGCCTCTA-1,11
TACAACGAGCCTTTGA-1,4
TACAACGCATACCAGT-1,3
TACAACGTCTCGCCTA-1,10
TACACCCAGAGGTTAT-1,13
TACACCCCAATGTGGG-1,13
TACACCCGTAGGATAT-1,9
TACACCCTCTCGGCTT-1,0
TACAGGTAGCCTCTTC-1,6
TACAGGTAGGTCTACT-1,3
TACAGGTAGGTTACAA-1,1
TACAGGTAGTAGGGTC-1,1
TACAGGTAGTGCTCAT-1,14
TACAGGTGTACAGAAT-1,6
TACAGGTGTACCACGC-1,0
TACAGGTGTATCACCA-1,2
TACAGGTGTTAGCGGA-1,2
TACAGGTTCATAGAGA-1,14
TACATTCAGCTAATCC-1,12
TACATTCAGGAGAATG-1,11
TACATTCCACACCTGG-1,4
TACATTCGTACAGCGA-1,1
TACATTCGTACTCCCT-1,10
TACATTCGTGCGGTAA-1,5
TACATTCTCTATTGTC-1,5
TACCCACCAACCAATC-1,5
TACCCACCAATGGCCC-1,8
TACCCACCACTGATTG-1,3
TACCCACTCATCGACA-1,2
TACCCACTCCACGGGT-1,13
TACCCGTAGGCACTCC-1,10
TACCCGTAGGGCTTCC-1,16
TACCCGTAGGTAAAGG-1,15
TACCCGTGTCCCGTGA-1,2
TACCCGTTCGCTCATC-1,3
TACCGAAAGGACAACC-1,11
TACCGAAAGTATCTGC-1,4
TACCGAACAAGGGCAT-1,0
TACCGAACACTTACAG-1,5
TACCGAATCAATCCGA-1,3
TACCGAATCAGCTGTA-1,14
TACCGGGAGGTATAGT-1,16
TACCGGGCAGACCATT-1,15
TACCGGGGTCTACGAT-1,6
TACCTCGAGACCTCAT-1,1
TACCTCGAGATACATG-1,15
TACCTCGAGATTCGAA-1,3
TACCTCGAGTCGAAAT-1,6
TACCTCGCAGTTTCGA-1,15
TACCTCGCATCCTATT-1,16
TACCTGCAGAATAGTC-1,15
TACCTGCCAACACAGG-1,1
TACCTGCCACCAACAT-1,14
TACCTGCGTCCAGGTC-1,1
TACCTGCGTTATAGAG-1,0
TACCTGCTCGACCAAT-1,14
TACCTGCTCTCTAAGG-1,8
TACGCTCAGCTTCATG-1,14
TACGCTCCACAGACGA-1,9
TACGCTCCAGAAATCA-1,15
TACGCTCGTGCACGCT-1,2
TACGCTCGTTAAGTCC-1,1
TACGCTCTCATCAGTG-1,1
TACGCTCTCCGGTTCT-1,11
TACGCTCTCGTGGGAA-1,4
TACGCTCTCTGCGGGT-1,15
TACGGGCAGGTCCGAA-1,16
TACGGGCCAACGCCCA-1,2
TACGGGCCACCGGCTA-1,2
TACGGGCCAGACCAAG-1,3
TACGGGCCAGAGGGTT-1,7
TACGGGCCAGCTTTGA-1,4
TACGGGCGTGGCATCC-1,0
TACGGGCGTTGTGTAC-1,11
TACGGGCTCCGACAGC-1,1
TACGGTAAGATCGCTT-1,1
TACGGTACACTCTAGA-1,0
TACGGTACATACAGCT-1,3
TACGGTAGTTTGGGAG-1,0
TACGTCCAGATAGCAT-1,0
TACGTCCAGGATACAT-1,3
TACGTCCCACAACCGC-1,4
TACGTCCCAGCTGGTC-1,12
TACGTCCTCAAACGTC-1,5
TACGTCCTCGCATAGT-1,4
TACTGCCAGAGCAGCT-1,8
TACTGCCAGATTGATG-1,1
TACTGCCAGGAACTAT-1,0
TACTGCCCACGCTTAA-1,7
TACTGCCCACGTCATA-1,3
TACTGCCGTGAGTCAG-1,9
TACTGCCTCGACGACC-1,5
TACTGCCTCTCAATCT-1,14
TACTTACAGCACAAAT-1,6
TACTTACAGCTGTCCG-1,6
TACTTACCAAATACAG-1,1
TACTTACGTCAGGTAG-1,9
TACTTACGTGCATTAC-1,4
TACTTACGTGGTTCTA-1,2
TACTTACGTGTACAGG-1,6
TACTTCACAATGAGCG-1,6
TACTTCAGTTTCGCTC-1,2
TACTTCATCGATACAC-1,3
TACTTGTCATGCCGGT-1,1
TACTTGTGTAAGAACT-1,4
TACTTGTGTGTCCAAT-1,6
TACTTGTGTTAAACCC-1,12
TACTTGTGTTCAGGTT-1,10
TACTTGTTCCATTGCC-1,8
TACTTGTTCTTCACGC-1,7
TAGACCAAGATCACCT-1,6
TAGACCAGTATCGTTG-1,12
TAGACCAGTCATTCCC-1,11
TAGACCAGTGCGGATA-1,6
TAGACCAGTTCGAACT-1,5
TAGACCATCAGACCCG-1,5
TAGACTGAGTGGCAGT-1,3
TAGACTGCATATCTCT-1,0
TAGACTGGTACAGGTG-1,15
TAGACTGTCCCAATAG-1,4
TAGACTGTCTGAGCAT-1,4
TAGAGTCAGCAAGGAA-1,6
TAGAGTCCACATCCCT-1,10
TAGAGTCGTATATGGA-1,10
TAGAGTCGTCTTCCGT-1,10
TAGAGTCTCACCCATC-1,2
TAGAGTCTCAGAATAG-1,14
TAGAGTCTCGCGGACT-1,4
TAGAGTCTCTAGGCCG-1,0
TAGATCGAGAGCAACC-1,2
TAGATCGAGCCACCGT-1,4
TAGATCGAGCTTTCTT-1,6
TAGATCGAGGTTCCGC-1,15
TAGATCGCAAAGGCTG-1,14
TAGATCGCACAGCGCT-1,5
TAGATCGCAGGAATCG-1,9
TAGATCGCATCAGCTA-1,3
TAGATCGGTATTTCCT-1,10
TAGATCGTCTGACAGT-1,5
TAGCACAAGGTGCATG-1,0
TAGCACACACGAAAGC-1,10
TAGCACACATAATGCC-1,15
TAGCACACATGACGTT-1,6
TAGCACATCGTCGACG-1,7
TAGGAGGGTCAGGAGT-1,11
TAGGAGGGTCCTATAG-1,0
TAGGAGGTCTGGGATT-1,8
TAGGGTTAGGGATCAC-1,4
TAGGGTTCAAATCGGG-1,7
TAGGGTTCAACGACTT-1,2
TAGGGTTGTAACAGGC-1,12
TAGGGTTGTAAGTTAG-1,3
TAGGGTTTCAGGTGTT-1,0
TAGGTACAGAGCAGTC-1,1
TAGGTACGTTCAATCG-1,7
TAGGTACGTTGGGTAG-1,1
TAGGTACTCAGCCCAG-1,5
TAGGTTGCAAAGTGTA-1,11
TAGGTTGCAGTCTACA-1,3
TAGGTTGGTTTCGTTT-1,11
TAGGTTGTCATCGTAG-1,6
TAGTGCAAGTGATTCC-1,2
TAGTGCAGTAACACGG-1,8
TAGTGCAGTGGTCAAG-1,7
TATACCTAGGCGAACT-1,2
TATACCTCAAATCCCA-1,12
TATACCTTCGAGCCTG-1,13
TATACCTTCGAGCTGC-1,0
TATATCCAGACATCCT-1,2
TATATCCAGAGGTCAC-1,2
TATATCCAGCGCCATC-1,0
TATATCCCAGACATCT-1,11
TATATCCCATACCACA-1,2
TATATCCGTGATACAA-1,16
TATCAGGAGAGTAACT-1,2
TATCAGGGTAGTCTTG-1,4
TATCAGGGTTGATGTC-1,0
TATCAGGTCCATGAGT-1,3
TATCAGGTCCCAGCGA-1,6
TATCAGGTCTGAGAGG-1,14
TATCCTACATACAGCT-1,10
TATCCTAGTCGGTACC-1,3
TATCCTATCAGTGTGT-1,2
TATCCTATCGACCAAT-1,1
TATCGCCAGACCATGG-1,12
TATCGCCAGACGGTTG-1,5
TATCGCCCAAGCGGAT-1,14
TATCGCCGTTTCGCTC-1,8
TATCGCCTCATGCCAA-1,1
TATCGCCTCGCACGAC-1,4
TATCTGTCATATGCGT-1,2
TATCTGTCATCGTGGC-1,2
TATCTGTGTAGAATGT-1,11
TATCTGTGTCGAATGG-1,11
TATCTGTGTTCGGCCA-1,0
TATCTGTTCATAGAGA-1,11
TATCTGTTCCATATGG-1,2
TATCTGTTCTGAATGC-1,12
TATCTGTTCTGGGCCA-1,1
TATCTTGCATCTCCCA-1,14
TATGTTCAGCGACTTT-1,3
TATGTTCCACAATGTC-1,9
TATGTTCGTAGCTTTG-1,2
TATGTTCGTGTGTTTG-1,10
TATGTTCTCCATCCGT-1,10
TATTCCAAGACATCCT-1,12
TATTCCAAGATAGCAT-1,5
TATTCCAAGATCCAAA-1,6
TATTCCAAGCCGGAAT-1,14
TATTCCAAGTGTTGTC-1,12
TATTCCACAAAGACGC-1,6
TATTCCAGTAACACCT-1,1
TATTCCATCGACGCGT-1,5
TATTCCATCTCACTCG-1,5
TATTGCTCATGACTTG-1,2
TATTGCTGTCTCGGAC-1,10
TATTGGGCAGCTCTGG-1,11
TATTGGGCAGGCATGA-1,7
TATTGGGGTCCCTAAA-1,14
TATTGGGGTCGACTGC-1,5
TATTGGGGTTAACCTG-1,4
TATTGGGTCAACACCA-1,0
TATTTCGAGAAACTAC-1,4
TATTTCGAGGCTTCCG-1,16
TATTTCGAGGTTGGTG-1,2
TATTTCGCAACCCTCT-1,0
TATTTCGCAGACCTAT-1,2
TATTTCGGTCAAAGCG-1,10
TATTTCGTCATCCTAT-1,5
TATTTCGTCTTGGAAC-1,0
TCAAGACCAATTGAGA-1,9
TCAAGACCAGGTGACA-1,13
TCAAGACCAGTCCCGA-1,16
TCAAGCAAGAACCCGA-1,4
TCAAGCAAGGTTCCAT-1,6
TCAAGCACAAATCCCA-1,6
TCAAGCACAGATACTC-1,1
TCAAGCAGTCATTCCC-1,13
TCAAGCAGTCTCAGGC-1,0
TCAAGCATCTCGAACA-1,12
TCAAGTGAGTGGAAAG-1,5
TCAAGTGCACACCTTC-1,3
TCAAGTGCATGATCTG-1,6
TCAAGTGGTTGCCTAA-1,13
TCAAGTGTCCGCGAGT-1,0
TCAAGTGTCCGGCAGT-1,5
TCAATCTCAAGGACAC-1,0
TCAATCTCAATGTCTG-1,10
TCAATCTCACACGGAA-1,12
TCAATCTCACACGTGC-1,1
TCAATCTCACGGCACT-1,14
TCAATCTGTTTGGGTT-1,5
TCAATCTTCAGCTGAT-1,17
TCAATCTTCGATACGT-1,7
TCAATTCAGCATCTTG-1,5
TCAATTCAGGTTCCAT-1,4
TCAATTCCAATAAGGT-1,10
TCAATTCCAATCCTAG-1,17
TCAATTCCAGACCAGA-1,13
TCAATTCCAGCACACC-1,1
TCAATTCGTCGGATTT-1,7
TCAATTCTCTCGGCTT-1,5
TCACAAGAGGCTGAAC-1,5
TCACAAGAGGGCTAAC-1,16
TCACAAGAGTGCAACG-1,6
TCACAAGCAATTGCGT-1,16
TCACAAGCACGTGAGA-1,12
TCACAAGCACTGCGAC-1,0
TCACAAGTCTAGATCG-1,3
TCACACCAGCACGATG-1,5
TCACACCAGCCGTAAG-1,1
TCACACCCAACCGCTG-1,9
TCACACCCAATACAGA-1,1
TCACACCGTCTAGGCC-1,0
TCACACCGTGCCCACA-1,7
TCACACCGTTACAGCT-1,5
TCACATTAGGCTTAAA-1,4
TCACATTCAAGGGTCA-1,17
TCACATTGTGTGTACT-1,0
TCACATTGTGTTTGCA-1,11
TCACATTTCCAAGAGG-1,16
TCACGCTCAGCAGGAT-1,0
TCACGCTGTACCACGC-1,4
TCACGCTTCACATTGG-1,1
TCACGCTTCTCGGTCT-1,7
TCACGGGAGCTGACCC-1,17
TCACGGGAGTTGGACG-1,17
TCACGGGCAGTGCGCT-1,10
TCACGGGCATCTGGGC-1,5
TCACGGGGTCCACATA-1,8
TCACGGGTCAGACCCG-1,6
TCACTATCAGCCGGTT-1,4
TCACTATCATGACAGG-1,1
TCACTATTCTGCTTAT-1,6
TCACTCGAGGAGTACC-1,3
TCACTCGCAACTTGCA-1,10
TCACTCGCATGACTGT-1,2
TCACTCGCATGAGTAA-1,14
TCACTCGGTAACTTCG-1,8
TCACTCGGTCCGTTTC-1,3
TCACTCGGTCGCATGC-1,14
TCACTCGTCCCTAGGG-1,6
TCAGCAAAGATGGGCT-1,6
TCAGCAAAGGACTAAT-1,0
TCAGCAAAGGATTTCC-1,0
TCAGCAAAGTGTACCT-1,4
TCAGCAACACGGGTAA-1,13
TCAGCAACAGTAGTTC-1,6
TCAGCAACATCTGCGG-1,1
TCAGCAAGTCATTCCC-1,7
TCAGCAAGTGTTGCCG-1,7
TCAGCCTAGCGCCATC-1,7
TCAGCCTCAAATGAGT-1,11
TCAGCCTGTCTACGAT-1,11
TCAGCCTGTTCTTGTT-1,5
TCAGCCTTCGGTCTGG-1,9
TCAGCCTTCGTCGCTT-1,5
TCAGGGCTCATACGAC-1,8
TCAGGTAAGCCGGAAT-1,3
TCAGGTAAGCGGCTCT-1,16
TCAGGTAGTCAGTCGC-1,4
TCAGGTAGTTGGACTT-1,1
TCAGTCCAGAAAGCGA-1,8
TCAGTCCAGCTCCATA-1,7
TCAGTCCAGCTCGGCT-1,14
TCAGTCCCACGCTGCA-1,5
TCAGTCCTCACAGAGG-1,5
TCAGTGACATGGATCT-1,11
TCAGTGAGTCGTTATG-1,12
TCAGTGATCCACGTAA-1,12
TCAGTGATCCCGATCT-1,11
TCAGTTTAGAAAGCGA-1,6
TCAGTTTTCTGTGCGG-1,4
TCATACTAGGTTAAAC-1,9
TCATACTCATCTCAAG-1,9
TCATATCAGAGGATGA-1,14
TCATATCAGCCTGTGC-1,9
TCATATCAGCTCAGAG-1,15
TCATATCAGCTGTACT-1,10
TCATATCCAGCTTTCC-1,5
TCATATCCATGACAGG-1,8
TCATATCTCCACTGAA-1,11
TCATATCTCCATACAG-1,1
TCATATCTCCGCGGAT-1,6
TCATATCTCGCCACTT-1,0
TCATATCTCGGTGTAT-1,9
TCATCATAGGGCAAGG-1,6
TCATCATCAAAGGCTG-1,14
TCATCATTCTAACACG-1,7
TCATCCGAGCGTCTCG-1,11
TCATCCGAGTATAACG-1,3
TCATCCGCAACCAGAG-1,6
TCATCCGCAACCCTAA-1,3
TCATCCGTCACATTGG-1,12
TCATCCGTCCGCATAA-1,1
TCATGAGAGTGCTCAT-1,6
TCATGAGTCGCTGTCT-1,6
TCATGCCAGATGGTAT-1,2
TCATGCCGTCGATGCC-1,10
TCATGCCTCATCACTT-1,0
TCATGCCTCCTTATAC-1,0
TCATGGAAGACATAAC-1,4
TCATGGAAGCGGTATG-1,3
TCATGGAAGTTTGGCT-1,2
TCATGGATCACTGGTA-1,4
TCATGTTAGAGTTGCG-1,7
TCATGTTAGCCGTTGC-1,8
TCATGTTAGCTGTTCA-1,1
TCATGTTAGTTGGCGA-1,6
TCATGTTCATGTTCGA-1,11
TCATGTTGTCCAAATC-1,1
TCATGTTGTCTACAGT-1,6
TCATGTTGTGACTATC-1,2
TCATGTTGTGTTATCG-1,4
TCATGTTGTTACCGTA-1,15
TCATGTTTCTGGACCG-1,15
TCATTACAGATGACAT-1,1
TCATTACAGGGAGTGG-1,13
TCATTACAGGTGAGAA-1,1
TCATTACTCCGCTAGG-1,6
TCATTACTCGAGAGAC-1,1
TCATTCAAGATACTGA-1,4
TCATTCACAACTCGAT-1,7
TCATTCACATGTCTAG-1,0
TCATTCAGTAAGACCG-1,13
TCATTCAGTCCTTGTC-1,2
TCATTCAGTTGCATGT-1,14
TCATTGTAGCCATTTG-1,5
TCATTGTAGTTCGCAT-1,0
TCATTGTAGTTGCTGT-1,8
TCATTGTCACTAACCA-1,10
TCATTGTGTAACCCGC-1,0
TCATTGTGTTGGCCTG-1,8
TCATTTGAGTTCTCTT-1,12
TCATTTGTCAGCTCTC-1,10
TCATTTGTCCAACCAA-1,16
TCATTTGTCTATGCCC-1,9
TCATTTGTCTTACCAT-1,10
TCCACCAAGATAGTCA-1,6
TCCACCAAGTCGGCCT-1,1
TCCACCAGTGAGAACC-1,9
TCCACCAGTGGGCTCT-1,0
TCCACCAGTTGCCGAC-1,10
TCCACCATCCCAGGAC-1,8
TCCACGTAGAAACCCG-1,0
TCCACGTAGACAAGCC-1,6
TCCACGTAGAGCTGAC-1,4
TCCACGTAGGACAGTC-1,14
TCCACGTAGGGCCCTT-1,16
TCCACGTCAAAGGAGA-1,4
TCCACGTCAGCAGTTT-1,11
TCCACGTGTCATCAGT-1,3
TCCACGTGTGTGTTTG-1,0
TCCAGAAAGACTCAAA-1,8
TCCAGAACAACCGACC-1,17
TCCAGAATCTACTGAG-1,3
TCCATCGAGATGGCAC-1,2
TCCATCGCAAGGAGTC-1,13
TCCATCGCAAGTCCCG-1,15
TCCATCGCAGCTAACT-1,2
TCCATCGCATGAAAGT-1,7
TCCATCGGTCATACCA-1,0
TCCATCGGTCGACTGC-1,5
TCCATCGTCAATCTCT-1,10
TCCATCGTCTTTGCTA-1,7
TCCATGCCAAGGCAAC-1,0
TCCATGCCAGCCTACG-1,2
TCCATGCGTTGGTACT-1,9
TCCATGCTCCTACGAA-1,0
TCCCACAAGGACAACC-1,3
TCCCACACAAGGGTCA-1,5
TCCCACACAGACCTAT-1,8
TCCCACACATAGGTAA-1,9
TCCCACAGTAGCTTAC-1,5
TCCCACAGTTGGACCC-1,2
TCCCACATCCTCTCGA-1,8
TCCCACATCCTTCACG-1,7
TCCCACATCTCCACTG-1,1
TCCCAGTCAACAGAGC-1,12
TCCCAGTGTCGCAACC-1,16
TCCCAGTTCCGCAAAT-1,15
TCCCAGTTCCGGACGT-1,14
TCCCATGCACGACTAT-1,1
TCCCATGCAGTATACC-1,7
TCCGAAAGTTTAGTCG-1,3
TCCGATCAGAAGCCTG-1,0
TCCGATCCACGACGAA-1,11
TCCGATCCACTACCCT-1,3
TCCGATCCACTGTCCT-1,0
TCCGATCCAGGAACCA-1,8
TCCGATCGTCGCAGTC-1,4
TCCGATCGTGGAACAC-1,8
TCCGATCGTTCCGCGA-1,17
TCCGATCTCAAGCTGT-1,3
TCCGGGAAGATAGTCA-1,5
TCCGGGAGTATGACAA-1,1
TCCGGGAGTGGCCCAT-1,14
TCCGGGAGTGTCCCTT-1,12
TCCGGGATCTGGCTGG-1,0
TCCGGGATCTTAAGGC-1,1
TCCGTGTGTCACTCGG-1,8
TCCGTGTGTTTCAGAC-1,16
TCCGTGTTCGGCGATC-1,6
TCCTAATAGAGGGTCT-1,10
TCCTAATAGTTTGTCG-1,12
TCCTAATCAGTGCCTG-1,1
TCCTAATTCCTTGACC-1,10
TCCTCCCAGAAATGGG-1,4
TCCTCCCAGACTTAAG-1,14
TCCTCCCCACGATAGG-1,6
TCCTCCCCAGTTCTAG-1,6
TCCTCCCGTACGGATG-1,8
TCCTCCCGTCTCACGG-1,9
TCCTCCCGTCTTTCAT-1,6
TCCTCCCTCACAGTGT-1,0
TCCTCCCTCTTAGCTT-1,2
TCCTCGACAGAGGCTA-1,14
TCCTCGAGTCTCGACG-1,0
TCCTCGATCCACTTCG-1,10
TCCTCTTAGGACATCG-1,1
TCCTCTTCATGCTGCG-1,10
TCCTCTTGTGACACAG-1,9
TCCTCTTTCTTCTTCC-1,9
TCCTGCAAGTATGGAT-1,12
TCCTGCAAGTGAGCCA-1,6
TCCTGCACAGTTCACA-1,2
TCCTGCAGTATTAAGG-1,5
TCCTGCAGTCTCAAGT-1,13
TCCTGCAGTGCTCTCT-1,3
TCCTGCATCAACTTTC-1,5
TCCTGCATCGAGCCTG-1,4
TCCTTCTAGTATAGGT-1,14
TCCTTCTGTTGTAAAG-1,9
TCCTTCTTCTGCTCTG-1,6
TCCTTTCCATCCTTCG-1,11
TCCTTTCTCACCCATC-1,6
TCCTTTCTCACCCTCA-1,5
TCCTTTCTCTCGACCT-1,7
TCGAACAAGCGACTAG-1,7
TCGAACAAGCTGAAGC-1,1
TCGAACATCACTTGGA-1,12
TCGAACATCCGGACTG-1,5
TCGAAGTAGCATACTC-1,2
TCGAAGTCAAATAGCA-1,9
TCGAAGTCAGACTCTA-1,5
TCGAAGTCATAACTCG-1,7
TCGAAGTCATATGAAG-1,5
TCGAAGTCATCCTCAC-1,11
TCGACCTAGCCGGAAT-1,2
TCGACCTAGGAAGTAG-1,7
TCGACCTCAAGACAAT-1,10
TCGACCTCACTAGTAC-1,1
TCGACCTCAGAAATCA-1,13
TCGACCTTCCTAAACG-1,8
TCGACCTTCCTTGAAG-1,0
TCGACCTTCGCTCCTA-1,0
TCGACCTTCGTAGTCA-1,14
TCGACCTTCTAGTGTG-1,9
TCGACGGAGTGTAGAT-1,3
TCGACGGCACGAGGTA-1,2
TCGACGGCAGTAGATA-1,15
TCGACGGCAGTAGTGG-1,11
TCGACGGCAGTTCACA-1,11
TCGACGGGTGTGTGTT-1,13
TCGACGGTCCGAAATC-1,11
TCGACGGTCGCTATTT-1,7
TCGATTTAGCGTTGTT-1,0
TCGATTTAGGAGCTGT-1,11
TCGATTTGTCCCGCAA-1,8
TCGATTTGTGTGGTCC-1,15
TCGATTTTCACTGTCC-1,5
TCGATTTTCATGCCCT-1,10
TCGATTTTCGTTCTAT-1,8
TCGCACTCAAGAAATC-1,6
TCGCACTGTGTACAGG-1,13
TCGCACTTCATACGGT-1,15
TCGCACTTCCCGAATA-1,13
TCGCACTTCGATACTG-1,10
TCGCAGGAGCGGTAAC-1,5
TCGCAGGCACGCTGTG-1,10
TCGCAGGCAGATTAAG-1,12
TCGCAGGGTCTACGTA-1,0
TCGCAGGGTGTCCACG-1,14
TCGCAGGTCGAAGGAC-1,5
TCGCTCAAGGCTGGAT-1,1
TCGCTCACAAATCGTC-1,10
TCGCTCACACGTACTA-1,7
TCGCTCACAGACGATG-1,3
TCGCTCATCCTGTACC-1,13
TCGCTCATCTCCAATT-1,3
TCGCTTGAGACATACA-1,16
TCGCTTGAGACTCGAG-1,2
TCGCTTGCAGTAGAGC-1,4
TCGCTTGTCAAGGACG-1,1
TCGCTTGTCCCGAACG-1,3
TCGCTTGTCCTAAACG-1,16
TCGGATACACACTGGC-1,1
TCGGATAGTTGGAGGT-1,7
TCGGATATCGTAGCCG-1,14
TCGGATATCTAACACG-1,5
TCGGATATCTTGAACG-1,3
TCGGGACAGCCTGAAG-1,6
TCGGGACAGGTAGCAC-1,11
TCGGGACAGTGTACAA-1,9
TCGGGACCAGCGTGCT-1,9
TCGGGACCAGTTAGAA-1,7
TCGGGACGTCGTAATC-1,12
TCGGGACGTGGAACAC-1,6
TCGGGACGTTAAGGAT-1,12
TCGGGACTCCAAGGGA-1,17
TCGGGCACAAGGGTCA-1,14
TCGGGCATCTCATGCC-1,8
TCGGGCATCTCGTCGT-1,1
TCGGGCATCTGAGATC-1,9
TCGGGTGAGCGAGTCA-1,7
TCGGGTGAGTGCCGAA-1,7
TCGGGTGCAGTGTATC-1,3
TCGGGTGCATGATGCT-1,7
TCGGGTGGTGCAACAG-1,10
TCGGGTGGTGCGGCTT-1,14
TCGGTCTAGAAGCCTG-1,3
TCGGTCTCAAGGTTGG-1,13
TCGGTCTGTAATGCGG-1,3
TCGGTCTGTCTACAGT-1,4
TCGGTCTGTTACCCTC-1,4
TCGTAGAGTAAGTTAG-1,5
TCGTAGAGTACAGTCT-1,1
TCGTAGAGTGTGGTCC-1,4
TCGTAGATCACTGCTC-1,13
TCGTAGATCAGGACAG-1,16
TCGTAGATCGCCGATG-1,7
TCGTCCAAGACATCAA-1,1
TCGTCCAAGCCTCAGC-1,1
TCGTCCAAGTTCGCAT-1,13
TCGTCCACAAGATGGC-1,7
TCGTCCACAGCGCGTT-1,3
TCGTCCAGTTACCTGA-1,13
TCGTCCATCATTCGGA-1,11
TCGTCCATCTAGCATG-1,6
TCGTCCATCTCGCTCA-1,6
TCGTGCTAGGAGAATG-1,11
TCGTGCTAGGCATCAG-1,13
TCGTGCTAGGGATCAC-1,7
TCGTGCTAGTTGCATC-1,15
TCGTGCTGTGAATTGA-1,4
TCGTGCTTCAGAGCAG-1,12
TCGTGCTTCCGAGATT-1,1
TCGTGCTTCCGGGACT-1,2
TCGTGGGAGCAAATGT-1,11
TCGTGGGAGGGTCTTT-1,13
TCGTGGGCAGTTGTTG-1,9
TCGTGGGGTGGGTCAA-1,14
TCGTGGGTCTGTGTGA-1,14
TCTAACTGTACTGACT-1,0
TCTAACTGTTTCGTAG-1,13
TCTAACTTCGTGTTCC-1,1
TCTACATCACCGTGGT-1,4
TCTACATGTTGAAGTA-1,1
TCTACATGTTGGACTT-1,9
TCTACATTCCATTTAC-1,13
TCTACATTCCGGCAAC-1,9
TCTACATTCGTGTCAA-1,6
TCTACCGAGTTACGAA-1,4
TCTACCGGTCTCCCTA-1,10
TCTACCGTCACTGCTC-1,2
TCTATACAGCCTTTCC-1,0
TCTATACCAATCTGCA-1,3
TCTATACCAGGGCTTC-1,6
TCTATACGTATGCGGA-1,15
TCTATACGTTTGAAAG-1,12
TCTATACTCGGAATGG-1,10
TCTATACTCTTTCCAA-1,4
TCTATCAAGCACACAG-1,5
TCTATCAAGGCAATGC-1,9
TCTATCAAGTCCCAGC-1,9
TCTATCAAGTGCACCC-1,9
TCTATCAGTATCCCAA-1,1
TCTATCAGTGTTGCCG-1,6
TCTATCATCTTCGCTG-1,16
TCTCACGAGACAACAT-1,13
TCTCACGCAAGACAAT-1,1
TCTCACGGTCATAGTC-1,13
TCTCACGGTCATATGC-1,1
TCTCACGTCGTTCAGA-1,5
TCTCACGTCTGCCTCA-1,6
TCTCACGTCTTCCTAA-1,9
TCTCAGCAGTAGGATT-1,13
TCTCAGCAGTGATAAC-1,10
TCTCAGCCACGCGCAT-1,0
TCTCAGCCAGTAACCT-1,9
TCTCAGCGTACCCAGC-1,2
TCTCAGCGTAGACAGC-1,5
TCTCAGCGTCCCGCAA-1,0
TCTCAGCTCATGCTAG-1,10
TCTCAGCTCTGCTAGA-1,11
TCTCCGACAAGTAGTA-1,3
TCTCCGACACTCTGCT-1,10
TCTCCGAGTTATGTGC-1,1
TCTCCGAGTTGGACCC-1,1
TCTCCGATCACTGGTA-1,6
TCTCCGATCCAAGGGA-1,6
TCTCCGATCCATACTT-1,0
TCTCTGGCAAGGCTTT-1,8
TCTCTGGCACAGAGAC-1,12
TCTCTGGGTATCCTCC-1,3
TCTCTGGGTCTCTCCA-1,7
TCTCTGGTCCTCACCA-1,1
TCTCTGGTCTAGGAAA-1,11
TCTCTGGTCTCAGAAC-1,14
TCTGCCACAAGCGGAT-1,0
TCTGCCACAGGCACAA-1,9
TCTGCCAGTGGGCTTC-1,0
TCTGCCAGTTCTAAGC-1,9
TCTGCCATCTAGAACC-1,5
TCTGGCTCAACCTATG-1,11
TCTGGCTCACGACGAA-1,13
TCTGGCTCAGGCGATA-1,11
TCTGGCTCATTCCTAT-1,0
TCTGGCTGTAAGTTGA-1,12
TCTGGCTGTTCCTAGA-1,0
TCTGGCTGTTCGTTCC-1,0
TCTGGCTTCCGATAAC-1,1
TCTGGCTTCTTGAACG-1,12
TCTGTCGAGCACTCCG-1,11
TCTGTCGAGTAGGATT-1,15
TCTGTCGAGTGCGCTC-1,0
TCTGTCGCACAGCTGC-1,15
TCTGTCGCAGAACTTC-1,0
TCTGTCGCAGGTGTGA-1,6
TCTTAGTAGATCACCT-1,13
TCTTAGTAGCGTGTCC-1,8
TCTTAGTCACCCAAGC-1,8
TCTTAGTCATGTACGT-1,3
TCTTAGTGTAAGTTAG-1,0
TCTTAGTGTGAGATCG-1,5
TCTTAGTGTGCATTAC-1,0
TCTTAGTTCCCTCAAC-1,1
TCTTCCTCAAACTGCT-1,8
TCTTGCGAGCCGAACA-1,12
TCTTGCGCACATGTTG-1,13
TCTTGCGCAGGTACGA-1,4
TCTTTGAGTAGATGTA-1,11
TCTTTGATCACCCTCA-1,15
TCTTTGATCCAGGACC-1,7
TGAACGTCAGCTTCGG-1,0
TGAACGTGTCTGTGTA-1,5
TGAACGTGTTGTCAGT-1,6
TGAACGTTCACTTTGT-1,7
TGAACGTTCCTTCAGC-1,3
TGAACGTTCTTACGGA-1,0
TGAATCGGTCACCGAC-1,5
TGAATCGGTCAGTCCG-1,4
TGAATGCCAGAGTGTG-1,1
TGAATGCCAGCTCTGG-1,7
TGAATGCCATGTAACC-1,12
TGAATGCTCTGGGCCA-1,6
TGACAGTAGAGTTGTA-1,15
TGACAGTCACAACGTT-1,2
TGACAGTCACCTAAAC-1,0
TGACAGTCACTCTCGT-1,16
TGACAGTCAGTACTAC-1,10
TGACAGTCATCAGCGC-1,11
TGACAGTGTATACCTG-1,2
TGACAGTGTTCCTAAG-1,1
TGACAGTGTTCCTACC-1,3
TGACCCTAGCCAACCC-1,5
TGACCCTCAACTGCCG-1,7
TGACCCTGTTGGTAGG-1,1
TGACGCGAGATTCGAA-1,5
TGACGCGAGGATTTAG-1,4
TGACGCGTCTGTACAG-1,13
TGACTCCAGCCAGACA-1,1
TGACTCCCATCGCTGG-1,8
TGACTCCTCGGTCTAA-1,11
TGACTCCTCTCGTCAC-1,1
TGAGACTAGAGGTATT-1,10
TGAGACTAGCCGCTTG-1,4
TGAGACTCACTAACCA-1,10
TGAGACTCAGCTAACT-1,5
TGAGACTCAGCTACCG-1,0
TGAGACTTCCCAAGTA-1,10
TGAGACTTCTGTTGGA-1,3
TGAGCATAGCTGAAGC-1,5
TGAGCATTCACAGAGG-1,4
TGAGCATTCCGGCAGT-1,3
TGAGCGCAGGTCATAA-1,1
TGAGCGCCAGCAGAAC-1,1
TGAGCGCCAGTTGCGC-1,0
TGAGGAGAGAGTGTTA-1,4
TGAGGAGAGCTTAAGA-1,10
TGAGGAGAGTACGTCT-1,15
TGAGGAGCACAACATC-1,9
TGAGGAGCACACTGGC-1,2
TGAGGAGCACGATTCA-1,0
TGAGGAGCAGCAATTC-1,1
TGAGGAGGTCTGTGCG-1,4
TGAGGAGTCCATTGTT-1,12
TGAGGAGTCGGAATGG-1,8
TGAGGGACAGACCGCT-1,2
TGAGGGACATCGATAC-1,15
TGAGGGACATGCAGGA-1,7
TGAGGGAGTTAAAGTG-1,1
TGAGGGATCTCTGGTC-1,14
TGAGGGATCTTTCCGG-1,4
TGAGGTTAGCATTTGC-1,10
TGAGGTTGTTGTCTAG-1,4
TGAGGTTTCAATGTCG-1,9
TGAGGTTTCATGGGAG-1,11
TGAGGTTTCCCTCATG-1,9
TGAGTCAAGACCTGGA-1,13
TGAGTCAAGGATCATA-1,4
TGAGTCAAGGTTTACC-1,12
TGAGTCACACAATTCG-1,5
TGATCAGAGAGCCATG-1,1
TGATCAGCAGTTCTAG-1,14
TGATCAGGTCGTTATG-1,14
TGATCAGGTTGGGACA-1,0
TGATCAGTCACCTTGC-1,0
TGATCAGTCGCTATTT-1,0
TGATCTTAGTCCGTCG-1,2
TGATCTTCATGGAAGC-1,0
TGATCTTGTCATCCGG-1,8
TGATCTTTCCGCACGA-1,8
TGATGCAAGCGACAGT-1,13
TGATGCAAGGGCTGAT-1,7
TGATGCAAGTGCAGCA-1,3
TGATGCACAGAGCCCT-1,1
TGATGCACAGTGGTGA-1,4
TGATGCAGTACTAGCT-1,11
TGATGCAGTCCTCATC-1,1
TGATGCAGTGCTGATT-1,9
TGATGCATCACTCACC-1,3
TGATGCATCAGGAGAC-1,3
TGATGCATCCTCAGAA-1,1
TGATGGTAGCGTCTGC-1,7
TGATGGTAGGCAATGC-1,4
TGATGGTAGGGATGTC-1,2
TGATGGTCAAACTCGT-1,7
TGATGGTGTCGTTGGC-1,3
TGATGGTTCGATTGAC-1,1
TGATGGTTCTACTCAT-1,0
TGATGGTTCTCCAAGA-1,4
TGATTCTAGAATAACC-1,8
TGATTCTAGAGCCGTA-1,3
TGATTCTAGATGGTCG-1,0
TGATTCTAGGACCCAA-1,0
TGATTCTAGTGAGTGC-1,6
TGATTCTAGTTTGTCG-1,15
TGATTCTCACAATCTG-1,11
TGATTCTCAGATCATC-1,1
TGATTCTTCGCAAGAG-1,13
TGATTCTTCGTTCCCA-1,9
TGATTCTTCTCCGCAT-1,11
TGATTCTTCTCTTCAA-1,17
TGATTCTTCTTCTGTA-1,5
TGATTTCAGTCTCCTC-1,7
TGATTTCCAAACCACT-1,6
TGATTTCGTACTTCCC-1,9
TGATTTCGTCTTAGTG-1,8
TGATTTCGTGACGCCT-1,10
TGATTTCGTTGGTGTT-1,15
TGCACGGAGGGCCCTT-1,5
TGCACGGCAATTGAAG-1,11
TGCACGGGTAGACAAT-1,5
TGCACGGGTGCTGATT-1,9
TGCAGATAGCCTGTGC-1,0
TGCAGATCAAGAGAGA-1,6
TGCAGATCATCCTAAG-1,10
TGCAGATGTATCTTCT-1,14
TGCAGATGTATGATCC-1,3
TGCAGATTCCCTCTAG-1,2
TGCAGGCAGATACATG-1,14
TGCAGGCAGCGTTAGG-1,14
TGCAGGCAGCTGAGCA-1,12
TGCAGGCAGGGATCAC-1,4
TGCAGGCCAACACACT-1,1
TGCAGGCCACCGGAAA-1,3
TGCAGGCTCAGACCTA-1,7
TGCAGGCTCCAGTTCC-1,1
TGCAGTAAGTGTACCT-1,13
TGCATCCAGATGTTAG-1,5
TGCATCCAGCGTATAA-1,2
TGCATCCAGGATGGCT-1,0
TGCATCCGTGGTCTAT-1,0
TGCATCCGTGTTACAC-1,6
TGCATCCGTTACTCAG-1,6
TGCATCCGTTGTCCCT-1,7
TGCATGAAGGGTGGGA-1,4
TGCATGAGTACCTAAC-1,14
TGCATGAGTCAAGCCC-1,7
TGCATGAGTGCATGAG-1,3
TGCATGATCCTCCACA-1,3
TGCCGAGAGGACATCG-1,1
TGCCGAGCAGGCACTC-1,8
TGCCGAGCATCATCTT-1,0
TGCCGAGGTGGCTACC-1,17
TGCCGAGGTTAGTTCG-1,1
TGCCGAGTCGGACCAC-1,11
TGCCGAGTCTCCCAAC-1,0
TGCGACGAGATACGAT-1,11
TGCGACGCAACGCCCA-1,0
TGCGACGCACTCCGGA-1,14
TGCGACGTCCAGTGCG-1,10
TGCGACGTCCATCGTC-1,3
TGCGATACAATCGCAT-1,16
TGCGATACACCCATAA-1,3
TGCGATACAGTCGGTC-1,3
TGCGATAGTACTCCGG-1,13
TGCGATATCCTCACCA-1,11
TGCGGCAAGACCACGA-1,4
TGCGGCAAGCCGAACA-1,12
TGCGGCAAGGTTCCGC-1,1
TGCGGCACATGTCAGT-1,1
TGCGGCAGTAAGCGGT-1,5
TGCGGCAGTCTACAAC-1,6
TGCGGCAGTCTGTTAG-1,3
TGCGGCAGTTCAGTAC-1,0
TGCGGGTCAAATACGA-1,11
TGCGGGTCATAACAGA-1,14
TGCTCCAAGTTATGGA-1,8
TGCTCCACAGTCAGAG-1,1
TGCTCCAGTTTGAACC-1,14
TGCTCCATCATGGAGG-1,4
TGCTCCATCCTTCACG-1,9
TGCTCCATCGTTCTGC-1,9
TGCTCCATCTCAGGCG-1,10
TGCTCGTAGGTTCATC-1,5
TGCTCGTCAATGTCTG-1,1
TGCTCGTCACAACGTT-1,14
TGCTCGTCAGTCTCTC-1,12
TGCTCGTGTCGAGTTT-1,11
TGCTCGTTCATGCTAG-1,12
TGCTCGTTCCGGTAAT-1,11
TGCTCGTTCTGCCCTA-1,11
TGCTGAACAACTGAAA-1,3
TGCTGAACAGTCGGAA-1,16
TGCTGAAGTGGATTTC-1,10
TGCTGAATCGCGATCG-1,9
TGCTTCGCAAGAGAGA-1,12
TGCTTCGGTAGTCACT-1,8
TGCTTCGGTCCTGGGT-1,5
TGCTTCGTCGTAATGC-1,15
TGCTTGCAGAATTTGG-1,10
TGCTTGCAGGCCTTCG-1,1
TGCTTGCAGTCGCCCA-1,6
TGCTTGCCAGGTTTAC-1,2
TGCTTGCGTGTCCAAT-1,8
TGCTTGCTCGATTGGT-1,8
TGCTTGCTCGCATAGT-1,6
TGGAACTAGACATATG-1,0
TGGAACTAGTTTGAGA-1,14
TGGAACTCAACCGCCA-1,8
TGGAACTGTTGAGGAC-1,15
TGGAACTTCCTAACAG-1,0
TGGAACTTCGCTCCTA-1,4
TGGAGAGGTCTCAAGT-1,8
TGGAGAGGTTGAATCC-1,10
TGGAGAGTCATTCTTG-1,3
TGGAGAGTCGGAACTT-1,6
TGGAGAGTCTTCGCTG-1,13
TGGAGGAAGATCGACG-1,11
TGGAGGAAGGCTATCT-1,8
TGGAGGACAATGCAGG-1,6
TGGAGGACATGCTGCG-1,7
TGGAGGAGTCTAGGCC-1,9
TGGAGGATCCACGTCT-1,2
TGGAGGATCGCATTAG-1,8
TGGATCACATGTCTAG-1,9
TGGATCAGTCTTACAG-1,13
TGGATCAGTGAGTTTC-1,10
TGGATCATCCGCTGTT-1,6
TGGATCATCGGATAAA-1,13
TGGATCATCTGTCGTC-1,0
TGGATGTAGAGTCAAT-1,3
TGGATGTCAGACAAAT-1,9
TGGATGTGTAACATAG-1,12
TGGATGTTCGGCTTCT-1,13
TGGCGTGAGGACCCAA-1,6
TGGCGTGAGGCATTTC-1,7
TGGCGTGAGTTCATCG-1,7
TGGCGTGCACTATCGA-1,7
TGGCGTGCATCGGAAG-1,5
TGGCGTGGTCTTCGAA-1,0
TGGCGTGGTGACCGAA-1,10
TGGGAAGAGGCTGGAT-1,10
TGGGAAGAGTATGGCG-1,6
TGGGAAGCAACAACAA-1,13
TGGGAAGCAACAGCCC-1,7
TGGGAAGGTAACGTTC-1,5
TGGGAAGGTAAGACCG-1,5
TGGGAAGGTAATGCGG-1,10
TGGGAAGGTCCTCCTA-1,13
TGGGAAGGTCTAGGTT-1,15
TGGGAAGTCCGGGACT-1,12
TGGGAAGTCCGTGACG-1,0
TGGGAAGTCTCGAACA-1,7
TGGGAGAAGCGAGTCA-1,4
TGGGAGAAGGCTTAGG-1,1
TGGGAGAAGGTCCCGT-1,10
TGGGAGAGTTGGCCGT-1,8
TGGGATTAGGTGCAGT-1,14
TGGGATTAGTAGCATA-1,16
TGGGATTCAGTTCCAA-1,4
TGGGATTGTGTTCGTA-1,4
TGGGATTTCGCGCCAA-1,9
TGGGCGTCAGTTGTCA-1,1
TGGGCGTGTACGTAGG-1,3
TGGGCGTGTTAACCTG-1,5
TGGGCTGGTCTAGGCC-1,2
TGGGCTGGTCTCAGGC-1,6
TGGGCTGGTGAATGAT-1,7
TGGGCTGTCTAGCATG-1,16
TGGGTTAAGAACAGGA-1,5
TGGGTTACAAAGCACG-1,1
TGGGTTACAGAGATGC-1,9
TGGGTTACATTGAAAG-1,12
TGGGTTAGTATCCTCC-1,2
TGGGTTAGTTGCAAGG-1,6
TGGTACACAAATGGAT-1,7
TGGTACACAAGCTCTA-1,7
TGGTACATCACTGCTC-1,9
TGGTAGTCATGTCTAG-1,3
TGGTAGTGTAGCTTTG-1,10
TGGTAGTGTGCACATT-1,4
TGGTAGTGTGCGCTCA-1,3
TGGTAGTGTGGCAGAT-1,6
TGGTAGTTCAGCTGTA-1,0
TGGTAGTTCAGTAGGG-1,16
TGGTGATCAGAGGAAA-1,15
TGGTGATCAGCGGTCT-1,10
TGGTGATGTCTAGGTT-1,1
TGGTGATGTCTTGCGG-1,9
TGGTTAGCAATCTGCA-1,6
TGGTTAGCATTGCTTT-1,14
TGGTTAGGTAAGGCCA-1,0
TGGTTAGGTTGATCGT-1,2
TGTAACGCATCTAGAC-1,5
TGTAACGTCGCCAATA-1,6
TGTAAGCAGCAAGCCA-1,11
TGTAAGCGTCCATAGT-1,10
TGTAAGCGTCTGTGGC-1,7
TGTAAGCTCCTTCACG-1,4
TGTACAGAGAGGCTGT-1,12
TGTACAGCATTCCTCG-1,12
TGTACAGGTGTCGATT-1,2
TGTAGACCAATAGGAT-1,4
TGTAGACTCACTGATG-1,8
TGTAGACTCTCATGCC-1,12
TGTCAGAAGGGTGGGA-1,0
TGTCAGACACAGTGTT-1,2
TGTCAGATCCCGAGTG-1,5
TGTCAGATCGAAGAAT-1,1
TGTCCACCAGTGGGTA-1,3
TGTCCACCATAATCGC-1,0
TGTCCACCATTCTCCG-1,1
TGTCCACGTCGTTGGC-1,13
TGTCCACTCGTGCGAC-1,10
TGTCCCAAGCGCAATG-1,8
TGTCCCAAGTGGAATT-1,2
TGTCCCACACAGACGA-1,16
TGTCCCACATGGGATG-1,8
TGTCCCATCAACCTCC-1,14
TGTCCCATCGGCTATA-1,12
TGTCCTGCATGGCTAT-1,8
TGTCCTGGTACGTACT-1,3
TGTCCTGTCTGCGGGT-1,2
TGTGAGTAGGTAGCAC-1,13
TGTGAGTCAAGACAAT-1,7
TGTGAGTCAGCAGGAT-1,5
TGTGAGTTCACACCGG-1,9
TGTGATGAGGCTTAGG-1,14
TGTGATGCAGGCGATA-1,5
TGTGATGGTACAAACA-1,7
TGTGATGTCAGCATTG-1,11
TGTGCGGAGATCCTAC-1,13
TGTGCGGAGTCTAGAA-1,1
TGTGCGGGTGTTTCTT-1,9
TGTGCGGTCGGTTCAA-1,12
TGTGCGGTCTGTCGCT-1,5
TGTGGCGAGAATCGCG-1,11
TGTGGCGAGCACCAGA-1,11
TGTGGCGAGCGTCTGC-1,10
TGTGGCGAGGTTCCAT-1,12
TGTGGCGAGTCGGGAT-1,6
TGTGGCGAGTTGCTCA-1,12
TGTGGCGCAACATCGT-1,5
TGTGGCGCACGTCGGT-1,3
TGTGGCGCAGCTACTA-1,0
TGTGGCGCATAGAATG-1,10
TGTGGCGGTATCGCTA-1,6
TGTGGCGTCAAAGGAT-1,15
TGTGTGAAGGTGATCG-1,0
TGTGTGACAGGTCAGA-1,0
TGTGTGAGTTCTCTAT-1,2
TGTTACTAGAAGTGTT-1,1
TGTTACTAGAATCGAT-1,2
TGTTACTAGTCAGCCC-1,9
TGTTACTGTGGCTTGC-1,14
TGTTACTTCTCTCGCA-1,14
TGTTCATAGACCAGAC-1,14
TGTTCATAGACGTCGA-1,11
TGTTCATAGTAATCCC-1,12
TGTTCATAGTATGAGT-1,0
TGTTCATAGTGTAGTA-1,0
TGTTCATCACGACGCT-1,13
TGTTCATCACGTACTA-1,6
TGTTCATCATCGATCA-1,1
TGTTCATCATGGTGGA-1,7
TGTTCATTCCGTGTAA-1,1
TGTTCCGAGAGGTGCT-1,6
TGTTCCGGTCGGCACT-1,2
TGTTCCGTCTATCACT-1,9
TGTTCTAAGGCTATCT-1,0
TGTTCTAAGTAGAGTT-1,10
TGTTCTAGTATGCTTG-1,8
TGTTCTATCATTATCC-1,3
TGTTCTATCGAATGCT-1,0
TGTTGAGAGATGCCGA-1,5
TGTTGAGAGGTAGTCG-1,1
TGTTGAGCACACGGTC-1,10
TGTTGAGCACAGTACT-1,6
TGTTGAGCACCTCAGG-1,11
TGTTGAGTCGAGCCTG-1,13
TGTTGGAAGATGTTAG-1,3
TGTTGGAAGGAAAGGT-1,9
TGTTGGAAGGGCAACT-1,1
TGTTGGAAGTCATAGA-1,3
TGTTGGAGTCGTGGTC-1,0
TGTTGGAGTGATAGAT-1,1
TGTTGGATCGACGATT-1,4
TGTTGGATCTCGTGAA-1,16
TGTTGGATCTGTCCGT-1,12
TGTTTGTAGCGCTGCT-1,10
TGTTTGTCATTAAGCC-1,12
TGTTTGTGTCGATTCA-1,2
TGTTTGTTCCCTAGGG-1,13
TTAATCCAGTCACTAC-1,4
TTAATCCAGTTGGCTT-1,0
TTAATCCCACGGCTAC-1,12
TTAATCCCACTTGTGA-1,0
TTAATCCCATCCTTCG-1,0
TTAATCCGTTCTCCAC-1,12
TTACAGGCAAGAGTGC-1,8
TTACAGGGTACGATTC-1,3
TTACAGGGTAGAGGAA-1,1
TTACAGGGTCAAGCCC-1,5
TTACAGGGTCCTCCAT-1,0
TTACAGGTCCAATCTT-1,13
TTACAGGTCGATTGGT-1,7
TTACAGGTCTGAACGT-1,10
TTACAGGTCTGAGAGG-1,3
TTACCATCACGTAGAG-1,13
TTACCATCAGGTATGG-1,9
TTACCATGTCATACCA-1,8
TTACCATGTGAACGGT-1,6
TTACCATTCGCGCCAA-1,6
TTACCATTCGGACAAG-1,1
TTACCATTCTTCGGTC-1,1
TTACCGCAGGCTGAAC-1,13
TTACCGCCAGGGTCTC-1,8
TTACCGCCATGTGCTA-1,12
TTACCGCTCCTCAGAA-1,5
TTACGCCAGTTGAAAC-1,13
TTACGCCGTCCCACGA-1,3
TTACGCCGTTCAATCG-1,14
TTACGCCGTTCCAAAC-1,4
TTACGCCTCCATACTT-1,5
TTACGCCTCTTACCAT-1,5
TTACGTTTCAAAGACA-1,4
TTACGTTTCAAGTCGT-1,15
TTACGTTTCGAGATGG-1,3
TTACTGTAGAATCCCT-1,13
TTACTGTAGGACTATA-1,11
TTACTGTAGGCTCAAG-1,7
TTACTGTAGGGAACAA-1,2
TTACTGTGTCATGCAT-1,10
TTACTGTGTCGACTTA-1,4
TTACTGTTCTCCGAAA-1,4
TTACTGTTCTTCGGTC-1,2
TTAGGCAAGCGAGAAA-1,10
TTAGGCACAATACGCT-1,13
TTAGGCAGTAATACCC-1,13
TTAGGCAGTAGTAAGT-1,0
TTAGGCAGTCTTGAAC-1,1
TTAGGCAGTTTATGCG-1,9
TTAGGCATCCGCTGTT-1,3
TTAGGGTAGCGACTGA-1,11
TTAGGGTCACCTATCC-1,8
TTAGGGTCATTCTTCA-1,11
TTAGGGTGTCTATGAC-1,3
TTAGGGTTCGGCACTG-1,5
TTAGGGTTCTTTGGAG-1,9
TTAGTCTAGACGAGCT-1,0
TTAGTCTAGGCTGAAC-1,9
TTAGTCTCAGAGGACT-1,8
TTATTGCCAGTCTTCC-1,7
TTATTGCGTATCGCTA-1,0
TTATTGCTCCTCTAAT-1,14
TTCAATCAGACAACTA-1,7
TTCAATCAGCGGCTCT-1,11
TTCAATCCAGGCTCTG-1,4
TTCAATCTCACGGGCT-1,8
TTCAATCTCGACGACC-1,6
TTCACCGAGGGCCAAT-1,6
TTCACCGCACTCACTC-1,15
TTCACCGTCAGTGTCA-1,16
TTCACGCAGTCATCCA-1,12
TTCACGCAGTTCTACG-1,10
TTCACGCCAACACAGG-1,9
TTCACGCCACCAGTAT-1,1
TTCACGCGTCTACACA-1,5
TTCACGCGTGGTCAAG-1,15
TTCACGCGTTAATGAG-1,4
TTCACGCGTTCAGGTT-1,0
TTCACGCGTTGCCGCA-1,11
TTCACGCTCCACCCTA-1,7
TTCACGCTCCTCACGT-1,14
TTCAGGAAGATAACAC-1,2
TTCAGGAAGATAGTCA-1,0
TTCAGGAAGCAAATCA-1,5
TTCAGGACAATAACGA-1,0
TTCAGGACACTAGGCC-1,9
TTCAGGACAGAGGCAT-1,13
TTCAGGACAGCTCTGG-1,5
TTCAGGACATCGCCTT-1,13
TTCAGGAGTAGGCTCC-1,8
TTCAGGATCAAGGCTT-1,4
TTCAGGATCACTACGA-1,3
TTCAGGATCGCATGAT-1,1
TTCAGGATCGCGCCAA-1,10
TTCATGTAGATTGATG-1,3
TTCATGTAGCCTGGAA-1,14
TTCATGTAGCTAAATG-1,3
TTCATGTAGGTCCCGT-1,2
TTCATGTCAACGTTAC-1,15
TTCATGTCAACTTGGT-1,12
TTCATGTCAGAAGTGC-1,3
TTCATGTCATCCTATT-1,6
TTCATGTCATGTTACG-1,1
TTCATGTCATGTTTGG-1,14
TTCATGTGTAATTGGA-1,14
TTCATGTGTATTGCCA-1,4
TTCATGTGTCGATGCC-1,5
TTCATGTGTTGCATAC-1,7
TTCATGTTCACACGAT-1,4
TTCATGTTCTGCCTGT-1,5
TTCATTGCAATCGCGC-1,7
TTCATTGCATAAGCAA-1,2
TTCATTGGTACGAGTG-1,10
TTCATTGGTATCAAGA-1,10
TTCATTGGTCGCTGCA-1,12
TTCATTGTCTATCCAT-1,16
TTCCAATAGCCTGCCA-1,4
TTCCAATGTCATCGCG-1,1
TTCCAATGTGCCCAGT-1,16
TTCCAATTCATGCTAG-1,1
TTCCACGCACGACAAG-1,5
TTCCACGCATAGCACT-1,13
TTCCACGGTACGTTCA-1,14
TTCCACGGTTGCATAC-1,10
TTCCACGGTTTGGGAG-1,0
TTCCACGTCCTCGATC-1,1
TTCCACGTCTGCGAGC-1,7
TTCCGGTAGCTGCCAC-1,4
TTCCGGTAGGGTCACA-1,11
TTCCGGTCACCGGAAA-1,10
TTCCGGTGTATGGAAT-1,8
TTCCGGTGTCTCCTGT-1,7
TTCCGGTGTTACGTAC-1,8
TTCCGGTTCTGTTCAT-1,13
TTCCGTGCAACCACAT-1,14
TTCCGTGCATTCACCC-1,4
TTCCGTGGTGGTTTAC-1,10
TTCCGTGTCATCTGTT-1,14
TTCCGTGTCGGTTAGT-1,8
TTCCGTGTCTCGGTAA-1,9
TTCCTAAAGAGGTCAC-1,1
TTCCTAAAGTTGTAGA-1,13
TTCCTAACAAGACGAC-1,2
TTCCTAAGTCGCGTCA-1,16
TTCCTCTCATTGAGGG-1,7
TTCCTCTGTAATTGGA-1,14
TTCCTCTGTACGGGAT-1,6
TTCCTCTGTTACCGTA-1,2
TTCCTCTTCAAGGCTT-1,8
TTCCTCTTCATCTACT-1,4
TTCCTTCAGACAACTA-1,0
TTCCTTCCAAGAATAC-1,3
TTCCTTCCATCACCAA-1,13
TTCCTTCCATGAGTAA-1,13
TTCCTTCGTAGTACGG-1,14
TTCCTTCTCCACTTCG-1,6
TTCCTTCTCGTGTGAT-1,9
TTCGATTAGCGTCAGA-1,16
TTCGATTAGTACCATC-1,0
TTCGATTCACCCTAGG-1,9
TTCGATTTCCGAACGC-1,10
TTCGATTTCTAGTACG-1,0
TTCGCTGAGTGGAAGA-1,13
TTCGCTGCAAGCGGAT-1,3
TTCGCTGGTTTAGTCG-1,0
TTCGGTCAGCGATGGT-1,1
TTCGGTCAGCTCGGCT-1,10
TTCGGTCCAATCGCAT-1,5
TTCGGTCCATCGTGCG-1,3
TTCGGTCGTCCCGGTA-1,14
TTCTAACAGACCAACG-1,3
TTCTAACAGTTTGAGA-1,1
TTCTAACCAATGCAAA-1,8
TTCTAACCACAACGTT-1,1
TTCTAACCAGTCTACA-1,0
TTCTAACCATATGAAG-1,6
TTCTAACGTTAGCGGA-1,5
TTCTAACTCTTCTAAC-1,14
TTCTAGTAGTCTGGTT-1,10
TTCTAGTCAGCTGAGA-1,4
TTCTAGTCAGGGCTTC-1,12
TTCTAGTGTAGCACGA-1,2
TTCTAGTGTCGCTTGG-1,0
TTCTAGTGTCTAGGTT-1,1
TTCTAGTGTGAGATCG-1,14
TTCTAGTTCTTGGGCG-1,7
TTCTCTCCAAGGTCGA-1,8
TTCTCTCCAGTATTCG-1,4
TTCTCTCCATGAAGCG-1,2
TTCTCTCGTAGACAAT-1,9
TTCTGTAAGTTACGGG-1,15
TTCTGTACACAGTCCG-1,6
TTCTGTACATCCGATA-1,5
TTCTGTAGTCGGTAAG-1,16
TTCTGTATCCTTTGAT-1,16
TTCTGTATCGCAATGT-1,7
TTCTTCCAGATTCGCT-1,12
TTCTTCCAGCTCTGTA-1,15
TTCTTCCGTGCTGCAC-1,9
TTCTTCCTCCCAACTC-1,9
TTCTTGAAGTGATAGT-1,13
TTCTTGAAGTTGGAGC-1,11
TTCTTGACAACTTGCA-1,6
TTCTTGACAGTTCACA-1,7
TTCTTGAGTGAGCGAT-1,6
TTCTTGAGTTCTATCT-1,14
TTCTTGATCCTAGCCT-1,12
TTCTTGATCGTAGAGG-1,14
TTGAACGAGGTAATCA-1,3
TTGAACGGTGCCTGCA-1,6
TTGAACGGTTGATGTC-1,1
TTGACCCAGGTGCGAT-1,15
TTGACCCCAAGATGGC-1,2
TTGACCCCACCAAAGG-1,5
TTGACCCGTACCGTCG-1,13
TTGACCCTCCACATAG-1,0
TTGAGTGAGAGTGAAG-1,11
TTGAGTGAGAGTTGAT-1,10
TTGAGTGAGCTAAACA-1,7
TTGAGTGGTAGACAGC-1,2
TTGAGTGGTCGAATGG-1,9
TTGAGTGTCGCTGATA-1,2
TTGATGGAGATTAGCA-1,10
TTGATGGAGCTTGTGT-1,11
TTGATGGCAACGACAG-1,14
TTGATGGCAGTATGAA-1,2
TTGATGGGTCATCAGT-1,7
TTGATGGGTCGAACGA-1,2
TTGATGGGTCTCGGAC-1,11
TTGATGGTCGGTTAGT-1,7
TTGATGGTCTGCGAGC-1,15
TTGCATTAGCAAGGAA-1,11
TTGCATTCAGCATGCC-1,7
TTGCATTCATGGAGAC-1,12
TTGCATTGTCACAGAG-1,1
TTGCCTGAGCCACCGT-1,8
TTGCCTGAGGAGATAG-1,16
TTGCCTGCACAAACGG-1,7
TTGCCTGGTAAGTTGA-1,14
TTGCCTGGTGGACAGT-1,10
TTGCCTGGTGGCCTCA-1,13
TTGCCTGGTTCTCGCT-1,1
TTGCCTGTCCACAAGT-1,2
TTGCCTGTCCTCATAT-1,14
TTGCGTCAGACGGTCA-1,7
TTGCGTCAGAGAATCT-1,1
TTGCGTCCAGAGGACT-1,16
TTGCGTCCAGTAACCT-1,2
TTGCGTCGTCTGATAC-1,8
TTGCGTCTCGGCGATC-1,1
TTGCTGCAGGGAGTTC-1,14
TTGCTGCCATAATGAG-1,7
TTGCTGCGTTTACCTT-1,6
TTGCTGCTCCGTGTCT-1,12
TTGCTGCTCGGTTAGT-1,1
TTGCTGCTCGTTAGTG-1,9
TTGGATGAGATGCTAA-1,12
TTGGATGCAAGTCCAT-1,8
TTGGATGCATAGCACT-1,10
TTGGATGGTATGAAGT-1,4
TTGGATGGTCCACTTC-1,1
TTGGATGGTTGTTGCA-1,0
TTGGATGTCTACCAGA-1,0
TTGGGATCAATGAGCG-1,5
TTGGGATCACGCAGTC-1,7
TTGGGATGTCGAGTTT-1,15
TTGGGATGTTCAAAGA-1,14
TTGGGCGAGCGTCAAG-1,10
TTGGGCGCACAACGCC-1,10
TTGGGCGCATGAATCC-1,10
TTGGGCGGTTGTTGCA-1,1
TTGGGTACAATCTAGC-1,9
TTGGGTACAGAGTAAT-1,3
TTGGGTATCTTTCCAA-1,7
TTGGTTTAGTCATAGA-1,7
TTGGTTTCAGCGGTTC-1,12
TTGGTTTCATTGCCGG-1,8
TTGGTTTTCGCTCTAC-1,4
TTGTGGAAGCGCTTCG-1,16
TTGTGGAAGTCGGCCT-1,15
TTGTGGACAGTATTCG-1,1
TTGTGGAGTAATGTGA-1,0
TTGTGGATCCTCTGCA-1,12
TTGTGGATCTCTATGT-1,0
TTGTGTTAGGGTGGGA-1,11
TTGTGTTAGTCTCCTC-1,10
TTGTGTTCAGTGCGCT-1,5
TTGTGTTGTTTCGTTT-1,9
TTGTGTTTCGTTGCCT-1,4
TTGTTCAAGACTACCT-1,1
TTGTTCAAGAGTGGCT-1,12
TTGTTCAAGCCGGATA-1,0
TTGTTCAAGGAACGTC-1,9
TTGTTCACAAGTGACG-1,7
TTGTTCAGTCAATGGG-1,6
TTGTTCAGTCTACACA-1,12
TTGTTGTAGGTACAGC-1,15
TTGTTGTAGTCTTCCC-1,14
TTGTTGTCACTGAGGA-1,13
TTGTTGTCATACCATG-1,6
TTGTTGTCATCGCTGG-1,11
TTGTTGTGTGAATGTA-1,11
TTGTTGTGTGCAAGAC-1,0
TTGTTTGAGTATTCCG-1,3
TTGTTTGCAATGCAGG-1,2
TTGTTTGCACTAGTAC-1,6
TTGTTTGCAGAATCGG-1,9
TTGTTTGGTCGTTTCC-1,5
TTGTTTGGTGCTGCAC-1,14
TTGTTTGTCTAGTGTG-1,8
TTTACCAAGGATTACA-1,14
TTTACCACAGGCATTT-1,9
TTTACCAGTCCAGTTA-1,1
TTTACGTAGAGAGTTT-1,6
TTTACGTAGCAATAGT-1,2
TTTACGTAGCGCCTTG-1,12
TTTACGTGTCGAATTC-1,6
TTTACGTTCGCCGTGA-1,6
TTTACGTTCGCCTTTG-1,7
TTTACTGAGCCGTAAG-1,5
TTTACTGAGGGAGGGT-1,14
TTTACTGCAATCGCCG-1,8
TTTACTGCAGATGCGA-1,2
TTTACTGCATCCGGCA-1,11
TTTACTGGTACGGCAA-1,0
TTTACTGTCCGTACGG-1,0
TTTACTGTCTCAGGCG-1,10
TTTAGTCAGCAATTCC-1,5
TTTAGTCCAGCTTCGG-1,12
TTTAGTCGTAAGCTCT-1,4
TTTAGTCGTATTGCCA-1,4
TTTAGTCGTTCGTACA-1,10
TTTAGTCTCTGTTGGA-1,15
TTTATGCAGCCGTCGT-1,15
TTTATGCCAGATAAAC-1,5
TTTATGCCAGATTTCG-1,1
TTTATGCGTACGCTTA-1,9
TTTATGCGTTCTTGTT-1,5
TTTATGCTCATCGCAA-1,1
TTTATGCTCATTCCTA-1,5
TTTATGCTCCCATACC-1,0
TTTATGCTCTCGCTCA-1,8
TTTCACAAGCAAATGT-1,6
TTTCACAAGTTCCAGT-1,6
TTTCACACAACTGAAA-1,9
TTTCACACACTCCTTG-1,12
TTTCACAGTAGGAGTC-1,8
TTTCACAGTGAGCCAA-1,4
TTTCAGTGTGCTCCGA-1,0
TTTCAGTGTTAGTCGT-1,6
TTTCAGTGTTCGGTTA-1,4
TTTCATGAGACCAAAT-1,13
TTTCATGAGACCAGCA-1,8
TTTCATGAGGTAGCCA-1,12
TTTCATGCACGCTGAC-1,1
TTTCATGCACTGCTTC-1,11
TTTCATGCATGGCGCT-1,13
TTTCATGGTGCTCTCT-1,5
TTTCCTCAGGGAGATA-1,0
TTTCCTCTCATGGATC-1,5
TTTCCTCTCGGTGTAT-1,3
TTTCCTCTCTGCGGCA-1,10
TTTCGATAGGAACATT-1,6
TTTCGATAGGGTTGCA-1,12
TTTCGATCAACCGGAA-1,12
TTTCGATCACCTAAAC-1,3
TTTCGATGTACAACGG-1,12
TTTCGATGTTAGAGTA-1,3
TTTCGATTCCGTAATG-1,8
TTTCGATTCGGCTCTT-1,14
TTTGACTAGTGTAGAT-1,12
TTTGACTCAATCCAGT-1,6
TTTGACTGTAACATCC-1,0
TTTGACTGTACTCGCG-1,8
TTTGACTGTCTGATCA-1,0
TTTGACTTCTCATTTG-1,9
TTTGATCCACCACTGG-1,7
TTTGATCGTACGACTT-1,3
TTTGATCGTATGAAAC-1,6
TTTGATCTCCTGTAGA-1,13
TTTGATCTCGGATACT-1,2
TTTGATCTCTCGTCAC-1,9
TTTGGAGAGTCCGTCG-1,9
TTTGGAGCATGACTCA-1,5
TTTGGAGGTGTACGCC-1,1
TTTGGAGGTTAACCTG-1,9
TTTGGAGTCTTCGGTC-1,15
TTTGGTTAGACTACCT-1,10
TTTGGTTAGTTAGAAC-1,0
TTTGGTTAGTTTGAGA-1,12
TTTGGTTCATGTGACT-1,16
TTTGGTTGTACAGCGA-1,9
TTTGGTTGTCCACACG-1,3
TTTGGTTTCGGAGTAG-1,3
TTTGTTGCAGGGACTA-1,13
TTTGTTGCATTGTAGC-1,6
TTTGTTGGTACCACGC-1,5
TTTGTTGGTCTGTCCT-1,15
TTTGTTGTCATGCGGC-1,0
